<?xml version="1.0" encoding="UTF-8"?>
<gpx creator="StravaGPX" version="1.1" xmlns="http://www.topografix.com/GPX/1/1" xmlns:xsi="http://www.w3.org/2001/XMLSchema-instance" xsi:schemaLocation="http://www.topografix.com/GPX/1/1 http://www.topografix.com/GPX/1/1/gpx.xsd">
 <metadata>
  <name>IRONMAN 70.3 Monterrey - Bike Course</name>
  <author>
   <name>IRONMAN Latin America Admin</name>
   <link href="https://www.strava.com/athletes/152539968"/>
  </author>
  <copyright author="OpenStreetMap contributors">
   <year>2020</year>
   <license>https://www.openstreetmap.org/copyright</license>
  </copyright>
  <link href="https://www.strava.com/routes/3326601719369670216"/>
 </metadata>
 <trk>
  <name>IRONMAN 70.3 Monterrey - Bike Course</name>
  <link href="https://www.strava.com/routes/3326601719369670216"/>
  <type>cycling</type>
  <trkseg>
   <trkpt lat="25.67171" lon="-100.30992">
    <ele>530.87</ele>
   </trkpt>
   <trkpt lat="25.671010000000003" lon="-100.31003000000001">
    <ele>529.66</ele>
   </trkpt>
   <trkpt lat="25.670363333507005" lon="-100.3101666681396">
    <ele>529.5500000000001</ele>
   </trkpt>
   <trkpt lat="25.669716666886725" lon="-100.31030333479644">
    <ele>531.35</ele>
   </trkpt>
   <trkpt lat="25.66907" lon="-100.31044000000001">
    <ele>531.6500000000001</ele>
   </trkpt>
   <trkpt lat="25.668357500179916" lon="-100.31057750246778">
    <ele>537.07</ele>
   </trkpt>
   <trkpt lat="25.667645000230994" lon="-100.31071500329203">
    <ele>537.07</ele>
   </trkpt>
   <trkpt lat="25.666932500153248" lon="-100.31085250247286">
    <ele>538.78</ele>
   </trkpt>
   <trkpt lat="25.666220000000003" lon="-100.31099">
    <ele>538.78</ele>
   </trkpt>
   <trkpt lat="25.66539999987688" lon="-100.3111400010681">
    <ele>539.5699999999999</ele>
   </trkpt>
   <trkpt lat="25.66458" lon="-100.31129000000001">
    <ele>539.1700000000001</ele>
   </trkpt>
   <trkpt lat="25.66429" lon="-100.31131">
    <ele>539.0400000000001</ele>
   </trkpt>
   <trkpt lat="25.66409" lon="-100.31139">
    <ele>539.1</ele>
   </trkpt>
   <trkpt lat="25.664" lon="-100.31147000000001">
    <ele>539.2</ele>
   </trkpt>
   <trkpt lat="25.663870000000003" lon="-100.31188">
    <ele>539.88</ele>
   </trkpt>
   <trkpt lat="25.66373" lon="-100.31211">
    <ele>539.94</ele>
   </trkpt>
   <trkpt lat="25.663510000000002" lon="-100.31226000000001">
    <ele>539.94</ele>
   </trkpt>
   <trkpt lat="25.663010000088242" lon="-100.31238000049376">
    <ele>540.08</ele>
   </trkpt>
   <trkpt lat="25.66251" lon="-100.31250000000001">
    <ele>540.1600000000001</ele>
   </trkpt>
   <trkpt lat="25.662290000000002" lon="-100.31247">
    <ele>540.0200000000001</ele>
   </trkpt>
   <trkpt lat="25.66215" lon="-100.31242">
    <ele>539.75</ele>
   </trkpt>
   <trkpt lat="25.66203" lon="-100.31230000000001">
    <ele>539.07</ele>
   </trkpt>
   <trkpt lat="25.66193" lon="-100.31205000000001">
    <ele>537.1700000000001</ele>
   </trkpt>
   <trkpt lat="25.66174" lon="-100.3114">
    <ele>531.15</ele>
   </trkpt>
   <trkpt lat="25.66168" lon="-100.31104">
    <ele>530.72</ele>
   </trkpt>
   <trkpt lat="25.66166" lon="-100.31081">
    <ele>531.2600000000001</ele>
   </trkpt>
   <trkpt lat="25.661650002348992" lon="-100.30998000012426">
    <ele>534.5000000000001</ele>
   </trkpt>
   <trkpt lat="25.661640000000002" lon="-100.30915">
    <ele>533.85</ele>
   </trkpt>
   <trkpt lat="25.66166" lon="-100.30872000000001">
    <ele>533.0400000000001</ele>
   </trkpt>
   <trkpt lat="25.66165" lon="-100.30873000000001">
    <ele>533.0400000000001</ele>
   </trkpt>
   <trkpt lat="25.66175" lon="-100.30832000000001">
    <ele>532.81</ele>
   </trkpt>
   <trkpt lat="25.661780000000004" lon="-100.308">
    <ele>532.5500000000001</ele>
   </trkpt>
   <trkpt lat="25.66194" lon="-100.30713000000002">
    <ele>531.97</ele>
   </trkpt>
   <trkpt lat="25.662020000000002" lon="-100.30681000000001">
    <ele>531.74</ele>
   </trkpt>
   <trkpt lat="25.66215" lon="-100.30640000000001">
    <ele>531.51</ele>
   </trkpt>
   <trkpt lat="25.66251" lon="-100.30554000000001">
    <ele>530.81</ele>
   </trkpt>
   <trkpt lat="25.662775000696907" lon="-100.30506000122595">
    <ele>530.12</ele>
   </trkpt>
   <trkpt lat="25.663040000000002" lon="-100.30458">
    <ele>529.74</ele>
   </trkpt>
   <trkpt lat="25.663470000000004" lon="-100.30392">
    <ele>529.22</ele>
   </trkpt>
   <trkpt lat="25.663902503938356" lon="-100.30330000673223">
    <ele>527.7700000000001</ele>
   </trkpt>
   <trkpt lat="25.66433500525775" lon="-100.30268000896693">
    <ele>528.2600000000001</ele>
   </trkpt>
   <trkpt lat="25.664767503958128" lon="-100.30206000670407">
    <ele>527.96</ele>
   </trkpt>
   <trkpt lat="25.665200000000002" lon="-100.30144000000001">
    <ele>527.44</ele>
   </trkpt>
   <trkpt lat="25.665540000000004" lon="-100.30083">
    <ele>527.05</ele>
   </trkpt>
   <trkpt lat="25.665885002467643" lon="-100.29998500235901">
    <ele>525.97</ele>
   </trkpt>
   <trkpt lat="25.666230000000002" lon="-100.29914000000001">
    <ele>525.4000000000001</ele>
   </trkpt>
   <trkpt lat="25.66665" lon="-100.29847000000001">
    <ele>524.42</ele>
   </trkpt>
   <trkpt lat="25.666990000000002" lon="-100.29796">
    <ele>520.3100000000001</ele>
   </trkpt>
   <trkpt lat="25.66722" lon="-100.29747">
    <ele>519.3100000000001</ele>
   </trkpt>
   <trkpt lat="25.667420000000003" lon="-100.29650000000001">
    <ele>523.57</ele>
   </trkpt>
   <trkpt lat="25.667630000000003" lon="-100.29586">
    <ele>525.4100000000001</ele>
   </trkpt>
   <trkpt lat="25.66796001608623" lon="-100.29503876590978">
    <ele>524.19</ele>
   </trkpt>
   <trkpt lat="25.668290027576916" lon="-100.2942175272731">
    <ele>521.98</ele>
   </trkpt>
   <trkpt lat="25.66862003447199" lon="-100.29339628408995">
    <ele>520.97</ele>
   </trkpt>
   <trkpt lat="25.668950036771335" lon="-100.29257503636028">
    <ele>519.6500000000001</ele>
   </trkpt>
   <trkpt lat="25.669280034474873" lon="-100.2917537840841">
    <ele>518.76</ele>
   </trkpt>
   <trkpt lat="25.669610027582497" lon="-100.29093252726132">
    <ele>517.99</ele>
   </trkpt>
   <trkpt lat="25.669940016094127" lon="-100.29011126589197">
    <ele>516.81</ele>
   </trkpt>
   <trkpt lat="25.670270000000002" lon="-100.28929000000001">
    <ele>516.2800000000001</ele>
   </trkpt>
   <trkpt lat="25.670640002630197" lon="-100.28841500266495">
    <ele>515.48</ele>
   </trkpt>
   <trkpt lat="25.671010000000003" lon="-100.28754">
    <ele>513.97</ele>
   </trkpt>
   <trkpt lat="25.671390001516425" lon="-100.2868600022735">
    <ele>512.5200000000001</ele>
   </trkpt>
   <trkpt lat="25.671770000000002" lon="-100.28618">
    <ele>508.76</ele>
   </trkpt>
   <trkpt lat="25.671860000000002" lon="-100.28596">
    <ele>508.18000000000006</ele>
   </trkpt>
   <trkpt lat="25.672030000000003" lon="-100.28534">
    <ele>508.99000000000007</ele>
   </trkpt>
   <trkpt lat="25.672140000885904" lon="-100.28482000064744">
    <ele>511.18000000000006</ele>
   </trkpt>
   <trkpt lat="25.672250000000002" lon="-100.2843">
    <ele>512.02</ele>
   </trkpt>
   <trkpt lat="25.672480002056794" lon="-100.28352000156028">
    <ele>511.93</ele>
   </trkpt>
   <trkpt lat="25.672710000000002" lon="-100.28274">
    <ele>511.74000000000007</ele>
   </trkpt>
   <trkpt lat="25.672790000000003" lon="-100.28193">
    <ele>511.6700000000001</ele>
   </trkpt>
   <trkpt lat="25.672870001121012" lon="-100.28135500042607">
    <ele>511.49</ele>
   </trkpt>
   <trkpt lat="25.672950000000004" lon="-100.28078000000001">
    <ele>511.45000000000005</ele>
   </trkpt>
   <trkpt lat="25.67302" lon="-100.28019">
    <ele>511.4200000000001</ele>
   </trkpt>
   <trkpt lat="25.673170000000002" lon="-100.27933">
    <ele>511.28000000000003</ele>
   </trkpt>
   <trkpt lat="25.673350000000003" lon="-100.27862">
    <ele>510.39</ele>
   </trkpt>
   <trkpt lat="25.673510000000004" lon="-100.27813">
    <ele>509.87000000000006</ele>
   </trkpt>
   <trkpt lat="25.673710000000003" lon="-100.27764">
    <ele>509.77000000000004</ele>
   </trkpt>
   <trkpt lat="25.673910000000003" lon="-100.27723">
    <ele>508.83</ele>
   </trkpt>
   <trkpt lat="25.67433" lon="-100.27651">
    <ele>508.31</ele>
   </trkpt>
   <trkpt lat="25.67452" lon="-100.2762">
    <ele>507.9100000000001</ele>
   </trkpt>
   <trkpt lat="25.674970000000002" lon="-100.27564000000001">
    <ele>507.29</ele>
   </trkpt>
   <trkpt lat="25.675320000000003" lon="-100.27526">
    <ele>506.77000000000004</ele>
   </trkpt>
   <trkpt lat="25.67565" lon="-100.27495">
    <ele>506.34</ele>
   </trkpt>
   <trkpt lat="25.676350000000003" lon="-100.27442">
    <ele>505.9100000000001</ele>
   </trkpt>
   <trkpt lat="25.67667" lon="-100.27421000000001">
    <ele>505.73</ele>
   </trkpt>
   <trkpt lat="25.67730333403845" lon="-100.27389000339765">
    <ele>505.73</ele>
   </trkpt>
   <trkpt lat="25.677936667378965" lon="-100.27357000339407">
    <ele>505.9600000000001</ele>
   </trkpt>
   <trkpt lat="25.67857" lon="-100.27325">
    <ele>505.82000000000005</ele>
   </trkpt>
   <trkpt lat="25.679105000296364" lon="-100.27294000140984">
    <ele>505.11000000000007</ele>
   </trkpt>
   <trkpt lat="25.679640000000003" lon="-100.27263">
    <ele>503.15</ele>
   </trkpt>
   <trkpt lat="25.67996" lon="-100.27241000000001">
    <ele>500.92</ele>
   </trkpt>
   <trkpt lat="25.68015" lon="-100.27223000000001">
    <ele>500.13000000000005</ele>
   </trkpt>
   <trkpt lat="25.680310000000002" lon="-100.27204">
    <ele>499.28000000000003</ele>
   </trkpt>
   <trkpt lat="25.68054" lon="-100.27168">
    <ele>498.43</ele>
   </trkpt>
   <trkpt lat="25.680770000000003" lon="-100.27115">
    <ele>498.81</ele>
   </trkpt>
   <trkpt lat="25.680860000000003" lon="-100.27078">
    <ele>499.19</ele>
   </trkpt>
   <trkpt lat="25.680880000000002" lon="-100.27061">
    <ele>499.31</ele>
   </trkpt>
   <trkpt lat="25.680870000000002" lon="-100.27047">
    <ele>499.31</ele>
   </trkpt>
   <trkpt lat="25.680780010750052" lon="-100.26958199731715">
    <ele>499.98</ele>
   </trkpt>
   <trkpt lat="25.680690016125038" lon="-100.26869399597564">
    <ele>500.50000000000006</ele>
   </trkpt>
   <trkpt lat="25.680600016125013" lon="-100.26780599597555">
    <ele>501.01000000000005</ele>
   </trkpt>
   <trkpt lat="25.680510010749984" lon="-100.26691799731695">
    <ele>501.31</ele>
   </trkpt>
   <trkpt lat="25.68042" lon="-100.26603000000001">
    <ele>501.37000000000006</ele>
   </trkpt>
   <trkpt lat="25.68044" lon="-100.26568">
    <ele>501.21999999999997</ele>
   </trkpt>
   <trkpt lat="25.68052" lon="-100.26489000000001">
    <ele>500.37000000000006</ele>
   </trkpt>
   <trkpt lat="25.680700002755135" lon="-100.26398500154944">
    <ele>498.90000000000003</ele>
   </trkpt>
   <trkpt lat="25.680880000000002" lon="-100.26308">
    <ele>497.08</ele>
   </trkpt>
   <trkpt lat="25.68099" lon="-100.26268">
    <ele>496.3</ele>
   </trkpt>
   <trkpt lat="25.68108" lon="-100.26245">
    <ele>495.43</ele>
   </trkpt>
   <trkpt lat="25.68129" lon="-100.2621">
    <ele>494.6</ele>
   </trkpt>
   <trkpt lat="25.681580000000004" lon="-100.26174">
    <ele>492.51000000000005</ele>
   </trkpt>
   <trkpt lat="25.681870000000004" lon="-100.26131000000001">
    <ele>491.14</ele>
   </trkpt>
   <trkpt lat="25.682130000735775" lon="-100.26085500094011">
    <ele>489.79</ele>
   </trkpt>
   <trkpt lat="25.68239" lon="-100.2604">
    <ele>489.37</ele>
   </trkpt>
   <trkpt lat="25.682640000000003" lon="-100.2599">
    <ele>489.24000000000007</ele>
   </trkpt>
   <trkpt lat="25.682976671230165" lon="-100.2590800046833">
    <ele>488.17</ele>
   </trkpt>
   <trkpt lat="25.683313337876736" lon="-100.25826000473236">
    <ele>487.64</ele>
   </trkpt>
   <trkpt lat="25.683650000000004" lon="-100.25744">
    <ele>487.86</ele>
   </trkpt>
   <trkpt lat="25.68373" lon="-100.25715000000001">
    <ele>487.83000000000004</ele>
   </trkpt>
   <trkpt lat="25.683770000000003" lon="-100.2566">
    <ele>487.7</ele>
   </trkpt>
   <trkpt lat="25.683800005317888" lon="-100.25571666714809">
    <ele>487.18000000000006</ele>
   </trkpt>
   <trkpt lat="25.683830005316654" lon="-100.25483333385131">
    <ele>486.9100000000001</ele>
   </trkpt>
   <trkpt lat="25.683860000000003" lon="-100.25395">
    <ele>486.4100000000001</ele>
   </trkpt>
   <trkpt lat="25.683905002721925" lon="-100.2530550005045">
    <ele>486.14</ele>
   </trkpt>
   <trkpt lat="25.683950000000003" lon="-100.25216">
    <ele>485.89000000000004</ele>
   </trkpt>
   <trkpt lat="25.684" lon="-100.25181">
    <ele>486.05</ele>
   </trkpt>
   <trkpt lat="25.68408" lon="-100.25149">
    <ele>486.38000000000005</ele>
   </trkpt>
   <trkpt lat="25.684220000000003" lon="-100.25110000000001">
    <ele>486.78000000000003</ele>
   </trkpt>
   <trkpt lat="25.684440000000002" lon="-100.2506">
    <ele>486.87</ele>
   </trkpt>
   <trkpt lat="25.684890000000003" lon="-100.24992">
    <ele>486.19000000000005</ele>
   </trkpt>
   <trkpt lat="25.68530666839057" lon="-100.24941333690938">
    <ele>484.65000000000003</ele>
   </trkpt>
   <trkpt lat="25.68572333503109" lon="-100.24890667027456">
    <ele>483.41</ele>
   </trkpt>
   <trkpt lat="25.68614" lon="-100.2484">
    <ele>480.65000000000003</ele>
   </trkpt>
   <trkpt lat="25.68674" lon="-100.24777">
    <ele>478.90000000000003</ele>
   </trkpt>
   <trkpt lat="25.687135000871017" lon="-100.24727500159659">
    <ele>478.48</ele>
   </trkpt>
   <trkpt lat="25.687530000000002" lon="-100.24678">
    <ele>477.5</ele>
   </trkpt>
   <trkpt lat="25.68801000104876" lon="-100.24621000236674">
    <ele>477.32</ele>
   </trkpt>
   <trkpt lat="25.68849" lon="-100.24564000000001">
    <ele>477.79</ele>
   </trkpt>
   <trkpt lat="25.68879" lon="-100.24517">
    <ele>478.15000000000003</ele>
   </trkpt>
   <trkpt lat="25.68888" lon="-100.24495">
    <ele>478.41</ele>
   </trkpt>
   <trkpt lat="25.689020000000003" lon="-100.24446">
    <ele>478.45000000000005</ele>
   </trkpt>
   <trkpt lat="25.689090000000004" lon="-100.24405">
    <ele>478.61</ele>
   </trkpt>
   <trkpt lat="25.68913500092482" lon="-100.24352500037081">
    <ele>478.7</ele>
   </trkpt>
   <trkpt lat="25.68918" lon="-100.24300000000001">
    <ele>479.19000000000005</ele>
   </trkpt>
   <trkpt lat="25.68915" lon="-100.24262">
    <ele>479.06000000000006</ele>
   </trkpt>
   <trkpt lat="25.689040000000002" lon="-100.24195">
    <ele>478.43</ele>
   </trkpt>
   <trkpt lat="25.68887" lon="-100.24141">
    <ele>478.16</ele>
   </trkpt>
   <trkpt lat="25.688660000000002" lon="-100.24094000000001">
    <ele>478.25000000000006</ele>
   </trkpt>
   <trkpt lat="25.68861" lon="-100.2407">
    <ele>478.27000000000004</ele>
   </trkpt>
   <trkpt lat="25.688640000000003" lon="-100.24043">
    <ele>478.77000000000004</ele>
   </trkpt>
   <trkpt lat="25.688760000000002" lon="-100.24016">
    <ele>479.1</ele>
   </trkpt>
   <trkpt lat="25.68926000397376" lon="-100.23939667307384">
    <ele>479.30000000000007</ele>
   </trkpt>
   <trkpt lat="25.689760003974843" lon="-100.23863333973895">
    <ele>479.31</ele>
   </trkpt>
   <trkpt lat="25.690260000000002" lon="-100.23787000000002">
    <ele>478.15000000000003</ele>
   </trkpt>
   <trkpt lat="25.690610001007215" lon="-100.23731500169897">
    <ele>475.83000000000004</ele>
   </trkpt>
   <trkpt lat="25.69096" lon="-100.23676">
    <ele>474.73</ele>
   </trkpt>
   <trkpt lat="25.69112" lon="-100.23646000000001">
    <ele>474.21000000000004</ele>
   </trkpt>
   <trkpt lat="25.691290000000002" lon="-100.23626">
    <ele>474.18000000000006</ele>
   </trkpt>
   <trkpt lat="25.691630000000004" lon="-100.23555">
    <ele>473.55</ele>
   </trkpt>
   <trkpt lat="25.69197" lon="-100.23467000000001">
    <ele>472.47</ele>
   </trkpt>
   <trkpt lat="25.69207" lon="-100.23434">
    <ele>472.27000000000004</ele>
   </trkpt>
   <trkpt lat="25.692200000000003" lon="-100.23376">
    <ele>472.18</ele>
   </trkpt>
   <trkpt lat="25.69232667064355" lon="-100.23299666826735">
    <ele>471.83000000000004</ele>
   </trkpt>
   <trkpt lat="25.692453337314063" lon="-100.23223333491089">
    <ele>471.36000000000007</ele>
   </trkpt>
   <trkpt lat="25.692580000000003" lon="-100.23147">
    <ele>470.76</ele>
   </trkpt>
   <trkpt lat="25.69282668188931" lon="-100.23052500978915">
    <ele>468.21</ele>
   </trkpt>
   <trkpt lat="25.693073357689467" lon="-100.22958001566344">
    <ele>465.96000000000004</ele>
   </trkpt>
   <trkpt lat="25.693320027400357" lon="-100.22863501762295">
    <ele>465.99</ele>
   </trkpt>
   <trkpt lat="25.693566691021914" lon="-100.22769001566766">
    <ele>467.20000000000005</ele>
   </trkpt>
   <trkpt lat="25.693813348554034" lon="-100.22674500979764">
    <ele>469.56</ele>
   </trkpt>
   <trkpt lat="25.69406" lon="-100.2258">
    <ele>473.21000000000004</ele>
   </trkpt>
   <trkpt lat="25.694070000000004" lon="-100.22579">
    <ele>473.21000000000004</ele>
   </trkpt>
   <trkpt lat="25.69412" lon="-100.22548">
    <ele>473.91</ele>
   </trkpt>
   <trkpt lat="25.69413" lon="-100.22513000000001">
    <ele>474.47</ele>
   </trkpt>
   <trkpt lat="25.694110000000002" lon="-100.22485">
    <ele>474.79</ele>
   </trkpt>
   <trkpt lat="25.69403" lon="-100.22449">
    <ele>474.97</ele>
   </trkpt>
   <trkpt lat="25.693830000000002" lon="-100.224">
    <ele>474.81000000000006</ele>
   </trkpt>
   <trkpt lat="25.69356" lon="-100.22359">
    <ele>474.33000000000004</ele>
   </trkpt>
   <trkpt lat="25.69338" lon="-100.22341">
    <ele>474.26</ele>
   </trkpt>
   <trkpt lat="25.692890000000002" lon="-100.22301">
    <ele>474.19000000000005</ele>
   </trkpt>
   <trkpt lat="25.69230000077428" lon="-100.22256499787021">
    <ele>473.77000000000004</ele>
   </trkpt>
   <trkpt lat="25.69171" lon="-100.22212">
    <ele>473.61</ele>
   </trkpt>
   <trkpt lat="25.691295000460897" lon="-100.22178999892137">
    <ele>473.5</ele>
   </trkpt>
   <trkpt lat="25.690880000000003" lon="-100.22146000000001">
    <ele>473.32</ele>
   </trkpt>
   <trkpt lat="25.69049" lon="-100.22109">
    <ele>473.12</ele>
   </trkpt>
   <trkpt lat="25.690220000000004" lon="-100.22073">
    <ele>472.41</ele>
   </trkpt>
   <trkpt lat="25.689980000000002" lon="-100.22019">
    <ele>470.64000000000004</ele>
   </trkpt>
   <trkpt lat="25.6899" lon="-100.21979">
    <ele>468.05</ele>
   </trkpt>
   <trkpt lat="25.6899" lon="-100.21934">
    <ele>464.25000000000006</ele>
   </trkpt>
   <trkpt lat="25.689950000000003" lon="-100.21896000000001">
    <ele>463.16</ele>
   </trkpt>
   <trkpt lat="25.690070000000002" lon="-100.21858">
    <ele>461.36</ele>
   </trkpt>
   <trkpt lat="25.69027" lon="-100.21818">
    <ele>460.5</ele>
   </trkpt>
   <trkpt lat="25.690700000000003" lon="-100.21764">
    <ele>460.09000000000003</ele>
   </trkpt>
   <trkpt lat="25.691130000918807" lon="-100.21712500184191">
    <ele>459.74</ele>
   </trkpt>
   <trkpt lat="25.691560000000003" lon="-100.21661">
    <ele>459.87000000000006</ele>
   </trkpt>
   <trkpt lat="25.691825000491598" lon="-100.21620500100451">
    <ele>459.24</ele>
   </trkpt>
   <trkpt lat="25.692090000000004" lon="-100.2158">
    <ele>459.01000000000005</ele>
   </trkpt>
   <trkpt lat="25.69254" lon="-100.21497000000001">
    <ele>458.57000000000005</ele>
   </trkpt>
   <trkpt lat="25.69288333688293" lon="-100.2142466708754">
    <ele>457.91</ele>
   </trkpt>
   <trkpt lat="25.69322667019826" lon="-100.21352333758006">
    <ele>457.01</ele>
   </trkpt>
   <trkpt lat="25.69357" lon="-100.2128">
    <ele>456.81000000000006</ele>
   </trkpt>
   <trkpt lat="25.693880000000004" lon="-100.2121">
    <ele>456.8</ele>
   </trkpt>
   <trkpt lat="25.694020000000002" lon="-100.21164">
    <ele>457.04</ele>
   </trkpt>
   <trkpt lat="25.69406" lon="-100.21142">
    <ele>457.54</ele>
   </trkpt>
   <trkpt lat="25.694070000000004" lon="-100.21085000000001">
    <ele>458.66</ele>
   </trkpt>
   <trkpt lat="25.694010000000002" lon="-100.21034">
    <ele>459.16</ele>
   </trkpt>
   <trkpt lat="25.69393" lon="-100.21004">
    <ele>459.64000000000004</ele>
   </trkpt>
   <trkpt lat="25.693820000000002" lon="-100.20976">
    <ele>460.26000000000005</ele>
   </trkpt>
   <trkpt lat="25.69367" lon="-100.20948000000001">
    <ele>461.22</ele>
   </trkpt>
   <trkpt lat="25.693520000000003" lon="-100.20926000000001">
    <ele>461.44</ele>
   </trkpt>
   <trkpt lat="25.693096668681346" lon="-100.20871666280605">
    <ele>462.45000000000005</ele>
   </trkpt>
   <trkpt lat="25.692673335349696" lon="-100.20817332947493">
    <ele>462.01000000000005</ele>
   </trkpt>
   <trkpt lat="25.69225" lon="-100.20763000000001">
    <ele>460.36</ele>
   </trkpt>
   <trkpt lat="25.69188" lon="-100.20717">
    <ele>459.24</ele>
   </trkpt>
   <trkpt lat="25.691470000000002" lon="-100.20672">
    <ele>457.73</ele>
   </trkpt>
   <trkpt lat="25.69094500081586" lon="-100.20622999783755">
    <ele>456.65000000000003</ele>
   </trkpt>
   <trkpt lat="25.690420000000003" lon="-100.20574">
    <ele>455.65000000000003</ele>
   </trkpt>
   <trkpt lat="25.689950000000003" lon="-100.20524">
    <ele>455.31000000000006</ele>
   </trkpt>
   <trkpt lat="25.68964" lon="-100.20479">
    <ele>454.95</ele>
   </trkpt>
   <trkpt lat="25.689570000000003" lon="-100.20463000000001">
    <ele>454.82000000000005</ele>
   </trkpt>
   <trkpt lat="25.689480000000003" lon="-100.20434">
    <ele>454.44</ele>
   </trkpt>
   <trkpt lat="25.689420000000002" lon="-100.20389">
    <ele>453.28000000000003</ele>
   </trkpt>
   <trkpt lat="25.68946" lon="-100.20345">
    <ele>452.84000000000003</ele>
   </trkpt>
   <trkpt lat="25.689560000000004" lon="-100.20309">
    <ele>452.17</ele>
   </trkpt>
   <trkpt lat="25.689690000000002" lon="-100.20279000000001">
    <ele>451.68</ele>
   </trkpt>
   <trkpt lat="25.689790000000002" lon="-100.20264">
    <ele>451.68</ele>
   </trkpt>
   <trkpt lat="25.690060000000003" lon="-100.20233">
    <ele>450.64000000000004</ele>
   </trkpt>
   <trkpt lat="25.690650000837667" lon="-100.20184000241144">
    <ele>449.01</ele>
   </trkpt>
   <trkpt lat="25.69124" lon="-100.20135">
    <ele>448.91</ele>
   </trkpt>
   <trkpt lat="25.691540000000003" lon="-100.20099">
    <ele>449.47</ele>
   </trkpt>
   <trkpt lat="25.69178" lon="-100.20059">
    <ele>450.45</ele>
   </trkpt>
   <trkpt lat="25.69188" lon="-100.20036">
    <ele>451.46000000000004</ele>
   </trkpt>
   <trkpt lat="25.69197" lon="-100.20006000000001">
    <ele>452.25000000000006</ele>
   </trkpt>
   <trkpt lat="25.69206" lon="-100.1996">
    <ele>453.81000000000006</ele>
   </trkpt>
   <trkpt lat="25.69208" lon="-100.19897">
    <ele>455.07</ele>
   </trkpt>
   <trkpt lat="25.69201834545682" lon="-100.19812666448276">
    <ele>456.17</ele>
   </trkpt>
   <trkpt lat="25.691956686064202" lon="-100.19728332983873">
    <ele>455.02000000000004</ele>
   </trkpt>
   <trkpt lat="25.691895021822162" lon="-100.196439996068">
    <ele>453.82000000000005</ele>
   </trkpt>
   <trkpt lat="25.691833352730725" lon="-100.19559666317058">
    <ele>451.89</ele>
   </trkpt>
   <trkpt lat="25.691771678789898" lon="-100.1947533311466">
    <ele>450.92</ele>
   </trkpt>
   <trkpt lat="25.69171" lon="-100.19391">
    <ele>449.88000000000005</ele>
   </trkpt>
   <trkpt lat="25.691750000000003" lon="-100.19315">
    <ele>449.01</ele>
   </trkpt>
   <trkpt lat="25.691820000000003" lon="-100.19257">
    <ele>448.57</ele>
   </trkpt>
   <trkpt lat="25.691955002333266" lon="-100.19174000103538">
    <ele>448.02000000000004</ele>
   </trkpt>
   <trkpt lat="25.692090000000004" lon="-100.19091">
    <ele>447.70000000000005</ele>
   </trkpt>
   <trkpt lat="25.692140001138725" lon="-100.19033500010882">
    <ele>447.64000000000004</ele>
   </trkpt>
   <trkpt lat="25.692190000000004" lon="-100.18976">
    <ele>447.45</ele>
   </trkpt>
   <trkpt lat="25.692210000000003" lon="-100.18881">
    <ele>447.52000000000004</ele>
   </trkpt>
   <trkpt lat="25.692180004585914" lon="-100.18798999961713">
    <ele>447.5</ele>
   </trkpt>
   <trkpt lat="25.692150004587017" lon="-100.18716999964737">
    <ele>447.53000000000003</ele>
   </trkpt>
   <trkpt lat="25.692120000000003" lon="-100.18635">
    <ele>447.96000000000004</ele>
   </trkpt>
   <trkpt lat="25.692140000000002" lon="-100.18605000000001">
    <ele>448.36</ele>
   </trkpt>
   <trkpt lat="25.69227" lon="-100.18544000000001">
    <ele>448.56</ele>
   </trkpt>
   <trkpt lat="25.692500000000003" lon="-100.18492">
    <ele>448.06</ele>
   </trkpt>
   <trkpt lat="25.69264" lon="-100.1847">
    <ele>447.66</ele>
   </trkpt>
   <trkpt lat="25.69311" lon="-100.18404000000001">
    <ele>446.37000000000006</ele>
   </trkpt>
   <trkpt lat="25.69369000370636" lon="-100.1833000072436">
    <ele>445.42</ele>
   </trkpt>
   <trkpt lat="25.694270003678756" lon="-100.18256000727895">
    <ele>443.36</ele>
   </trkpt>
   <trkpt lat="25.694850000000002" lon="-100.18182">
    <ele>442.19</ele>
   </trkpt>
   <trkpt lat="25.694940000000003" lon="-100.18166000000001">
    <ele>441.94000000000005</ele>
   </trkpt>
   <trkpt lat="25.695140000000002" lon="-100.1812">
    <ele>441.94000000000005</ele>
   </trkpt>
   <trkpt lat="25.69526" lon="-100.18079">
    <ele>442.44000000000005</ele>
   </trkpt>
   <trkpt lat="25.69536" lon="-100.18023000000001">
    <ele>443.6</ele>
   </trkpt>
   <trkpt lat="25.695380000000004" lon="-100.17991">
    <ele>444.49000000000007</ele>
   </trkpt>
   <trkpt lat="25.69537" lon="-100.17941">
    <ele>445.65000000000003</ele>
   </trkpt>
   <trkpt lat="25.695330000000002" lon="-100.17909">
    <ele>446.33000000000004</ele>
   </trkpt>
   <trkpt lat="25.695195006099578" lon="-100.1783174973471">
    <ele>447.8</ele>
   </trkpt>
   <trkpt lat="25.69506000812976" lon="-100.17754499644572">
    <ele>448.51</ele>
   </trkpt>
   <trkpt lat="25.694925006090607" lon="-100.17677249729593">
    <ele>449.20000000000005</ele>
   </trkpt>
   <trkpt lat="25.69479" lon="-100.176">
    <ele>449.02000000000004</ele>
   </trkpt>
   <trkpt lat="25.694617508613806" lon="-100.17508249603064">
    <ele>448.31000000000006</ele>
   </trkpt>
   <trkpt lat="25.694445011487268" lon="-100.17416499471938">
    <ele>447.78000000000003</ele>
   </trkpt>
   <trkpt lat="25.694272508620454" lon="-100.17324749606628">
    <ele>446.05000000000007</ele>
   </trkpt>
   <trkpt lat="25.694100000000002" lon="-100.17233">
    <ele>444.32000000000005</ele>
   </trkpt>
   <trkpt lat="25.69398500163006" lon="-100.17163999937458">
    <ele>444.51</ele>
   </trkpt>
   <trkpt lat="25.69387" lon="-100.17095">
    <ele>445.26000000000005</ele>
   </trkpt>
   <trkpt lat="25.693746670161634" lon="-100.17023333180657">
    <ele>446.47</ele>
   </trkpt>
   <trkpt lat="25.693623336821002" lon="-100.16951666509758">
    <ele>447.5</ele>
   </trkpt>
   <trkpt lat="25.693500000000004" lon="-100.1688">
    <ele>447.54</ele>
   </trkpt>
   <trkpt lat="25.69336500587531" lon="-100.16804249745931">
    <ele>447.41</ele>
   </trkpt>
   <trkpt lat="25.69323000783793" lon="-100.167284996636">
    <ele>438.94000000000005</ele>
   </trkpt>
   <trkpt lat="25.6930950058879" lon="-100.16652749753013">
    <ele>438.94000000000005</ele>
   </trkpt>
   <trkpt lat="25.692960000000003" lon="-100.16577000000001">
    <ele>438.94000000000005</ele>
   </trkpt>
   <trkpt lat="25.69309750594191" lon="-100.16653249733227">
    <ele>438.94000000000005</ele>
   </trkpt>
   <trkpt lat="25.693235007919377" lon="-100.16729499642535">
    <ele>447.41</ele>
   </trkpt>
   <trkpt lat="25.693372505932366" lon="-100.16805749727922">
    <ele>447.41</ele>
   </trkpt>
   <trkpt lat="25.693510000000003" lon="-100.16882000000001">
    <ele>447.41</ele>
   </trkpt>
   <trkpt lat="25.693630003437033" lon="-100.16952999856701">
    <ele>447.25</ele>
   </trkpt>
   <trkpt lat="25.693750003436687" lon="-100.17023999856494">
    <ele>446.47</ele>
   </trkpt>
   <trkpt lat="25.69387" lon="-100.17095">
    <ele>445.26000000000005</ele>
   </trkpt>
   <trkpt lat="25.693985001616422" lon="-100.17163999929276">
    <ele>444.27000000000004</ele>
   </trkpt>
   <trkpt lat="25.694100000000002" lon="-100.17233">
    <ele>444.63</ele>
   </trkpt>
   <trkpt lat="25.694272508607025" lon="-100.17324749599487">
    <ele>446.05000000000007</ele>
   </trkpt>
   <trkpt lat="25.694445011473842" lon="-100.17416499464797">
    <ele>447.78000000000003</ele>
   </trkpt>
   <trkpt lat="25.69461750860038" lon="-100.17508249595923">
    <ele>448.31000000000006</ele>
   </trkpt>
   <trkpt lat="25.69479" lon="-100.176">
    <ele>449.02000000000004</ele>
   </trkpt>
   <trkpt lat="25.694925006108477" lon="-100.17677249739816">
    <ele>449.20000000000005</ele>
   </trkpt>
   <trkpt lat="25.695060008147635" lon="-100.17754499654795">
    <ele>448.51</ele>
   </trkpt>
   <trkpt lat="25.695195006117448" lon="-100.17831749744934">
    <ele>447.51</ele>
   </trkpt>
   <trkpt lat="25.695330000000002" lon="-100.17909">
    <ele>445.98</ele>
   </trkpt>
   <trkpt lat="25.69537" lon="-100.17941">
    <ele>445.65000000000003</ele>
   </trkpt>
   <trkpt lat="25.695380000000004" lon="-100.17991">
    <ele>444.49000000000007</ele>
   </trkpt>
   <trkpt lat="25.69536" lon="-100.18023000000001">
    <ele>443.6</ele>
   </trkpt>
   <trkpt lat="25.69526" lon="-100.18079">
    <ele>442.44000000000005</ele>
   </trkpt>
   <trkpt lat="25.695140000000002" lon="-100.1812">
    <ele>441.91</ele>
   </trkpt>
   <trkpt lat="25.694940000000003" lon="-100.18166000000001">
    <ele>441.94000000000005</ele>
   </trkpt>
   <trkpt lat="25.694850000000002" lon="-100.18182">
    <ele>442.19</ele>
   </trkpt>
   <trkpt lat="25.69427000376171" lon="-100.18256000717312">
    <ele>443.36</ele>
   </trkpt>
   <trkpt lat="25.693690003789314" lon="-100.18330000713777">
    <ele>445.42</ele>
   </trkpt>
   <trkpt lat="25.69311" lon="-100.18404000000001">
    <ele>446.71000000000004</ele>
   </trkpt>
   <trkpt lat="25.69264" lon="-100.1847">
    <ele>448.06</ele>
   </trkpt>
   <trkpt lat="25.692500000000003" lon="-100.18492">
    <ele>448.28000000000003</ele>
   </trkpt>
   <trkpt lat="25.69227" lon="-100.18544000000001">
    <ele>448.56</ele>
   </trkpt>
   <trkpt lat="25.692140000000002" lon="-100.18605000000001">
    <ele>448.36</ele>
   </trkpt>
   <trkpt lat="25.692120000000003" lon="-100.18635">
    <ele>447.96000000000004</ele>
   </trkpt>
   <trkpt lat="25.6921500045837" lon="-100.18716999955664">
    <ele>447.53000000000003</ele>
   </trkpt>
   <trkpt lat="25.692180004582596" lon="-100.18798999952642">
    <ele>447.5</ele>
   </trkpt>
   <trkpt lat="25.692210000000003" lon="-100.18881">
    <ele>447.52000000000004</ele>
   </trkpt>
   <trkpt lat="25.692190000000004" lon="-100.18976">
    <ele>447.45</ele>
   </trkpt>
   <trkpt lat="25.692140001115664" lon="-100.190335000374">
    <ele>447.64000000000004</ele>
   </trkpt>
   <trkpt lat="25.692090000000004" lon="-100.19091">
    <ele>447.74</ele>
   </trkpt>
   <trkpt lat="25.691955002364026" lon="-100.1917400008463">
    <ele>448.02000000000004</ele>
   </trkpt>
   <trkpt lat="25.691820000000003" lon="-100.19257">
    <ele>448.57</ele>
   </trkpt>
   <trkpt lat="25.691750000000003" lon="-100.19315">
    <ele>449.01</ele>
   </trkpt>
   <trkpt lat="25.69171" lon="-100.19391">
    <ele>450.13</ele>
   </trkpt>
   <trkpt lat="25.69177167879019" lon="-100.19475333115052">
    <ele>451.39</ele>
   </trkpt>
   <trkpt lat="25.69183335273101" lon="-100.19559666317451">
    <ele>451.89</ele>
   </trkpt>
   <trkpt lat="25.691895021822447" lon="-100.1964399960719">
    <ele>453.82000000000005</ele>
   </trkpt>
   <trkpt lat="25.69195668606449" lon="-100.19728332984265">
    <ele>455.02000000000004</ele>
   </trkpt>
   <trkpt lat="25.692018345457107" lon="-100.19812666448668">
    <ele>456.17</ele>
   </trkpt>
   <trkpt lat="25.69208" lon="-100.19897">
    <ele>455.07</ele>
   </trkpt>
   <trkpt lat="25.69206" lon="-100.1996">
    <ele>453.09000000000003</ele>
   </trkpt>
   <trkpt lat="25.69197" lon="-100.20006000000001">
    <ele>452.25000000000006</ele>
   </trkpt>
   <trkpt lat="25.69188" lon="-100.20036">
    <ele>451.02000000000004</ele>
   </trkpt>
   <trkpt lat="25.69178" lon="-100.20059">
    <ele>450.45</ele>
   </trkpt>
   <trkpt lat="25.691540000000003" lon="-100.20099">
    <ele>449.47</ele>
   </trkpt>
   <trkpt lat="25.69124" lon="-100.20135">
    <ele>448.91</ele>
   </trkpt>
   <trkpt lat="25.690650000799412" lon="-100.20184000244323">
    <ele>449.40000000000003</ele>
   </trkpt>
   <trkpt lat="25.690060000000003" lon="-100.20233">
    <ele>450.64000000000004</ele>
   </trkpt>
   <trkpt lat="25.689790000000002" lon="-100.20264">
    <ele>451.68</ele>
   </trkpt>
   <trkpt lat="25.689690000000002" lon="-100.20279000000001">
    <ele>451.68</ele>
   </trkpt>
   <trkpt lat="25.689560000000004" lon="-100.20309">
    <ele>452.17</ele>
   </trkpt>
   <trkpt lat="25.68946" lon="-100.20345">
    <ele>452.84000000000003</ele>
   </trkpt>
   <trkpt lat="25.689420000000002" lon="-100.20389">
    <ele>453.28000000000003</ele>
   </trkpt>
   <trkpt lat="25.689480000000003" lon="-100.20434">
    <ele>454.44</ele>
   </trkpt>
   <trkpt lat="25.689570000000003" lon="-100.20463000000001">
    <ele>454.82000000000005</ele>
   </trkpt>
   <trkpt lat="25.68964" lon="-100.20479">
    <ele>454.95</ele>
   </trkpt>
   <trkpt lat="25.689950000000003" lon="-100.20524">
    <ele>455.41</ele>
   </trkpt>
   <trkpt lat="25.690420000000003" lon="-100.20574">
    <ele>455.65000000000003</ele>
   </trkpt>
   <trkpt lat="25.690945000821227" lon="-100.20622999784256">
    <ele>456.94</ele>
   </trkpt>
   <trkpt lat="25.691470000000002" lon="-100.20672">
    <ele>457.97</ele>
   </trkpt>
   <trkpt lat="25.69188" lon="-100.20717">
    <ele>459.24</ele>
   </trkpt>
   <trkpt lat="25.69225" lon="-100.20763000000001">
    <ele>460.36</ele>
   </trkpt>
   <trkpt lat="25.692673335344573" lon="-100.20817332946835">
    <ele>462.01000000000005</ele>
   </trkpt>
   <trkpt lat="25.69309666867621" lon="-100.20871666279946">
    <ele>462.45000000000005</ele>
   </trkpt>
   <trkpt lat="25.693520000000003" lon="-100.20926000000001">
    <ele>461.44</ele>
   </trkpt>
   <trkpt lat="25.69367" lon="-100.20948000000001">
    <ele>461.22</ele>
   </trkpt>
   <trkpt lat="25.693820000000002" lon="-100.20976">
    <ele>460.26000000000005</ele>
   </trkpt>
   <trkpt lat="25.69393" lon="-100.21004">
    <ele>459.64000000000004</ele>
   </trkpt>
   <trkpt lat="25.694010000000002" lon="-100.21034">
    <ele>459.16</ele>
   </trkpt>
   <trkpt lat="25.694070000000004" lon="-100.21085000000001">
    <ele>458.08000000000004</ele>
   </trkpt>
   <trkpt lat="25.69406" lon="-100.21142">
    <ele>457.54</ele>
   </trkpt>
   <trkpt lat="25.694020000000002" lon="-100.21164">
    <ele>457.04</ele>
   </trkpt>
   <trkpt lat="25.693880000000004" lon="-100.2121">
    <ele>456.8</ele>
   </trkpt>
   <trkpt lat="25.69357" lon="-100.2128">
    <ele>456.81000000000006</ele>
   </trkpt>
   <trkpt lat="25.693226670252336" lon="-100.21352333746611">
    <ele>457.34000000000003</ele>
   </trkpt>
   <trkpt lat="25.692883336937005" lon="-100.21424667076145">
    <ele>457.91</ele>
   </trkpt>
   <trkpt lat="25.69254" lon="-100.21497000000001">
    <ele>458.57000000000005</ele>
   </trkpt>
   <trkpt lat="25.692090000000004" lon="-100.2158">
    <ele>459.01000000000005</ele>
   </trkpt>
   <trkpt lat="25.691825000626814" lon="-100.21620500079784">
    <ele>459.59000000000003</ele>
   </trkpt>
   <trkpt lat="25.691560000000003" lon="-100.21661">
    <ele>459.87000000000006</ele>
   </trkpt>
   <trkpt lat="25.691130000889608" lon="-100.21712500187687">
    <ele>459.74</ele>
   </trkpt>
   <trkpt lat="25.690700000000003" lon="-100.21764">
    <ele>460.09000000000003</ele>
   </trkpt>
   <trkpt lat="25.69027" lon="-100.21818">
    <ele>460.5</ele>
   </trkpt>
   <trkpt lat="25.690070000000002" lon="-100.21858">
    <ele>461.36</ele>
   </trkpt>
   <trkpt lat="25.689950000000003" lon="-100.21896000000001">
    <ele>463.16</ele>
   </trkpt>
   <trkpt lat="25.6899" lon="-100.21934">
    <ele>466.82</ele>
   </trkpt>
   <trkpt lat="25.6899" lon="-100.21979">
    <ele>468.94</ele>
   </trkpt>
   <trkpt lat="25.689980000000002" lon="-100.22019">
    <ele>470.64000000000004</ele>
   </trkpt>
   <trkpt lat="25.690220000000004" lon="-100.22073">
    <ele>472.62</ele>
   </trkpt>
   <trkpt lat="25.69049" lon="-100.22109">
    <ele>473.12</ele>
   </trkpt>
   <trkpt lat="25.690880000000003" lon="-100.22146000000001">
    <ele>473.32</ele>
   </trkpt>
   <trkpt lat="25.691295000281627" lon="-100.22178999877885">
    <ele>473.5</ele>
   </trkpt>
   <trkpt lat="25.69171" lon="-100.22212">
    <ele>473.61</ele>
   </trkpt>
   <trkpt lat="25.692300000575973" lon="-100.22256499772062">
    <ele>473.77000000000004</ele>
   </trkpt>
   <trkpt lat="25.692890000000002" lon="-100.22301">
    <ele>474.19000000000005</ele>
   </trkpt>
   <trkpt lat="25.69338" lon="-100.22341">
    <ele>474.28000000000003</ele>
   </trkpt>
   <trkpt lat="25.69356" lon="-100.22359">
    <ele>474.4200000000001</ele>
   </trkpt>
   <trkpt lat="25.693830000000002" lon="-100.224">
    <ele>474.81000000000006</ele>
   </trkpt>
   <trkpt lat="25.69403" lon="-100.22449">
    <ele>474.97</ele>
   </trkpt>
   <trkpt lat="25.694110000000002" lon="-100.22485">
    <ele>474.79</ele>
   </trkpt>
   <trkpt lat="25.69413" lon="-100.22513000000001">
    <ele>474.47</ele>
   </trkpt>
   <trkpt lat="25.69412" lon="-100.22548">
    <ele>473.91</ele>
   </trkpt>
   <trkpt lat="25.694070000000004" lon="-100.22579">
    <ele>472.83000000000004</ele>
   </trkpt>
   <trkpt lat="25.693980000000003" lon="-100.22615">
    <ele>471.18</ele>
   </trkpt>
   <trkpt lat="25.69374668007167" lon="-100.22703667534186">
    <ele>468.44</ele>
   </trkpt>
   <trkpt lat="25.693513354782407" lon="-100.22792334720918">
    <ele>466.78000000000003</ele>
   </trkpt>
   <trkpt lat="25.693280024132296" lon="-100.228810015602">
    <ele>465.87000000000006</ele>
   </trkpt>
   <trkpt lat="25.693046688121413" lon="-100.22969668052023">
    <ele>466.27</ele>
   </trkpt>
   <trkpt lat="25.692813346749848" lon="-100.23058334196388">
    <ele>469.32</ele>
   </trkpt>
   <trkpt lat="25.692580000000003" lon="-100.23147">
    <ele>471.02000000000004</ele>
   </trkpt>
   <trkpt lat="25.692453337302556" lon="-100.23223333498021">
    <ele>471.36000000000007</ele>
   </trkpt>
   <trkpt lat="25.692326670632045" lon="-100.23299666833664">
    <ele>471.83000000000004</ele>
   </trkpt>
   <trkpt lat="25.692200000000003" lon="-100.23376">
    <ele>472.23</ele>
   </trkpt>
   <trkpt lat="25.69207" lon="-100.23434">
    <ele>472.40000000000003</ele>
   </trkpt>
   <trkpt lat="25.69197" lon="-100.23467000000001">
    <ele>472.55</ele>
   </trkpt>
   <trkpt lat="25.691630000000004" lon="-100.23555">
    <ele>473.55</ele>
   </trkpt>
   <trkpt lat="25.691335001281068" lon="-100.23615500143045">
    <ele>474.18000000000006</ele>
   </trkpt>
   <trkpt lat="25.69104" lon="-100.23676">
    <ele>474.65000000000003</ele>
   </trkpt>
   <trkpt lat="25.69064000147572" lon="-100.2374050020736">
    <ele>475.21000000000004</ele>
   </trkpt>
   <trkpt lat="25.690240000000003" lon="-100.23805">
    <ele>475.75000000000006</ele>
   </trkpt>
   <trkpt lat="25.69002" lon="-100.23859">
    <ele>475.97</ele>
   </trkpt>
   <trkpt lat="25.68993" lon="-100.23895">
    <ele>476.06</ele>
   </trkpt>
   <trkpt lat="25.689870000000003" lon="-100.23931">
    <ele>476.15000000000003</ele>
   </trkpt>
   <trkpt lat="25.689850000000003" lon="-100.23967">
    <ele>476.28000000000003</ele>
   </trkpt>
   <trkpt lat="25.689860000000003" lon="-100.24002">
    <ele>476.37</ele>
   </trkpt>
   <trkpt lat="25.689940000000004" lon="-100.24056">
    <ele>477.23</ele>
   </trkpt>
   <trkpt lat="25.690030000000004" lon="-100.24092">
    <ele>477.30000000000007</ele>
   </trkpt>
   <trkpt lat="25.690355002862404" lon="-100.24184499732077">
    <ele>477.67</ele>
   </trkpt>
   <trkpt lat="25.69068" lon="-100.24277000000001">
    <ele>477.6</ele>
   </trkpt>
   <trkpt lat="25.690600000000003" lon="-100.24360000000001">
    <ele>477.28000000000003</ele>
   </trkpt>
   <trkpt lat="25.69048500103878" lon="-100.24415000049513">
    <ele>480.35</ele>
   </trkpt>
   <trkpt lat="25.69037" lon="-100.24470000000001">
    <ele>478.62000000000006</ele>
   </trkpt>
   <trkpt lat="25.6903" lon="-100.24496">
    <ele>478.46000000000004</ele>
   </trkpt>
   <trkpt lat="25.69001" lon="-100.24558">
    <ele>479.11</ele>
   </trkpt>
   <trkpt lat="25.68971000099033" lon="-100.24612000136688">
    <ele>479.39000000000004</ele>
   </trkpt>
   <trkpt lat="25.689410000000002" lon="-100.24666">
    <ele>479.78000000000003</ele>
   </trkpt>
   <trkpt lat="25.689140000000002" lon="-100.24696">
    <ele>479.92</ele>
   </trkpt>
   <trkpt lat="25.688556003744793" lon="-100.24748401027558">
    <ele>480.5</ele>
   </trkpt>
   <trkpt lat="25.687972005617496" lon="-100.24800801541289">
    <ele>480.84000000000003</ele>
   </trkpt>
   <trkpt lat="25.687388005618192" lon="-100.24853201541204">
    <ele>481.31</ele>
   </trkpt>
   <trkpt lat="25.686804003746932" lon="-100.24905601027322">
    <ele>481.78000000000003</ele>
   </trkpt>
   <trkpt lat="25.686220000000002" lon="-100.24958000000001">
    <ele>482.11</ele>
   </trkpt>
   <trkpt lat="25.68586" lon="-100.25002">
    <ele>482.35</ele>
   </trkpt>
   <trkpt lat="25.685660000000002" lon="-100.25034000000001">
    <ele>482.55</ele>
   </trkpt>
   <trkpt lat="25.68549" lon="-100.25068">
    <ele>482.76</ele>
   </trkpt>
   <trkpt lat="25.685290000000002" lon="-100.25123">
    <ele>482.87</ele>
   </trkpt>
   <trkpt lat="25.68521" lon="-100.25162">
    <ele>482.91</ele>
   </trkpt>
   <trkpt lat="25.68513" lon="-100.2522">
    <ele>483.18000000000006</ele>
   </trkpt>
   <trkpt lat="25.68514" lon="-100.25283">
    <ele>483.43</ele>
   </trkpt>
   <trkpt lat="25.68528000585553" lon="-100.2537566644984">
    <ele>483.98</ele>
   </trkpt>
   <trkpt lat="25.685420005857026" lon="-100.25468333117486">
    <ele>484.4700000000001</ele>
   </trkpt>
   <trkpt lat="25.685560000000002" lon="-100.25561">
    <ele>484.94000000000005</ele>
   </trkpt>
   <trkpt lat="25.6856" lon="-100.25614">
    <ele>485.21000000000004</ele>
   </trkpt>
   <trkpt lat="25.6855" lon="-100.25699">
    <ele>486.47</ele>
   </trkpt>
   <trkpt lat="25.685395001450132" lon="-100.25764000051112">
    <ele>487.39000000000004</ele>
   </trkpt>
   <trkpt lat="25.685290000000002" lon="-100.25829">
    <ele>488.11</ele>
   </trkpt>
   <trkpt lat="25.685150000000004" lon="-100.25874">
    <ele>488.45000000000005</ele>
   </trkpt>
   <trkpt lat="25.68502" lon="-100.25901">
    <ele>488.57000000000005</ele>
   </trkpt>
   <trkpt lat="25.68486" lon="-100.25929000000001">
    <ele>488.73</ele>
   </trkpt>
   <trkpt lat="25.684690000000003" lon="-100.25954">
    <ele>489.3</ele>
   </trkpt>
   <trkpt lat="25.68418333527928" lon="-100.26008000463769">
    <ele>489.84000000000003</ele>
   </trkpt>
   <trkpt lat="25.683676668570694" lon="-100.26062000468231">
    <ele>489.53000000000003</ele>
   </trkpt>
   <trkpt lat="25.68317" lon="-100.26116">
    <ele>489.00000000000006</ele>
   </trkpt>
   <trkpt lat="25.68298" lon="-100.26144000000001">
    <ele>489.2</ele>
   </trkpt>
   <trkpt lat="25.68289" lon="-100.26165">
    <ele>489.45000000000005</ele>
   </trkpt>
   <trkpt lat="25.682830000000003" lon="-100.26189000000001">
    <ele>490.32000000000005</ele>
   </trkpt>
   <trkpt lat="25.682710004738574" lon="-100.26272333497928">
    <ele>493.95000000000005</ele>
   </trkpt>
   <trkpt lat="25.682590004743272" lon="-100.26355666827996">
    <ele>496.46000000000004</ele>
   </trkpt>
   <trkpt lat="25.682470000000002" lon="-100.26439">
    <ele>497.12000000000006</ele>
   </trkpt>
   <trkpt lat="25.68239" lon="-100.26511">
    <ele>497.46</ele>
   </trkpt>
   <trkpt lat="25.682340000000003" lon="-100.2659">
    <ele>497.8</ele>
   </trkpt>
   <trkpt lat="25.682360000000003" lon="-100.26662">
    <ele>498.07000000000005</ele>
   </trkpt>
   <trkpt lat="25.682410004580095" lon="-100.26743999925496">
    <ele>498.53000000000003</ele>
   </trkpt>
   <trkpt lat="25.682460004576633" lon="-100.2682599991982">
    <ele>498.99</ele>
   </trkpt>
   <trkpt lat="25.68251" lon="-100.26908">
    <ele>499.37</ele>
   </trkpt>
   <trkpt lat="25.6825" lon="-100.26948">
    <ele>500.05</ele>
   </trkpt>
   <trkpt lat="25.682470000000002" lon="-100.26986000000001">
    <ele>500.25000000000006</ele>
   </trkpt>
   <trkpt lat="25.68236500136236" lon="-100.27049500063201">
    <ele>500.62000000000006</ele>
   </trkpt>
   <trkpt lat="25.682260000000003" lon="-100.27113000000001">
    <ele>501.3500000000001</ele>
   </trkpt>
   <trkpt lat="25.68211" lon="-100.27173">
    <ele>502.02000000000004</ele>
   </trkpt>
   <trkpt lat="25.681890000000003" lon="-100.27219000000001">
    <ele>502.13000000000005</ele>
   </trkpt>
   <trkpt lat="25.681780000000003" lon="-100.27236">
    <ele>502.13000000000005</ele>
   </trkpt>
   <trkpt lat="25.681510000000003" lon="-100.27266">
    <ele>501.84000000000003</ele>
   </trkpt>
   <trkpt lat="25.6811" lon="-100.27298">
    <ele>498.61000000000007</ele>
   </trkpt>
   <trkpt lat="25.680880000000002" lon="-100.2732">
    <ele>497.45000000000005</ele>
   </trkpt>
   <trkpt lat="25.68061" lon="-100.27356">
    <ele>497.88000000000005</ele>
   </trkpt>
   <trkpt lat="25.68034" lon="-100.27409000000002">
    <ele>501.34</ele>
   </trkpt>
   <trkpt lat="25.680010000000003" lon="-100.27454">
    <ele>502.26000000000005</ele>
   </trkpt>
   <trkpt lat="25.67967" lon="-100.27486">
    <ele>502.88</ele>
   </trkpt>
   <trkpt lat="25.679280000000002" lon="-100.27510000000001">
    <ele>503.33000000000004</ele>
   </trkpt>
   <trkpt lat="25.67857" lon="-100.27544">
    <ele>503.78</ele>
   </trkpt>
   <trkpt lat="25.677940000000003" lon="-100.27572">
    <ele>504.44</ele>
   </trkpt>
   <trkpt lat="25.677380000000003" lon="-100.27604000000001">
    <ele>505.02000000000004</ele>
   </trkpt>
   <trkpt lat="25.677030000000002" lon="-100.27629">
    <ele>505.40000000000003</ele>
   </trkpt>
   <trkpt lat="25.676700000000004" lon="-100.27656">
    <ele>505.6400000000001</ele>
   </trkpt>
   <trkpt lat="25.67639" lon="-100.27687">
    <ele>505.99000000000007</ele>
   </trkpt>
   <trkpt lat="25.6761" lon="-100.27720000000001">
    <ele>506.5200000000001</ele>
   </trkpt>
   <trkpt lat="25.67584" lon="-100.27756000000001">
    <ele>506.97999999999996</ele>
   </trkpt>
   <trkpt lat="25.675490000000003" lon="-100.27813">
    <ele>507.43000000000006</ele>
   </trkpt>
   <trkpt lat="25.67529" lon="-100.27854">
    <ele>507.65000000000003</ele>
   </trkpt>
   <trkpt lat="25.675120000000003" lon="-100.27898">
    <ele>508.25000000000006</ele>
   </trkpt>
   <trkpt lat="25.67499" lon="-100.27939">
    <ele>508.62000000000006</ele>
   </trkpt>
   <trkpt lat="25.674840000000003" lon="-100.28014">
    <ele>509.25000000000006</ele>
   </trkpt>
   <trkpt lat="25.674730000000004" lon="-100.28101000000001">
    <ele>509.72</ele>
   </trkpt>
   <trkpt lat="25.6746" lon="-100.28189">
    <ele>510.05</ele>
   </trkpt>
   <trkpt lat="25.674490000000002" lon="-100.28233">
    <ele>510.13000000000005</ele>
   </trkpt>
   <trkpt lat="25.67427000151125" lon="-100.28300500137271">
    <ele>510.30000000000007</ele>
   </trkpt>
   <trkpt lat="25.67405" lon="-100.28368">
    <ele>510.58000000000004</ele>
   </trkpt>
   <trkpt lat="25.673930000741297" lon="-100.28417000080714">
    <ele>510.92</ele>
   </trkpt>
   <trkpt lat="25.673810000000003" lon="-100.28466">
    <ele>511.13000000000005</ele>
   </trkpt>
   <trkpt lat="25.673620000000003" lon="-100.28529">
    <ele>511.2300000000001</ele>
   </trkpt>
   <trkpt lat="25.673280000000002" lon="-100.28614">
    <ele>509.75</ele>
   </trkpt>
   <trkpt lat="25.672960000000003" lon="-100.28681">
    <ele>508.41</ele>
   </trkpt>
   <trkpt lat="25.67283" lon="-100.28717">
    <ele>508.09999999999997</ele>
   </trkpt>
   <trkpt lat="25.672570002989552" lon="-100.28811000212718">
    <ele>511.59</ele>
   </trkpt>
   <trkpt lat="25.672310000000003" lon="-100.28905">
    <ele>514.4300000000001</ele>
   </trkpt>
   <trkpt lat="25.672050000000002" lon="-100.28981">
    <ele>515.1600000000001</ele>
   </trkpt>
   <trkpt lat="25.671698010362565" lon="-100.29068201030204">
    <ele>515.6700000000001</ele>
   </trkpt>
   <trkpt lat="25.671346015543268" lon="-100.29155401545417">
    <ele>516.57</ele>
   </trkpt>
   <trkpt lat="25.67099401554222" lon="-100.29242601545643">
    <ele>517.5200000000001</ele>
   </trkpt>
   <trkpt lat="25.670642010359536" lon="-100.2932980103089">
    <ele>518.51</ele>
   </trkpt>
   <trkpt lat="25.67029" lon="-100.29417000000001">
    <ele>519.4100000000001</ele>
   </trkpt>
   <trkpt lat="25.669920002750626" lon="-100.29506000263768">
    <ele>520.08</ele>
   </trkpt>
   <trkpt lat="25.66955" lon="-100.29595">
    <ele>520.9200000000001</ele>
   </trkpt>
   <trkpt lat="25.66919" lon="-100.2967">
    <ele>520.94</ele>
   </trkpt>
   <trkpt lat="25.669010000000004" lon="-100.29698">
    <ele>521.1800000000001</ele>
   </trkpt>
   <trkpt lat="25.668730000000004" lon="-100.29735000000001">
    <ele>521.0400000000001</ele>
   </trkpt>
   <trkpt lat="25.668470000000003" lon="-100.29782">
    <ele>520.23</ele>
   </trkpt>
   <trkpt lat="25.66833" lon="-100.29811000000001">
    <ele>518.8900000000001</ele>
   </trkpt>
   <trkpt lat="25.66815" lon="-100.29858">
    <ele>518.9</ele>
   </trkpt>
   <trkpt lat="25.66794500185899" lon="-100.2993200012965">
    <ele>522.5600000000001</ele>
   </trkpt>
   <trkpt lat="25.667740000000002" lon="-100.30006">
    <ele>524.4000000000001</ele>
   </trkpt>
   <trkpt lat="25.667520000000003" lon="-100.30057000000001">
    <ele>524.48</ele>
   </trkpt>
   <trkpt lat="25.66722" lon="-100.30118">
    <ele>525.02</ele>
   </trkpt>
   <trkpt lat="25.666915001048547" lon="-100.301740001469">
    <ele>525.61</ele>
   </trkpt>
   <trkpt lat="25.666610000000002" lon="-100.3023">
    <ele>525.75</ele>
   </trkpt>
   <trkpt lat="25.666275000977578" lon="-100.30284000154278">
    <ele>526.15</ele>
   </trkpt>
   <trkpt lat="25.665940000000003" lon="-100.30338">
    <ele>526.66</ele>
   </trkpt>
   <trkpt lat="25.665553335519856" lon="-100.30394667034393">
    <ele>527.1300000000001</ele>
   </trkpt>
   <trkpt lat="25.665166668851803" lon="-100.30451333701257">
    <ele>527.59</ele>
   </trkpt>
   <trkpt lat="25.66478" lon="-100.30508">
    <ele>528.12</ele>
   </trkpt>
   <trkpt lat="25.664340000000003" lon="-100.30575">
    <ele>528.6800000000001</ele>
   </trkpt>
   <trkpt lat="25.664130000000004" lon="-100.30612">
    <ele>529.1</ele>
   </trkpt>
   <trkpt lat="25.663860000000003" lon="-100.30673">
    <ele>529.48</ele>
   </trkpt>
   <trkpt lat="25.663670000000003" lon="-100.30723">
    <ele>530.1600000000001</ele>
   </trkpt>
   <trkpt lat="25.66345" lon="-100.30799">
    <ele>530.64</ele>
   </trkpt>
   <trkpt lat="25.66327" lon="-100.30876">
    <ele>530.78</ele>
   </trkpt>
   <trkpt lat="25.663280000000004" lon="-100.30875">
    <ele>530.78</ele>
   </trkpt>
   <trkpt lat="25.663220000000003" lon="-100.30934">
    <ele>531.0</ele>
   </trkpt>
   <trkpt lat="25.663200000000003" lon="-100.30996">
    <ele>530.44</ele>
   </trkpt>
   <trkpt lat="25.663230000000002" lon="-100.31063">
    <ele>526.99</ele>
   </trkpt>
   <trkpt lat="25.66327" lon="-100.31094">
    <ele>526.44</ele>
   </trkpt>
   <trkpt lat="25.66336" lon="-100.3114">
    <ele>525.6500000000001</ele>
   </trkpt>
   <trkpt lat="25.663580001461277" lon="-100.31206499863652">
    <ele>526.78</ele>
   </trkpt>
   <trkpt lat="25.663800000000002" lon="-100.31273">
    <ele>531.0</ele>
   </trkpt>
   <trkpt lat="25.663940000874117" lon="-100.31324999921479">
    <ele>534.86</ele>
   </trkpt>
   <trkpt lat="25.664080000000002" lon="-100.31377">
    <ele>536.34</ele>
   </trkpt>
   <trkpt lat="25.664260009226027" lon="-100.31471999571131">
    <ele>537.35</ele>
   </trkpt>
   <trkpt lat="25.664440012303128" lon="-100.31566999429081">
    <ele>537.9300000000001</ele>
   </trkpt>
   <trkpt lat="25.664620009231225" lon="-100.31661999573845">
    <ele>538.86</ele>
   </trkpt>
   <trkpt lat="25.664800000000003" lon="-100.31757">
    <ele>539.47</ele>
   </trkpt>
   <trkpt lat="25.664920001010753" lon="-100.31810499962059">
    <ele>539.9000000000001</ele>
   </trkpt>
   <trkpt lat="25.66504" lon="-100.31864">
    <ele>540.0400000000001</ele>
   </trkpt>
   <trkpt lat="25.665200000000002" lon="-100.31909">
    <ele>539.03</ele>
   </trkpt>
   <trkpt lat="25.665280000000003" lon="-100.3194">
    <ele>537.13</ele>
   </trkpt>
   <trkpt lat="25.66532" lon="-100.31967">
    <ele>536.4300000000001</ele>
   </trkpt>
   <trkpt lat="25.66534" lon="-100.31999">
    <ele>535.79</ele>
   </trkpt>
   <trkpt lat="25.665470003094455" lon="-100.32094499886638">
    <ele>536.81</ele>
   </trkpt>
   <trkpt lat="25.6656" lon="-100.32190000000001">
    <ele>542.3</ele>
   </trkpt>
   <trkpt lat="25.665640000000003" lon="-100.32227">
    <ele>543.0600000000001</ele>
   </trkpt>
   <trkpt lat="25.6658022467618" lon="-100.32321887856065">
    <ele>543.86</ele>
   </trkpt>
   <trkpt lat="25.665964487388862" lon="-100.32416775970366">
    <ele>544.1</ele>
   </trkpt>
   <trkpt lat="25.66612672188113" lon="-100.32511664342888">
    <ele>545.52</ele>
   </trkpt>
   <trkpt lat="25.666288950238535" lon="-100.3260655297363">
    <ele>546.22</ele>
   </trkpt>
   <trkpt lat="25.666451172461024" lon="-100.3270144186258">
    <ele>547.1100000000001</ele>
   </trkpt>
   <trkpt lat="25.666613388548534" lon="-100.32796331009733">
    <ele>547.9200000000001</ele>
   </trkpt>
   <trkpt lat="25.666775598501" lon="-100.32891220415081">
    <ele>548.7500000000001</ele>
   </trkpt>
   <trkpt lat="25.66693780231837" lon="-100.32986110078619">
    <ele>549.4300000000001</ele>
   </trkpt>
   <trkpt lat="25.6671" lon="-100.33081000000001">
    <ele>550.23</ele>
   </trkpt>
   <trkpt lat="25.667195002385018" lon="-100.33164499941937">
    <ele>550.98</ele>
   </trkpt>
   <trkpt lat="25.66729" lon="-100.33248">
    <ele>551.36</ele>
   </trkpt>
   <trkpt lat="25.667365002190827" lon="-100.33328499931174">
    <ele>549.61</ele>
   </trkpt>
   <trkpt lat="25.667440000000003" lon="-100.33409">
    <ele>547.4100000000001</ele>
   </trkpt>
   <trkpt lat="25.66749" lon="-100.3344">
    <ele>547.06</ele>
   </trkpt>
   <trkpt lat="25.667712509477358" lon="-100.33536249464863">
    <ele>549.48</ele>
   </trkpt>
   <trkpt lat="25.667935012642314" lon="-100.33632499288986">
    <ele>553.84</ele>
   </trkpt>
   <trkpt lat="25.668157509494772" lon="-100.33728749472364">
    <ele>555.12</ele>
   </trkpt>
   <trkpt lat="25.668380000000003" lon="-100.33825">
    <ele>556.12</ele>
   </trkpt>
   <trkpt lat="25.668530003291572" lon="-100.33894333166245">
    <ele>556.6600000000001</ele>
   </trkpt>
   <trkpt lat="25.668680003307546" lon="-100.3396366650696">
    <ele>557.34</ele>
   </trkpt>
   <trkpt lat="25.668830000000003" lon="-100.34033000000001">
    <ele>557.8100000000001</ele>
   </trkpt>
   <trkpt lat="25.668990001490403" lon="-100.34098999914012">
    <ele>558.13</ele>
   </trkpt>
   <trkpt lat="25.669150000000002" lon="-100.34165">
    <ele>558.5</ele>
   </trkpt>
   <trkpt lat="25.66939430083254" lon="-100.34250998942184">
    <ele>559.57</ele>
   </trkpt>
   <trkpt lat="25.669638596625383" lon="-100.34336998236834">
    <ele>560.01</ele>
   </trkpt>
   <trkpt lat="25.669882887378435" lon="-100.34422997883944">
    <ele>560.89</ele>
   </trkpt>
   <trkpt lat="25.670127173091643" lon="-100.34508997883512">
    <ele>561.27</ele>
   </trkpt>
   <trkpt lat="25.670371453764915" lon="-100.34594998235542">
    <ele>562.33</ele>
   </trkpt>
   <trkpt lat="25.670615729398182" lon="-100.34680998940026">
    <ele>562.96</ele>
   </trkpt>
   <trkpt lat="25.67086" lon="-100.34767000000001">
    <ele>563.72</ele>
   </trkpt>
   <trkpt lat="25.671050001450734" lon="-100.34831499908475">
    <ele>564.18</ele>
   </trkpt>
   <trkpt lat="25.67124" lon="-100.34896">
    <ele>565.2600000000001</ele>
   </trkpt>
   <trkpt lat="25.671470000000003" lon="-100.34925000000001">
    <ele>573.11</ele>
   </trkpt>
   <trkpt lat="25.67173000410196" lon="-100.3500266632525">
    <ele>573.6</ele>
   </trkpt>
   <trkpt lat="25.67199000409325" lon="-100.35080332989308">
    <ele>573.09</ele>
   </trkpt>
   <trkpt lat="25.672250000000002" lon="-100.35158000000001">
    <ele>570.86</ele>
   </trkpt>
   <trkpt lat="25.67237" lon="-100.35195">
    <ele>573.96</ele>
   </trkpt>
   <trkpt lat="25.67238" lon="-100.35209">
    <ele>574.3100000000001</ele>
   </trkpt>
   <trkpt lat="25.67235" lon="-100.35231">
    <ele>575.5</ele>
   </trkpt>
   <trkpt lat="25.67228" lon="-100.35244">
    <ele>575.71</ele>
   </trkpt>
   <trkpt lat="25.672110000000004" lon="-100.35259">
    <ele>575.73</ele>
   </trkpt>
   <trkpt lat="25.671840000000003" lon="-100.35271">
    <ele>575.5300000000001</ele>
   </trkpt>
   <trkpt lat="25.6715" lon="-100.35281">
    <ele>574.9200000000001</ele>
   </trkpt>
   <trkpt lat="25.671170000000004" lon="-100.35281">
    <ele>574.49</ele>
   </trkpt>
   <trkpt lat="25.67095" lon="-100.35276">
    <ele>574.1700000000001</ele>
   </trkpt>
   <trkpt lat="25.670630000000003" lon="-100.35257000000001">
    <ele>573.2900000000001</ele>
   </trkpt>
   <trkpt lat="25.670530000000003" lon="-100.35244">
    <ele>572.6800000000001</ele>
   </trkpt>
   <trkpt lat="25.670440000000003" lon="-100.35193000000001">
    <ele>572.37</ele>
   </trkpt>
   <trkpt lat="25.67019" lon="-100.35119">
    <ele>571.43</ele>
   </trkpt>
   <trkpt lat="25.670150000000003" lon="-100.35104000000001">
    <ele>570.89</ele>
   </trkpt>
   <trkpt lat="25.66987667177677" lon="-100.3501733293331">
    <ele>567.96</ele>
   </trkpt>
   <trkpt lat="25.6696033384352" lon="-100.34930666264042">
    <ele>565.79</ele>
   </trkpt>
   <trkpt lat="25.669330000000002" lon="-100.34844000000001">
    <ele>564.6</ele>
   </trkpt>
   <trkpt lat="25.66905801128822" lon="-100.34752999170406">
    <ele>563.69</ele>
   </trkpt>
   <trkpt lat="25.668786016933545" lon="-100.34661998756047">
    <ele>563.13</ele>
   </trkpt>
   <trkpt lat="25.66851401693608" lon="-100.34570998756924">
    <ele>562.0500000000001</ele>
   </trkpt>
   <trkpt lat="25.668242011295906" lon="-100.34479999173037">
    <ele>561.2900000000001</ele>
   </trkpt>
   <trkpt lat="25.66797" lon="-100.34389">
    <ele>560.6300000000001</ele>
   </trkpt>
   <trkpt lat="25.667805001239064" lon="-100.3432899992153">
    <ele>560.4200000000001</ele>
   </trkpt>
   <trkpt lat="25.667640000000002" lon="-100.34269">
    <ele>559.85</ele>
   </trkpt>
   <trkpt lat="25.667418012139443" lon="-100.3417459929493">
    <ele>559.32</ele>
   </trkpt>
   <trkpt lat="25.66719601820675" lon="-100.34080198941396">
    <ele>558.59</ele>
   </trkpt>
   <trkpt lat="25.666974018201987" lon="-100.33985798939405">
    <ele>557.6600000000001</ele>
   </trkpt>
   <trkpt lat="25.66675201212525" lon="-100.3389139928896">
    <ele>556.72</ele>
   </trkpt>
   <trkpt lat="25.66653" lon="-100.33797000000001">
    <ele>556.1</ele>
   </trkpt>
   <trkpt lat="25.666360005773715" lon="-100.3370499974125">
    <ele>555.44</ele>
   </trkpt>
   <trkpt lat="25.666190005780336" lon="-100.33612999744844">
    <ele>554.83</ele>
   </trkpt>
   <trkpt lat="25.666020000000003" lon="-100.33521">
    <ele>554.18</ele>
   </trkpt>
   <trkpt lat="25.66593000100837" lon="-100.33466999968209">
    <ele>553.6500000000001</ele>
   </trkpt>
   <trkpt lat="25.665840000000003" lon="-100.33413">
    <ele>553.24</ele>
   </trkpt>
   <trkpt lat="25.66573750678983" lon="-100.33331499790812">
    <ele>552.5600000000001</ele>
   </trkpt>
   <trkpt lat="25.665635009053926" lon="-100.33249999721744">
    <ele>551.89</ele>
   </trkpt>
   <trkpt lat="25.665532506792303" lon="-100.33168499792795">
    <ele>551.4300000000001</ele>
   </trkpt>
   <trkpt lat="25.66543" lon="-100.33087">
    <ele>550.73</ele>
   </trkpt>
   <trkpt lat="25.665340001176308" lon="-100.33027999949188">
    <ele>550.2600000000001</ele>
   </trkpt>
   <trkpt lat="25.66525" lon="-100.32969000000001">
    <ele>549.98</ele>
   </trkpt>
   <trkpt lat="25.665110002383415" lon="-100.32885499906837">
    <ele>551.85</ele>
   </trkpt>
   <trkpt lat="25.664970000000004" lon="-100.32802000000001">
    <ele>554.5</ele>
   </trkpt>
   <trkpt lat="25.6647966730776" lon="-100.3270499971813">
    <ele>554.22</ele>
   </trkpt>
   <trkpt lat="25.664623339744484" lon="-100.32607999718266">
    <ele>550.37</ele>
   </trkpt>
   <trkpt lat="25.664450000000002" lon="-100.32511000000001">
    <ele>545.22</ele>
   </trkpt>
   <trkpt lat="25.664220000000004" lon="-100.32415">
    <ele>544.21</ele>
   </trkpt>
   <trkpt lat="25.664077508189216" lon="-100.32325499680951">
    <ele>543.98</ele>
   </trkpt>
   <trkpt lat="25.663935010920852" lon="-100.32235999575805">
    <ele>546.61</ele>
   </trkpt>
   <trkpt lat="25.66379250819494" lon="-100.32146499684568">
    <ele>551.58</ele>
   </trkpt>
   <trkpt lat="25.66365" lon="-100.32057">
    <ele>552.28</ele>
   </trkpt>
   <trkpt lat="25.663526670133923" lon="-100.31985666519363">
    <ele>551.3100000000001</ele>
   </trkpt>
   <trkpt lat="25.663403336801018" lon="-100.31914333186283">
    <ele>547.9200000000001</ele>
   </trkpt>
   <trkpt lat="25.663280000000004" lon="-100.31843">
    <ele>543.35</ele>
   </trkpt>
   <trkpt lat="25.663100001669214" lon="-100.31773499904277">
    <ele>539.6899999999999</ele>
   </trkpt>
   <trkpt lat="25.662920000000003" lon="-100.31704">
    <ele>538.9000000000001</ele>
   </trkpt>
   <trkpt lat="25.662805000835228" lon="-100.31653999944658">
    <ele>538.96</ele>
   </trkpt>
   <trkpt lat="25.66269" lon="-100.31604000000002">
    <ele>538.6899999999999</ele>
   </trkpt>
   <trkpt lat="25.662555002500344" lon="-100.31518499909629">
    <ele>538.12</ele>
   </trkpt>
   <trkpt lat="25.66242" lon="-100.31433000000001">
    <ele>536.51</ele>
   </trkpt>
   <trkpt lat="25.662330001710266" lon="-100.31361999940954">
    <ele>534.5500000000001</ele>
   </trkpt>
   <trkpt lat="25.66224" lon="-100.31291">
    <ele>533.85</ele>
   </trkpt>
   <trkpt lat="25.662080000000003" lon="-100.31259000000001">
    <ele>541.44</ele>
   </trkpt>
   <trkpt lat="25.661945001387764" lon="-100.31195499934802">
    <ele>534.6800000000001</ele>
   </trkpt>
   <trkpt lat="25.661810000000003" lon="-100.31132000000001">
    <ele>537.13</ele>
   </trkpt>
   <trkpt lat="25.66177" lon="-100.31104">
    <ele>538.09</ele>
   </trkpt>
   <trkpt lat="25.661810000000003" lon="-100.31087000000001">
    <ele>539.45</ele>
   </trkpt>
   <trkpt lat="25.661970000000004" lon="-100.31068">
    <ele>540.0400000000001</ele>
   </trkpt>
   <trkpt lat="25.662270000000003" lon="-100.3105">
    <ele>537.6700000000001</ele>
   </trkpt>
   <trkpt lat="25.662940000000003" lon="-100.31036">
    <ele>538.27</ele>
   </trkpt>
   <trkpt lat="25.663220000000003" lon="-100.31028">
    <ele>538.2600000000001</ele>
   </trkpt>
   <trkpt lat="25.66335" lon="-100.31027">
    <ele>538.2</ele>
   </trkpt>
   <trkpt lat="25.66355" lon="-100.31029000000001">
    <ele>538.0200000000001</ele>
   </trkpt>
   <trkpt lat="25.66372" lon="-100.31038000000001">
    <ele>537.4300000000001</ele>
   </trkpt>
   <trkpt lat="25.6639" lon="-100.31049">
    <ele>537.0500000000001</ele>
   </trkpt>
   <trkpt lat="25.664050000000003" lon="-100.3105">
    <ele>536.2300000000001</ele>
   </trkpt>
   <trkpt lat="25.66463500000206" lon="-100.31035500072862">
    <ele>536.91</ele>
   </trkpt>
   <trkpt lat="25.66522" lon="-100.31021000000001">
    <ele>537.59</ele>
   </trkpt>
   <trkpt lat="25.665910000000004" lon="-100.31006000000001">
    <ele>537.13</ele>
   </trkpt>
   <trkpt lat="25.66677000000054" lon="-100.30989500120783">
    <ele>536.18</ele>
   </trkpt>
   <trkpt lat="25.667630000000003" lon="-100.30973">
    <ele>535.19</ele>
   </trkpt>
   <trkpt lat="25.66843500026981" lon="-100.30956250339659">
    <ele>529.71</ele>
   </trkpt>
   <trkpt lat="25.66924000034845" lon="-100.3093950045312">
    <ele>528.15</ele>
   </trkpt>
   <trkpt lat="25.670045000235906" lon="-100.30922750340376">
    <ele>528.1</ele>
   </trkpt>
   <trkpt lat="25.67085" lon="-100.30906">
    <ele>528.3100000000001</ele>
   </trkpt>
   <trkpt lat="25.671080000000003" lon="-100.30894">
    <ele>527.8000000000001</ele>
   </trkpt>
   <trkpt lat="25.671370000000003" lon="-100.30871">
    <ele>526.19</ele>
   </trkpt>
   <trkpt lat="25.671470000000003" lon="-100.30866">
    <ele>524.93</ele>
   </trkpt>
   <trkpt lat="25.67169" lon="-100.30861">
    <ele>524.5600000000001</ele>
   </trkpt>
   <trkpt lat="25.671860000000002" lon="-100.30859000000001">
    <ele>524.64</ele>
   </trkpt>
   <trkpt lat="25.67235" lon="-100.3087">
    <ele>528.8900000000001</ele>
   </trkpt>
   <trkpt lat="25.67285" lon="-100.30866">
    <ele>531.6200000000001</ele>
   </trkpt>
   <trkpt lat="25.67337999990255" lon="-100.30858000037372">
    <ele>532.93</ele>
   </trkpt>
   <trkpt lat="25.673910000000003" lon="-100.30850000000001">
    <ele>533.82</ele>
   </trkpt>
   <trkpt lat="25.673955001065295" lon="-100.30906499950439">
    <ele>533.6800000000001</ele>
   </trkpt>
   <trkpt lat="25.674000000000003" lon="-100.30963000000001">
    <ele>534.45</ele>
   </trkpt>
   <trkpt lat="25.673485000098964" lon="-100.30967500018642">
    <ele>533.7900000000001</ele>
   </trkpt>
   <trkpt lat="25.672970000000003" lon="-100.30972000000001">
    <ele>533.3100000000001</ele>
   </trkpt>
   <trkpt lat="25.672095000038258" lon="-100.30985500099467">
    <ele>531.73</ele>
   </trkpt>
   <trkpt lat="25.67122" lon="-100.30999000000001">
    <ele>529.83</ele>
   </trkpt>
   <trkpt lat="25.670506666765824" lon="-100.31014000180656">
    <ele>529.5500000000001</ele>
   </trkpt>
   <trkpt lat="25.669793333378312" lon="-100.31029000181792">
    <ele>531.12</ele>
   </trkpt>
   <trkpt lat="25.66908" lon="-100.31044000000001">
    <ele>531.6500000000001</ele>
   </trkpt>
   <trkpt lat="25.668362500164225" lon="-100.31057750248807">
    <ele>537.07</ele>
   </trkpt>
   <trkpt lat="25.66764500019962" lon="-100.31071500332108">
    <ele>538.78</ele>
   </trkpt>
   <trkpt lat="25.66692750010619" lon="-100.3108525024991">
    <ele>538.78</ele>
   </trkpt>
   <trkpt lat="25.666210000000003" lon="-100.31099">
    <ele>538.78</ele>
   </trkpt>
   <trkpt lat="25.6653949999518" lon="-100.31114000104826">
    <ele>539.5699999999999</ele>
   </trkpt>
   <trkpt lat="25.66458" lon="-100.31129000000001">
    <ele>539.1700000000001</ele>
   </trkpt>
   <trkpt lat="25.66429" lon="-100.31131">
    <ele>539.0400000000001</ele>
   </trkpt>
   <trkpt lat="25.66409" lon="-100.31139">
    <ele>539.1</ele>
   </trkpt>
   <trkpt lat="25.664" lon="-100.31147000000001">
    <ele>539.2</ele>
   </trkpt>
   <trkpt lat="25.663870000000003" lon="-100.31188">
    <ele>539.88</ele>
   </trkpt>
   <trkpt lat="25.66373" lon="-100.31211">
    <ele>539.94</ele>
   </trkpt>
   <trkpt lat="25.663510000000002" lon="-100.31226000000001">
    <ele>539.94</ele>
   </trkpt>
   <trkpt lat="25.663010000088242" lon="-100.31238000049376">
    <ele>540.08</ele>
   </trkpt>
   <trkpt lat="25.66251" lon="-100.31250000000001">
    <ele>540.1600000000001</ele>
   </trkpt>
   <trkpt lat="25.662290000000002" lon="-100.31247">
    <ele>540.0200000000001</ele>
   </trkpt>
   <trkpt lat="25.66215" lon="-100.31242">
    <ele>539.75</ele>
   </trkpt>
   <trkpt lat="25.66203" lon="-100.31230000000001">
    <ele>539.07</ele>
   </trkpt>
   <trkpt lat="25.66193" lon="-100.31205000000001">
    <ele>537.1700000000001</ele>
   </trkpt>
   <trkpt lat="25.66174" lon="-100.3114">
    <ele>531.15</ele>
   </trkpt>
   <trkpt lat="25.66168" lon="-100.31104">
    <ele>530.72</ele>
   </trkpt>
   <trkpt lat="25.66166" lon="-100.31081">
    <ele>531.2600000000001</ele>
   </trkpt>
   <trkpt lat="25.661650002348992" lon="-100.30998000012426">
    <ele>534.5000000000001</ele>
   </trkpt>
   <trkpt lat="25.661640000000002" lon="-100.30915">
    <ele>533.85</ele>
   </trkpt>
   <trkpt lat="25.66166" lon="-100.30872000000001">
    <ele>533.0400000000001</ele>
   </trkpt>
   <trkpt lat="25.66165" lon="-100.30873000000001">
    <ele>533.0400000000001</ele>
   </trkpt>
   <trkpt lat="25.66175" lon="-100.30832000000001">
    <ele>532.81</ele>
   </trkpt>
   <trkpt lat="25.661780000000004" lon="-100.308">
    <ele>532.5500000000001</ele>
   </trkpt>
   <trkpt lat="25.66194" lon="-100.30713000000002">
    <ele>531.97</ele>
   </trkpt>
   <trkpt lat="25.662020000000002" lon="-100.30681000000001">
    <ele>531.74</ele>
   </trkpt>
   <trkpt lat="25.66215" lon="-100.30640000000001">
    <ele>531.51</ele>
   </trkpt>
   <trkpt lat="25.66251" lon="-100.30554000000001">
    <ele>530.81</ele>
   </trkpt>
   <trkpt lat="25.662775000696907" lon="-100.30506000122595">
    <ele>530.12</ele>
   </trkpt>
   <trkpt lat="25.663040000000002" lon="-100.30458">
    <ele>529.74</ele>
   </trkpt>
   <trkpt lat="25.663470000000004" lon="-100.30392">
    <ele>529.22</ele>
   </trkpt>
   <trkpt lat="25.663902503938356" lon="-100.30330000673223">
    <ele>527.7700000000001</ele>
   </trkpt>
   <trkpt lat="25.66433500525775" lon="-100.30268000896693">
    <ele>528.2600000000001</ele>
   </trkpt>
   <trkpt lat="25.664767503958128" lon="-100.30206000670407">
    <ele>527.96</ele>
   </trkpt>
   <trkpt lat="25.665200000000002" lon="-100.30144000000001">
    <ele>527.44</ele>
   </trkpt>
   <trkpt lat="25.665540000000004" lon="-100.30083">
    <ele>527.05</ele>
   </trkpt>
   <trkpt lat="25.665885002467643" lon="-100.29998500235901">
    <ele>525.97</ele>
   </trkpt>
   <trkpt lat="25.666230000000002" lon="-100.29914000000001">
    <ele>525.4000000000001</ele>
   </trkpt>
   <trkpt lat="25.66665" lon="-100.29847000000001">
    <ele>524.42</ele>
   </trkpt>
   <trkpt lat="25.666990000000002" lon="-100.29796">
    <ele>520.3100000000001</ele>
   </trkpt>
   <trkpt lat="25.66722" lon="-100.29747">
    <ele>519.3100000000001</ele>
   </trkpt>
   <trkpt lat="25.667420000000003" lon="-100.29650000000001">
    <ele>523.57</ele>
   </trkpt>
   <trkpt lat="25.667630000000003" lon="-100.29586">
    <ele>525.4100000000001</ele>
   </trkpt>
   <trkpt lat="25.66796001608623" lon="-100.29503876590978">
    <ele>524.19</ele>
   </trkpt>
   <trkpt lat="25.668290027576916" lon="-100.2942175272731">
    <ele>521.98</ele>
   </trkpt>
   <trkpt lat="25.66862003447199" lon="-100.29339628408995">
    <ele>520.97</ele>
   </trkpt>
   <trkpt lat="25.668950036771335" lon="-100.29257503636028">
    <ele>519.6500000000001</ele>
   </trkpt>
   <trkpt lat="25.669280034474873" lon="-100.2917537840841">
    <ele>518.76</ele>
   </trkpt>
   <trkpt lat="25.669610027582497" lon="-100.29093252726132">
    <ele>517.99</ele>
   </trkpt>
   <trkpt lat="25.669940016094127" lon="-100.29011126589197">
    <ele>516.81</ele>
   </trkpt>
   <trkpt lat="25.670270000000002" lon="-100.28929000000001">
    <ele>516.2800000000001</ele>
   </trkpt>
   <trkpt lat="25.670640002630197" lon="-100.28841500266495">
    <ele>515.48</ele>
   </trkpt>
   <trkpt lat="25.671010000000003" lon="-100.28754">
    <ele>513.97</ele>
   </trkpt>
   <trkpt lat="25.671390001516425" lon="-100.2868600022735">
    <ele>512.5200000000001</ele>
   </trkpt>
   <trkpt lat="25.671770000000002" lon="-100.28618">
    <ele>508.76</ele>
   </trkpt>
   <trkpt lat="25.671860000000002" lon="-100.28596">
    <ele>508.18000000000006</ele>
   </trkpt>
   <trkpt lat="25.672030000000003" lon="-100.28534">
    <ele>508.99000000000007</ele>
   </trkpt>
   <trkpt lat="25.672140000885904" lon="-100.28482000064744">
    <ele>511.18000000000006</ele>
   </trkpt>
   <trkpt lat="25.672250000000002" lon="-100.2843">
    <ele>512.02</ele>
   </trkpt>
   <trkpt lat="25.672480002056794" lon="-100.28352000156028">
    <ele>511.93</ele>
   </trkpt>
   <trkpt lat="25.672710000000002" lon="-100.28274">
    <ele>511.74000000000007</ele>
   </trkpt>
   <trkpt lat="25.672790000000003" lon="-100.28193">
    <ele>511.6700000000001</ele>
   </trkpt>
   <trkpt lat="25.672870001121012" lon="-100.28135500042607">
    <ele>511.49</ele>
   </trkpt>
   <trkpt lat="25.672950000000004" lon="-100.28078000000001">
    <ele>511.45000000000005</ele>
   </trkpt>
   <trkpt lat="25.67302" lon="-100.28019">
    <ele>511.4200000000001</ele>
   </trkpt>
   <trkpt lat="25.673170000000002" lon="-100.27933">
    <ele>511.28000000000003</ele>
   </trkpt>
   <trkpt lat="25.673350000000003" lon="-100.27862">
    <ele>510.39</ele>
   </trkpt>
   <trkpt lat="25.673510000000004" lon="-100.27813">
    <ele>509.87000000000006</ele>
   </trkpt>
   <trkpt lat="25.673710000000003" lon="-100.27764">
    <ele>509.77000000000004</ele>
   </trkpt>
   <trkpt lat="25.673910000000003" lon="-100.27723">
    <ele>508.83</ele>
   </trkpt>
   <trkpt lat="25.67433" lon="-100.27651">
    <ele>508.31</ele>
   </trkpt>
   <trkpt lat="25.67452" lon="-100.2762">
    <ele>507.9100000000001</ele>
   </trkpt>
   <trkpt lat="25.674970000000002" lon="-100.27564000000001">
    <ele>507.29</ele>
   </trkpt>
   <trkpt lat="25.675320000000003" lon="-100.27526">
    <ele>506.77000000000004</ele>
   </trkpt>
   <trkpt lat="25.67565" lon="-100.27495">
    <ele>506.34</ele>
   </trkpt>
   <trkpt lat="25.676350000000003" lon="-100.27442">
    <ele>505.9100000000001</ele>
   </trkpt>
   <trkpt lat="25.67667" lon="-100.27421000000001">
    <ele>505.73</ele>
   </trkpt>
   <trkpt lat="25.67730333403845" lon="-100.27389000339765">
    <ele>505.73</ele>
   </trkpt>
   <trkpt lat="25.677936667378965" lon="-100.27357000339407">
    <ele>505.9600000000001</ele>
   </trkpt>
   <trkpt lat="25.67857" lon="-100.27325">
    <ele>505.82000000000005</ele>
   </trkpt>
   <trkpt lat="25.679105000296364" lon="-100.27294000140984">
    <ele>505.11000000000007</ele>
   </trkpt>
   <trkpt lat="25.679640000000003" lon="-100.27263">
    <ele>503.15</ele>
   </trkpt>
   <trkpt lat="25.67996" lon="-100.27241000000001">
    <ele>500.92</ele>
   </trkpt>
   <trkpt lat="25.68015" lon="-100.27223000000001">
    <ele>500.13000000000005</ele>
   </trkpt>
   <trkpt lat="25.680310000000002" lon="-100.27204">
    <ele>499.28000000000003</ele>
   </trkpt>
   <trkpt lat="25.68054" lon="-100.27168">
    <ele>498.43</ele>
   </trkpt>
   <trkpt lat="25.680770000000003" lon="-100.27115">
    <ele>498.81</ele>
   </trkpt>
   <trkpt lat="25.680860000000003" lon="-100.27078">
    <ele>499.19</ele>
   </trkpt>
   <trkpt lat="25.680880000000002" lon="-100.27061">
    <ele>499.31</ele>
   </trkpt>
   <trkpt lat="25.680870000000002" lon="-100.27047">
    <ele>499.31</ele>
   </trkpt>
   <trkpt lat="25.680780010750052" lon="-100.26958199731715">
    <ele>499.98</ele>
   </trkpt>
   <trkpt lat="25.680690016125038" lon="-100.26869399597564">
    <ele>500.50000000000006</ele>
   </trkpt>
   <trkpt lat="25.680600016125013" lon="-100.26780599597555">
    <ele>501.01000000000005</ele>
   </trkpt>
   <trkpt lat="25.680510010749984" lon="-100.26691799731695">
    <ele>501.31</ele>
   </trkpt>
   <trkpt lat="25.68042" lon="-100.26603000000001">
    <ele>501.37000000000006</ele>
   </trkpt>
   <trkpt lat="25.68044" lon="-100.26568">
    <ele>501.21999999999997</ele>
   </trkpt>
   <trkpt lat="25.68052" lon="-100.26489000000001">
    <ele>500.37000000000006</ele>
   </trkpt>
   <trkpt lat="25.680700002755135" lon="-100.26398500154944">
    <ele>498.90000000000003</ele>
   </trkpt>
   <trkpt lat="25.680880000000002" lon="-100.26308">
    <ele>497.08</ele>
   </trkpt>
   <trkpt lat="25.68099" lon="-100.26268">
    <ele>496.3</ele>
   </trkpt>
   <trkpt lat="25.68108" lon="-100.26245">
    <ele>495.43</ele>
   </trkpt>
   <trkpt lat="25.68129" lon="-100.2621">
    <ele>494.6</ele>
   </trkpt>
   <trkpt lat="25.681580000000004" lon="-100.26174">
    <ele>492.51000000000005</ele>
   </trkpt>
   <trkpt lat="25.681870000000004" lon="-100.26131000000001">
    <ele>491.14</ele>
   </trkpt>
   <trkpt lat="25.682130000735775" lon="-100.26085500094011">
    <ele>489.79</ele>
   </trkpt>
   <trkpt lat="25.68239" lon="-100.2604">
    <ele>489.37</ele>
   </trkpt>
   <trkpt lat="25.682640000000003" lon="-100.2599">
    <ele>489.24000000000007</ele>
   </trkpt>
   <trkpt lat="25.682976671230165" lon="-100.2590800046833">
    <ele>488.17</ele>
   </trkpt>
   <trkpt lat="25.683313337876736" lon="-100.25826000473236">
    <ele>487.64</ele>
   </trkpt>
   <trkpt lat="25.683650000000004" lon="-100.25744">
    <ele>487.86</ele>
   </trkpt>
   <trkpt lat="25.68373" lon="-100.25715000000001">
    <ele>487.83000000000004</ele>
   </trkpt>
   <trkpt lat="25.683770000000003" lon="-100.2566">
    <ele>487.7</ele>
   </trkpt>
   <trkpt lat="25.683800005317888" lon="-100.25571666714809">
    <ele>487.18000000000006</ele>
   </trkpt>
   <trkpt lat="25.683830005316654" lon="-100.25483333385131">
    <ele>486.9100000000001</ele>
   </trkpt>
   <trkpt lat="25.683860000000003" lon="-100.25395">
    <ele>486.4100000000001</ele>
   </trkpt>
   <trkpt lat="25.683905002721925" lon="-100.2530550005045">
    <ele>486.14</ele>
   </trkpt>
   <trkpt lat="25.683950000000003" lon="-100.25216">
    <ele>485.89000000000004</ele>
   </trkpt>
   <trkpt lat="25.684" lon="-100.25181">
    <ele>486.05</ele>
   </trkpt>
   <trkpt lat="25.68408" lon="-100.25149">
    <ele>486.38000000000005</ele>
   </trkpt>
   <trkpt lat="25.684220000000003" lon="-100.25110000000001">
    <ele>486.78000000000003</ele>
   </trkpt>
   <trkpt lat="25.684440000000002" lon="-100.2506">
    <ele>486.87</ele>
   </trkpt>
   <trkpt lat="25.684890000000003" lon="-100.24992">
    <ele>486.19000000000005</ele>
   </trkpt>
   <trkpt lat="25.68530666839057" lon="-100.24941333690938">
    <ele>484.65000000000003</ele>
   </trkpt>
   <trkpt lat="25.68572333503109" lon="-100.24890667027456">
    <ele>483.41</ele>
   </trkpt>
   <trkpt lat="25.68614" lon="-100.2484">
    <ele>480.65000000000003</ele>
   </trkpt>
   <trkpt lat="25.68674" lon="-100.24777">
    <ele>478.90000000000003</ele>
   </trkpt>
   <trkpt lat="25.687135000871017" lon="-100.24727500159659">
    <ele>478.48</ele>
   </trkpt>
   <trkpt lat="25.687530000000002" lon="-100.24678">
    <ele>477.5</ele>
   </trkpt>
   <trkpt lat="25.68801000104876" lon="-100.24621000236674">
    <ele>477.32</ele>
   </trkpt>
   <trkpt lat="25.68849" lon="-100.24564000000001">
    <ele>477.79</ele>
   </trkpt>
   <trkpt lat="25.68879" lon="-100.24517">
    <ele>478.15000000000003</ele>
   </trkpt>
   <trkpt lat="25.68888" lon="-100.24495">
    <ele>478.41</ele>
   </trkpt>
   <trkpt lat="25.689020000000003" lon="-100.24446">
    <ele>478.45000000000005</ele>
   </trkpt>
   <trkpt lat="25.689090000000004" lon="-100.24405">
    <ele>478.61</ele>
   </trkpt>
   <trkpt lat="25.68913500092482" lon="-100.24352500037081">
    <ele>478.7</ele>
   </trkpt>
   <trkpt lat="25.68918" lon="-100.24300000000001">
    <ele>479.19000000000005</ele>
   </trkpt>
   <trkpt lat="25.68915" lon="-100.24262">
    <ele>479.06000000000006</ele>
   </trkpt>
   <trkpt lat="25.689040000000002" lon="-100.24195">
    <ele>478.43</ele>
   </trkpt>
   <trkpt lat="25.68887" lon="-100.24141">
    <ele>478.16</ele>
   </trkpt>
   <trkpt lat="25.688660000000002" lon="-100.24094000000001">
    <ele>478.25000000000006</ele>
   </trkpt>
   <trkpt lat="25.68861" lon="-100.2407">
    <ele>478.27000000000004</ele>
   </trkpt>
   <trkpt lat="25.688640000000003" lon="-100.24043">
    <ele>478.77000000000004</ele>
   </trkpt>
   <trkpt lat="25.688760000000002" lon="-100.24016">
    <ele>479.1</ele>
   </trkpt>
   <trkpt lat="25.68926000397376" lon="-100.23939667307384">
    <ele>479.30000000000007</ele>
   </trkpt>
   <trkpt lat="25.689760003974843" lon="-100.23863333973895">
    <ele>479.31</ele>
   </trkpt>
   <trkpt lat="25.690260000000002" lon="-100.23787000000002">
    <ele>478.15000000000003</ele>
   </trkpt>
   <trkpt lat="25.690610001007215" lon="-100.23731500169897">
    <ele>475.83000000000004</ele>
   </trkpt>
   <trkpt lat="25.69096" lon="-100.23676">
    <ele>474.73</ele>
   </trkpt>
   <trkpt lat="25.69112" lon="-100.23646000000001">
    <ele>474.21000000000004</ele>
   </trkpt>
   <trkpt lat="25.691290000000002" lon="-100.23626">
    <ele>474.18000000000006</ele>
   </trkpt>
   <trkpt lat="25.691630000000004" lon="-100.23555">
    <ele>473.55</ele>
   </trkpt>
   <trkpt lat="25.69197" lon="-100.23467000000001">
    <ele>472.47</ele>
   </trkpt>
   <trkpt lat="25.69207" lon="-100.23434">
    <ele>472.27000000000004</ele>
   </trkpt>
   <trkpt lat="25.692200000000003" lon="-100.23376">
    <ele>472.18</ele>
   </trkpt>
   <trkpt lat="25.69232667064355" lon="-100.23299666826735">
    <ele>471.83000000000004</ele>
   </trkpt>
   <trkpt lat="25.692453337314063" lon="-100.23223333491089">
    <ele>471.36000000000007</ele>
   </trkpt>
   <trkpt lat="25.692580000000003" lon="-100.23147">
    <ele>470.76</ele>
   </trkpt>
   <trkpt lat="25.69282668188931" lon="-100.23052500978915">
    <ele>468.21</ele>
   </trkpt>
   <trkpt lat="25.693073357689467" lon="-100.22958001566344">
    <ele>465.96000000000004</ele>
   </trkpt>
   <trkpt lat="25.693320027400357" lon="-100.22863501762295">
    <ele>465.99</ele>
   </trkpt>
   <trkpt lat="25.693566691021914" lon="-100.22769001566766">
    <ele>467.20000000000005</ele>
   </trkpt>
   <trkpt lat="25.693813348554034" lon="-100.22674500979764">
    <ele>469.56</ele>
   </trkpt>
   <trkpt lat="25.69406" lon="-100.2258">
    <ele>473.21000000000004</ele>
   </trkpt>
   <trkpt lat="25.694070000000004" lon="-100.22579">
    <ele>473.21000000000004</ele>
   </trkpt>
   <trkpt lat="25.69412" lon="-100.22548">
    <ele>473.91</ele>
   </trkpt>
   <trkpt lat="25.69413" lon="-100.22513000000001">
    <ele>474.47</ele>
   </trkpt>
   <trkpt lat="25.694110000000002" lon="-100.22485">
    <ele>474.79</ele>
   </trkpt>
   <trkpt lat="25.69403" lon="-100.22449">
    <ele>474.97</ele>
   </trkpt>
   <trkpt lat="25.693830000000002" lon="-100.224">
    <ele>474.81000000000006</ele>
   </trkpt>
   <trkpt lat="25.69356" lon="-100.22359">
    <ele>474.33000000000004</ele>
   </trkpt>
   <trkpt lat="25.69338" lon="-100.22341">
    <ele>474.26</ele>
   </trkpt>
   <trkpt lat="25.692890000000002" lon="-100.22301">
    <ele>474.19000000000005</ele>
   </trkpt>
   <trkpt lat="25.69230000077428" lon="-100.22256499787021">
    <ele>473.77000000000004</ele>
   </trkpt>
   <trkpt lat="25.69171" lon="-100.22212">
    <ele>473.61</ele>
   </trkpt>
   <trkpt lat="25.691295000460897" lon="-100.22178999892137">
    <ele>473.5</ele>
   </trkpt>
   <trkpt lat="25.690880000000003" lon="-100.22146000000001">
    <ele>473.32</ele>
   </trkpt>
   <trkpt lat="25.69049" lon="-100.22109">
    <ele>473.12</ele>
   </trkpt>
   <trkpt lat="25.690220000000004" lon="-100.22073">
    <ele>472.41</ele>
   </trkpt>
   <trkpt lat="25.689980000000002" lon="-100.22019">
    <ele>470.64000000000004</ele>
   </trkpt>
   <trkpt lat="25.6899" lon="-100.21979">
    <ele>468.05</ele>
   </trkpt>
   <trkpt lat="25.6899" lon="-100.21934">
    <ele>464.25000000000006</ele>
   </trkpt>
   <trkpt lat="25.689950000000003" lon="-100.21896000000001">
    <ele>463.16</ele>
   </trkpt>
   <trkpt lat="25.690070000000002" lon="-100.21858">
    <ele>461.36</ele>
   </trkpt>
   <trkpt lat="25.69027" lon="-100.21818">
    <ele>460.5</ele>
   </trkpt>
   <trkpt lat="25.690700000000003" lon="-100.21764">
    <ele>460.09000000000003</ele>
   </trkpt>
   <trkpt lat="25.691130000918807" lon="-100.21712500184191">
    <ele>459.74</ele>
   </trkpt>
   <trkpt lat="25.691560000000003" lon="-100.21661">
    <ele>459.87000000000006</ele>
   </trkpt>
   <trkpt lat="25.691825000491598" lon="-100.21620500100451">
    <ele>459.24</ele>
   </trkpt>
   <trkpt lat="25.692090000000004" lon="-100.2158">
    <ele>459.01000000000005</ele>
   </trkpt>
   <trkpt lat="25.69254" lon="-100.21497000000001">
    <ele>458.57000000000005</ele>
   </trkpt>
   <trkpt lat="25.69288333688293" lon="-100.2142466708754">
    <ele>457.91</ele>
   </trkpt>
   <trkpt lat="25.69322667019826" lon="-100.21352333758006">
    <ele>457.01</ele>
   </trkpt>
   <trkpt lat="25.69357" lon="-100.2128">
    <ele>456.81000000000006</ele>
   </trkpt>
   <trkpt lat="25.693880000000004" lon="-100.2121">
    <ele>456.8</ele>
   </trkpt>
   <trkpt lat="25.694020000000002" lon="-100.21164">
    <ele>457.04</ele>
   </trkpt>
   <trkpt lat="25.69406" lon="-100.21142">
    <ele>457.54</ele>
   </trkpt>
   <trkpt lat="25.694070000000004" lon="-100.21085000000001">
    <ele>458.66</ele>
   </trkpt>
   <trkpt lat="25.694010000000002" lon="-100.21034">
    <ele>459.16</ele>
   </trkpt>
   <trkpt lat="25.69393" lon="-100.21004">
    <ele>459.64000000000004</ele>
   </trkpt>
   <trkpt lat="25.693820000000002" lon="-100.20976">
    <ele>460.26000000000005</ele>
   </trkpt>
   <trkpt lat="25.69367" lon="-100.20948000000001">
    <ele>461.22</ele>
   </trkpt>
   <trkpt lat="25.693520000000003" lon="-100.20926000000001">
    <ele>461.44</ele>
   </trkpt>
   <trkpt lat="25.693096668681346" lon="-100.20871666280605">
    <ele>462.45000000000005</ele>
   </trkpt>
   <trkpt lat="25.692673335349696" lon="-100.20817332947493">
    <ele>462.01000000000005</ele>
   </trkpt>
   <trkpt lat="25.69225" lon="-100.20763000000001">
    <ele>460.36</ele>
   </trkpt>
   <trkpt lat="25.69188" lon="-100.20717">
    <ele>459.24</ele>
   </trkpt>
   <trkpt lat="25.691470000000002" lon="-100.20672">
    <ele>457.73</ele>
   </trkpt>
   <trkpt lat="25.69094500081586" lon="-100.20622999783755">
    <ele>456.65000000000003</ele>
   </trkpt>
   <trkpt lat="25.690420000000003" lon="-100.20574">
    <ele>455.65000000000003</ele>
   </trkpt>
   <trkpt lat="25.689950000000003" lon="-100.20524">
    <ele>455.31000000000006</ele>
   </trkpt>
   <trkpt lat="25.68964" lon="-100.20479">
    <ele>454.95</ele>
   </trkpt>
   <trkpt lat="25.689570000000003" lon="-100.20463000000001">
    <ele>454.82000000000005</ele>
   </trkpt>
   <trkpt lat="25.689480000000003" lon="-100.20434">
    <ele>454.44</ele>
   </trkpt>
   <trkpt lat="25.689420000000002" lon="-100.20389">
    <ele>453.28000000000003</ele>
   </trkpt>
   <trkpt lat="25.68946" lon="-100.20345">
    <ele>452.84000000000003</ele>
   </trkpt>
   <trkpt lat="25.689560000000004" lon="-100.20309">
    <ele>452.17</ele>
   </trkpt>
   <trkpt lat="25.689690000000002" lon="-100.20279000000001">
    <ele>451.68</ele>
   </trkpt>
   <trkpt lat="25.689790000000002" lon="-100.20264">
    <ele>451.68</ele>
   </trkpt>
   <trkpt lat="25.690060000000003" lon="-100.20233">
    <ele>450.64000000000004</ele>
   </trkpt>
   <trkpt lat="25.690650000837667" lon="-100.20184000241144">
    <ele>449.01</ele>
   </trkpt>
   <trkpt lat="25.69124" lon="-100.20135">
    <ele>448.91</ele>
   </trkpt>
   <trkpt lat="25.691540000000003" lon="-100.20099">
    <ele>449.47</ele>
   </trkpt>
   <trkpt lat="25.69178" lon="-100.20059">
    <ele>450.45</ele>
   </trkpt>
   <trkpt lat="25.69188" lon="-100.20036">
    <ele>451.46000000000004</ele>
   </trkpt>
   <trkpt lat="25.69197" lon="-100.20006000000001">
    <ele>452.25000000000006</ele>
   </trkpt>
   <trkpt lat="25.69206" lon="-100.1996">
    <ele>453.81000000000006</ele>
   </trkpt>
   <trkpt lat="25.69208" lon="-100.19897">
    <ele>455.07</ele>
   </trkpt>
   <trkpt lat="25.69201834545682" lon="-100.19812666448276">
    <ele>456.17</ele>
   </trkpt>
   <trkpt lat="25.691956686064202" lon="-100.19728332983873">
    <ele>455.02000000000004</ele>
   </trkpt>
   <trkpt lat="25.691895021822162" lon="-100.196439996068">
    <ele>453.82000000000005</ele>
   </trkpt>
   <trkpt lat="25.691833352730725" lon="-100.19559666317058">
    <ele>451.89</ele>
   </trkpt>
   <trkpt lat="25.691771678789898" lon="-100.1947533311466">
    <ele>450.92</ele>
   </trkpt>
   <trkpt lat="25.69171" lon="-100.19391">
    <ele>449.88000000000005</ele>
   </trkpt>
   <trkpt lat="25.691750000000003" lon="-100.19315">
    <ele>449.01</ele>
   </trkpt>
   <trkpt lat="25.691820000000003" lon="-100.19257">
    <ele>448.57</ele>
   </trkpt>
   <trkpt lat="25.691955002333266" lon="-100.19174000103538">
    <ele>448.02000000000004</ele>
   </trkpt>
   <trkpt lat="25.692090000000004" lon="-100.19091">
    <ele>447.70000000000005</ele>
   </trkpt>
   <trkpt lat="25.692140001138725" lon="-100.19033500010882">
    <ele>447.64000000000004</ele>
   </trkpt>
   <trkpt lat="25.692190000000004" lon="-100.18976">
    <ele>447.45</ele>
   </trkpt>
   <trkpt lat="25.692210000000003" lon="-100.18881">
    <ele>447.52000000000004</ele>
   </trkpt>
   <trkpt lat="25.692180004585914" lon="-100.18798999961713">
    <ele>447.5</ele>
   </trkpt>
   <trkpt lat="25.692150004587017" lon="-100.18716999964737">
    <ele>447.53000000000003</ele>
   </trkpt>
   <trkpt lat="25.692120000000003" lon="-100.18635">
    <ele>447.96000000000004</ele>
   </trkpt>
   <trkpt lat="25.692140000000002" lon="-100.18605000000001">
    <ele>448.36</ele>
   </trkpt>
   <trkpt lat="25.69227" lon="-100.18544000000001">
    <ele>448.56</ele>
   </trkpt>
   <trkpt lat="25.692500000000003" lon="-100.18492">
    <ele>448.06</ele>
   </trkpt>
   <trkpt lat="25.69264" lon="-100.1847">
    <ele>447.66</ele>
   </trkpt>
   <trkpt lat="25.69311" lon="-100.18404000000001">
    <ele>446.37000000000006</ele>
   </trkpt>
   <trkpt lat="25.69369000370636" lon="-100.1833000072436">
    <ele>445.42</ele>
   </trkpt>
   <trkpt lat="25.694270003678756" lon="-100.18256000727895">
    <ele>443.36</ele>
   </trkpt>
   <trkpt lat="25.694850000000002" lon="-100.18182">
    <ele>442.19</ele>
   </trkpt>
   <trkpt lat="25.694940000000003" lon="-100.18166000000001">
    <ele>441.94000000000005</ele>
   </trkpt>
   <trkpt lat="25.695140000000002" lon="-100.1812">
    <ele>441.94000000000005</ele>
   </trkpt>
   <trkpt lat="25.69526" lon="-100.18079">
    <ele>442.44000000000005</ele>
   </trkpt>
   <trkpt lat="25.69536" lon="-100.18023000000001">
    <ele>443.6</ele>
   </trkpt>
   <trkpt lat="25.695380000000004" lon="-100.17991">
    <ele>444.49000000000007</ele>
   </trkpt>
   <trkpt lat="25.69537" lon="-100.17941">
    <ele>445.65000000000003</ele>
   </trkpt>
   <trkpt lat="25.695330000000002" lon="-100.17909">
    <ele>446.33000000000004</ele>
   </trkpt>
   <trkpt lat="25.695195006099578" lon="-100.1783174973471">
    <ele>447.8</ele>
   </trkpt>
   <trkpt lat="25.69506000812976" lon="-100.17754499644572">
    <ele>448.51</ele>
   </trkpt>
   <trkpt lat="25.694925006090607" lon="-100.17677249729593">
    <ele>449.20000000000005</ele>
   </trkpt>
   <trkpt lat="25.69479" lon="-100.176">
    <ele>449.02000000000004</ele>
   </trkpt>
   <trkpt lat="25.694617508613806" lon="-100.17508249603064">
    <ele>448.31000000000006</ele>
   </trkpt>
   <trkpt lat="25.694445011487268" lon="-100.17416499471938">
    <ele>447.78000000000003</ele>
   </trkpt>
   <trkpt lat="25.694272508620454" lon="-100.17324749606628">
    <ele>446.05000000000007</ele>
   </trkpt>
   <trkpt lat="25.694100000000002" lon="-100.17233">
    <ele>444.32000000000005</ele>
   </trkpt>
   <trkpt lat="25.69398500163006" lon="-100.17163999937458">
    <ele>444.51</ele>
   </trkpt>
   <trkpt lat="25.69387" lon="-100.17095">
    <ele>445.26000000000005</ele>
   </trkpt>
   <trkpt lat="25.693746670161634" lon="-100.17023333180657">
    <ele>446.47</ele>
   </trkpt>
   <trkpt lat="25.693623336821002" lon="-100.16951666509758">
    <ele>447.5</ele>
   </trkpt>
   <trkpt lat="25.693500000000004" lon="-100.1688">
    <ele>447.54</ele>
   </trkpt>
   <trkpt lat="25.693500000000004" lon="-100.16879">
    <ele>447.47</ele>
   </trkpt>
   <trkpt lat="25.693365005798263" lon="-100.16803749747704">
    <ele>447.47</ele>
   </trkpt>
   <trkpt lat="25.693230007735323" lon="-100.16728499666014">
    <ele>438.94000000000005</ele>
   </trkpt>
   <trkpt lat="25.693095005811205" lon="-100.16653249754935">
    <ele>438.94000000000005</ele>
   </trkpt>
   <trkpt lat="25.692960000000003" lon="-100.16578000000001">
    <ele>438.94000000000005</ele>
   </trkpt>
   <trkpt lat="25.69309750594191" lon="-100.16654249733229">
    <ele>438.94000000000005</ele>
   </trkpt>
   <trkpt lat="25.693235007919377" lon="-100.16730499642536">
    <ele>447.41</ele>
   </trkpt>
   <trkpt lat="25.693372505932366" lon="-100.16806749727922">
    <ele>447.41</ele>
   </trkpt>
   <trkpt lat="25.693510000000003" lon="-100.16883000000001">
    <ele>447.41</ele>
   </trkpt>
   <trkpt lat="25.693630003415365" lon="-100.16953666530245">
    <ele>447.25</ele>
   </trkpt>
   <trkpt lat="25.693750003425556" lon="-100.17024333202907">
    <ele>446.47</ele>
   </trkpt>
   <trkpt lat="25.69387" lon="-100.17095">
    <ele>445.26000000000005</ele>
   </trkpt>
   <trkpt lat="25.693985001616422" lon="-100.17163999929276">
    <ele>444.27000000000004</ele>
   </trkpt>
   <trkpt lat="25.694100000000002" lon="-100.17233">
    <ele>444.32000000000005</ele>
   </trkpt>
   <trkpt lat="25.694272508607025" lon="-100.17324749599487">
    <ele>446.05000000000007</ele>
   </trkpt>
   <trkpt lat="25.694445011473842" lon="-100.17416499464797">
    <ele>447.78000000000003</ele>
   </trkpt>
   <trkpt lat="25.69461750860038" lon="-100.17508249595923">
    <ele>448.31000000000006</ele>
   </trkpt>
   <trkpt lat="25.69479" lon="-100.176">
    <ele>449.02000000000004</ele>
   </trkpt>
   <trkpt lat="25.694925006108477" lon="-100.17677249739816">
    <ele>449.20000000000005</ele>
   </trkpt>
   <trkpt lat="25.695060008147635" lon="-100.17754499654795">
    <ele>448.51</ele>
   </trkpt>
   <trkpt lat="25.695195006117448" lon="-100.17831749744934">
    <ele>447.51</ele>
   </trkpt>
   <trkpt lat="25.695330000000002" lon="-100.17909">
    <ele>445.98</ele>
   </trkpt>
   <trkpt lat="25.69537" lon="-100.17941">
    <ele>445.65000000000003</ele>
   </trkpt>
   <trkpt lat="25.695380000000004" lon="-100.17991">
    <ele>444.49000000000007</ele>
   </trkpt>
   <trkpt lat="25.69536" lon="-100.18023000000001">
    <ele>443.6</ele>
   </trkpt>
   <trkpt lat="25.69526" lon="-100.18079">
    <ele>442.44000000000005</ele>
   </trkpt>
   <trkpt lat="25.695140000000002" lon="-100.1812">
    <ele>441.91</ele>
   </trkpt>
   <trkpt lat="25.694940000000003" lon="-100.18166000000001">
    <ele>441.94000000000005</ele>
   </trkpt>
   <trkpt lat="25.694850000000002" lon="-100.18182">
    <ele>442.19</ele>
   </trkpt>
   <trkpt lat="25.69427000376171" lon="-100.18256000717312">
    <ele>443.36</ele>
   </trkpt>
   <trkpt lat="25.693690003789314" lon="-100.18330000713777">
    <ele>445.42</ele>
   </trkpt>
   <trkpt lat="25.69311" lon="-100.18404000000001">
    <ele>446.71000000000004</ele>
   </trkpt>
   <trkpt lat="25.69264" lon="-100.1847">
    <ele>448.06</ele>
   </trkpt>
   <trkpt lat="25.692500000000003" lon="-100.18492">
    <ele>448.28000000000003</ele>
   </trkpt>
   <trkpt lat="25.69227" lon="-100.18544000000001">
    <ele>448.56</ele>
   </trkpt>
   <trkpt lat="25.692140000000002" lon="-100.18605000000001">
    <ele>448.36</ele>
   </trkpt>
   <trkpt lat="25.692120000000003" lon="-100.18635">
    <ele>447.96000000000004</ele>
   </trkpt>
   <trkpt lat="25.6921500045837" lon="-100.18716999955664">
    <ele>447.53000000000003</ele>
   </trkpt>
   <trkpt lat="25.692180004582596" lon="-100.18798999952642">
    <ele>447.5</ele>
   </trkpt>
   <trkpt lat="25.692210000000003" lon="-100.18881">
    <ele>447.52000000000004</ele>
   </trkpt>
   <trkpt lat="25.692190000000004" lon="-100.18976">
    <ele>447.45</ele>
   </trkpt>
   <trkpt lat="25.692140001115664" lon="-100.190335000374">
    <ele>447.64000000000004</ele>
   </trkpt>
   <trkpt lat="25.692090000000004" lon="-100.19091">
    <ele>447.74</ele>
   </trkpt>
   <trkpt lat="25.691955002364026" lon="-100.1917400008463">
    <ele>448.02000000000004</ele>
   </trkpt>
   <trkpt lat="25.691820000000003" lon="-100.19257">
    <ele>448.57</ele>
   </trkpt>
   <trkpt lat="25.691750000000003" lon="-100.19315">
    <ele>449.01</ele>
   </trkpt>
   <trkpt lat="25.69171" lon="-100.19391">
    <ele>450.13</ele>
   </trkpt>
   <trkpt lat="25.69177167879019" lon="-100.19475333115052">
    <ele>451.39</ele>
   </trkpt>
   <trkpt lat="25.69183335273101" lon="-100.19559666317451">
    <ele>451.89</ele>
   </trkpt>
   <trkpt lat="25.691895021822447" lon="-100.1964399960719">
    <ele>453.82000000000005</ele>
   </trkpt>
   <trkpt lat="25.69195668606449" lon="-100.19728332984265">
    <ele>455.02000000000004</ele>
   </trkpt>
   <trkpt lat="25.692018345457107" lon="-100.19812666448668">
    <ele>456.17</ele>
   </trkpt>
   <trkpt lat="25.69208" lon="-100.19897">
    <ele>455.07</ele>
   </trkpt>
   <trkpt lat="25.69206" lon="-100.1996">
    <ele>453.09000000000003</ele>
   </trkpt>
   <trkpt lat="25.69197" lon="-100.20006000000001">
    <ele>452.25000000000006</ele>
   </trkpt>
   <trkpt lat="25.69188" lon="-100.20036">
    <ele>451.02000000000004</ele>
   </trkpt>
   <trkpt lat="25.69178" lon="-100.20059">
    <ele>450.45</ele>
   </trkpt>
   <trkpt lat="25.691540000000003" lon="-100.20099">
    <ele>449.47</ele>
   </trkpt>
   <trkpt lat="25.69124" lon="-100.20135">
    <ele>448.91</ele>
   </trkpt>
   <trkpt lat="25.690650000799412" lon="-100.20184000244323">
    <ele>449.40000000000003</ele>
   </trkpt>
   <trkpt lat="25.690060000000003" lon="-100.20233">
    <ele>450.64000000000004</ele>
   </trkpt>
   <trkpt lat="25.689790000000002" lon="-100.20264">
    <ele>451.68</ele>
   </trkpt>
   <trkpt lat="25.689690000000002" lon="-100.20279000000001">
    <ele>451.68</ele>
   </trkpt>
   <trkpt lat="25.689560000000004" lon="-100.20309">
    <ele>452.17</ele>
   </trkpt>
   <trkpt lat="25.68946" lon="-100.20345">
    <ele>452.84000000000003</ele>
   </trkpt>
   <trkpt lat="25.689420000000002" lon="-100.20389">
    <ele>453.28000000000003</ele>
   </trkpt>
   <trkpt lat="25.689480000000003" lon="-100.20434">
    <ele>454.44</ele>
   </trkpt>
   <trkpt lat="25.689570000000003" lon="-100.20463000000001">
    <ele>454.82000000000005</ele>
   </trkpt>
   <trkpt lat="25.68964" lon="-100.20479">
    <ele>454.95</ele>
   </trkpt>
   <trkpt lat="25.689950000000003" lon="-100.20524">
    <ele>455.41</ele>
   </trkpt>
   <trkpt lat="25.690420000000003" lon="-100.20574">
    <ele>455.65000000000003</ele>
   </trkpt>
   <trkpt lat="25.690945000821227" lon="-100.20622999784256">
    <ele>456.94</ele>
   </trkpt>
   <trkpt lat="25.691470000000002" lon="-100.20672">
    <ele>457.97</ele>
   </trkpt>
   <trkpt lat="25.69188" lon="-100.20717">
    <ele>459.24</ele>
   </trkpt>
   <trkpt lat="25.69225" lon="-100.20763000000001">
    <ele>460.36</ele>
   </trkpt>
   <trkpt lat="25.692673335344573" lon="-100.20817332946835">
    <ele>462.01000000000005</ele>
   </trkpt>
   <trkpt lat="25.69309666867621" lon="-100.20871666279946">
    <ele>462.45000000000005</ele>
   </trkpt>
   <trkpt lat="25.693520000000003" lon="-100.20926000000001">
    <ele>461.44</ele>
   </trkpt>
   <trkpt lat="25.69367" lon="-100.20948000000001">
    <ele>461.22</ele>
   </trkpt>
   <trkpt lat="25.693820000000002" lon="-100.20976">
    <ele>460.26000000000005</ele>
   </trkpt>
   <trkpt lat="25.69393" lon="-100.21004">
    <ele>459.64000000000004</ele>
   </trkpt>
   <trkpt lat="25.694010000000002" lon="-100.21034">
    <ele>459.16</ele>
   </trkpt>
   <trkpt lat="25.694070000000004" lon="-100.21085000000001">
    <ele>458.08000000000004</ele>
   </trkpt>
   <trkpt lat="25.69406" lon="-100.21142">
    <ele>457.54</ele>
   </trkpt>
   <trkpt lat="25.694020000000002" lon="-100.21164">
    <ele>457.04</ele>
   </trkpt>
   <trkpt lat="25.693880000000004" lon="-100.2121">
    <ele>456.8</ele>
   </trkpt>
   <trkpt lat="25.69357" lon="-100.2128">
    <ele>456.81000000000006</ele>
   </trkpt>
   <trkpt lat="25.693226670252336" lon="-100.21352333746611">
    <ele>457.34000000000003</ele>
   </trkpt>
   <trkpt lat="25.692883336937005" lon="-100.21424667076145">
    <ele>457.91</ele>
   </trkpt>
   <trkpt lat="25.69254" lon="-100.21497000000001">
    <ele>458.57000000000005</ele>
   </trkpt>
   <trkpt lat="25.692090000000004" lon="-100.2158">
    <ele>459.01000000000005</ele>
   </trkpt>
   <trkpt lat="25.691825000626814" lon="-100.21620500079784">
    <ele>459.59000000000003</ele>
   </trkpt>
   <trkpt lat="25.691560000000003" lon="-100.21661">
    <ele>459.87000000000006</ele>
   </trkpt>
   <trkpt lat="25.691130000889608" lon="-100.21712500187687">
    <ele>459.74</ele>
   </trkpt>
   <trkpt lat="25.690700000000003" lon="-100.21764">
    <ele>460.09000000000003</ele>
   </trkpt>
   <trkpt lat="25.69027" lon="-100.21818">
    <ele>460.5</ele>
   </trkpt>
   <trkpt lat="25.690070000000002" lon="-100.21858">
    <ele>461.36</ele>
   </trkpt>
   <trkpt lat="25.689950000000003" lon="-100.21896000000001">
    <ele>463.16</ele>
   </trkpt>
   <trkpt lat="25.6899" lon="-100.21934">
    <ele>466.82</ele>
   </trkpt>
   <trkpt lat="25.6899" lon="-100.21979">
    <ele>468.94</ele>
   </trkpt>
   <trkpt lat="25.689980000000002" lon="-100.22019">
    <ele>470.64000000000004</ele>
   </trkpt>
   <trkpt lat="25.690220000000004" lon="-100.22073">
    <ele>472.41</ele>
   </trkpt>
   <trkpt lat="25.69049" lon="-100.22109">
    <ele>473.12</ele>
   </trkpt>
   <trkpt lat="25.690880000000003" lon="-100.22146000000001">
    <ele>473.32</ele>
   </trkpt>
   <trkpt lat="25.691295000281627" lon="-100.22178999877885">
    <ele>473.5</ele>
   </trkpt>
   <trkpt lat="25.69171" lon="-100.22212">
    <ele>473.61</ele>
   </trkpt>
   <trkpt lat="25.692300000575973" lon="-100.22256499772062">
    <ele>473.77000000000004</ele>
   </trkpt>
   <trkpt lat="25.692890000000002" lon="-100.22301">
    <ele>474.19000000000005</ele>
   </trkpt>
   <trkpt lat="25.69338" lon="-100.22341">
    <ele>474.28000000000003</ele>
   </trkpt>
   <trkpt lat="25.69356" lon="-100.22359">
    <ele>474.4200000000001</ele>
   </trkpt>
   <trkpt lat="25.693830000000002" lon="-100.224">
    <ele>474.81000000000006</ele>
   </trkpt>
   <trkpt lat="25.69403" lon="-100.22449">
    <ele>474.97</ele>
   </trkpt>
   <trkpt lat="25.694110000000002" lon="-100.22485">
    <ele>474.79</ele>
   </trkpt>
   <trkpt lat="25.69413" lon="-100.22513000000001">
    <ele>474.47</ele>
   </trkpt>
   <trkpt lat="25.69412" lon="-100.22548">
    <ele>473.91</ele>
   </trkpt>
   <trkpt lat="25.694070000000004" lon="-100.22579">
    <ele>472.83000000000004</ele>
   </trkpt>
   <trkpt lat="25.693980000000003" lon="-100.22615">
    <ele>471.18</ele>
   </trkpt>
   <trkpt lat="25.69374668007167" lon="-100.22703667534186">
    <ele>468.44</ele>
   </trkpt>
   <trkpt lat="25.693513354782407" lon="-100.22792334720918">
    <ele>466.78000000000003</ele>
   </trkpt>
   <trkpt lat="25.693280024132296" lon="-100.228810015602">
    <ele>465.87000000000006</ele>
   </trkpt>
   <trkpt lat="25.693046688121413" lon="-100.22969668052023">
    <ele>466.27</ele>
   </trkpt>
   <trkpt lat="25.692813346749848" lon="-100.23058334196388">
    <ele>469.32</ele>
   </trkpt>
   <trkpt lat="25.692580000000003" lon="-100.23147">
    <ele>471.02000000000004</ele>
   </trkpt>
   <trkpt lat="25.692453337302556" lon="-100.23223333498021">
    <ele>471.36000000000007</ele>
   </trkpt>
   <trkpt lat="25.692326670632045" lon="-100.23299666833664">
    <ele>471.83000000000004</ele>
   </trkpt>
   <trkpt lat="25.692200000000003" lon="-100.23376">
    <ele>472.23</ele>
   </trkpt>
   <trkpt lat="25.69207" lon="-100.23434">
    <ele>472.40000000000003</ele>
   </trkpt>
   <trkpt lat="25.69197" lon="-100.23467000000001">
    <ele>472.55</ele>
   </trkpt>
   <trkpt lat="25.691630000000004" lon="-100.23555">
    <ele>473.55</ele>
   </trkpt>
   <trkpt lat="25.691335001281068" lon="-100.23615500143045">
    <ele>474.18000000000006</ele>
   </trkpt>
   <trkpt lat="25.69104" lon="-100.23676">
    <ele>474.65000000000003</ele>
   </trkpt>
   <trkpt lat="25.69064000147572" lon="-100.2374050020736">
    <ele>475.21000000000004</ele>
   </trkpt>
   <trkpt lat="25.690240000000003" lon="-100.23805">
    <ele>475.75000000000006</ele>
   </trkpt>
   <trkpt lat="25.69002" lon="-100.23859">
    <ele>475.97</ele>
   </trkpt>
   <trkpt lat="25.68993" lon="-100.23895">
    <ele>476.06</ele>
   </trkpt>
   <trkpt lat="25.689870000000003" lon="-100.23931">
    <ele>476.15000000000003</ele>
   </trkpt>
   <trkpt lat="25.689850000000003" lon="-100.23967">
    <ele>476.28000000000003</ele>
   </trkpt>
   <trkpt lat="25.689860000000003" lon="-100.24002">
    <ele>476.37</ele>
   </trkpt>
   <trkpt lat="25.689940000000004" lon="-100.24056">
    <ele>477.23</ele>
   </trkpt>
   <trkpt lat="25.690030000000004" lon="-100.24092">
    <ele>477.30000000000007</ele>
   </trkpt>
   <trkpt lat="25.690355002862404" lon="-100.24184499732077">
    <ele>477.67</ele>
   </trkpt>
   <trkpt lat="25.69068" lon="-100.24277000000001">
    <ele>477.6</ele>
   </trkpt>
   <trkpt lat="25.690600000000003" lon="-100.24360000000001">
    <ele>477.28000000000003</ele>
   </trkpt>
   <trkpt lat="25.69048500103878" lon="-100.24415000049513">
    <ele>480.35</ele>
   </trkpt>
   <trkpt lat="25.69037" lon="-100.24470000000001">
    <ele>478.62000000000006</ele>
   </trkpt>
   <trkpt lat="25.6903" lon="-100.24496">
    <ele>478.46000000000004</ele>
   </trkpt>
   <trkpt lat="25.69001" lon="-100.24558">
    <ele>479.11</ele>
   </trkpt>
   <trkpt lat="25.68971000099033" lon="-100.24612000136688">
    <ele>479.39000000000004</ele>
   </trkpt>
   <trkpt lat="25.689410000000002" lon="-100.24666">
    <ele>479.78000000000003</ele>
   </trkpt>
   <trkpt lat="25.689140000000002" lon="-100.24696">
    <ele>479.92</ele>
   </trkpt>
   <trkpt lat="25.688556003744793" lon="-100.24748401027558">
    <ele>480.5</ele>
   </trkpt>
   <trkpt lat="25.687972005617496" lon="-100.24800801541289">
    <ele>480.84000000000003</ele>
   </trkpt>
   <trkpt lat="25.687388005618192" lon="-100.24853201541204">
    <ele>481.31</ele>
   </trkpt>
   <trkpt lat="25.686804003746932" lon="-100.24905601027322">
    <ele>481.78000000000003</ele>
   </trkpt>
   <trkpt lat="25.686220000000002" lon="-100.24958000000001">
    <ele>482.11</ele>
   </trkpt>
   <trkpt lat="25.68586" lon="-100.25002">
    <ele>482.35</ele>
   </trkpt>
   <trkpt lat="25.685660000000002" lon="-100.25034000000001">
    <ele>482.55</ele>
   </trkpt>
   <trkpt lat="25.68549" lon="-100.25068">
    <ele>482.76</ele>
   </trkpt>
   <trkpt lat="25.685290000000002" lon="-100.25123">
    <ele>482.87</ele>
   </trkpt>
   <trkpt lat="25.68521" lon="-100.25162">
    <ele>482.91</ele>
   </trkpt>
   <trkpt lat="25.68513" lon="-100.2522">
    <ele>483.18000000000006</ele>
   </trkpt>
   <trkpt lat="25.68514" lon="-100.25283">
    <ele>483.43</ele>
   </trkpt>
   <trkpt lat="25.68528000585553" lon="-100.2537566644984">
    <ele>483.98</ele>
   </trkpt>
   <trkpt lat="25.685420005857026" lon="-100.25468333117486">
    <ele>484.4700000000001</ele>
   </trkpt>
   <trkpt lat="25.685560000000002" lon="-100.25561">
    <ele>484.94000000000005</ele>
   </trkpt>
   <trkpt lat="25.6856" lon="-100.25614">
    <ele>485.21000000000004</ele>
   </trkpt>
   <trkpt lat="25.6855" lon="-100.25699">
    <ele>486.47</ele>
   </trkpt>
   <trkpt lat="25.685395001450132" lon="-100.25764000051112">
    <ele>487.39000000000004</ele>
   </trkpt>
   <trkpt lat="25.685290000000002" lon="-100.25829">
    <ele>488.11</ele>
   </trkpt>
   <trkpt lat="25.685150000000004" lon="-100.25874">
    <ele>488.45000000000005</ele>
   </trkpt>
   <trkpt lat="25.68502" lon="-100.25901">
    <ele>488.57000000000005</ele>
   </trkpt>
   <trkpt lat="25.68486" lon="-100.25929000000001">
    <ele>488.73</ele>
   </trkpt>
   <trkpt lat="25.684690000000003" lon="-100.25954">
    <ele>489.3</ele>
   </trkpt>
   <trkpt lat="25.68418333527928" lon="-100.26008000463769">
    <ele>489.84000000000003</ele>
   </trkpt>
   <trkpt lat="25.683676668570694" lon="-100.26062000468231">
    <ele>489.53000000000003</ele>
   </trkpt>
   <trkpt lat="25.68317" lon="-100.26116">
    <ele>489.00000000000006</ele>
   </trkpt>
   <trkpt lat="25.68298" lon="-100.26144000000001">
    <ele>489.2</ele>
   </trkpt>
   <trkpt lat="25.68289" lon="-100.26165">
    <ele>489.45000000000005</ele>
   </trkpt>
   <trkpt lat="25.682830000000003" lon="-100.26189000000001">
    <ele>490.32000000000005</ele>
   </trkpt>
   <trkpt lat="25.682710004738574" lon="-100.26272333497928">
    <ele>493.95000000000005</ele>
   </trkpt>
   <trkpt lat="25.682590004743272" lon="-100.26355666827996">
    <ele>496.46000000000004</ele>
   </trkpt>
   <trkpt lat="25.682470000000002" lon="-100.26439">
    <ele>497.12000000000006</ele>
   </trkpt>
   <trkpt lat="25.68239" lon="-100.26511">
    <ele>497.46</ele>
   </trkpt>
   <trkpt lat="25.682340000000003" lon="-100.2659">
    <ele>497.8</ele>
   </trkpt>
   <trkpt lat="25.682360000000003" lon="-100.26662">
    <ele>498.07000000000005</ele>
   </trkpt>
   <trkpt lat="25.682410004580095" lon="-100.26743999925496">
    <ele>498.53000000000003</ele>
   </trkpt>
   <trkpt lat="25.682460004576633" lon="-100.2682599991982">
    <ele>498.99</ele>
   </trkpt>
   <trkpt lat="25.68251" lon="-100.26908">
    <ele>499.37</ele>
   </trkpt>
   <trkpt lat="25.6825" lon="-100.26948">
    <ele>500.05</ele>
   </trkpt>
   <trkpt lat="25.682470000000002" lon="-100.26986000000001">
    <ele>500.25000000000006</ele>
   </trkpt>
   <trkpt lat="25.68236500136236" lon="-100.27049500063201">
    <ele>500.62000000000006</ele>
   </trkpt>
   <trkpt lat="25.682260000000003" lon="-100.27113000000001">
    <ele>501.3500000000001</ele>
   </trkpt>
   <trkpt lat="25.68211" lon="-100.27173">
    <ele>502.02000000000004</ele>
   </trkpt>
   <trkpt lat="25.681890000000003" lon="-100.27219000000001">
    <ele>502.13000000000005</ele>
   </trkpt>
   <trkpt lat="25.681780000000003" lon="-100.27236">
    <ele>502.13000000000005</ele>
   </trkpt>
   <trkpt lat="25.681510000000003" lon="-100.27266">
    <ele>501.84000000000003</ele>
   </trkpt>
   <trkpt lat="25.6811" lon="-100.27298">
    <ele>498.61000000000007</ele>
   </trkpt>
   <trkpt lat="25.680880000000002" lon="-100.2732">
    <ele>497.45000000000005</ele>
   </trkpt>
   <trkpt lat="25.68061" lon="-100.27356">
    <ele>497.88000000000005</ele>
   </trkpt>
   <trkpt lat="25.68034" lon="-100.27409000000002">
    <ele>501.34</ele>
   </trkpt>
   <trkpt lat="25.680010000000003" lon="-100.27454">
    <ele>502.26000000000005</ele>
   </trkpt>
   <trkpt lat="25.67967" lon="-100.27486">
    <ele>502.88</ele>
   </trkpt>
   <trkpt lat="25.679280000000002" lon="-100.27510000000001">
    <ele>503.33000000000004</ele>
   </trkpt>
   <trkpt lat="25.67857" lon="-100.27544">
    <ele>503.78</ele>
   </trkpt>
   <trkpt lat="25.677940000000003" lon="-100.27572">
    <ele>504.44</ele>
   </trkpt>
   <trkpt lat="25.677380000000003" lon="-100.27604000000001">
    <ele>505.02000000000004</ele>
   </trkpt>
   <trkpt lat="25.677030000000002" lon="-100.27629">
    <ele>505.40000000000003</ele>
   </trkpt>
   <trkpt lat="25.676700000000004" lon="-100.27656">
    <ele>505.6400000000001</ele>
   </trkpt>
   <trkpt lat="25.67639" lon="-100.27687">
    <ele>505.99000000000007</ele>
   </trkpt>
   <trkpt lat="25.6761" lon="-100.27720000000001">
    <ele>506.5200000000001</ele>
   </trkpt>
   <trkpt lat="25.67584" lon="-100.27756000000001">
    <ele>506.97999999999996</ele>
   </trkpt>
   <trkpt lat="25.675490000000003" lon="-100.27813">
    <ele>507.43000000000006</ele>
   </trkpt>
   <trkpt lat="25.67529" lon="-100.27854">
    <ele>507.65000000000003</ele>
   </trkpt>
   <trkpt lat="25.675120000000003" lon="-100.27898">
    <ele>508.25000000000006</ele>
   </trkpt>
   <trkpt lat="25.67499" lon="-100.27939">
    <ele>508.62000000000006</ele>
   </trkpt>
   <trkpt lat="25.674840000000003" lon="-100.28014">
    <ele>509.25000000000006</ele>
   </trkpt>
   <trkpt lat="25.674730000000004" lon="-100.28101000000001">
    <ele>509.72</ele>
   </trkpt>
   <trkpt lat="25.6746" lon="-100.28189">
    <ele>510.05</ele>
   </trkpt>
   <trkpt lat="25.674490000000002" lon="-100.28233">
    <ele>510.13000000000005</ele>
   </trkpt>
   <trkpt lat="25.67427000151125" lon="-100.28300500137271">
    <ele>510.30000000000007</ele>
   </trkpt>
   <trkpt lat="25.67405" lon="-100.28368">
    <ele>510.58000000000004</ele>
   </trkpt>
   <trkpt lat="25.673930000741297" lon="-100.28417000080714">
    <ele>510.92</ele>
   </trkpt>
   <trkpt lat="25.673810000000003" lon="-100.28466">
    <ele>511.13000000000005</ele>
   </trkpt>
   <trkpt lat="25.673620000000003" lon="-100.28529">
    <ele>511.2300000000001</ele>
   </trkpt>
   <trkpt lat="25.673280000000002" lon="-100.28614">
    <ele>509.75</ele>
   </trkpt>
   <trkpt lat="25.672960000000003" lon="-100.28681">
    <ele>508.41</ele>
   </trkpt>
   <trkpt lat="25.67283" lon="-100.28717">
    <ele>508.09999999999997</ele>
   </trkpt>
   <trkpt lat="25.672570002989552" lon="-100.28811000212718">
    <ele>511.59</ele>
   </trkpt>
   <trkpt lat="25.672310000000003" lon="-100.28905">
    <ele>514.4300000000001</ele>
   </trkpt>
   <trkpt lat="25.672050000000002" lon="-100.28981">
    <ele>515.1600000000001</ele>
   </trkpt>
   <trkpt lat="25.671698010362565" lon="-100.29068201030204">
    <ele>515.6700000000001</ele>
   </trkpt>
   <trkpt lat="25.671346015543268" lon="-100.29155401545417">
    <ele>516.57</ele>
   </trkpt>
   <trkpt lat="25.67099401554222" lon="-100.29242601545643">
    <ele>517.5200000000001</ele>
   </trkpt>
   <trkpt lat="25.670642010359536" lon="-100.2932980103089">
    <ele>518.51</ele>
   </trkpt>
   <trkpt lat="25.67029" lon="-100.29417000000001">
    <ele>519.4100000000001</ele>
   </trkpt>
   <trkpt lat="25.669920002750626" lon="-100.29506000263768">
    <ele>520.08</ele>
   </trkpt>
   <trkpt lat="25.66955" lon="-100.29595">
    <ele>520.9200000000001</ele>
   </trkpt>
   <trkpt lat="25.66919" lon="-100.2967">
    <ele>520.94</ele>
   </trkpt>
   <trkpt lat="25.669010000000004" lon="-100.29698">
    <ele>521.1800000000001</ele>
   </trkpt>
   <trkpt lat="25.668730000000004" lon="-100.29735000000001">
    <ele>521.0400000000001</ele>
   </trkpt>
   <trkpt lat="25.668470000000003" lon="-100.29782">
    <ele>520.23</ele>
   </trkpt>
   <trkpt lat="25.66833" lon="-100.29811000000001">
    <ele>518.8900000000001</ele>
   </trkpt>
   <trkpt lat="25.66815" lon="-100.29858">
    <ele>518.9</ele>
   </trkpt>
   <trkpt lat="25.66794500185899" lon="-100.2993200012965">
    <ele>522.5600000000001</ele>
   </trkpt>
   <trkpt lat="25.667740000000002" lon="-100.30006">
    <ele>524.4000000000001</ele>
   </trkpt>
   <trkpt lat="25.667520000000003" lon="-100.30057000000001">
    <ele>524.48</ele>
   </trkpt>
   <trkpt lat="25.66722" lon="-100.30118">
    <ele>525.02</ele>
   </trkpt>
   <trkpt lat="25.666915001048547" lon="-100.301740001469">
    <ele>525.61</ele>
   </trkpt>
   <trkpt lat="25.666610000000002" lon="-100.3023">
    <ele>525.75</ele>
   </trkpt>
   <trkpt lat="25.666275000977578" lon="-100.30284000154278">
    <ele>526.15</ele>
   </trkpt>
   <trkpt lat="25.665940000000003" lon="-100.30338">
    <ele>526.66</ele>
   </trkpt>
   <trkpt lat="25.665553335519856" lon="-100.30394667034393">
    <ele>527.1300000000001</ele>
   </trkpt>
   <trkpt lat="25.665166668851803" lon="-100.30451333701257">
    <ele>527.59</ele>
   </trkpt>
   <trkpt lat="25.66478" lon="-100.30508">
    <ele>528.12</ele>
   </trkpt>
   <trkpt lat="25.664340000000003" lon="-100.30575">
    <ele>528.6800000000001</ele>
   </trkpt>
   <trkpt lat="25.664130000000004" lon="-100.30612">
    <ele>529.1</ele>
   </trkpt>
   <trkpt lat="25.663860000000003" lon="-100.30673">
    <ele>529.48</ele>
   </trkpt>
   <trkpt lat="25.663670000000003" lon="-100.30723">
    <ele>530.1600000000001</ele>
   </trkpt>
   <trkpt lat="25.66345" lon="-100.30799">
    <ele>530.64</ele>
   </trkpt>
   <trkpt lat="25.66327" lon="-100.30876">
    <ele>530.78</ele>
   </trkpt>
   <trkpt lat="25.663280000000004" lon="-100.30875">
    <ele>530.78</ele>
   </trkpt>
   <trkpt lat="25.663220000000003" lon="-100.30934">
    <ele>531.0</ele>
   </trkpt>
   <trkpt lat="25.663200000000003" lon="-100.30996">
    <ele>530.44</ele>
   </trkpt>
   <trkpt lat="25.663230000000002" lon="-100.31063">
    <ele>526.99</ele>
   </trkpt>
   <trkpt lat="25.66327" lon="-100.31094">
    <ele>526.44</ele>
   </trkpt>
   <trkpt lat="25.66336" lon="-100.3114">
    <ele>525.6500000000001</ele>
   </trkpt>
   <trkpt lat="25.663580001461277" lon="-100.31206499863652">
    <ele>526.78</ele>
   </trkpt>
   <trkpt lat="25.663800000000002" lon="-100.31273">
    <ele>531.0</ele>
   </trkpt>
   <trkpt lat="25.663940000874117" lon="-100.31324999921479">
    <ele>534.86</ele>
   </trkpt>
   <trkpt lat="25.664080000000002" lon="-100.31377">
    <ele>536.34</ele>
   </trkpt>
   <trkpt lat="25.664260009226027" lon="-100.31471999571131">
    <ele>537.35</ele>
   </trkpt>
   <trkpt lat="25.664440012303128" lon="-100.31566999429081">
    <ele>537.9300000000001</ele>
   </trkpt>
   <trkpt lat="25.664620009231225" lon="-100.31661999573845">
    <ele>538.86</ele>
   </trkpt>
   <trkpt lat="25.664800000000003" lon="-100.31757">
    <ele>539.47</ele>
   </trkpt>
   <trkpt lat="25.664920001010753" lon="-100.31810499962059">
    <ele>539.9000000000001</ele>
   </trkpt>
   <trkpt lat="25.66504" lon="-100.31864">
    <ele>540.0400000000001</ele>
   </trkpt>
   <trkpt lat="25.665200000000002" lon="-100.31909">
    <ele>539.03</ele>
   </trkpt>
   <trkpt lat="25.665280000000003" lon="-100.3194">
    <ele>537.13</ele>
   </trkpt>
   <trkpt lat="25.66532" lon="-100.31967">
    <ele>536.4300000000001</ele>
   </trkpt>
   <trkpt lat="25.66534" lon="-100.31999">
    <ele>535.79</ele>
   </trkpt>
   <trkpt lat="25.665470003094455" lon="-100.32094499886638">
    <ele>536.81</ele>
   </trkpt>
   <trkpt lat="25.6656" lon="-100.32190000000001">
    <ele>542.3</ele>
   </trkpt>
   <trkpt lat="25.665640000000003" lon="-100.32227">
    <ele>543.0600000000001</ele>
   </trkpt>
   <trkpt lat="25.6658022467618" lon="-100.32321887856065">
    <ele>543.86</ele>
   </trkpt>
   <trkpt lat="25.665964487388862" lon="-100.32416775970366">
    <ele>544.1</ele>
   </trkpt>
   <trkpt lat="25.66612672188113" lon="-100.32511664342888">
    <ele>545.52</ele>
   </trkpt>
   <trkpt lat="25.666288950238535" lon="-100.3260655297363">
    <ele>546.22</ele>
   </trkpt>
   <trkpt lat="25.666451172461024" lon="-100.3270144186258">
    <ele>547.1100000000001</ele>
   </trkpt>
   <trkpt lat="25.666613388548534" lon="-100.32796331009733">
    <ele>547.9200000000001</ele>
   </trkpt>
   <trkpt lat="25.666775598501" lon="-100.32891220415081">
    <ele>548.7500000000001</ele>
   </trkpt>
   <trkpt lat="25.66693780231837" lon="-100.32986110078619">
    <ele>549.4300000000001</ele>
   </trkpt>
   <trkpt lat="25.6671" lon="-100.33081000000001">
    <ele>550.23</ele>
   </trkpt>
   <trkpt lat="25.667195002385018" lon="-100.33164499941937">
    <ele>550.98</ele>
   </trkpt>
   <trkpt lat="25.66729" lon="-100.33248">
    <ele>551.36</ele>
   </trkpt>
   <trkpt lat="25.667365002190827" lon="-100.33328499931174">
    <ele>549.61</ele>
   </trkpt>
   <trkpt lat="25.667440000000003" lon="-100.33409">
    <ele>547.4100000000001</ele>
   </trkpt>
   <trkpt lat="25.66749" lon="-100.3344">
    <ele>547.06</ele>
   </trkpt>
   <trkpt lat="25.667712509477358" lon="-100.33536249464863">
    <ele>549.48</ele>
   </trkpt>
   <trkpt lat="25.667935012642314" lon="-100.33632499288986">
    <ele>553.84</ele>
   </trkpt>
   <trkpt lat="25.668157509494772" lon="-100.33728749472364">
    <ele>555.12</ele>
   </trkpt>
   <trkpt lat="25.668380000000003" lon="-100.33825">
    <ele>556.12</ele>
   </trkpt>
   <trkpt lat="25.668530003291572" lon="-100.33894333166245">
    <ele>556.6600000000001</ele>
   </trkpt>
   <trkpt lat="25.668680003307546" lon="-100.3396366650696">
    <ele>557.34</ele>
   </trkpt>
   <trkpt lat="25.668830000000003" lon="-100.34033000000001">
    <ele>557.8100000000001</ele>
   </trkpt>
   <trkpt lat="25.668990001490403" lon="-100.34098999914012">
    <ele>558.13</ele>
   </trkpt>
   <trkpt lat="25.669150000000002" lon="-100.34165">
    <ele>558.5</ele>
   </trkpt>
   <trkpt lat="25.66939430083254" lon="-100.34250998942184">
    <ele>559.57</ele>
   </trkpt>
   <trkpt lat="25.669638596625383" lon="-100.34336998236834">
    <ele>560.01</ele>
   </trkpt>
   <trkpt lat="25.669882887378435" lon="-100.34422997883944">
    <ele>560.89</ele>
   </trkpt>
   <trkpt lat="25.670127173091643" lon="-100.34508997883512">
    <ele>561.27</ele>
   </trkpt>
   <trkpt lat="25.670371453764915" lon="-100.34594998235542">
    <ele>562.33</ele>
   </trkpt>
   <trkpt lat="25.670615729398182" lon="-100.34680998940026">
    <ele>562.96</ele>
   </trkpt>
   <trkpt lat="25.67086" lon="-100.34767000000001">
    <ele>563.72</ele>
   </trkpt>
   <trkpt lat="25.671050001450734" lon="-100.34831499908475">
    <ele>564.18</ele>
   </trkpt>
   <trkpt lat="25.67124" lon="-100.34896">
    <ele>565.2600000000001</ele>
   </trkpt>
   <trkpt lat="25.67124" lon="-100.34897000000001">
    <ele>565.2600000000001</ele>
   </trkpt>
   <trkpt lat="25.671470000000003" lon="-100.34925000000001">
    <ele>573.11</ele>
   </trkpt>
   <trkpt lat="25.67173000410196" lon="-100.3500266632525">
    <ele>573.6</ele>
   </trkpt>
   <trkpt lat="25.67199000409325" lon="-100.35080332989308">
    <ele>573.09</ele>
   </trkpt>
   <trkpt lat="25.672250000000002" lon="-100.35158000000001">
    <ele>570.86</ele>
   </trkpt>
   <trkpt lat="25.67237" lon="-100.35195">
    <ele>573.96</ele>
   </trkpt>
   <trkpt lat="25.67238" lon="-100.35209">
    <ele>574.3100000000001</ele>
   </trkpt>
   <trkpt lat="25.67235" lon="-100.35231">
    <ele>575.35</ele>
   </trkpt>
   <trkpt lat="25.67228" lon="-100.35244">
    <ele>575.71</ele>
   </trkpt>
   <trkpt lat="25.672110000000004" lon="-100.35259">
    <ele>575.73</ele>
   </trkpt>
   <trkpt lat="25.671840000000003" lon="-100.35271">
    <ele>575.5300000000001</ele>
   </trkpt>
   <trkpt lat="25.6715" lon="-100.35281">
    <ele>574.9200000000001</ele>
   </trkpt>
   <trkpt lat="25.671170000000004" lon="-100.35281">
    <ele>574.49</ele>
   </trkpt>
   <trkpt lat="25.67095" lon="-100.35276">
    <ele>574.1700000000001</ele>
   </trkpt>
   <trkpt lat="25.670630000000003" lon="-100.35257000000001">
    <ele>573.2900000000001</ele>
   </trkpt>
   <trkpt lat="25.670530000000003" lon="-100.35244">
    <ele>572.6800000000001</ele>
   </trkpt>
   <trkpt lat="25.670440000000003" lon="-100.35193000000001">
    <ele>572.37</ele>
   </trkpt>
   <trkpt lat="25.67019" lon="-100.35119">
    <ele>571.43</ele>
   </trkpt>
   <trkpt lat="25.670150000000003" lon="-100.35104000000001">
    <ele>570.89</ele>
   </trkpt>
   <trkpt lat="25.66987667177677" lon="-100.3501733293331">
    <ele>567.96</ele>
   </trkpt>
   <trkpt lat="25.6696033384352" lon="-100.34930666264042">
    <ele>565.79</ele>
   </trkpt>
   <trkpt lat="25.669330000000002" lon="-100.34844000000001">
    <ele>564.6</ele>
   </trkpt>
   <trkpt lat="25.66905801128822" lon="-100.34752999170406">
    <ele>563.69</ele>
   </trkpt>
   <trkpt lat="25.668786016933545" lon="-100.34661998756047">
    <ele>563.13</ele>
   </trkpt>
   <trkpt lat="25.66851401693608" lon="-100.34570998756924">
    <ele>562.0500000000001</ele>
   </trkpt>
   <trkpt lat="25.668242011295906" lon="-100.34479999173037">
    <ele>561.2900000000001</ele>
   </trkpt>
   <trkpt lat="25.66797" lon="-100.34389">
    <ele>560.6300000000001</ele>
   </trkpt>
   <trkpt lat="25.667805001239064" lon="-100.3432899992153">
    <ele>560.4200000000001</ele>
   </trkpt>
   <trkpt lat="25.667640000000002" lon="-100.34269">
    <ele>559.85</ele>
   </trkpt>
   <trkpt lat="25.667418012139443" lon="-100.3417459929493">
    <ele>559.32</ele>
   </trkpt>
   <trkpt lat="25.66719601820675" lon="-100.34080198941396">
    <ele>558.59</ele>
   </trkpt>
   <trkpt lat="25.666974018201987" lon="-100.33985798939405">
    <ele>557.6600000000001</ele>
   </trkpt>
   <trkpt lat="25.66675201212525" lon="-100.3389139928896">
    <ele>556.72</ele>
   </trkpt>
   <trkpt lat="25.66653" lon="-100.33797000000001">
    <ele>556.1</ele>
   </trkpt>
   <trkpt lat="25.666360005773715" lon="-100.3370499974125">
    <ele>555.44</ele>
   </trkpt>
   <trkpt lat="25.666190005780336" lon="-100.33612999744844">
    <ele>554.83</ele>
   </trkpt>
   <trkpt lat="25.666020000000003" lon="-100.33521">
    <ele>554.18</ele>
   </trkpt>
   <trkpt lat="25.66593000100837" lon="-100.33466999968209">
    <ele>553.6500000000001</ele>
   </trkpt>
   <trkpt lat="25.665840000000003" lon="-100.33413">
    <ele>553.24</ele>
   </trkpt>
   <trkpt lat="25.66573750678983" lon="-100.33331499790812">
    <ele>552.5600000000001</ele>
   </trkpt>
   <trkpt lat="25.665635009053926" lon="-100.33249999721744">
    <ele>551.89</ele>
   </trkpt>
   <trkpt lat="25.665532506792303" lon="-100.33168499792795">
    <ele>551.4300000000001</ele>
   </trkpt>
   <trkpt lat="25.66543" lon="-100.33087">
    <ele>550.73</ele>
   </trkpt>
   <trkpt lat="25.665340001176308" lon="-100.33027999949188">
    <ele>550.2600000000001</ele>
   </trkpt>
   <trkpt lat="25.66525" lon="-100.32969000000001">
    <ele>549.98</ele>
   </trkpt>
   <trkpt lat="25.665110002383415" lon="-100.32885499906837">
    <ele>551.85</ele>
   </trkpt>
   <trkpt lat="25.664970000000004" lon="-100.32802000000001">
    <ele>554.5</ele>
   </trkpt>
   <trkpt lat="25.6647966730776" lon="-100.3270499971813">
    <ele>554.22</ele>
   </trkpt>
   <trkpt lat="25.664623339744484" lon="-100.32607999718266">
    <ele>550.37</ele>
   </trkpt>
   <trkpt lat="25.664450000000002" lon="-100.32511000000001">
    <ele>545.22</ele>
   </trkpt>
   <trkpt lat="25.664220000000004" lon="-100.32415">
    <ele>544.21</ele>
   </trkpt>
   <trkpt lat="25.664077508189216" lon="-100.32325499680951">
    <ele>543.98</ele>
   </trkpt>
   <trkpt lat="25.663935010920852" lon="-100.32235999575805">
    <ele>546.61</ele>
   </trkpt>
   <trkpt lat="25.66379250819494" lon="-100.32146499684568">
    <ele>551.58</ele>
   </trkpt>
   <trkpt lat="25.66365" lon="-100.32057">
    <ele>552.28</ele>
   </trkpt>
   <trkpt lat="25.663526670133923" lon="-100.31985666519363">
    <ele>551.3100000000001</ele>
   </trkpt>
   <trkpt lat="25.663403336801018" lon="-100.31914333186283">
    <ele>547.9200000000001</ele>
   </trkpt>
   <trkpt lat="25.663280000000004" lon="-100.31843">
    <ele>543.35</ele>
   </trkpt>
   <trkpt lat="25.663100001669214" lon="-100.31773499904277">
    <ele>539.6899999999999</ele>
   </trkpt>
   <trkpt lat="25.662920000000003" lon="-100.31704">
    <ele>538.9000000000001</ele>
   </trkpt>
   <trkpt lat="25.662805000835228" lon="-100.31653999944658">
    <ele>538.96</ele>
   </trkpt>
   <trkpt lat="25.66269" lon="-100.31604000000002">
    <ele>538.6899999999999</ele>
   </trkpt>
   <trkpt lat="25.662555002500344" lon="-100.31518499909629">
    <ele>538.12</ele>
   </trkpt>
   <trkpt lat="25.66242" lon="-100.31433000000001">
    <ele>536.51</ele>
   </trkpt>
   <trkpt lat="25.662330001710266" lon="-100.31361999940954">
    <ele>534.5500000000001</ele>
   </trkpt>
   <trkpt lat="25.66224" lon="-100.31291">
    <ele>533.87</ele>
   </trkpt>
   <trkpt lat="25.662080000000003" lon="-100.31259000000001">
    <ele>541.44</ele>
   </trkpt>
   <trkpt lat="25.661945001387764" lon="-100.31195499934802">
    <ele>534.6800000000001</ele>
   </trkpt>
   <trkpt lat="25.661810000000003" lon="-100.31132000000001">
    <ele>537.13</ele>
   </trkpt>
   <trkpt lat="25.66177" lon="-100.31104">
    <ele>538.09</ele>
   </trkpt>
   <trkpt lat="25.661810000000003" lon="-100.31087000000001">
    <ele>539.45</ele>
   </trkpt>
   <trkpt lat="25.661970000000004" lon="-100.31068">
    <ele>540.0400000000001</ele>
   </trkpt>
   <trkpt lat="25.662270000000003" lon="-100.3105">
    <ele>537.6700000000001</ele>
   </trkpt>
   <trkpt lat="25.662940000000003" lon="-100.31036">
    <ele>538.27</ele>
   </trkpt>
   <trkpt lat="25.663220000000003" lon="-100.31028">
    <ele>538.2600000000001</ele>
   </trkpt>
   <trkpt lat="25.66335" lon="-100.31027">
    <ele>538.2</ele>
   </trkpt>
   <trkpt lat="25.66355" lon="-100.31029000000001">
    <ele>538.0200000000001</ele>
   </trkpt>
   <trkpt lat="25.66372" lon="-100.31038000000001">
    <ele>537.4300000000001</ele>
   </trkpt>
   <trkpt lat="25.6639" lon="-100.31049">
    <ele>537.0500000000001</ele>
   </trkpt>
   <trkpt lat="25.664050000000003" lon="-100.3105">
    <ele>536.2300000000001</ele>
   </trkpt>
   <trkpt lat="25.66463500000206" lon="-100.31035500072862">
    <ele>536.91</ele>
   </trkpt>
   <trkpt lat="25.66522" lon="-100.31021000000001">
    <ele>537.59</ele>
   </trkpt>
   <trkpt lat="25.665910000000004" lon="-100.31006000000001">
    <ele>537.13</ele>
   </trkpt>
   <trkpt lat="25.66677000000054" lon="-100.30989500120783">
    <ele>536.18</ele>
   </trkpt>
   <trkpt lat="25.667630000000003" lon="-100.30973">
    <ele>535.19</ele>
   </trkpt>
   <trkpt lat="25.66843500026981" lon="-100.30956250339659">
    <ele>529.71</ele>
   </trkpt>
   <trkpt lat="25.66924000034845" lon="-100.3093950045312">
    <ele>528.15</ele>
   </trkpt>
   <trkpt lat="25.670045000235906" lon="-100.30922750340376">
    <ele>528.1</ele>
   </trkpt>
   <trkpt lat="25.67085" lon="-100.30906">
    <ele>528.3100000000001</ele>
   </trkpt>
   <trkpt lat="25.671080000000003" lon="-100.30894">
    <ele>527.8000000000001</ele>
   </trkpt>
   <trkpt lat="25.671370000000003" lon="-100.30871">
    <ele>526.19</ele>
   </trkpt>
   <trkpt lat="25.671470000000003" lon="-100.30866">
    <ele>524.93</ele>
   </trkpt>
   <trkpt lat="25.67169" lon="-100.30861">
    <ele>524.5600000000001</ele>
   </trkpt>
   <trkpt lat="25.671860000000002" lon="-100.30859000000001">
    <ele>524.64</ele>
   </trkpt>
   <trkpt lat="25.67235" lon="-100.3087">
    <ele>528.8900000000001</ele>
   </trkpt>
   <trkpt lat="25.67285" lon="-100.30866">
    <ele>531.6200000000001</ele>
   </trkpt>
   <trkpt lat="25.67337999990255" lon="-100.30858000037372">
    <ele>532.93</ele>
   </trkpt>
   <trkpt lat="25.673910000000003" lon="-100.30850000000001">
    <ele>533.82</ele>
   </trkpt>
   <trkpt lat="25.673955001065295" lon="-100.30906499950439">
    <ele>533.6800000000001</ele>
   </trkpt>
   <trkpt lat="25.674000000000003" lon="-100.30963000000001">
    <ele>534.45</ele>
   </trkpt>
   <trkpt lat="25.673485000098964" lon="-100.30967500018642">
    <ele>533.7900000000001</ele>
   </trkpt>
   <trkpt lat="25.672970000000003" lon="-100.30972000000001">
    <ele>533.3100000000001</ele>
   </trkpt>
   <trkpt lat="25.672340000101688" lon="-100.30982000051779">
    <ele>532.21</ele>
   </trkpt>
   <trkpt lat="25.67171" lon="-100.30992">
    <ele>530.87</ele>
   </trkpt>
  </trkseg>
 </trk>
</gpx>
