<?xml version="1.0" encoding="UTF-8" standalone="no" ?>
<gpx xmlns="http://www.topografix.com/GPX/1/1" creator="www.plotaroute.com" version="1.1"  xmlns:xsi="http://www.w3.org/2001/XMLSchema-instance" xsi:schemaLocation="http://www.topografix.com/GPX/1/1 http://www.topografix.com/GPX/1/1/gpx.xsd">
<metadata>
<desc>Route created on plotaroute.com</desc>
</metadata>
<trk>
<name>IM 70.3 WC Marbella Bike Course With Aid Stations</name>
<trkseg>
<trkpt lat="36.4902074" lon="-4.9498665">
<ele>4</ele>
<time>2025-08-19T00:00:00Z</time></trkpt>
<trkpt lat="36.4902246" lon="-4.9498773">
<ele>4</ele>
<time>2025-08-19T00:00:00Z</time></trkpt>
<trkpt lat="36.490268" lon="-4.9499148">
<ele>4</ele>
<time>2025-08-19T00:00:01Z</time></trkpt>
<trkpt lat="36.4903891" lon="-4.9500244">
<ele>4</ele>
<time>2025-08-19T00:00:04Z</time></trkpt>
<trkpt lat="36.4919211" lon="-4.9513578">
<ele>7</ele>
<time>2025-08-19T00:00:42Z</time></trkpt>
<trkpt lat="36.4920072" lon="-4.9514115">
<ele>7</ele>
<time>2025-08-19T00:00:44Z</time></trkpt>
<trkpt lat="36.492115" lon="-4.9513471">
<ele>7</ele>
<time>2025-08-19T00:00:46Z</time></trkpt>
<trkpt lat="36.4922271" lon="-4.9513096">
<ele>6</ele>
<time>2025-08-19T00:00:49Z</time></trkpt>
<trkpt lat="36.4923435" lon="-4.9513954">
<ele>7</ele>
<time>2025-08-19T00:00:51Z</time></trkpt>
<trkpt lat="36.4924557" lon="-4.951551">
<ele>7</ele>
<time>2025-08-19T00:00:55Z</time></trkpt>
<trkpt lat="36.4927014" lon="-4.9516743">
<ele>7</ele>
<time>2025-08-19T00:01:00Z</time></trkpt>
<trkpt lat="36.4929989" lon="-4.9516743">
<ele>8</ele>
<time>2025-08-19T00:01:06Z</time></trkpt>
<trkpt lat="36.4933051" lon="-4.9515402">
<ele>8</ele>
<time>2025-08-19T00:01:12Z</time></trkpt>
<trkpt lat="36.4936199" lon="-4.9512988">
<ele>7</ele>
<time>2025-08-19T00:01:20Z</time></trkpt>
<trkpt lat="36.4958021" lon="-4.9490511">
<ele>3</ele>
<time>2025-08-19T00:02:17Z</time></trkpt>
<trkpt lat="36.4961204" lon="-4.9487293">
<ele>5</ele>
<time>2025-08-19T00:02:25Z</time></trkpt>
<trkpt lat="36.496362" lon="-4.9483752">
<ele>6</ele>
<time>2025-08-19T00:02:32Z</time></trkpt>
<trkpt lat="36.4965432" lon="-4.9479032">
<ele>6</ele>
<time>2025-08-19T00:02:41Z</time></trkpt>
<trkpt lat="36.4966872" lon="-4.9473093">
<ele>5</ele>
<time>2025-08-19T00:02:51Z</time></trkpt>
<trkpt lat="36.4967401" lon="-4.9471794">
<ele>4</ele>
<time>2025-08-19T00:02:53Z</time></trkpt>
<trkpt lat="36.4968287" lon="-4.9468464">
<ele>4</ele>
<time>2025-08-19T00:02:59Z</time></trkpt>
<trkpt lat="36.4968891" lon="-4.9466425">
<ele>6</ele>
<time>2025-08-19T00:03:02Z</time></trkpt>
<trkpt lat="36.4969408" lon="-4.9464279">
<ele>7</ele>
<time>2025-08-19T00:03:06Z</time></trkpt>
<trkpt lat="36.4970055" lon="-4.9462134">
<ele>7</ele>
<time>2025-08-19T00:03:10Z</time></trkpt>
<trkpt lat="36.4970513" lon="-4.9459499">
<ele>6</ele>
<time>2025-08-19T00:03:14Z</time></trkpt>
<trkpt lat="36.497283" lon="-4.944833">
<ele>9</ele>
<time>2025-08-19T00:03:32Z</time></trkpt>
<trkpt lat="36.497357" lon="-4.944545">
<ele>9</ele>
<time>2025-08-19T00:03:37Z</time></trkpt>
<trkpt lat="36.497501" lon="-4.944096">
<ele>9</ele>
<time>2025-08-19T00:03:45Z</time></trkpt>
<trkpt lat="36.497639" lon="-4.943701">
<ele>9</ele>
<time>2025-08-19T00:03:52Z</time></trkpt>
<trkpt lat="36.497816" lon="-4.943208">
<ele>9</ele>
<time>2025-08-19T00:04:01Z</time></trkpt>
<trkpt lat="36.498409" lon="-4.941553">
<ele>9</ele>
<time>2025-08-19T00:04:30Z</time></trkpt>
<trkpt lat="36.49846" lon="-4.941411">
<ele>9</ele>
<time>2025-08-19T00:04:32Z</time></trkpt>
<trkpt lat="36.498615" lon="-4.940968">
<ele>9</ele>
<time>2025-08-19T00:04:40Z</time></trkpt>
<trkpt lat="36.498664" lon="-4.940827">
<ele>9</ele>
<time>2025-08-19T00:04:43Z</time></trkpt>
<trkpt lat="36.499306" lon="-4.939027">
<ele>9</ele>
<time>2025-08-19T00:05:14Z</time></trkpt>
<trkpt lat="36.500468" lon="-4.935805">
<ele>8</ele>
<time>2025-08-19T00:06:11Z</time></trkpt>
<trkpt lat="36.501555" lon="-4.93278">
<ele>11</ele>
<time>2025-08-19T00:07:05Z</time></trkpt>
<trkpt lat="36.501711" lon="-4.932334">
<ele>12</ele>
<time>2025-08-19T00:07:12Z</time></trkpt>
<trkpt lat="36.502014" lon="-4.931489">
<ele>14</ele>
<time>2025-08-19T00:07:27Z</time></trkpt>
<trkpt lat="36.502292" lon="-4.930711">
<ele>16</ele>
<time>2025-08-19T00:07:41Z</time></trkpt>
<trkpt lat="36.502887" lon="-4.929151">
<ele>18</ele>
<time>2025-08-19T00:08:09Z</time></trkpt>
<trkpt lat="36.504463" lon="-4.925242">
<ele>18</ele>
<time>2025-08-19T00:09:19Z</time></trkpt>
<trkpt lat="36.504691" lon="-4.924639">
<ele>19</ele>
<time>2025-08-19T00:09:30Z</time></trkpt>
<trkpt lat="36.507152" lon="-4.918572">
<ele>25</ele>
<time>2025-08-19T00:11:20Z</time></trkpt>
<trkpt lat="36.507553" lon="-4.917324">
<ele>23</ele>
<time>2025-08-19T00:11:41Z</time></trkpt>
<trkpt lat="36.507796" lon="-4.916438">
<ele>21</ele>
<time>2025-08-19T00:11:56Z</time></trkpt>
<trkpt lat="36.508601" lon="-4.913121">
<ele>16</ele>
<time>2025-08-19T00:12:52Z</time></trkpt>
<trkpt lat="36.508604" lon="-4.913042">
<ele>16</ele>
<time>2025-08-19T00:12:53Z</time></trkpt>
<trkpt lat="36.508587" lon="-4.91296">
<ele>16</ele>
<time>2025-08-19T00:12:55Z</time></trkpt>
<trkpt lat="36.508556" lon="-4.912885">
<ele>16</ele>
<time>2025-08-19T00:12:56Z</time></trkpt>
<trkpt lat="36.508546" lon="-4.912776">
<ele>16</ele>
<time>2025-08-19T00:12:58Z</time></trkpt>
<trkpt lat="36.508572" lon="-4.912616">
<ele>16</ele>
<time>2025-08-19T00:13:00Z</time></trkpt>
<trkpt lat="36.508618" lon="-4.912498">
<ele>16</ele>
<time>2025-08-19T00:13:03Z</time></trkpt>
<trkpt lat="36.508732" lon="-4.912395">
<ele>16</ele>
<time>2025-08-19T00:13:05Z</time></trkpt>
<trkpt lat="36.508821" lon="-4.912234">
<ele>16</ele>
<time>2025-08-19T00:13:09Z</time></trkpt>
<trkpt lat="36.510257" lon="-4.90629">
<ele>21</ele>
<time>2025-08-19T00:14:48Z</time></trkpt>
<trkpt lat="36.510257" lon="-4.90629">
<ele>21</ele>
<time>2025-08-19T00:14:48Z</time></trkpt>
<trkpt lat="36.510336" lon="-4.905771">
<ele>21</ele>
<time>2025-08-19T00:14:57Z</time></trkpt>
<trkpt lat="36.510335" lon="-4.905771">
<ele>21</ele>
<time>2025-08-19T00:14:57Z</time></trkpt>
<trkpt lat="36.510365" lon="-4.905374">
<ele>22</ele>
<time>2025-08-19T00:15:03Z</time></trkpt>
<trkpt lat="36.510357" lon="-4.905026">
<ele>22</ele>
<time>2025-08-19T00:15:09Z</time></trkpt>
<trkpt lat="36.510357" lon="-4.905026">
<ele>22</ele>
<time>2025-08-19T00:15:09Z</time></trkpt>
<trkpt lat="36.5103119" lon="-4.9028029">
<ele>22</ele>
<time>2025-08-19T00:15:45Z</time></trkpt>
<trkpt lat="36.5103144" lon="-4.9025131">
<ele>22</ele>
<time>2025-08-19T00:15:50Z</time></trkpt>
<trkpt lat="36.5102658" lon="-4.9020188">
<ele>22</ele>
<time>2025-08-19T00:15:58Z</time></trkpt>
<trkpt lat="36.5102246" lon="-4.901796">
<ele>21</ele>
<time>2025-08-19T00:16:01Z</time></trkpt>
<trkpt lat="36.5102246" lon="-4.9014366">
<ele>21</ele>
<time>2025-08-19T00:16:07Z</time></trkpt>
<trkpt lat="36.5102289" lon="-4.9012005">
<ele>21</ele>
<time>2025-08-19T00:16:11Z</time></trkpt>
<trkpt lat="36.5102635" lon="-4.9011254">
<ele>21</ele>
<time>2025-08-19T00:16:12Z</time></trkpt>
<trkpt lat="36.5103239" lon="-4.9010932">
<ele>21</ele>
<time>2025-08-19T00:16:14Z</time></trkpt>
<trkpt lat="36.510449" lon="-4.9010879">
<ele>21</ele>
<time>2025-08-19T00:16:16Z</time></trkpt>
<trkpt lat="36.5107998" lon="-4.9010826">
<ele>23</ele>
<time>2025-08-19T00:16:23Z</time></trkpt>
<trkpt lat="36.510917" lon="-4.901086">
<ele>24</ele>
<time>2025-08-19T00:16:25Z</time></trkpt>
<trkpt lat="36.510917" lon="-4.901086">
<ele>24</ele>
<time>2025-08-19T00:16:25Z</time></trkpt>
<trkpt lat="36.511538" lon="-4.901053">
<ele>27</ele>
<time>2025-08-19T00:16:38Z</time></trkpt>
<trkpt lat="36.511686" lon="-4.900985">
<ele>29</ele>
<time>2025-08-19T00:16:41Z</time></trkpt>
<trkpt lat="36.512025" lon="-4.900745">
<ele>32</ele>
<time>2025-08-19T00:16:49Z</time></trkpt>
<trkpt lat="36.512382" lon="-4.900445">
<ele>38</ele>
<time>2025-08-19T00:16:57Z</time></trkpt>
<trkpt lat="36.5125" lon="-4.900299">
<ele>39</ele>
<time>2025-08-19T00:17:01Z</time></trkpt>
<trkpt lat="36.512638" lon="-4.899989">
<ele>44</ele>
<time>2025-08-19T00:17:07Z</time></trkpt>
<trkpt lat="36.512692" lon="-4.899772">
<ele>45</ele>
<time>2025-08-19T00:17:10Z</time></trkpt>
<trkpt lat="36.512709" lon="-4.899583">
<ele>46</ele>
<time>2025-08-19T00:17:13Z</time></trkpt>
<trkpt lat="36.512741" lon="-4.898566">
<ele>52</ele>
<time>2025-08-19T00:17:30Z</time></trkpt>
<trkpt lat="36.512774" lon="-4.898302">
<ele>53</ele>
<time>2025-08-19T00:17:34Z</time></trkpt>
<trkpt lat="36.51284" lon="-4.898087">
<ele>55</ele>
<time>2025-08-19T00:17:38Z</time></trkpt>
<trkpt lat="36.512895" lon="-4.897993">
<ele>55</ele>
<time>2025-08-19T00:17:40Z</time></trkpt>
<trkpt lat="36.513011" lon="-4.89785">
<ele>56</ele>
<time>2025-08-19T00:17:43Z</time></trkpt>
<trkpt lat="36.514371" lon="-4.896833">
<ele>64</ele>
<time>2025-08-19T00:18:15Z</time></trkpt>
<trkpt lat="36.514371" lon="-4.896833">
<ele>64</ele>
<time>2025-08-19T00:18:15Z</time></trkpt>
<trkpt lat="36.5144737" lon="-4.8967561">
<ele>64</ele>
<time>2025-08-19T00:18:17Z</time></trkpt>
<trkpt lat="36.5145511" lon="-4.8966295">
<ele>64</ele>
<time>2025-08-19T00:18:20Z</time></trkpt>
<trkpt lat="36.5146915" lon="-4.8964262">
<ele>65</ele>
<time>2025-08-19T00:18:24Z</time></trkpt>
<trkpt lat="36.5148338" lon="-4.8962224">
<ele>66</ele>
<time>2025-08-19T00:18:28Z</time></trkpt>
<trkpt lat="36.5149804" lon="-4.8960721">
<ele>66</ele>
<time>2025-08-19T00:18:32Z</time></trkpt>
<trkpt lat="36.5150881" lon="-4.8959702">
<ele>66</ele>
<time>2025-08-19T00:18:35Z</time></trkpt>
<trkpt lat="36.5152089" lon="-4.895879">
<ele>67</ele>
<time>2025-08-19T00:18:38Z</time></trkpt>
<trkpt lat="36.5153037" lon="-4.8957986">
<ele>67</ele>
<time>2025-08-19T00:18:40Z</time></trkpt>
<trkpt lat="36.5153674" lon="-4.895731">
<ele>68</ele>
<time>2025-08-19T00:18:42Z</time></trkpt>
<trkpt lat="36.5158183" lon="-4.8950851">
<ele>70</ele>
<time>2025-08-19T00:18:55Z</time></trkpt>
<trkpt lat="36.516171" lon="-4.8945057">
<ele>71</ele>
<time>2025-08-19T00:19:07Z</time></trkpt>
<trkpt lat="36.5162054" lon="-4.8942161">
<ele>71</ele>
<time>2025-08-19T00:19:12Z</time></trkpt>
<trkpt lat="36.5163605" lon="-4.8936367">
<ele>71</ele>
<time>2025-08-19T00:19:22Z</time></trkpt>
<trkpt lat="36.5166019" lon="-4.8930359">
<ele>70</ele>
<time>2025-08-19T00:19:32Z</time></trkpt>
<trkpt lat="36.5167055" lon="-4.8926818">
<ele>69</ele>
<time>2025-08-19T00:19:38Z</time></trkpt>
<trkpt lat="36.5167228" lon="-4.892478">
<ele>68</ele>
<time>2025-08-19T00:19:42Z</time></trkpt>
<trkpt lat="36.5168104" lon="-4.8924729">
<ele>68</ele>
<time>2025-08-19T00:19:44Z</time></trkpt>
<trkpt lat="36.5170036" lon="-4.8924565">
<ele>69</ele>
<time>2025-08-19T00:19:47Z</time></trkpt>
<trkpt lat="36.5171072" lon="-4.8924029">
<ele>69</ele>
<time>2025-08-19T00:19:50Z</time></trkpt>
<trkpt lat="36.517215" lon="-4.8923224">
<ele>69</ele>
<time>2025-08-19T00:19:52Z</time></trkpt>
<trkpt lat="36.5173314" lon="-4.892242">
<ele>68</ele>
<time>2025-08-19T00:19:55Z</time></trkpt>
<trkpt lat="36.5174521" lon="-4.89214">
<ele>68</ele>
<time>2025-08-19T00:19:58Z</time></trkpt>
<trkpt lat="36.5175771" lon="-4.8920113">
<ele>67</ele>
<time>2025-08-19T00:20:01Z</time></trkpt>
<trkpt lat="36.5176806" lon="-4.8918664">
<ele>67</ele>
<time>2025-08-19T00:20:04Z</time></trkpt>
<trkpt lat="36.5177324" lon="-4.8917001">
<ele>67</ele>
<time>2025-08-19T00:20:07Z</time></trkpt>
<trkpt lat="36.5177712" lon="-4.8915285">
<ele>67</ele>
<time>2025-08-19T00:20:10Z</time></trkpt>
<trkpt lat="36.5178014" lon="-4.8913354">
<ele>66</ele>
<time>2025-08-19T00:20:13Z</time></trkpt>
<trkpt lat="36.5177799" lon="-4.891153">
<ele>66</ele>
<time>2025-08-19T00:20:16Z</time></trkpt>
<trkpt lat="36.5177885" lon="-4.8909652">
<ele>66</ele>
<time>2025-08-19T00:20:19Z</time></trkpt>
<trkpt lat="36.5177756" lon="-4.8907828">
<ele>66</ele>
<time>2025-08-19T00:20:22Z</time></trkpt>
<trkpt lat="36.5177626" lon="-4.8905897">
<ele>67</ele>
<time>2025-08-19T00:20:25Z</time></trkpt>
<trkpt lat="36.5177674" lon="-4.8905383">
<ele>67</ele>
<time>2025-08-19T00:20:26Z</time></trkpt>
<trkpt lat="36.5177935" lon="-4.8903475">
<ele>68</ele>
<time>2025-08-19T00:20:29Z</time></trkpt>
<trkpt lat="36.5178445" lon="-4.8901284">
<ele>68</ele>
<time>2025-08-19T00:20:33Z</time></trkpt>
<trkpt lat="36.5179005" lon="-4.890064">
<ele>69</ele>
<time>2025-08-19T00:20:34Z</time></trkpt>
<trkpt lat="36.5179652" lon="-4.8900104">
<ele>69</ele>
<time>2025-08-19T00:20:36Z</time></trkpt>
<trkpt lat="36.5180514" lon="-4.8899889">
<ele>70</ele>
<time>2025-08-19T00:20:38Z</time></trkpt>
<trkpt lat="36.5181204" lon="-4.8900157">
<ele>70</ele>
<time>2025-08-19T00:20:39Z</time></trkpt>
<trkpt lat="36.518198" lon="-4.8900318">
<ele>71</ele>
<time>2025-08-19T00:20:41Z</time></trkpt>
<trkpt lat="36.5182726" lon="-4.8900737">
<ele>72</ele>
<time>2025-08-19T00:20:42Z</time></trkpt>
<trkpt lat="36.518366" lon="-4.890166">
<ele>72</ele>
<time>2025-08-19T00:20:45Z</time></trkpt>
<trkpt lat="36.5184016" lon="-4.8901973">
<ele>72</ele>
<time>2025-08-19T00:20:46Z</time></trkpt>
<trkpt lat="36.5184668" lon="-4.8902177">
<ele>73</ele>
<time>2025-08-19T00:20:47Z</time></trkpt>
<trkpt lat="36.5185472" lon="-4.8902357">
<ele>73</ele>
<time>2025-08-19T00:20:48Z</time></trkpt>
<trkpt lat="36.5186592" lon="-4.8902732">
<ele>73</ele>
<time>2025-08-19T00:20:51Z</time></trkpt>
<trkpt lat="36.5187498" lon="-4.8902678">
<ele>72</ele>
<time>2025-08-19T00:20:53Z</time></trkpt>
<trkpt lat="36.5187973" lon="-4.8901981">
<ele>72</ele>
<time>2025-08-19T00:20:54Z</time></trkpt>
<trkpt lat="36.5188275" lon="-4.8900908">
<ele>72</ele>
<time>2025-08-19T00:20:56Z</time></trkpt>
<trkpt lat="36.5188663" lon="-4.8899084">
<ele>71</ele>
<time>2025-08-19T00:20:59Z</time></trkpt>
<trkpt lat="36.5189441" lon="-4.889669">
<ele>70</ele>
<time>2025-08-19T00:21:03Z</time></trkpt>
<trkpt lat="36.519045" lon="-4.889123">
<ele>69</ele>
<time>2025-08-19T00:21:12Z</time></trkpt>
<trkpt lat="36.519088" lon="-4.88878">
<ele>69</ele>
<time>2025-08-19T00:21:18Z</time></trkpt>
<trkpt lat="36.519189" lon="-4.888076">
<ele>70</ele>
<time>2025-08-19T00:21:29Z</time></trkpt>
<trkpt lat="36.519189" lon="-4.888076">
<ele>70</ele>
<time>2025-08-19T00:21:29Z</time></trkpt>
<trkpt lat="36.519253" lon="-4.887634">
<ele>69</ele>
<time>2025-08-19T00:21:36Z</time></trkpt>
<trkpt lat="36.519404" lon="-4.886843">
<ele>71</ele>
<time>2025-08-19T00:21:50Z</time></trkpt>
<trkpt lat="36.519963" lon="-4.884289">
<ele>73</ele>
<time>2025-08-19T00:22:32Z</time></trkpt>
<trkpt lat="36.52015" lon="-4.883376">
<ele>78</ele>
<time>2025-08-19T00:22:47Z</time></trkpt>
<trkpt lat="36.520266" lon="-4.88268">
<ele>75</ele>
<time>2025-08-19T00:22:59Z</time></trkpt>
<trkpt lat="36.52028" lon="-4.882427">
<ele>74</ele>
<time>2025-08-19T00:23:03Z</time></trkpt>
<trkpt lat="36.520272" lon="-4.882317">
<ele>74</ele>
<time>2025-08-19T00:23:05Z</time></trkpt>
<trkpt lat="36.520209" lon="-4.882073">
<ele>72</ele>
<time>2025-08-19T00:23:09Z</time></trkpt>
<trkpt lat="36.520158" lon="-4.881975">
<ele>72</ele>
<time>2025-08-19T00:23:11Z</time></trkpt>
<trkpt lat="36.520074" lon="-4.881866">
<ele>71</ele>
<time>2025-08-19T00:23:13Z</time></trkpt>
<trkpt lat="36.519997" lon="-4.881801">
<ele>71</ele>
<time>2025-08-19T00:23:15Z</time></trkpt>
<trkpt lat="36.51986" lon="-4.881721">
<ele>70</ele>
<time>2025-08-19T00:23:18Z</time></trkpt>
<trkpt lat="36.519334" lon="-4.881509">
<ele>71</ele>
<time>2025-08-19T00:23:29Z</time></trkpt>
<trkpt lat="36.51923" lon="-4.881428">
<ele>72</ele>
<time>2025-08-19T00:23:32Z</time></trkpt>
<trkpt lat="36.519195" lon="-4.881369">
<ele>73</ele>
<time>2025-08-19T00:23:33Z</time></trkpt>
<trkpt lat="36.519151" lon="-4.881212">
<ele>75</ele>
<time>2025-08-19T00:23:35Z</time></trkpt>
<trkpt lat="36.519153" lon="-4.881038">
<ele>77</ele>
<time>2025-08-19T00:23:38Z</time></trkpt>
<trkpt lat="36.5192842" lon="-4.8806319">
<ele>79</ele>
<time>2025-08-19T00:23:45Z</time></trkpt>
<trkpt lat="36.5193389" lon="-4.8805153">
<ele>79</ele>
<time>2025-08-19T00:23:47Z</time></trkpt>
<trkpt lat="36.5194511" lon="-4.8803705">
<ele>79</ele>
<time>2025-08-19T00:23:51Z</time></trkpt>
<trkpt lat="36.5195201" lon="-4.8803651">
<ele>80</ele>
<time>2025-08-19T00:23:52Z</time></trkpt>
<trkpt lat="36.5196279" lon="-4.8803544">
<ele>80</ele>
<time>2025-08-19T00:23:54Z</time></trkpt>
<trkpt lat="36.519904" lon="-4.8803866">
<ele>80</ele>
<time>2025-08-19T00:24:00Z</time></trkpt>
<trkpt lat="36.5202144" lon="-4.8804241">
<ele>81</ele>
<time>2025-08-19T00:24:06Z</time></trkpt>
<trkpt lat="36.5205766" lon="-4.8804778">
<ele>81</ele>
<time>2025-08-19T00:24:13Z</time></trkpt>
<trkpt lat="36.5209387" lon="-4.8805261">
<ele>83</ele>
<time>2025-08-19T00:24:21Z</time></trkpt>
<trkpt lat="36.5213008" lon="-4.8805743">
<ele>86</ele>
<time>2025-08-19T00:24:28Z</time></trkpt>
<trkpt lat="36.5216457" lon="-4.8806119">
<ele>88</ele>
<time>2025-08-19T00:24:35Z</time></trkpt>
<trkpt lat="36.5217964" lon="-4.8806173">
<ele>88</ele>
<time>2025-08-19T00:24:38Z</time></trkpt>
<trkpt lat="36.521943" lon="-4.8805636">
<ele>89</ele>
<time>2025-08-19T00:24:41Z</time></trkpt>
<trkpt lat="36.5220421" lon="-4.8805422">
<ele>90</ele>
<time>2025-08-19T00:24:43Z</time></trkpt>
<trkpt lat="36.5221326" lon="-4.8805851">
<ele>90</ele>
<time>2025-08-19T00:24:45Z</time></trkpt>
<trkpt lat="36.5222015" lon="-4.880628">
<ele>91</ele>
<time>2025-08-19T00:24:46Z</time></trkpt>
<trkpt lat="36.5222705" lon="-4.8806709">
<ele>91</ele>
<time>2025-08-19T00:24:48Z</time></trkpt>
<trkpt lat="36.5223666" lon="-4.8807299">
<ele>92</ele>
<time>2025-08-19T00:24:50Z</time></trkpt>
<trkpt lat="36.522393" lon="-4.880743">
<ele>92</ele>
<time>2025-08-19T00:24:51Z</time></trkpt>
<trkpt lat="36.522763" lon="-4.880857">
<ele>95</ele>
<time>2025-08-19T00:24:58Z</time></trkpt>
<trkpt lat="36.523124" lon="-4.881091">
<ele>99</ele>
<time>2025-08-19T00:25:07Z</time></trkpt>
<trkpt lat="36.52328" lon="-4.881164">
<ele>100</ele>
<time>2025-08-19T00:25:10Z</time></trkpt>
<trkpt lat="36.524218" lon="-4.881321">
<ele>109</ele>
<time>2025-08-19T00:25:29Z</time></trkpt>
<trkpt lat="36.525347" lon="-4.88149">
<ele>118</ele>
<time>2025-08-19T00:25:52Z</time></trkpt>
<trkpt lat="36.525926" lon="-4.881438">
<ele>125</ele>
<time>2025-08-19T00:26:03Z</time></trkpt>
<trkpt lat="36.526141" lon="-4.881433">
<ele>127</ele>
<time>2025-08-19T00:26:08Z</time></trkpt>
<trkpt lat="36.526355" lon="-4.881453">
<ele>128</ele>
<time>2025-08-19T00:26:12Z</time></trkpt>
<trkpt lat="36.526646" lon="-4.88152">
<ele>130</ele>
<time>2025-08-19T00:26:18Z</time></trkpt>
<trkpt lat="36.527247" lon="-4.881704">
<ele>136</ele>
<time>2025-08-19T00:26:30Z</time></trkpt>
<trkpt lat="36.527579" lon="-4.881744">
<ele>138</ele>
<time>2025-08-19T00:26:37Z</time></trkpt>
<trkpt lat="36.527784" lon="-4.881715">
<ele>140</ele>
<time>2025-08-19T00:26:41Z</time></trkpt>
<trkpt lat="36.528082" lon="-4.881606">
<ele>143</ele>
<time>2025-08-19T00:26:47Z</time></trkpt>
<trkpt lat="36.528364" lon="-4.881393">
<ele>145</ele>
<time>2025-08-19T00:26:54Z</time></trkpt>
<trkpt lat="36.528437" lon="-4.881338">
<ele>146</ele>
<time>2025-08-19T00:26:56Z</time></trkpt>
<trkpt lat="36.528565" lon="-4.88118">
<ele>148</ele>
<time>2025-08-19T00:26:59Z</time></trkpt>
<trkpt lat="36.528767" lon="-4.88089">
<ele>151</ele>
<time>2025-08-19T00:27:05Z</time></trkpt>
<trkpt lat="36.528878" lon="-4.880605">
<ele>154</ele>
<time>2025-08-19T00:27:10Z</time></trkpt>
<trkpt lat="36.529192" lon="-4.879594">
<ele>160</ele>
<time>2025-08-19T00:27:28Z</time></trkpt>
<trkpt lat="36.529283" lon="-4.879359">
<ele>162</ele>
<time>2025-08-19T00:27:32Z</time></trkpt>
<trkpt lat="36.529406" lon="-4.879119">
<ele>164</ele>
<time>2025-08-19T00:27:37Z</time></trkpt>
<trkpt lat="36.529702" lon="-4.878623">
<ele>167</ele>
<time>2025-08-19T00:27:47Z</time></trkpt>
<trkpt lat="36.530127" lon="-4.877954">
<ele>173</ele>
<time>2025-08-19T00:28:00Z</time></trkpt>
<trkpt lat="36.53032" lon="-4.877555">
<ele>177</ele>
<time>2025-08-19T00:28:08Z</time></trkpt>
<trkpt lat="36.530895" lon="-4.875941">
<ele>185</ele>
<time>2025-08-19T00:28:36Z</time></trkpt>
<trkpt lat="36.531003" lon="-4.875697">
<ele>186</ele>
<time>2025-08-19T00:28:41Z</time></trkpt>
<trkpt lat="36.531241" lon="-4.875239">
<ele>191</ele>
<time>2025-08-19T00:28:50Z</time></trkpt>
<trkpt lat="36.531364" lon="-4.875038">
<ele>193</ele>
<time>2025-08-19T00:28:54Z</time></trkpt>
<trkpt lat="36.531895" lon="-4.874334">
<ele>198</ele>
<time>2025-08-19T00:29:09Z</time></trkpt>
<trkpt lat="36.532132" lon="-4.874033">
<ele>200</ele>
<time>2025-08-19T00:29:16Z</time></trkpt>
<trkpt lat="36.532482" lon="-4.87359">
<ele>205</ele>
<time>2025-08-19T00:29:26Z</time></trkpt>
<trkpt lat="36.532612" lon="-4.873422">
<ele>206</ele>
<time>2025-08-19T00:29:30Z</time></trkpt>
<trkpt lat="36.532725" lon="-4.873239">
<ele>207</ele>
<time>2025-08-19T00:29:33Z</time></trkpt>
<trkpt lat="36.532873" lon="-4.872955">
<ele>210</ele>
<time>2025-08-19T00:29:39Z</time></trkpt>
<trkpt lat="36.532989" lon="-4.872655">
<ele>212</ele>
<time>2025-08-19T00:29:44Z</time></trkpt>
<trkpt lat="36.533205" lon="-4.872065">
<ele>214</ele>
<time>2025-08-19T00:29:55Z</time></trkpt>
<trkpt lat="36.533427" lon="-4.871255">
<ele>218</ele>
<time>2025-08-19T00:30:08Z</time></trkpt>
<trkpt lat="36.5337" lon="-4.870091">
<ele>225</ele>
<time>2025-08-19T00:30:28Z</time></trkpt>
<trkpt lat="36.533789" lon="-4.869782">
<ele>225</ele>
<time>2025-08-19T00:30:33Z</time></trkpt>
<trkpt lat="36.53391" lon="-4.869502">
<ele>226</ele>
<time>2025-08-19T00:30:38Z</time></trkpt>
<trkpt lat="36.534032" lon="-4.869275">
<ele>226</ele>
<time>2025-08-19T00:30:43Z</time></trkpt>
<trkpt lat="36.534158" lon="-4.869084">
<ele>226</ele>
<time>2025-08-19T00:30:47Z</time></trkpt>
<trkpt lat="36.534835" lon="-4.868338">
<ele>230</ele>
<time>2025-08-19T00:31:05Z</time></trkpt>
<trkpt lat="36.537161" lon="-4.865864">
<ele>254</ele>
<time>2025-08-19T00:32:06Z</time></trkpt>
<trkpt lat="36.537349" lon="-4.865692">
<ele>257</ele>
<time>2025-08-19T00:32:11Z</time></trkpt>
<trkpt lat="36.537529" lon="-4.865562">
<ele>258</ele>
<time>2025-08-19T00:32:15Z</time></trkpt>
<trkpt lat="36.537666" lon="-4.865487">
<ele>260</ele>
<time>2025-08-19T00:32:18Z</time></trkpt>
<trkpt lat="36.537935" lon="-4.865394">
<ele>261</ele>
<time>2025-08-19T00:32:24Z</time></trkpt>
<trkpt lat="36.53974" lon="-4.864993">
<ele>276</ele>
<time>2025-08-19T00:33:00Z</time></trkpt>
<trkpt lat="36.542553" lon="-4.864401">
<ele>297</ele>
<time>2025-08-19T00:33:58Z</time></trkpt>
<trkpt lat="36.542999" lon="-4.864257">
<ele>301</ele>
<time>2025-08-19T00:34:07Z</time></trkpt>
<trkpt lat="36.543174" lon="-4.864169">
<ele>300</ele>
<time>2025-08-19T00:34:11Z</time></trkpt>
<trkpt lat="36.543417" lon="-4.86401">
<ele>302</ele>
<time>2025-08-19T00:34:16Z</time></trkpt>
<trkpt lat="36.543657" lon="-4.8638">
<ele>304</ele>
<time>2025-08-19T00:34:22Z</time></trkpt>
<trkpt lat="36.5439" lon="-4.863513">
<ele>306</ele>
<time>2025-08-19T00:34:29Z</time></trkpt>
<trkpt lat="36.544114" lon="-4.863174">
<ele>308</ele>
<time>2025-08-19T00:34:36Z</time></trkpt>
<trkpt lat="36.544383" lon="-4.862684">
<ele>314</ele>
<time>2025-08-19T00:34:45Z</time></trkpt>
<trkpt lat="36.544656" lon="-4.862241">
<ele>321</ele>
<time>2025-08-19T00:34:54Z</time></trkpt>
<trkpt lat="36.545014" lon="-4.861912">
<ele>321</ele>
<time>2025-08-19T00:35:03Z</time></trkpt>
<trkpt lat="36.545289" lon="-4.861713">
<ele>323</ele>
<time>2025-08-19T00:35:09Z</time></trkpt>
<trkpt lat="36.545655" lon="-4.861544">
<ele>326</ele>
<time>2025-08-19T00:35:17Z</time></trkpt>
<trkpt lat="36.545946" lon="-4.861476">
<ele>329</ele>
<time>2025-08-19T00:35:23Z</time></trkpt>
<trkpt lat="36.546357" lon="-4.861432">
<ele>330</ele>
<time>2025-08-19T00:35:31Z</time></trkpt>
<trkpt lat="36.547087" lon="-4.861382">
<ele>332</ele>
<time>2025-08-19T00:35:46Z</time></trkpt>
<trkpt lat="36.547706" lon="-4.861159">
<ele>335</ele>
<time>2025-08-19T00:35:59Z</time></trkpt>
<trkpt lat="36.548159" lon="-4.861018">
<ele>338</ele>
<time>2025-08-19T00:36:08Z</time></trkpt>
<trkpt lat="36.548266" lon="-4.860965">
<ele>340</ele>
<time>2025-08-19T00:36:11Z</time></trkpt>
<trkpt lat="36.548409" lon="-4.860819">
<ele>342</ele>
<time>2025-08-19T00:36:14Z</time></trkpt>
<trkpt lat="36.548521" lon="-4.860548">
<ele>338</ele>
<time>2025-08-19T00:36:19Z</time></trkpt>
<trkpt lat="36.548529" lon="-4.860472">
<ele>337</ele>
<time>2025-08-19T00:36:20Z</time></trkpt>
<trkpt lat="36.548602" lon="-4.860321">
<ele>337</ele>
<time>2025-08-19T00:36:23Z</time></trkpt>
<trkpt lat="36.548654" lon="-4.860266">
<ele>336</ele>
<time>2025-08-19T00:36:25Z</time></trkpt>
<trkpt lat="36.5487" lon="-4.86025">
<ele>335</ele>
<time>2025-08-19T00:36:26Z</time></trkpt>
<trkpt lat="36.548772" lon="-4.860259">
<ele>334</ele>
<time>2025-08-19T00:36:27Z</time></trkpt>
<trkpt lat="36.54887" lon="-4.860297">
<ele>333</ele>
<time>2025-08-19T00:36:29Z</time></trkpt>
<trkpt lat="36.548928" lon="-4.860354">
<ele>332</ele>
<time>2025-08-19T00:36:31Z</time></trkpt>
<trkpt lat="36.548967" lon="-4.860473">
<ele>334</ele>
<time>2025-08-19T00:36:33Z</time></trkpt>
<trkpt lat="36.549136" lon="-4.86071">
<ele>335</ele>
<time>2025-08-19T00:36:38Z</time></trkpt>
<trkpt lat="36.549182" lon="-4.860737">
<ele>334</ele>
<time>2025-08-19T00:36:39Z</time></trkpt>
<trkpt lat="36.549299" lon="-4.86074">
<ele>334</ele>
<time>2025-08-19T00:36:41Z</time></trkpt>
<trkpt lat="36.549515" lon="-4.860631">
<ele>330</ele>
<time>2025-08-19T00:36:46Z</time></trkpt>
<trkpt lat="36.549598" lon="-4.860623">
<ele>328</ele>
<time>2025-08-19T00:36:48Z</time></trkpt>
<trkpt lat="36.54968" lon="-4.860657">
<ele>328</ele>
<time>2025-08-19T00:36:49Z</time></trkpt>
<trkpt lat="36.549821" lon="-4.860794">
<ele>329</ele>
<time>2025-08-19T00:36:53Z</time></trkpt>
<trkpt lat="36.549865" lon="-4.860811">
<ele>329</ele>
<time>2025-08-19T00:36:54Z</time></trkpt>
<trkpt lat="36.549964" lon="-4.860796">
<ele>327</ele>
<time>2025-08-19T00:36:56Z</time></trkpt>
<trkpt lat="36.550003" lon="-4.86077">
<ele>325</ele>
<time>2025-08-19T00:36:57Z</time></trkpt>
<trkpt lat="36.550036" lon="-4.86072">
<ele>326</ele>
<time>2025-08-19T00:36:58Z</time></trkpt>
<trkpt lat="36.550205" lon="-4.860356">
<ele>323</ele>
<time>2025-08-19T00:37:04Z</time></trkpt>
<trkpt lat="36.550605" lon="-4.859789">
<ele>319</ele>
<time>2025-08-19T00:37:17Z</time></trkpt>
<trkpt lat="36.550664" lon="-4.859741">
<ele>317</ele>
<time>2025-08-19T00:37:18Z</time></trkpt>
<trkpt lat="36.55073" lon="-4.859718">
<ele>317</ele>
<time>2025-08-19T00:37:19Z</time></trkpt>
<trkpt lat="36.550933" lon="-4.859736">
<ele>317</ele>
<time>2025-08-19T00:37:23Z</time></trkpt>
<trkpt lat="36.551004" lon="-4.859766">
<ele>317</ele>
<time>2025-08-19T00:37:25Z</time></trkpt>
<trkpt lat="36.551392" lon="-4.86007">
<ele>316</ele>
<time>2025-08-19T00:37:34Z</time></trkpt>
<trkpt lat="36.55144" lon="-4.860123">
<ele>315</ele>
<time>2025-08-19T00:37:35Z</time></trkpt>
<trkpt lat="36.551498" lon="-4.860279">
<ele>315</ele>
<time>2025-08-19T00:37:38Z</time></trkpt>
<trkpt lat="36.551519" lon="-4.860561">
<ele>314</ele>
<time>2025-08-19T00:37:43Z</time></trkpt>
<trkpt lat="36.551585" lon="-4.860656">
<ele>315</ele>
<time>2025-08-19T00:37:45Z</time></trkpt>
<trkpt lat="36.551708" lon="-4.860712">
<ele>314</ele>
<time>2025-08-19T00:37:47Z</time></trkpt>
<trkpt lat="36.552249" lon="-4.860731">
<ele>307</ele>
<time>2025-08-19T00:37:58Z</time></trkpt>
<trkpt lat="36.55233" lon="-4.860766">
<ele>306</ele>
<time>2025-08-19T00:38:00Z</time></trkpt>
<trkpt lat="36.552413" lon="-4.860826">
<ele>306</ele>
<time>2025-08-19T00:38:02Z</time></trkpt>
<trkpt lat="36.552647" lon="-4.861079">
<ele>306</ele>
<time>2025-08-19T00:38:08Z</time></trkpt>
<trkpt lat="36.552994" lon="-4.861584">
<ele>306</ele>
<time>2025-08-19T00:38:19Z</time></trkpt>
<trkpt lat="36.553071" lon="-4.861659">
<ele>305</ele>
<time>2025-08-19T00:38:21Z</time></trkpt>
<trkpt lat="36.553125" lon="-4.861686">
<ele>307</ele>
<time>2025-08-19T00:38:22Z</time></trkpt>
<trkpt lat="36.553199" lon="-4.861689">
<ele>308</ele>
<time>2025-08-19T00:38:23Z</time></trkpt>
<trkpt lat="36.55326" lon="-4.861667">
<ele>309</ele>
<time>2025-08-19T00:38:25Z</time></trkpt>
<trkpt lat="36.55333" lon="-4.86159">
<ele>308</ele>
<time>2025-08-19T00:38:27Z</time></trkpt>
<trkpt lat="36.553496" lon="-4.861368">
<ele>311</ele>
<time>2025-08-19T00:38:31Z</time></trkpt>
<trkpt lat="36.55354" lon="-4.86127">
<ele>311</ele>
<time>2025-08-19T00:38:33Z</time></trkpt>
<trkpt lat="36.553579" lon="-4.861153">
<ele>311</ele>
<time>2025-08-19T00:38:35Z</time></trkpt>
<trkpt lat="36.553636" lon="-4.860688">
<ele>312</ele>
<time>2025-08-19T00:38:43Z</time></trkpt>
<trkpt lat="36.553679" lon="-4.860489">
<ele>312</ele>
<time>2025-08-19T00:38:46Z</time></trkpt>
<trkpt lat="36.553716" lon="-4.860237">
<ele>310</ele>
<time>2025-08-19T00:38:50Z</time></trkpt>
<trkpt lat="36.553816" lon="-4.860123">
<ele>312</ele>
<time>2025-08-19T00:38:53Z</time></trkpt>
<trkpt lat="36.553931" lon="-4.86011">
<ele>312</ele>
<time>2025-08-19T00:38:55Z</time></trkpt>
<trkpt lat="36.553986" lon="-4.860125">
<ele>310</ele>
<time>2025-08-19T00:38:56Z</time></trkpt>
<trkpt lat="36.554085" lon="-4.860198">
<ele>309</ele>
<time>2025-08-19T00:38:59Z</time></trkpt>
<trkpt lat="36.554207" lon="-4.860342">
<ele>311</ele>
<time>2025-08-19T00:39:02Z</time></trkpt>
<trkpt lat="36.554321" lon="-4.860515">
<ele>312</ele>
<time>2025-08-19T00:39:06Z</time></trkpt>
<trkpt lat="36.554614" lon="-4.860907">
<ele>310</ele>
<time>2025-08-19T00:39:14Z</time></trkpt>
<trkpt lat="36.554741" lon="-4.861017">
<ele>307</ele>
<time>2025-08-19T00:39:17Z</time></trkpt>
<trkpt lat="36.555125" lon="-4.861242">
<ele>306</ele>
<time>2025-08-19T00:39:26Z</time></trkpt>
<trkpt lat="36.556045" lon="-4.861577">
<ele>300</ele>
<time>2025-08-19T00:39:45Z</time></trkpt>
<trkpt lat="36.556116" lon="-4.861628">
<ele>299</ele>
<time>2025-08-19T00:39:47Z</time></trkpt>
<trkpt lat="36.556315" lon="-4.861836">
<ele>298</ele>
<time>2025-08-19T00:39:52Z</time></trkpt>
<trkpt lat="36.556421" lon="-4.861864">
<ele>297</ele>
<time>2025-08-19T00:39:54Z</time></trkpt>
<trkpt lat="36.556474" lon="-4.861845">
<ele>299</ele>
<time>2025-08-19T00:39:55Z</time></trkpt>
<trkpt lat="36.55653" lon="-4.861803">
<ele>300</ele>
<time>2025-08-19T00:39:57Z</time></trkpt>
<trkpt lat="36.55657" lon="-4.861734">
<ele>301</ele>
<time>2025-08-19T00:39:58Z</time></trkpt>
<trkpt lat="36.55659" lon="-4.861661">
<ele>301</ele>
<time>2025-08-19T00:39:59Z</time></trkpt>
<trkpt lat="36.55658" lon="-4.861422">
<ele>297</ele>
<time>2025-08-19T00:40:03Z</time></trkpt>
<trkpt lat="36.556596" lon="-4.861209">
<ele>295</ele>
<time>2025-08-19T00:40:06Z</time></trkpt>
<trkpt lat="36.556718" lon="-4.860431">
<ele>293</ele>
<time>2025-08-19T00:40:19Z</time></trkpt>
<trkpt lat="36.557058" lon="-4.859132">
<ele>294</ele>
<time>2025-08-19T00:40:41Z</time></trkpt>
<trkpt lat="36.557159" lon="-4.858754">
<ele>292</ele>
<time>2025-08-19T00:40:48Z</time></trkpt>
<trkpt lat="36.557231" lon="-4.858632">
<ele>293</ele>
<time>2025-08-19T00:40:50Z</time></trkpt>
<trkpt lat="36.557356" lon="-4.858572">
<ele>295</ele>
<time>2025-08-19T00:40:53Z</time></trkpt>
<trkpt lat="36.557691" lon="-4.85852">
<ele>296</ele>
<time>2025-08-19T00:41:00Z</time></trkpt>
<trkpt lat="36.557838" lon="-4.858477">
<ele>298</ele>
<time>2025-08-19T00:41:03Z</time></trkpt>
<trkpt lat="36.558019" lon="-4.858176">
<ele>297</ele>
<time>2025-08-19T00:41:09Z</time></trkpt>
<trkpt lat="36.558166" lon="-4.858034">
<ele>297</ele>
<time>2025-08-19T00:41:12Z</time></trkpt>
<trkpt lat="36.558292" lon="-4.858">
<ele>297</ele>
<time>2025-08-19T00:41:15Z</time></trkpt>
<trkpt lat="36.558418" lon="-4.85799">
<ele>297</ele>
<time>2025-08-19T00:41:17Z</time></trkpt>
<trkpt lat="36.558551" lon="-4.858022">
<ele>298</ele>
<time>2025-08-19T00:41:20Z</time></trkpt>
<trkpt lat="36.558686" lon="-4.8581">
<ele>301</ele>
<time>2025-08-19T00:41:23Z</time></trkpt>
<trkpt lat="36.55878" lon="-4.858119">
<ele>302</ele>
<time>2025-08-19T00:41:25Z</time></trkpt>
<trkpt lat="36.558853" lon="-4.858105">
<ele>301</ele>
<time>2025-08-19T00:41:27Z</time></trkpt>
<trkpt lat="36.558925" lon="-4.858052">
<ele>301</ele>
<time>2025-08-19T00:41:28Z</time></trkpt>
<trkpt lat="36.558967" lon="-4.857989">
<ele>301</ele>
<time>2025-08-19T00:41:30Z</time></trkpt>
<trkpt lat="36.558988" lon="-4.857796">
<ele>299</ele>
<time>2025-08-19T00:41:33Z</time></trkpt>
<trkpt lat="36.559017" lon="-4.857721">
<ele>300</ele>
<time>2025-08-19T00:41:34Z</time></trkpt>
<trkpt lat="36.559054" lon="-4.857647">
<ele>300</ele>
<time>2025-08-19T00:41:35Z</time></trkpt>
<trkpt lat="36.559118" lon="-4.857592">
<ele>301</ele>
<time>2025-08-19T00:41:37Z</time></trkpt>
<trkpt lat="36.559274" lon="-4.857571">
<ele>301</ele>
<time>2025-08-19T00:41:40Z</time></trkpt>
<trkpt lat="36.559353" lon="-4.857595">
<ele>301</ele>
<time>2025-08-19T00:41:42Z</time></trkpt>
<trkpt lat="36.559852" lon="-4.857959">
<ele>303</ele>
<time>2025-08-19T00:41:53Z</time></trkpt>
<trkpt lat="36.560027" lon="-4.857957">
<ele>303</ele>
<time>2025-08-19T00:41:57Z</time></trkpt>
<trkpt lat="36.56007" lon="-4.857961">
<ele>304</ele>
<time>2025-08-19T00:41:58Z</time></trkpt>
<trkpt lat="36.560151" lon="-4.857974">
<ele>304</ele>
<time>2025-08-19T00:41:59Z</time></trkpt>
<trkpt lat="36.560402" lon="-4.858014">
<ele>306</ele>
<time>2025-08-19T00:42:04Z</time></trkpt>
<trkpt lat="36.560531" lon="-4.858064">
<ele>307</ele>
<time>2025-08-19T00:42:07Z</time></trkpt>
<trkpt lat="36.56058" lon="-4.858111">
<ele>307</ele>
<time>2025-08-19T00:42:08Z</time></trkpt>
<trkpt lat="36.56065" lon="-4.858258">
<ele>308</ele>
<time>2025-08-19T00:42:11Z</time></trkpt>
<trkpt lat="36.560748" lon="-4.858593">
<ele>311</ele>
<time>2025-08-19T00:42:17Z</time></trkpt>
<trkpt lat="36.560786" lon="-4.85868">
<ele>311</ele>
<time>2025-08-19T00:42:18Z</time></trkpt>
<trkpt lat="36.560914" lon="-4.858916">
<ele>315</ele>
<time>2025-08-19T00:42:23Z</time></trkpt>
<trkpt lat="36.560981" lon="-4.858978">
<ele>316</ele>
<time>2025-08-19T00:42:25Z</time></trkpt>
<trkpt lat="36.561123" lon="-4.859011">
<ele>315</ele>
<time>2025-08-19T00:42:28Z</time></trkpt>
<trkpt lat="36.561292" lon="-4.858981">
<ele>315</ele>
<time>2025-08-19T00:42:31Z</time></trkpt>
<trkpt lat="36.561383" lon="-4.858983">
<ele>316</ele>
<time>2025-08-19T00:42:33Z</time></trkpt>
<trkpt lat="36.561454" lon="-4.859008">
<ele>315</ele>
<time>2025-08-19T00:42:34Z</time></trkpt>
<trkpt lat="36.561935" lon="-4.859385">
<ele>320</ele>
<time>2025-08-19T00:42:46Z</time></trkpt>
<trkpt lat="36.562081" lon="-4.859442">
<ele>322</ele>
<time>2025-08-19T00:42:49Z</time></trkpt>
<trkpt lat="36.562165" lon="-4.859435">
<ele>322</ele>
<time>2025-08-19T00:42:50Z</time></trkpt>
<trkpt lat="36.562254" lon="-4.859394">
<ele>322</ele>
<time>2025-08-19T00:42:52Z</time></trkpt>
<trkpt lat="36.562515" lon="-4.859111">
<ele>321</ele>
<time>2025-08-19T00:42:59Z</time></trkpt>
<trkpt lat="36.562621" lon="-4.859038">
<ele>320</ele>
<time>2025-08-19T00:43:02Z</time></trkpt>
<trkpt lat="36.562782" lon="-4.859002">
<ele>322</ele>
<time>2025-08-19T00:43:05Z</time></trkpt>
<trkpt lat="36.563018" lon="-4.858985">
<ele>323</ele>
<time>2025-08-19T00:43:10Z</time></trkpt>
<trkpt lat="36.563108" lon="-4.858984">
<ele>322</ele>
<time>2025-08-19T00:43:12Z</time></trkpt>
<trkpt lat="36.563302" lon="-4.859036">
<ele>322</ele>
<time>2025-08-19T00:43:16Z</time></trkpt>
<trkpt lat="36.563413" lon="-4.85913">
<ele>322</ele>
<time>2025-08-19T00:43:18Z</time></trkpt>
<trkpt lat="36.563603" lon="-4.859347">
<ele>324</ele>
<time>2025-08-19T00:43:23Z</time></trkpt>
<trkpt lat="36.563694" lon="-4.859391">
<ele>326</ele>
<time>2025-08-19T00:43:25Z</time></trkpt>
<trkpt lat="36.563768" lon="-4.859394">
<ele>327</ele>
<time>2025-08-19T00:43:27Z</time></trkpt>
<trkpt lat="36.564037" lon="-4.859339">
<ele>325</ele>
<time>2025-08-19T00:43:32Z</time></trkpt>
<trkpt lat="36.564326" lon="-4.859403">
<ele>329</ele>
<time>2025-08-19T00:43:38Z</time></trkpt>
<trkpt lat="36.56437" lon="-4.85939">
<ele>329</ele>
<time>2025-08-19T00:43:39Z</time></trkpt>
<trkpt lat="36.564451" lon="-4.859316">
<ele>327</ele>
<time>2025-08-19T00:43:41Z</time></trkpt>
<trkpt lat="36.564629" lon="-4.858989">
<ele>326</ele>
<time>2025-08-19T00:43:47Z</time></trkpt>
<trkpt lat="36.564731" lon="-4.858836">
<ele>325</ele>
<time>2025-08-19T00:43:51Z</time></trkpt>
<trkpt lat="36.564981" lon="-4.858598">
<ele>325</ele>
<time>2025-08-19T00:43:57Z</time></trkpt>
<trkpt lat="36.565036" lon="-4.85851">
<ele>325</ele>
<time>2025-08-19T00:43:59Z</time></trkpt>
<trkpt lat="36.565079" lon="-4.858431">
<ele>326</ele>
<time>2025-08-19T00:44:00Z</time></trkpt>
<trkpt lat="36.565248" lon="-4.857948">
<ele>326</ele>
<time>2025-08-19T00:44:09Z</time></trkpt>
<trkpt lat="36.565244" lon="-4.857834">
<ele>325</ele>
<time>2025-08-19T00:44:11Z</time></trkpt>
<trkpt lat="36.565098" lon="-4.857591">
<ele>329</ele>
<time>2025-08-19T00:44:15Z</time></trkpt>
<trkpt lat="36.565032" lon="-4.857416">
<ele>329</ele>
<time>2025-08-19T00:44:19Z</time></trkpt>
<trkpt lat="36.565022" lon="-4.857265">
<ele>330</ele>
<time>2025-08-19T00:44:21Z</time></trkpt>
<trkpt lat="36.565079" lon="-4.85692">
<ele>332</ele>
<time>2025-08-19T00:44:27Z</time></trkpt>
<trkpt lat="36.56514" lon="-4.856697">
<ele>334</ele>
<time>2025-08-19T00:44:30Z</time></trkpt>
<trkpt lat="36.565163" lon="-4.856359">
<ele>332</ele>
<time>2025-08-19T00:44:36Z</time></trkpt>
<trkpt lat="36.565179" lon="-4.855757">
<ele>328</ele>
<time>2025-08-19T00:44:46Z</time></trkpt>
<trkpt lat="36.564984" lon="-4.855236">
<ele>329</ele>
<time>2025-08-19T00:44:55Z</time></trkpt>
<trkpt lat="36.564715" lon="-4.854855">
<ele>329</ele>
<time>2025-08-19T00:45:03Z</time></trkpt>
<trkpt lat="36.564646" lon="-4.854634">
<ele>328</ele>
<time>2025-08-19T00:45:07Z</time></trkpt>
<trkpt lat="36.564646" lon="-4.854545">
<ele>328</ele>
<time>2025-08-19T00:45:08Z</time></trkpt>
<trkpt lat="36.564832" lon="-4.853729">
<ele>325</ele>
<time>2025-08-19T00:45:22Z</time></trkpt>
<trkpt lat="36.564984" lon="-4.853223">
<ele>326</ele>
<time>2025-08-19T00:45:31Z</time></trkpt>
<trkpt lat="36.565221" lon="-4.852967">
<ele>328</ele>
<time>2025-08-19T00:45:37Z</time></trkpt>
<trkpt lat="36.565438" lon="-4.852899">
<ele>331</ele>
<time>2025-08-19T00:45:41Z</time></trkpt>
<trkpt lat="36.565593" lon="-4.852838">
<ele>332</ele>
<time>2025-08-19T00:45:45Z</time></trkpt>
<trkpt lat="36.565982" lon="-4.852635">
<ele>331</ele>
<time>2025-08-19T00:45:53Z</time></trkpt>
<trkpt lat="36.566064" lon="-4.852626">
<ele>332</ele>
<time>2025-08-19T00:45:55Z</time></trkpt>
<trkpt lat="36.56652" lon="-4.852753">
<ele>336</ele>
<time>2025-08-19T00:46:04Z</time></trkpt>
<trkpt lat="36.567019" lon="-4.853003">
<ele>338</ele>
<time>2025-08-19T00:46:15Z</time></trkpt>
<trkpt lat="36.567091" lon="-4.853019">
<ele>337</ele>
<time>2025-08-19T00:46:16Z</time></trkpt>
<trkpt lat="36.56716" lon="-4.853012">
<ele>336</ele>
<time>2025-08-19T00:46:18Z</time></trkpt>
<trkpt lat="36.567231" lon="-4.852974">
<ele>335</ele>
<time>2025-08-19T00:46:19Z</time></trkpt>
<trkpt lat="36.56732" lon="-4.852868">
<ele>338</ele>
<time>2025-08-19T00:46:22Z</time></trkpt>
<trkpt lat="36.567336" lon="-4.852821">
<ele>338</ele>
<time>2025-08-19T00:46:23Z</time></trkpt>
<trkpt lat="36.567336" lon="-4.852718">
<ele>340</ele>
<time>2025-08-19T00:46:24Z</time></trkpt>
<trkpt lat="36.567295" lon="-4.852583">
<ele>339</ele>
<time>2025-08-19T00:46:27Z</time></trkpt>
<trkpt lat="36.567276" lon="-4.852363">
<ele>338</ele>
<time>2025-08-19T00:46:30Z</time></trkpt>
<trkpt lat="36.567321" lon="-4.852073">
<ele>339</ele>
<time>2025-08-19T00:46:35Z</time></trkpt>
<trkpt lat="36.567337" lon="-4.851848">
<ele>337</ele>
<time>2025-08-19T00:46:39Z</time></trkpt>
<trkpt lat="36.567407" lon="-4.851584">
<ele>337</ele>
<time>2025-08-19T00:46:43Z</time></trkpt>
<trkpt lat="36.567463" lon="-4.851452">
<ele>337</ele>
<time>2025-08-19T00:46:45Z</time></trkpt>
<trkpt lat="36.567591" lon="-4.851217">
<ele>336</ele>
<time>2025-08-19T00:46:50Z</time></trkpt>
<trkpt lat="36.567745" lon="-4.851065">
<ele>336</ele>
<time>2025-08-19T00:46:54Z</time></trkpt>
<trkpt lat="36.567929" lon="-4.850955">
<ele>338</ele>
<time>2025-08-19T00:46:58Z</time></trkpt>
<trkpt lat="36.568308" lon="-4.850836">
<ele>341</ele>
<time>2025-08-19T00:47:06Z</time></trkpt>
<trkpt lat="36.568371" lon="-4.850784">
<ele>342</ele>
<time>2025-08-19T00:47:07Z</time></trkpt>
<trkpt lat="36.568462" lon="-4.850641">
<ele>344</ele>
<time>2025-08-19T00:47:10Z</time></trkpt>
<trkpt lat="36.568477" lon="-4.850557">
<ele>344</ele>
<time>2025-08-19T00:47:12Z</time></trkpt>
<trkpt lat="36.56847" lon="-4.850295">
<ele>344</ele>
<time>2025-08-19T00:47:16Z</time></trkpt>
<trkpt lat="36.568482" lon="-4.850182">
<ele>343</ele>
<time>2025-08-19T00:47:18Z</time></trkpt>
<trkpt lat="36.56864" lon="-4.8499">
<ele>346</ele>
<time>2025-08-19T00:47:23Z</time></trkpt>
<trkpt lat="36.56864" lon="-4.8499">
<ele>346</ele>
<time>2025-08-19T00:47:23Z</time></trkpt>
<trkpt lat="36.568752" lon="-4.849699">
<ele>347</ele>
<time>2025-08-19T00:47:27Z</time></trkpt>
<trkpt lat="36.568838" lon="-4.849495">
<ele>347</ele>
<time>2025-08-19T00:47:31Z</time></trkpt>
<trkpt lat="36.568982" lon="-4.849261">
<ele>347</ele>
<time>2025-08-19T00:47:36Z</time></trkpt>
<trkpt lat="36.569114" lon="-4.849171">
<ele>347</ele>
<time>2025-08-19T00:47:39Z</time></trkpt>
<trkpt lat="36.569194" lon="-4.849159">
<ele>349</ele>
<time>2025-08-19T00:47:40Z</time></trkpt>
<trkpt lat="36.569564" lon="-4.849227">
<ele>353</ele>
<time>2025-08-19T00:47:48Z</time></trkpt>
<trkpt lat="36.56964" lon="-4.849219">
<ele>352</ele>
<time>2025-08-19T00:47:49Z</time></trkpt>
<trkpt lat="36.569722" lon="-4.849164">
<ele>350</ele>
<time>2025-08-19T00:47:51Z</time></trkpt>
<trkpt lat="36.569797" lon="-4.849061">
<ele>353</ele>
<time>2025-08-19T00:47:53Z</time></trkpt>
<trkpt lat="36.569831" lon="-4.848948">
<ele>354</ele>
<time>2025-08-19T00:47:55Z</time></trkpt>
<trkpt lat="36.569856" lon="-4.848604">
<ele>355</ele>
<time>2025-08-19T00:48:01Z</time></trkpt>
<trkpt lat="36.569882" lon="-4.848496">
<ele>354</ele>
<time>2025-08-19T00:48:03Z</time></trkpt>
<trkpt lat="36.569933" lon="-4.848391">
<ele>355</ele>
<time>2025-08-19T00:48:05Z</time></trkpt>
<trkpt lat="36.570289" lon="-4.847967">
<ele>356</ele>
<time>2025-08-19T00:48:15Z</time></trkpt>
<trkpt lat="36.57044" lon="-4.847863">
<ele>357</ele>
<time>2025-08-19T00:48:18Z</time></trkpt>
<trkpt lat="36.570736" lon="-4.847741">
<ele>360</ele>
<time>2025-08-19T00:48:24Z</time></trkpt>
<trkpt lat="36.570868" lon="-4.847664">
<ele>362</ele>
<time>2025-08-19T00:48:27Z</time></trkpt>
<trkpt lat="36.570994" lon="-4.847579">
<ele>363</ele>
<time>2025-08-19T00:48:30Z</time></trkpt>
<trkpt lat="36.571199" lon="-4.847404">
<ele>361</ele>
<time>2025-08-19T00:48:35Z</time></trkpt>
<trkpt lat="36.571318" lon="-4.84735">
<ele>361</ele>
<time>2025-08-19T00:48:38Z</time></trkpt>
<trkpt lat="36.571372" lon="-4.847351">
<ele>363</ele>
<time>2025-08-19T00:48:39Z</time></trkpt>
<trkpt lat="36.571492" lon="-4.847397">
<ele>363</ele>
<time>2025-08-19T00:48:41Z</time></trkpt>
<trkpt lat="36.572012" lon="-4.847762">
<ele>369</ele>
<time>2025-08-19T00:48:53Z</time></trkpt>
<trkpt lat="36.572084" lon="-4.847831">
<ele>370</ele>
<time>2025-08-19T00:48:55Z</time></trkpt>
<trkpt lat="36.572299" lon="-4.848094">
<ele>372</ele>
<time>2025-08-19T00:49:01Z</time></trkpt>
<trkpt lat="36.572445" lon="-4.848445">
<ele>378</ele>
<time>2025-08-19T00:49:07Z</time></trkpt>
<trkpt lat="36.572547" lon="-4.848579">
<ele>379</ele>
<time>2025-08-19T00:49:10Z</time></trkpt>
<trkpt lat="36.572681" lon="-4.848702">
<ele>381</ele>
<time>2025-08-19T00:49:14Z</time></trkpt>
<trkpt lat="36.57306" lon="-4.848866">
<ele>382</ele>
<time>2025-08-19T00:49:22Z</time></trkpt>
<trkpt lat="36.573469" lon="-4.849116">
<ele>384</ele>
<time>2025-08-19T00:49:31Z</time></trkpt>
<trkpt lat="36.573601" lon="-4.84928">
<ele>387</ele>
<time>2025-08-19T00:49:35Z</time></trkpt>
<trkpt lat="36.573719" lon="-4.849546">
<ele>391</ele>
<time>2025-08-19T00:49:39Z</time></trkpt>
<trkpt lat="36.573766" lon="-4.849619">
<ele>392</ele>
<time>2025-08-19T00:49:41Z</time></trkpt>
<trkpt lat="36.573878" lon="-4.849742">
<ele>393</ele>
<time>2025-08-19T00:49:44Z</time></trkpt>
<trkpt lat="36.574211" lon="-4.849879">
<ele>395</ele>
<time>2025-08-19T00:49:51Z</time></trkpt>
<trkpt lat="36.574282" lon="-4.849929">
<ele>396</ele>
<time>2025-08-19T00:49:53Z</time></trkpt>
<trkpt lat="36.574494" lon="-4.850157">
<ele>397</ele>
<time>2025-08-19T00:49:58Z</time></trkpt>
<trkpt lat="36.574556" lon="-4.850196">
<ele>398</ele>
<time>2025-08-19T00:50:00Z</time></trkpt>
<trkpt lat="36.57464" lon="-4.850229">
<ele>399</ele>
<time>2025-08-19T00:50:01Z</time></trkpt>
<trkpt lat="36.574826" lon="-4.850254">
<ele>401</ele>
<time>2025-08-19T00:50:05Z</time></trkpt>
<trkpt lat="36.574891" lon="-4.850275">
<ele>402</ele>
<time>2025-08-19T00:50:06Z</time></trkpt>
<trkpt lat="36.574956" lon="-4.850321">
<ele>404</ele>
<time>2025-08-19T00:50:08Z</time></trkpt>
<trkpt lat="36.574998" lon="-4.850381">
<ele>405</ele>
<time>2025-08-19T00:50:09Z</time></trkpt>
<trkpt lat="36.575097" lon="-4.850711">
<ele>408</ele>
<time>2025-08-19T00:50:15Z</time></trkpt>
<trkpt lat="36.575334" lon="-4.850977">
<ele>411</ele>
<time>2025-08-19T00:50:21Z</time></trkpt>
<trkpt lat="36.57549" lon="-4.85124">
<ele>414</ele>
<time>2025-08-19T00:50:27Z</time></trkpt>
<trkpt lat="36.575556" lon="-4.851308">
<ele>413</ele>
<time>2025-08-19T00:50:28Z</time></trkpt>
<trkpt lat="36.575639" lon="-4.851339">
<ele>415</ele>
<time>2025-08-19T00:50:30Z</time></trkpt>
<trkpt lat="36.575727" lon="-4.851344">
<ele>417</ele>
<time>2025-08-19T00:50:32Z</time></trkpt>
<trkpt lat="36.575846" lon="-4.851287">
<ele>418</ele>
<time>2025-08-19T00:50:34Z</time></trkpt>
<trkpt lat="36.575919" lon="-4.851216">
<ele>420</ele>
<time>2025-08-19T00:50:36Z</time></trkpt>
<trkpt lat="36.576078" lon="-4.851008">
<ele>420</ele>
<time>2025-08-19T00:50:41Z</time></trkpt>
<trkpt lat="36.576147" lon="-4.850966">
<ele>420</ele>
<time>2025-08-19T00:50:42Z</time></trkpt>
<trkpt lat="36.576357" lon="-4.850913">
<ele>422</ele>
<time>2025-08-19T00:50:47Z</time></trkpt>
<trkpt lat="36.577079" lon="-4.850781">
<ele>429</ele>
<time>2025-08-19T00:51:01Z</time></trkpt>
<trkpt lat="36.577589" lon="-4.850607">
<ele>432</ele>
<time>2025-08-19T00:51:12Z</time></trkpt>
<trkpt lat="36.577674" lon="-4.8506">
<ele>433</ele>
<time>2025-08-19T00:51:14Z</time></trkpt>
<trkpt lat="36.577785" lon="-4.850609">
<ele>434</ele>
<time>2025-08-19T00:51:16Z</time></trkpt>
<trkpt lat="36.578086" lon="-4.850692">
<ele>438</ele>
<time>2025-08-19T00:51:22Z</time></trkpt>
<trkpt lat="36.578227" lon="-4.850706">
<ele>439</ele>
<time>2025-08-19T00:51:25Z</time></trkpt>
<trkpt lat="36.578322" lon="-4.85069">
<ele>439</ele>
<time>2025-08-19T00:51:27Z</time></trkpt>
<trkpt lat="36.578635" lon="-4.850577">
<ele>443</ele>
<time>2025-08-19T00:51:33Z</time></trkpt>
<trkpt lat="36.57874" lon="-4.85058">
<ele>444</ele>
<time>2025-08-19T00:51:35Z</time></trkpt>
<trkpt lat="36.578797" lon="-4.850611">
<ele>445</ele>
<time>2025-08-19T00:51:37Z</time></trkpt>
<trkpt lat="36.578878" lon="-4.850712">
<ele>447</ele>
<time>2025-08-19T00:51:39Z</time></trkpt>
<trkpt lat="36.578907" lon="-4.85084">
<ele>448</ele>
<time>2025-08-19T00:51:41Z</time></trkpt>
<trkpt lat="36.578903" lon="-4.850909">
<ele>450</ele>
<time>2025-08-19T00:51:42Z</time></trkpt>
<trkpt lat="36.578883" lon="-4.850972">
<ele>450</ele>
<time>2025-08-19T00:51:43Z</time></trkpt>
<trkpt lat="36.578847" lon="-4.851022">
<ele>452</ele>
<time>2025-08-19T00:51:44Z</time></trkpt>
<trkpt lat="36.57879" lon="-4.851064">
<ele>453</ele>
<time>2025-08-19T00:51:46Z</time></trkpt>
<trkpt lat="36.578716" lon="-4.851087">
<ele>453</ele>
<time>2025-08-19T00:51:47Z</time></trkpt>
<trkpt lat="36.577612" lon="-4.851064">
<ele>454</ele>
<time>2025-08-19T00:52:09Z</time></trkpt>
<trkpt lat="36.577539" lon="-4.851078">
<ele>455</ele>
<time>2025-08-19T00:52:11Z</time></trkpt>
<trkpt lat="36.577461" lon="-4.851138">
<ele>457</ele>
<time>2025-08-19T00:52:13Z</time></trkpt>
<trkpt lat="36.57743" lon="-4.851198">
<ele>459</ele>
<time>2025-08-19T00:52:14Z</time></trkpt>
<trkpt lat="36.577419" lon="-4.851267">
<ele>461</ele>
<time>2025-08-19T00:52:15Z</time></trkpt>
<trkpt lat="36.577431" lon="-4.851348">
<ele>464</ele>
<time>2025-08-19T00:52:16Z</time></trkpt>
<trkpt lat="36.57746" lon="-4.85142">
<ele>467</ele>
<time>2025-08-19T00:52:18Z</time></trkpt>
<trkpt lat="36.577502" lon="-4.85147">
<ele>471</ele>
<time>2025-08-19T00:52:19Z</time></trkpt>
<trkpt lat="36.577622" lon="-4.851503">
<ele>473</ele>
<time>2025-08-19T00:52:21Z</time></trkpt>
<trkpt lat="36.578754" lon="-4.851497">
<ele>471</ele>
<time>2025-08-19T00:52:44Z</time></trkpt>
<trkpt lat="36.578876" lon="-4.851531">
<ele>473</ele>
<time>2025-08-19T00:52:46Z</time></trkpt>
<trkpt lat="36.579167" lon="-4.851736">
<ele>478</ele>
<time>2025-08-19T00:52:53Z</time></trkpt>
<trkpt lat="36.579265" lon="-4.851784">
<ele>480</ele>
<time>2025-08-19T00:52:55Z</time></trkpt>
<trkpt lat="36.579364" lon="-4.851762">
<ele>479</ele>
<time>2025-08-19T00:52:57Z</time></trkpt>
<trkpt lat="36.579472" lon="-4.851687">
<ele>479</ele>
<time>2025-08-19T00:53:00Z</time></trkpt>
<trkpt lat="36.579528" lon="-4.851613">
<ele>482</ele>
<time>2025-08-19T00:53:01Z</time></trkpt>
<trkpt lat="36.579543" lon="-4.851471">
<ele>483</ele>
<time>2025-08-19T00:53:04Z</time></trkpt>
<trkpt lat="36.579519" lon="-4.851276">
<ele>483</ele>
<time>2025-08-19T00:53:07Z</time></trkpt>
<trkpt lat="36.579515" lon="-4.851055">
<ele>484</ele>
<time>2025-08-19T00:53:10Z</time></trkpt>
<trkpt lat="36.579539" lon="-4.850887">
<ele>484</ele>
<time>2025-08-19T00:53:13Z</time></trkpt>
<trkpt lat="36.579597" lon="-4.850751">
<ele>485</ele>
<time>2025-08-19T00:53:16Z</time></trkpt>
<trkpt lat="36.579697" lon="-4.850653">
<ele>487</ele>
<time>2025-08-19T00:53:18Z</time></trkpt>
<trkpt lat="36.579814" lon="-4.850597">
<ele>487</ele>
<time>2025-08-19T00:53:21Z</time></trkpt>
<trkpt lat="36.579956" lon="-4.850587">
<ele>488</ele>
<time>2025-08-19T00:53:23Z</time></trkpt>
<trkpt lat="36.580638" lon="-4.850751">
<ele>491</ele>
<time>2025-08-19T00:53:37Z</time></trkpt>
<trkpt lat="36.580763" lon="-4.850807">
<ele>493</ele>
<time>2025-08-19T00:53:40Z</time></trkpt>
<trkpt lat="36.580828" lon="-4.850942">
<ele>494</ele>
<time>2025-08-19T00:53:43Z</time></trkpt>
<trkpt lat="36.580836" lon="-4.851022">
<ele>495</ele>
<time>2025-08-19T00:53:44Z</time></trkpt>
<trkpt lat="36.580812" lon="-4.851097">
<ele>496</ele>
<time>2025-08-19T00:53:45Z</time></trkpt>
<trkpt lat="36.580776" lon="-4.851146">
<ele>498</ele>
<time>2025-08-19T00:53:46Z</time></trkpt>
<trkpt lat="36.580723" lon="-4.85117">
<ele>500</ele>
<time>2025-08-19T00:53:47Z</time></trkpt>
<trkpt lat="36.58061" lon="-4.851155">
<ele>502</ele>
<time>2025-08-19T00:53:50Z</time></trkpt>
<trkpt lat="36.580548" lon="-4.851119">
<ele>502</ele>
<time>2025-08-19T00:53:51Z</time></trkpt>
<trkpt lat="36.580361" lon="-4.850956">
<ele>503</ele>
<time>2025-08-19T00:53:56Z</time></trkpt>
<trkpt lat="36.580312" lon="-4.850925">
<ele>503</ele>
<time>2025-08-19T00:53:57Z</time></trkpt>
<trkpt lat="36.58025" lon="-4.850914">
<ele>503</ele>
<time>2025-08-19T00:53:58Z</time></trkpt>
<trkpt lat="36.580065" lon="-4.850974">
<ele>505</ele>
<time>2025-08-19T00:54:02Z</time></trkpt>
<trkpt lat="36.579968" lon="-4.851071">
<ele>507</ele>
<time>2025-08-19T00:54:04Z</time></trkpt>
<trkpt lat="36.579938" lon="-4.851151">
<ele>507</ele>
<time>2025-08-19T00:54:06Z</time></trkpt>
<trkpt lat="36.579925" lon="-4.851233">
<ele>508</ele>
<time>2025-08-19T00:54:07Z</time></trkpt>
<trkpt lat="36.579937" lon="-4.851396">
<ele>511</ele>
<time>2025-08-19T00:54:10Z</time></trkpt>
<trkpt lat="36.580072" lon="-4.851955">
<ele>515</ele>
<time>2025-08-19T00:54:19Z</time></trkpt>
<trkpt lat="36.580228" lon="-4.852551">
<ele>516</ele>
<time>2025-08-19T00:54:29Z</time></trkpt>
<trkpt lat="36.58026" lon="-4.852621">
<ele>519</ele>
<time>2025-08-19T00:54:30Z</time></trkpt>
<trkpt lat="36.580313" lon="-4.852667">
<ele>522</ele>
<time>2025-08-19T00:54:32Z</time></trkpt>
<trkpt lat="36.580381" lon="-4.852679">
<ele>524</ele>
<time>2025-08-19T00:54:33Z</time></trkpt>
<trkpt lat="36.580444" lon="-4.852657">
<ele>526</ele>
<time>2025-08-19T00:54:34Z</time></trkpt>
<trkpt lat="36.580487" lon="-4.852617">
<ele>527</ele>
<time>2025-08-19T00:54:36Z</time></trkpt>
<trkpt lat="36.580517" lon="-4.852562">
<ele>527</ele>
<time>2025-08-19T00:54:37Z</time></trkpt>
<trkpt lat="36.580526" lon="-4.85248">
<ele>528</ele>
<time>2025-08-19T00:54:38Z</time></trkpt>
<trkpt lat="36.580512" lon="-4.852387">
<ele>530</ele>
<time>2025-08-19T00:54:39Z</time></trkpt>
<trkpt lat="36.580474" lon="-4.852328">
<ele>530</ele>
<time>2025-08-19T00:54:41Z</time></trkpt>
<trkpt lat="36.580291" lon="-4.852137">
<ele>525</ele>
<time>2025-08-19T00:54:45Z</time></trkpt>
<trkpt lat="36.580233" lon="-4.852048">
<ele>525</ele>
<time>2025-08-19T00:54:47Z</time></trkpt>
<trkpt lat="36.580192" lon="-4.851951">
<ele>524</ele>
<time>2025-08-19T00:54:49Z</time></trkpt>
<trkpt lat="36.580169" lon="-4.851846">
<ele>523</ele>
<time>2025-08-19T00:54:51Z</time></trkpt>
<trkpt lat="36.580185" lon="-4.851638">
<ele>524</ele>
<time>2025-08-19T00:54:54Z</time></trkpt>
<trkpt lat="36.580219" lon="-4.851574">
<ele>525</ele>
<time>2025-08-19T00:54:55Z</time></trkpt>
<trkpt lat="36.580278" lon="-4.851527">
<ele>528</ele>
<time>2025-08-19T00:54:57Z</time></trkpt>
<trkpt lat="36.580345" lon="-4.851511">
<ele>526</ele>
<time>2025-08-19T00:54:58Z</time></trkpt>
<trkpt lat="36.5804" lon="-4.851517">
<ele>525</ele>
<time>2025-08-19T00:54:59Z</time></trkpt>
<trkpt lat="36.580468" lon="-4.85156">
<ele>525</ele>
<time>2025-08-19T00:55:01Z</time></trkpt>
<trkpt lat="36.580849" lon="-4.852003">
<ele>533</ele>
<time>2025-08-19T00:55:11Z</time></trkpt>
<trkpt lat="36.580995" lon="-4.852131">
<ele>536</ele>
<time>2025-08-19T00:55:15Z</time></trkpt>
<trkpt lat="36.581126" lon="-4.852191">
<ele>536</ele>
<time>2025-08-19T00:55:18Z</time></trkpt>
<trkpt lat="36.581617" lon="-4.85233">
<ele>539</ele>
<time>2025-08-19T00:55:28Z</time></trkpt>
<trkpt lat="36.581941" lon="-4.852546">
<ele>545</ele>
<time>2025-08-19T00:55:35Z</time></trkpt>
<trkpt lat="36.582004" lon="-4.852574">
<ele>546</ele>
<time>2025-08-19T00:55:36Z</time></trkpt>
<trkpt lat="36.582134" lon="-4.852557">
<ele>547</ele>
<time>2025-08-19T00:55:39Z</time></trkpt>
<trkpt lat="36.582438" lon="-4.852374">
<ele>546</ele>
<time>2025-08-19T00:55:46Z</time></trkpt>
<trkpt lat="36.582573" lon="-4.852355">
<ele>546</ele>
<time>2025-08-19T00:55:49Z</time></trkpt>
<trkpt lat="36.5826184" lon="-4.8523854">
<ele>546</ele>
<time>2025-08-19T00:55:50Z</time></trkpt>
<trkpt lat="36.5827478" lon="-4.8525408">
<ele>550</ele>
<time>2025-08-19T00:55:53Z</time></trkpt>
<trkpt lat="36.5828161" lon="-4.852674">
<ele>551</ele>
<time>2025-08-19T00:55:56Z</time></trkpt>
<trkpt lat="36.5829066" lon="-4.8527277">
<ele>552</ele>
<time>2025-08-19T00:55:58Z</time></trkpt>
<trkpt lat="36.5830112" lon="-4.8527227">
<ele>552</ele>
<time>2025-08-19T00:56:00Z</time></trkpt>
<trkpt lat="36.58316" lon="-4.852705">
<ele>553</ele>
<time>2025-08-19T00:56:03Z</time></trkpt>
<trkpt lat="36.58332" lon="-4.852681">
<ele>555</ele>
<time>2025-08-19T00:56:06Z</time></trkpt>
<trkpt lat="36.583385" lon="-4.852688">
<ele>555</ele>
<time>2025-08-19T00:56:07Z</time></trkpt>
<trkpt lat="36.583839" lon="-4.85263">
<ele>554</ele>
<time>2025-08-19T00:56:16Z</time></trkpt>
<trkpt lat="36.58453" lon="-4.852667">
<ele>548</ele>
<time>2025-08-19T00:56:30Z</time></trkpt>
<trkpt lat="36.585212" lon="-4.852627">
<ele>542</ele>
<time>2025-08-19T00:56:44Z</time></trkpt>
<trkpt lat="36.586124" lon="-4.852479">
<ele>536</ele>
<time>2025-08-19T00:57:02Z</time></trkpt>
<trkpt lat="36.586536" lon="-4.852388">
<ele>532</ele>
<time>2025-08-19T00:57:11Z</time></trkpt>
<trkpt lat="36.58721" lon="-4.852174">
<ele>528</ele>
<time>2025-08-19T00:57:25Z</time></trkpt>
<trkpt lat="36.587594" lon="-4.852109">
<ele>526</ele>
<time>2025-08-19T00:57:33Z</time></trkpt>
<trkpt lat="36.587984" lon="-4.852074">
<ele>525</ele>
<time>2025-08-19T00:57:40Z</time></trkpt>
<trkpt lat="36.589031" lon="-4.85207">
<ele>522</ele>
<time>2025-08-19T00:58:01Z</time></trkpt>
<trkpt lat="36.589305" lon="-4.852048">
<ele>521</ele>
<time>2025-08-19T00:58:07Z</time></trkpt>
<trkpt lat="36.590182" lon="-4.851959">
<ele>514</ele>
<time>2025-08-19T00:58:24Z</time></trkpt>
<trkpt lat="36.590397" lon="-4.851957">
<ele>513</ele>
<time>2025-08-19T00:58:29Z</time></trkpt>
<trkpt lat="36.590543" lon="-4.851936">
<ele>512</ele>
<time>2025-08-19T00:58:32Z</time></trkpt>
<trkpt lat="36.590688" lon="-4.85195">
<ele>511</ele>
<time>2025-08-19T00:58:35Z</time></trkpt>
<trkpt lat="36.591069" lon="-4.852048">
<ele>507</ele>
<time>2025-08-19T00:58:42Z</time></trkpt>
<trkpt lat="36.59129" lon="-4.852125">
<ele>505</ele>
<time>2025-08-19T00:58:47Z</time></trkpt>
<trkpt lat="36.591528" lon="-4.852247">
<ele>505</ele>
<time>2025-08-19T00:58:52Z</time></trkpt>
<trkpt lat="36.591885" lon="-4.85247">
<ele>504</ele>
<time>2025-08-19T00:59:00Z</time></trkpt>
<trkpt lat="36.592236" lon="-4.852707">
<ele>504</ele>
<time>2025-08-19T00:59:08Z</time></trkpt>
<trkpt lat="36.592293" lon="-4.852768">
<ele>504</ele>
<time>2025-08-19T00:59:10Z</time></trkpt>
<trkpt lat="36.592592" lon="-4.852956">
<ele>503</ele>
<time>2025-08-19T00:59:16Z</time></trkpt>
<trkpt lat="36.592838" lon="-4.853088">
<ele>502</ele>
<time>2025-08-19T00:59:22Z</time></trkpt>
<trkpt lat="36.59309" lon="-4.853196">
<ele>502</ele>
<time>2025-08-19T00:59:27Z</time></trkpt>
<trkpt lat="36.593441" lon="-4.853319">
<ele>501</ele>
<time>2025-08-19T00:59:34Z</time></trkpt>
<trkpt lat="36.593809" lon="-4.853403">
<ele>500</ele>
<time>2025-08-19T00:59:42Z</time></trkpt>
<trkpt lat="36.594154" lon="-4.853433">
<ele>499</ele>
<time>2025-08-19T00:59:49Z</time></trkpt>
<trkpt lat="36.594451" lon="-4.853436">
<ele>498</ele>
<time>2025-08-19T00:59:55Z</time></trkpt>
<trkpt lat="36.595785" lon="-4.853304">
<ele>497</ele>
<time>2025-08-19T01:00:22Z</time></trkpt>
<trkpt lat="36.59603" lon="-4.853289">
<ele>497</ele>
<time>2025-08-19T01:00:27Z</time></trkpt>
<trkpt lat="36.597278" lon="-4.853285">
<ele>494</ele>
<time>2025-08-19T01:00:52Z</time></trkpt>
<trkpt lat="36.598713" lon="-4.85327">
<ele>484</ele>
<time>2025-08-19T01:01:20Z</time></trkpt>
<trkpt lat="36.599308" lon="-4.853247">
<ele>482</ele>
<time>2025-08-19T01:01:32Z</time></trkpt>
<trkpt lat="36.600059" lon="-4.853191">
<ele>482</ele>
<time>2025-08-19T01:01:47Z</time></trkpt>
<trkpt lat="36.60072" lon="-4.853137">
<ele>477</ele>
<time>2025-08-19T01:02:01Z</time></trkpt>
<trkpt lat="36.601206" lon="-4.853086">
<ele>477</ele>
<time>2025-08-19T01:02:10Z</time></trkpt>
<trkpt lat="36.601723" lon="-4.853006">
<ele>478</ele>
<time>2025-08-19T01:02:21Z</time></trkpt>
<trkpt lat="36.601872" lon="-4.852961">
<ele>478</ele>
<time>2025-08-19T01:02:24Z</time></trkpt>
<trkpt lat="36.602519" lon="-4.852705">
<ele>478</ele>
<time>2025-08-19T01:02:37Z</time></trkpt>
<trkpt lat="36.605669" lon="-4.851179">
<ele>475</ele>
<time>2025-08-19T01:03:45Z</time></trkpt>
<trkpt lat="36.605919" lon="-4.851058">
<ele>475</ele>
<time>2025-08-19T01:03:51Z</time></trkpt>
<trkpt lat="36.606726" lon="-4.850688">
<ele>474</ele>
<time>2025-08-19T01:04:08Z</time></trkpt>
<trkpt lat="36.606899" lon="-4.850631">
<ele>474</ele>
<time>2025-08-19T01:04:11Z</time></trkpt>
<trkpt lat="36.607264" lon="-4.850567">
<ele>472</ele>
<time>2025-08-19T01:04:19Z</time></trkpt>
<trkpt lat="36.607622" lon="-4.850555">
<ele>472</ele>
<time>2025-08-19T01:04:26Z</time></trkpt>
<trkpt lat="36.60779" lon="-4.850575">
<ele>471</ele>
<time>2025-08-19T01:04:29Z</time></trkpt>
<trkpt lat="36.608189" lon="-4.850669">
<ele>471</ele>
<time>2025-08-19T01:04:37Z</time></trkpt>
<trkpt lat="36.609058" lon="-4.851061">
<ele>463</ele>
<time>2025-08-19T01:04:56Z</time></trkpt>
<trkpt lat="36.609265" lon="-4.851149">
<ele>461</ele>
<time>2025-08-19T01:05:00Z</time></trkpt>
<trkpt lat="36.609406" lon="-4.851187">
<ele>460</ele>
<time>2025-08-19T01:05:03Z</time></trkpt>
<trkpt lat="36.609531" lon="-4.851211">
<ele>458</ele>
<time>2025-08-19T01:05:06Z</time></trkpt>
<trkpt lat="36.609892" lon="-4.85122">
<ele>455</ele>
<time>2025-08-19T01:05:13Z</time></trkpt>
<trkpt lat="36.610162" lon="-4.851172">
<ele>456</ele>
<time>2025-08-19T01:05:18Z</time></trkpt>
<trkpt lat="36.610349" lon="-4.851107">
<ele>456</ele>
<time>2025-08-19T01:05:22Z</time></trkpt>
<trkpt lat="36.610541" lon="-4.851004">
<ele>457</ele>
<time>2025-08-19T01:05:27Z</time></trkpt>
<trkpt lat="36.610806" lon="-4.850823">
<ele>454</ele>
<time>2025-08-19T01:05:33Z</time></trkpt>
<trkpt lat="36.611477" lon="-4.850242">
<ele>452</ele>
<time>2025-08-19T01:05:49Z</time></trkpt>
<trkpt lat="36.611877" lon="-4.849985">
<ele>449</ele>
<time>2025-08-19T01:05:58Z</time></trkpt>
<trkpt lat="36.612096" lon="-4.84988">
<ele>449</ele>
<time>2025-08-19T01:06:03Z</time></trkpt>
<trkpt lat="36.612261" lon="-4.849823">
<ele>449</ele>
<time>2025-08-19T01:06:06Z</time></trkpt>
<trkpt lat="36.612613" lon="-4.849744">
<ele>446</ele>
<time>2025-08-19T01:06:13Z</time></trkpt>
<trkpt lat="36.613801" lon="-4.849607">
<ele>442</ele>
<time>2025-08-19T01:06:37Z</time></trkpt>
<trkpt lat="36.614217" lon="-4.849592">
<ele>440</ele>
<time>2025-08-19T01:06:46Z</time></trkpt>
<trkpt lat="36.614477" lon="-4.84962">
<ele>441</ele>
<time>2025-08-19T01:06:51Z</time></trkpt>
<trkpt lat="36.615036" lon="-4.84977">
<ele>439</ele>
<time>2025-08-19T01:07:02Z</time></trkpt>
<trkpt lat="36.615251" lon="-4.849824">
<ele>436</ele>
<time>2025-08-19T01:07:07Z</time></trkpt>
<trkpt lat="36.61565" lon="-4.849868">
<ele>433</ele>
<time>2025-08-19T01:07:15Z</time></trkpt>
<trkpt lat="36.615815" lon="-4.849857">
<ele>434</ele>
<time>2025-08-19T01:07:18Z</time></trkpt>
<trkpt lat="36.616705" lon="-4.84971">
<ele>430</ele>
<time>2025-08-19T01:07:36Z</time></trkpt>
<trkpt lat="36.617009" lon="-4.84972">
<ele>427</ele>
<time>2025-08-19T01:07:42Z</time></trkpt>
<trkpt lat="36.617164" lon="-4.849753">
<ele>423</ele>
<time>2025-08-19T01:07:45Z</time></trkpt>
<trkpt lat="36.617396" lon="-4.849817">
<ele>413</ele>
<time>2025-08-19T01:07:50Z</time></trkpt>
<trkpt lat="36.617593" lon="-4.849906">
<ele>411</ele>
<time>2025-08-19T01:07:54Z</time></trkpt>
<trkpt lat="36.618008" lon="-4.85016">
<ele>427</ele>
<time>2025-08-19T01:08:03Z</time></trkpt>
<trkpt lat="36.618199" lon="-4.850261">
<ele>430</ele>
<time>2025-08-19T01:08:08Z</time></trkpt>
<trkpt lat="36.618566" lon="-4.850406">
<ele>432</ele>
<time>2025-08-19T01:08:15Z</time></trkpt>
<trkpt lat="36.61876" lon="-4.850453">
<ele>431</ele>
<time>2025-08-19T01:08:19Z</time></trkpt>
<trkpt lat="36.619073" lon="-4.850456">
<ele>431</ele>
<time>2025-08-19T01:08:26Z</time></trkpt>
<trkpt lat="36.619371" lon="-4.850402">
<ele>430</ele>
<time>2025-08-19T01:08:32Z</time></trkpt>
<trkpt lat="36.619585" lon="-4.850326">
<ele>431</ele>
<time>2025-08-19T01:08:36Z</time></trkpt>
<trkpt lat="36.619781" lon="-4.850218">
<ele>434</ele>
<time>2025-08-19T01:08:40Z</time></trkpt>
<trkpt lat="36.619998" lon="-4.850059">
<ele>437</ele>
<time>2025-08-19T01:08:45Z</time></trkpt>
<trkpt lat="36.620386" lon="-4.849699">
<ele>439</ele>
<time>2025-08-19T01:08:55Z</time></trkpt>
<trkpt lat="36.621444" lon="-4.848487">
<ele>456</ele>
<time>2025-08-19T01:09:24Z</time></trkpt>
<trkpt lat="36.621898" lon="-4.847937">
<ele>459</ele>
<time>2025-08-19T01:09:37Z</time></trkpt>
<trkpt lat="36.622546" lon="-4.847026">
<ele>460</ele>
<time>2025-08-19T01:09:56Z</time></trkpt>
<trkpt lat="36.623032" lon="-4.846246">
<ele>458</ele>
<time>2025-08-19T01:10:12Z</time></trkpt>
<trkpt lat="36.623425" lon="-4.845549">
<ele>454</ele>
<time>2025-08-19T01:10:26Z</time></trkpt>
<trkpt lat="36.623526" lon="-4.84535">
<ele>453</ele>
<time>2025-08-19T01:10:29Z</time></trkpt>
<trkpt lat="36.623897" lon="-4.844588">
<ele>448</ele>
<time>2025-08-19T01:10:44Z</time></trkpt>
<trkpt lat="36.624367" lon="-4.843466">
<ele>443</ele>
<time>2025-08-19T01:11:04Z</time></trkpt>
<trkpt lat="36.62463" lon="-4.842749">
<ele>439</ele>
<time>2025-08-19T01:11:17Z</time></trkpt>
<trkpt lat="36.624829" lon="-4.842149">
<ele>436</ele>
<time>2025-08-19T01:11:27Z</time></trkpt>
<trkpt lat="36.625043" lon="-4.841398">
<ele>437</ele>
<time>2025-08-19T01:11:40Z</time></trkpt>
<trkpt lat="36.625189" lon="-4.840821">
<ele>437</ele>
<time>2025-08-19T01:11:50Z</time></trkpt>
<trkpt lat="36.625296" lon="-4.840337">
<ele>435</ele>
<time>2025-08-19T01:11:58Z</time></trkpt>
<trkpt lat="36.625489" lon="-4.839346">
<ele>433</ele>
<time>2025-08-19T01:12:14Z</time></trkpt>
<trkpt lat="36.625615" lon="-4.838507">
<ele>431</ele>
<time>2025-08-19T01:12:28Z</time></trkpt>
<trkpt lat="36.625704" lon="-4.837656">
<ele>432</ele>
<time>2025-08-19T01:12:42Z</time></trkpt>
<trkpt lat="36.625876" lon="-4.835276">
<ele>415</ele>
<time>2025-08-19T01:13:20Z</time></trkpt>
<trkpt lat="36.625988" lon="-4.834795">
<ele>411</ele>
<time>2025-08-19T01:13:28Z</time></trkpt>
<trkpt lat="36.626201" lon="-4.834225">
<ele>414</ele>
<time>2025-08-19T01:13:38Z</time></trkpt>
<trkpt lat="36.626523" lon="-4.833693">
<ele>412</ele>
<time>2025-08-19T01:13:49Z</time></trkpt>
<trkpt lat="36.627359" lon="-4.832579">
<ele>406</ele>
<time>2025-08-19T01:14:14Z</time></trkpt>
<trkpt lat="36.627728" lon="-4.832041">
<ele>399</ele>
<time>2025-08-19T01:14:25Z</time></trkpt>
<trkpt lat="36.627842" lon="-4.831829">
<ele>402</ele>
<time>2025-08-19T01:14:29Z</time></trkpt>
<trkpt lat="36.627949" lon="-4.831604">
<ele>405</ele>
<time>2025-08-19T01:14:33Z</time></trkpt>
<trkpt lat="36.62804" lon="-4.831357">
<ele>406</ele>
<time>2025-08-19T01:14:38Z</time></trkpt>
<trkpt lat="36.628128" lon="-4.831054">
<ele>405</ele>
<time>2025-08-19T01:14:43Z</time></trkpt>
<trkpt lat="36.628192" lon="-4.830707">
<ele>404</ele>
<time>2025-08-19T01:14:49Z</time></trkpt>
<trkpt lat="36.628249" lon="-4.830088">
<ele>400</ele>
<time>2025-08-19T01:14:59Z</time></trkpt>
<trkpt lat="36.628285" lon="-4.829316">
<ele>397</ele>
<time>2025-08-19T01:15:11Z</time></trkpt>
<trkpt lat="36.628338" lon="-4.828778">
<ele>399</ele>
<time>2025-08-19T01:15:20Z</time></trkpt>
<trkpt lat="36.628465" lon="-4.828169">
<ele>399</ele>
<time>2025-08-19T01:15:30Z</time></trkpt>
<trkpt lat="36.628652" lon="-4.827613">
<ele>390</ele>
<time>2025-08-19T01:15:40Z</time></trkpt>
<trkpt lat="36.628863" lon="-4.8269">
<ele>384</ele>
<time>2025-08-19T01:15:52Z</time></trkpt>
<trkpt lat="36.628899" lon="-4.826709">
<ele>383</ele>
<time>2025-08-19T01:15:55Z</time></trkpt>
<trkpt lat="36.628962" lon="-4.826131">
<ele>380</ele>
<time>2025-08-19T01:16:04Z</time></trkpt>
<trkpt lat="36.628968" lon="-4.825081">
<ele>383</ele>
<time>2025-08-19T01:16:21Z</time></trkpt>
<trkpt lat="36.628983" lon="-4.824751">
<ele>382</ele>
<time>2025-08-19T01:16:27Z</time></trkpt>
<trkpt lat="36.629033" lon="-4.824376">
<ele>379</ele>
<time>2025-08-19T01:16:33Z</time></trkpt>
<trkpt lat="36.629139" lon="-4.823952">
<ele>371</ele>
<time>2025-08-19T01:16:40Z</time></trkpt>
<trkpt lat="36.629258" lon="-4.82362">
<ele>370</ele>
<time>2025-08-19T01:16:46Z</time></trkpt>
<trkpt lat="36.629385" lon="-4.823335">
<ele>364</ele>
<time>2025-08-19T01:16:51Z</time></trkpt>
<trkpt lat="36.629638" lon="-4.822909">
<ele>346</ele>
<time>2025-08-19T01:16:59Z</time></trkpt>
<trkpt lat="36.629983" lon="-4.8225">
<ele>331</ele>
<time>2025-08-19T01:17:09Z</time></trkpt>
<trkpt lat="36.630334" lon="-4.822204">
<ele>325</ele>
<time>2025-08-19T01:17:17Z</time></trkpt>
<trkpt lat="36.630636" lon="-4.822023">
<ele>336</ele>
<time>2025-08-19T01:17:24Z</time></trkpt>
<trkpt lat="36.630904" lon="-4.821912">
<ele>350</ele>
<time>2025-08-19T01:17:30Z</time></trkpt>
<trkpt lat="36.6317" lon="-4.821651">
<ele>348</ele>
<time>2025-08-19T01:17:46Z</time></trkpt>
<trkpt lat="36.632148" lon="-4.821465">
<ele>343</ele>
<time>2025-08-19T01:17:56Z</time></trkpt>
<trkpt lat="36.632351" lon="-4.821339">
<ele>342</ele>
<time>2025-08-19T01:18:00Z</time></trkpt>
<trkpt lat="36.63264" lon="-4.821121">
<ele>341</ele>
<time>2025-08-19T01:18:07Z</time></trkpt>
<trkpt lat="36.632895" lon="-4.820864">
<ele>340</ele>
<time>2025-08-19T01:18:14Z</time></trkpt>
<trkpt lat="36.633095" lon="-4.820624">
<ele>337</ele>
<time>2025-08-19T01:18:19Z</time></trkpt>
<trkpt lat="36.633361" lon="-4.820192">
<ele>332</ele>
<time>2025-08-19T01:18:28Z</time></trkpt>
<trkpt lat="36.633465" lon="-4.819958">
<ele>330</ele>
<time>2025-08-19T01:18:32Z</time></trkpt>
<trkpt lat="36.633573" lon="-4.819696">
<ele>330</ele>
<time>2025-08-19T01:18:37Z</time></trkpt>
<trkpt lat="36.633994" lon="-4.818516">
<ele>323</ele>
<time>2025-08-19T01:18:58Z</time></trkpt>
<trkpt lat="36.634166" lon="-4.818123">
<ele>322</ele>
<time>2025-08-19T01:19:05Z</time></trkpt>
<trkpt lat="36.63436" lon="-4.817744">
<ele>319</ele>
<time>2025-08-19T01:19:12Z</time></trkpt>
<trkpt lat="36.634572" lon="-4.81738">
<ele>317</ele>
<time>2025-08-19T01:19:19Z</time></trkpt>
<trkpt lat="36.634812" lon="-4.817018">
<ele>314</ele>
<time>2025-08-19T01:19:27Z</time></trkpt>
<trkpt lat="36.635672" lon="-4.815871">
<ele>309</ele>
<time>2025-08-19T01:19:52Z</time></trkpt>
<trkpt lat="36.635798" lon="-4.81568">
<ele>309</ele>
<time>2025-08-19T01:19:56Z</time></trkpt>
<trkpt lat="36.635886" lon="-4.815514">
<ele>309</ele>
<time>2025-08-19T01:19:59Z</time></trkpt>
<trkpt lat="36.635907" lon="-4.815418">
<ele>309</ele>
<time>2025-08-19T01:20:01Z</time></trkpt>
<trkpt lat="36.636037" lon="-4.815135">
<ele>310</ele>
<time>2025-08-19T01:20:06Z</time></trkpt>
<trkpt lat="36.636231" lon="-4.814593">
<ele>312</ele>
<time>2025-08-19T01:20:16Z</time></trkpt>
<trkpt lat="36.636397" lon="-4.813939">
<ele>314</ele>
<time>2025-08-19T01:20:27Z</time></trkpt>
<trkpt lat="36.636517" lon="-4.813197">
<ele>314</ele>
<time>2025-08-19T01:20:39Z</time></trkpt>
<trkpt lat="36.636486" lon="-4.811043">
<ele>318</ele>
<time>2025-08-19T01:21:14Z</time></trkpt>
<trkpt lat="36.636468" lon="-4.810261">
<ele>323</ele>
<time>2025-08-19T01:21:26Z</time></trkpt>
<trkpt lat="36.636486" lon="-4.809043">
<ele>327</ele>
<time>2025-08-19T01:21:46Z</time></trkpt>
<trkpt lat="36.636561" lon="-4.808039">
<ele>327</ele>
<time>2025-08-19T01:22:02Z</time></trkpt>
<trkpt lat="36.636653" lon="-4.807217">
<ele>323</ele>
<time>2025-08-19T01:22:15Z</time></trkpt>
<trkpt lat="36.636785" lon="-4.806348">
<ele>319</ele>
<time>2025-08-19T01:22:30Z</time></trkpt>
<trkpt lat="36.636775" lon="-4.806276">
<ele>319</ele>
<time>2025-08-19T01:22:31Z</time></trkpt>
<trkpt lat="36.636823" lon="-4.805974">
<ele>318</ele>
<time>2025-08-19T01:22:36Z</time></trkpt>
<trkpt lat="36.636969" lon="-4.805242">
<ele>316</ele>
<time>2025-08-19T01:22:48Z</time></trkpt>
<trkpt lat="36.637204" lon="-4.80437">
<ele>315</ele>
<time>2025-08-19T01:23:03Z</time></trkpt>
<trkpt lat="36.637342" lon="-4.803967">
<ele>315</ele>
<time>2025-08-19T01:23:10Z</time></trkpt>
<trkpt lat="36.637393" lon="-4.803885">
<ele>315</ele>
<time>2025-08-19T01:23:11Z</time></trkpt>
<trkpt lat="36.637583" lon="-4.803292">
<ele>313</ele>
<time>2025-08-19T01:23:22Z</time></trkpt>
<trkpt lat="36.637747" lon="-4.802667">
<ele>315</ele>
<time>2025-08-19T01:23:32Z</time></trkpt>
<trkpt lat="36.637907" lon="-4.801897">
<ele>316</ele>
<time>2025-08-19T01:23:45Z</time></trkpt>
<trkpt lat="36.637992" lon="-4.801222">
<ele>315</ele>
<time>2025-08-19T01:23:56Z</time></trkpt>
<trkpt lat="36.638046" lon="-4.80058">
<ele>313</ele>
<time>2025-08-19T01:24:06Z</time></trkpt>
<trkpt lat="36.638054" lon="-4.800287">
<ele>313</ele>
<time>2025-08-19T01:24:11Z</time></trkpt>
<trkpt lat="36.638046" lon="-4.799719">
<ele>313</ele>
<time>2025-08-19T01:24:20Z</time></trkpt>
<trkpt lat="36.638008" lon="-4.799185">
<ele>314</ele>
<time>2025-08-19T01:24:29Z</time></trkpt>
<trkpt lat="36.637955" lon="-4.798668">
<ele>314</ele>
<time>2025-08-19T01:24:37Z</time></trkpt>
<trkpt lat="36.63782" lon="-4.797866">
<ele>318</ele>
<time>2025-08-19T01:24:50Z</time></trkpt>
<trkpt lat="36.637537" lon="-4.796394">
<ele>324</ele>
<time>2025-08-19T01:25:15Z</time></trkpt>
<trkpt lat="36.637457" lon="-4.795566">
<ele>327</ele>
<time>2025-08-19T01:25:28Z</time></trkpt>
<trkpt lat="36.637396" lon="-4.794674">
<ele>328</ele>
<time>2025-08-19T01:25:43Z</time></trkpt>
<trkpt lat="36.637462" lon="-4.79342">
<ele>323</ele>
<time>2025-08-19T01:26:03Z</time></trkpt>
<trkpt lat="36.637589" lon="-4.792292">
<ele>318</ele>
<time>2025-08-19T01:26:21Z</time></trkpt>
<trkpt lat="36.637765" lon="-4.791391">
<ele>312</ele>
<time>2025-08-19T01:26:36Z</time></trkpt>
<trkpt lat="36.638292" lon="-4.788831">
<ele>300</ele>
<time>2025-08-19T01:27:18Z</time></trkpt>
<trkpt lat="36.638435" lon="-4.788026">
<ele>294</ele>
<time>2025-08-19T01:27:32Z</time></trkpt>
<trkpt lat="36.638474" lon="-4.787618">
<ele>297</ele>
<time>2025-08-19T01:27:38Z</time></trkpt>
<trkpt lat="36.638505" lon="-4.786893">
<ele>302</ele>
<time>2025-08-19T01:27:50Z</time></trkpt>
<trkpt lat="36.638477" lon="-4.786077">
<ele>302</ele>
<time>2025-08-19T01:28:03Z</time></trkpt>
<trkpt lat="36.638465" lon="-4.785895">
<ele>302</ele>
<time>2025-08-19T01:28:06Z</time></trkpt>
<trkpt lat="36.638352" lon="-4.785042">
<ele>303</ele>
<time>2025-08-19T01:28:20Z</time></trkpt>
<trkpt lat="36.638277" lon="-4.78455">
<ele>304</ele>
<time>2025-08-19T01:28:28Z</time></trkpt>
<trkpt lat="36.638255" lon="-4.78429">
<ele>304</ele>
<time>2025-08-19T01:28:32Z</time></trkpt>
<trkpt lat="36.638245" lon="-4.784041">
<ele>303</ele>
<time>2025-08-19T01:28:36Z</time></trkpt>
<trkpt lat="36.638261" lon="-4.783751">
<ele>300</ele>
<time>2025-08-19T01:28:41Z</time></trkpt>
<trkpt lat="36.63833" lon="-4.783345">
<ele>297</ele>
<time>2025-08-19T01:28:48Z</time></trkpt>
<trkpt lat="36.638394" lon="-4.783116">
<ele>297</ele>
<time>2025-08-19T01:28:51Z</time></trkpt>
<trkpt lat="36.638491" lon="-4.782877">
<ele>297</ele>
<time>2025-08-19T01:28:56Z</time></trkpt>
<trkpt lat="36.638588" lon="-4.782684">
<ele>295</ele>
<time>2025-08-19T01:28:59Z</time></trkpt>
<trkpt lat="36.63869" lon="-4.782513">
<ele>295</ele>
<time>2025-08-19T01:29:03Z</time></trkpt>
<trkpt lat="36.638916" lon="-4.782206">
<ele>291</ele>
<time>2025-08-19T01:29:10Z</time></trkpt>
<trkpt lat="36.639205" lon="-4.781863">
<ele>287</ele>
<time>2025-08-19T01:29:18Z</time></trkpt>
<trkpt lat="36.640037" lon="-4.780859">
<ele>282</ele>
<time>2025-08-19T01:29:41Z</time></trkpt>
<trkpt lat="36.640161" lon="-4.780668">
<ele>282</ele>
<time>2025-08-19T01:29:45Z</time></trkpt>
<trkpt lat="36.640257" lon="-4.780483">
<ele>281</ele>
<time>2025-08-19T01:29:48Z</time></trkpt>
<trkpt lat="36.640341" lon="-4.780305">
<ele>280</ele>
<time>2025-08-19T01:29:52Z</time></trkpt>
<trkpt lat="36.640411" lon="-4.780112">
<ele>281</ele>
<time>2025-08-19T01:29:55Z</time></trkpt>
<trkpt lat="36.640467" lon="-4.779925">
<ele>280</ele>
<time>2025-08-19T01:29:58Z</time></trkpt>
<trkpt lat="36.640522" lon="-4.77957">
<ele>277</ele>
<time>2025-08-19T01:30:04Z</time></trkpt>
<trkpt lat="36.64054" lon="-4.779239">
<ele>277</ele>
<time>2025-08-19T01:30:09Z</time></trkpt>
<trkpt lat="36.640539" lon="-4.779057">
<ele>277</ele>
<time>2025-08-19T01:30:12Z</time></trkpt>
<trkpt lat="36.64048" lon="-4.778272">
<ele>271</ele>
<time>2025-08-19T01:30:25Z</time></trkpt>
<trkpt lat="36.640305" lon="-4.776224">
<ele>278</ele>
<time>2025-08-19T01:30:58Z</time></trkpt>
<trkpt lat="36.640261" lon="-4.775736">
<ele>282</ele>
<time>2025-08-19T01:31:06Z</time></trkpt>
<trkpt lat="36.640214" lon="-4.775335">
<ele>284</ele>
<time>2025-08-19T01:31:12Z</time></trkpt>
<trkpt lat="36.640176" lon="-4.77513">
<ele>285</ele>
<time>2025-08-19T01:31:16Z</time></trkpt>
<trkpt lat="36.640001" lon="-4.774499">
<ele>285</ele>
<time>2025-08-19T01:31:27Z</time></trkpt>
<trkpt lat="36.639744" lon="-4.773889">
<ele>288</ele>
<time>2025-08-19T01:31:38Z</time></trkpt>
<trkpt lat="36.639572" lon="-4.77358">
<ele>291</ele>
<time>2025-08-19T01:31:44Z</time></trkpt>
<trkpt lat="36.639062" lon="-4.772796">
<ele>295</ele>
<time>2025-08-19T01:32:00Z</time></trkpt>
<trkpt lat="36.638829" lon="-4.772357">
<ele>297</ele>
<time>2025-08-19T01:32:08Z</time></trkpt>
<trkpt lat="36.638664" lon="-4.771961">
<ele>300</ele>
<time>2025-08-19T01:32:16Z</time></trkpt>
<trkpt lat="36.63856" lon="-4.771651">
<ele>302</ele>
<time>2025-08-19T01:32:21Z</time></trkpt>
<trkpt lat="36.638472" lon="-4.7713">
<ele>306</ele>
<time>2025-08-19T01:32:27Z</time></trkpt>
<trkpt lat="36.638421" lon="-4.77103">
<ele>308</ele>
<time>2025-08-19T01:32:31Z</time></trkpt>
<trkpt lat="36.638372" lon="-4.770703">
<ele>307</ele>
<time>2025-08-19T01:32:37Z</time></trkpt>
<trkpt lat="36.638345" lon="-4.770219">
<ele>307</ele>
<time>2025-08-19T01:32:44Z</time></trkpt>
<trkpt lat="36.638347" lon="-4.769775">
<ele>307</ele>
<time>2025-08-19T01:32:52Z</time></trkpt>
<trkpt lat="36.638404" lon="-4.768273">
<ele>308</ele>
<time>2025-08-19T01:33:16Z</time></trkpt>
<trkpt lat="36.638427" lon="-4.767616">
<ele>305</ele>
<time>2025-08-19T01:33:26Z</time></trkpt>
<trkpt lat="36.638484" lon="-4.765603">
<ele>301</ele>
<time>2025-08-19T01:33:59Z</time></trkpt>
<trkpt lat="36.63846" lon="-4.764533">
<ele>302</ele>
<time>2025-08-19T01:34:16Z</time></trkpt>
<trkpt lat="36.638411" lon="-4.76377">
<ele>304</ele>
<time>2025-08-19T01:34:28Z</time></trkpt>
<trkpt lat="36.638119" lon="-4.760932">
<ele>306</ele>
<time>2025-08-19T01:35:14Z</time></trkpt>
<trkpt lat="36.638074" lon="-4.760314">
<ele>307</ele>
<time>2025-08-19T01:35:24Z</time></trkpt>
<trkpt lat="36.638049" lon="-4.759569">
<ele>307</ele>
<time>2025-08-19T01:35:36Z</time></trkpt>
<trkpt lat="36.638052" lon="-4.758371">
<ele>309</ele>
<time>2025-08-19T01:35:56Z</time></trkpt>
<trkpt lat="36.638113" lon="-4.757351">
<ele>313</ele>
<time>2025-08-19T01:36:12Z</time></trkpt>
<trkpt lat="36.63828" lon="-4.755972">
<ele>310</ele>
<time>2025-08-19T01:36:34Z</time></trkpt>
<trkpt lat="36.63842" lon="-4.755173">
<ele>310</ele>
<time>2025-08-19T01:36:48Z</time></trkpt>
<trkpt lat="36.638594" lon="-4.754334">
<ele>312</ele>
<time>2025-08-19T01:37:01Z</time></trkpt>
<trkpt lat="36.639037" lon="-4.752722">
<ele>310</ele>
<time>2025-08-19T01:37:29Z</time></trkpt>
<trkpt lat="36.639328" lon="-4.751925">
<ele>309</ele>
<time>2025-08-19T01:37:43Z</time></trkpt>
<trkpt lat="36.639651" lon="-4.751146">
<ele>308</ele>
<time>2025-08-19T01:37:57Z</time></trkpt>
<trkpt lat="36.639886" lon="-4.750638">
<ele>306</ele>
<time>2025-08-19T01:38:06Z</time></trkpt>
<trkpt lat="36.640255" lon="-4.74991">
<ele>305</ele>
<time>2025-08-19T01:38:20Z</time></trkpt>
<trkpt lat="36.640906" lon="-4.748782">
<ele>302</ele>
<time>2025-08-19T01:38:43Z</time></trkpt>
<trkpt lat="36.641277" lon="-4.748274">
<ele>299</ele>
<time>2025-08-19T01:38:54Z</time></trkpt>
<trkpt lat="36.641627" lon="-4.747839">
<ele>297</ele>
<time>2025-08-19T01:39:04Z</time></trkpt>
<trkpt lat="36.641665" lon="-4.747716">
<ele>297</ele>
<time>2025-08-19T01:39:06Z</time></trkpt>
<trkpt lat="36.641813" lon="-4.74754">
<ele>296</ele>
<time>2025-08-19T01:39:10Z</time></trkpt>
<trkpt lat="36.641813" lon="-4.74754">
<ele>296</ele>
<time>2025-08-19T01:39:10Z</time></trkpt>
<trkpt lat="36.642056" lon="-4.74725">
<ele>296</ele>
<time>2025-08-19T01:39:17Z</time></trkpt>
<trkpt lat="36.642322" lon="-4.746898">
<ele>297</ele>
<time>2025-08-19T01:39:24Z</time></trkpt>
<trkpt lat="36.642532" lon="-4.746575">
<ele>298</ele>
<time>2025-08-19T01:39:31Z</time></trkpt>
<trkpt lat="36.642724" lon="-4.746237">
<ele>300</ele>
<time>2025-08-19T01:39:38Z</time></trkpt>
<trkpt lat="36.642957" lon="-4.74575">
<ele>304</ele>
<time>2025-08-19T01:39:47Z</time></trkpt>
<trkpt lat="36.642967" lon="-4.745603">
<ele>305</ele>
<time>2025-08-19T01:39:49Z</time></trkpt>
<trkpt lat="36.642948" lon="-4.745462">
<ele>305</ele>
<time>2025-08-19T01:39:51Z</time></trkpt>
<trkpt lat="36.642608" lon="-4.745192">
<ele>307</ele>
<time>2025-08-19T01:40:00Z</time></trkpt>
<trkpt lat="36.64218" lon="-4.744972">
<ele>309</ele>
<time>2025-08-19T01:40:09Z</time></trkpt>
<trkpt lat="36.641373" lon="-4.74473">
<ele>309</ele>
<time>2025-08-19T01:40:25Z</time></trkpt>
<trkpt lat="36.640565" lon="-4.744495">
<ele>304</ele>
<time>2025-08-19T01:40:42Z</time></trkpt>
<trkpt lat="36.640242" lon="-4.744433">
<ele>303</ele>
<time>2025-08-19T01:40:49Z</time></trkpt>
<trkpt lat="36.639913" lon="-4.744421">
<ele>304</ele>
<time>2025-08-19T01:40:55Z</time></trkpt>
<trkpt lat="36.639578" lon="-4.744419">
<ele>304</ele>
<time>2025-08-19T01:41:02Z</time></trkpt>
<trkpt lat="36.639265" lon="-4.744378">
<ele>304</ele>
<time>2025-08-19T01:41:08Z</time></trkpt>
<trkpt lat="36.63894" lon="-4.744245">
<ele>305</ele>
<time>2025-08-19T01:41:15Z</time></trkpt>
<trkpt lat="36.638586" lon="-4.743979">
<ele>308</ele>
<time>2025-08-19T01:41:23Z</time></trkpt>
<trkpt lat="36.638295" lon="-4.74369">
<ele>308</ele>
<time>2025-08-19T01:41:31Z</time></trkpt>
<trkpt lat="36.637919" lon="-4.743334">
<ele>308</ele>
<time>2025-08-19T01:41:40Z</time></trkpt>
<trkpt lat="36.636833" lon="-4.742631">
<ele>312</ele>
<time>2025-08-19T01:42:05Z</time></trkpt>
<trkpt lat="36.63649" lon="-4.742465">
<ele>313</ele>
<time>2025-08-19T01:42:12Z</time></trkpt>
<trkpt lat="36.636355" lon="-4.742424">
<ele>313</ele>
<time>2025-08-19T01:42:15Z</time></trkpt>
<trkpt lat="36.635956" lon="-4.742409">
<ele>314</ele>
<time>2025-08-19T01:42:23Z</time></trkpt>
<trkpt lat="36.635622" lon="-4.7424">
<ele>315</ele>
<time>2025-08-19T01:42:30Z</time></trkpt>
<trkpt lat="36.635439" lon="-4.742373">
<ele>315</ele>
<time>2025-08-19T01:42:33Z</time></trkpt>
<trkpt lat="36.635228" lon="-4.742305">
<ele>316</ele>
<time>2025-08-19T01:42:38Z</time></trkpt>
<trkpt lat="36.635028" lon="-4.742207">
<ele>318</ele>
<time>2025-08-19T01:42:42Z</time></trkpt>
<trkpt lat="36.634844" lon="-4.742064">
<ele>319</ele>
<time>2025-08-19T01:42:46Z</time></trkpt>
<trkpt lat="36.634423" lon="-4.741681">
<ele>322</ele>
<time>2025-08-19T01:42:57Z</time></trkpt>
<trkpt lat="36.634172" lon="-4.741491">
<ele>322</ele>
<time>2025-08-19T01:43:03Z</time></trkpt>
<trkpt lat="36.633853" lon="-4.741349">
<ele>324</ele>
<time>2025-08-19T01:43:09Z</time></trkpt>
<trkpt lat="36.633756" lon="-4.741317">
<ele>324</ele>
<time>2025-08-19T01:43:11Z</time></trkpt>
<trkpt lat="36.633494" lon="-4.741274">
<ele>325</ele>
<time>2025-08-19T01:43:17Z</time></trkpt>
<trkpt lat="36.632479" lon="-4.741239">
<ele>327</ele>
<time>2025-08-19T01:43:37Z</time></trkpt>
<trkpt lat="36.632019" lon="-4.741106">
<ele>328</ele>
<time>2025-08-19T01:43:47Z</time></trkpt>
<trkpt lat="36.631663" lon="-4.740924">
<ele>328</ele>
<time>2025-08-19T01:43:54Z</time></trkpt>
<trkpt lat="36.631593" lon="-4.740905">
<ele>328</ele>
<time>2025-08-19T01:43:56Z</time></trkpt>
<trkpt lat="36.631396" lon="-4.740784">
<ele>327</ele>
<time>2025-08-19T01:44:00Z</time></trkpt>
<trkpt lat="36.63131" lon="-4.740709">
<ele>327</ele>
<time>2025-08-19T01:44:02Z</time></trkpt>
<trkpt lat="36.631187" lon="-4.740597">
<ele>326</ele>
<time>2025-08-19T01:44:05Z</time></trkpt>
<trkpt lat="36.63102" lon="-4.740401">
<ele>326</ele>
<time>2025-08-19T01:44:10Z</time></trkpt>
<trkpt lat="36.630496" lon="-4.739672">
<ele>324</ele>
<time>2025-08-19T01:44:26Z</time></trkpt>
<trkpt lat="36.630281" lon="-4.739426">
<ele>324</ele>
<time>2025-08-19T01:44:31Z</time></trkpt>
<trkpt lat="36.630134" lon="-4.739286">
<ele>324</ele>
<time>2025-08-19T01:44:35Z</time></trkpt>
<trkpt lat="36.629894" lon="-4.739107">
<ele>324</ele>
<time>2025-08-19T01:44:41Z</time></trkpt>
<trkpt lat="36.629631" lon="-4.738964">
<ele>323</ele>
<time>2025-08-19T01:44:47Z</time></trkpt>
<trkpt lat="36.629456" lon="-4.738895">
<ele>322</ele>
<time>2025-08-19T01:44:50Z</time></trkpt>
<trkpt lat="36.629374" lon="-4.738862">
<ele>322</ele>
<time>2025-08-19T01:44:52Z</time></trkpt>
<trkpt lat="36.628811" lon="-4.738775">
<ele>321</ele>
<time>2025-08-19T01:45:03Z</time></trkpt>
<trkpt lat="36.628324" lon="-4.738755">
<ele>319</ele>
<time>2025-08-19T01:45:13Z</time></trkpt>
<trkpt lat="36.628064" lon="-4.738695">
<ele>319</ele>
<time>2025-08-19T01:45:18Z</time></trkpt>
<trkpt lat="36.62795" lon="-4.738641">
<ele>320</ele>
<time>2025-08-19T01:45:21Z</time></trkpt>
<trkpt lat="36.627762" lon="-4.738527">
<ele>321</ele>
<time>2025-08-19T01:45:25Z</time></trkpt>
<trkpt lat="36.627057" lon="-4.737871">
<ele>326</ele>
<time>2025-08-19T01:45:43Z</time></trkpt>
<trkpt lat="36.626868" lon="-4.737721">
<ele>327</ele>
<time>2025-08-19T01:45:47Z</time></trkpt>
<trkpt lat="36.626654" lon="-4.737567">
<ele>328</ele>
<time>2025-08-19T01:45:52Z</time></trkpt>
<trkpt lat="36.626435" lon="-4.73744">
<ele>330</ele>
<time>2025-08-19T01:45:57Z</time></trkpt>
<trkpt lat="36.626112" lon="-4.737282">
<ele>333</ele>
<time>2025-08-19T01:46:04Z</time></trkpt>
<trkpt lat="36.625985" lon="-4.737228">
<ele>333</ele>
<time>2025-08-19T01:46:07Z</time></trkpt>
<trkpt lat="36.625702" lon="-4.737151">
<ele>336</ele>
<time>2025-08-19T01:46:12Z</time></trkpt>
<trkpt lat="36.6251886" lon="-4.737065">
<ele>339</ele>
<time>2025-08-19T01:46:23Z</time></trkpt>
<trkpt lat="36.6251005" lon="-4.7370602">
<ele>339</ele>
<time>2025-08-19T01:46:25Z</time></trkpt>
<trkpt lat="36.6248775" lon="-4.7370128">
<ele>340</ele>
<time>2025-08-19T01:46:29Z</time></trkpt>
<trkpt lat="36.6247145" lon="-4.7369728">
<ele>341</ele>
<time>2025-08-19T01:46:32Z</time></trkpt>
<trkpt lat="36.6245472" lon="-4.7369152">
<ele>342</ele>
<time>2025-08-19T01:46:36Z</time></trkpt>
<trkpt lat="36.624418" lon="-4.7368777">
<ele>342</ele>
<time>2025-08-19T01:46:39Z</time></trkpt>
<trkpt lat="36.624365" lon="-4.7368606">
<ele>343</ele>
<time>2025-08-19T01:46:40Z</time></trkpt>
<trkpt lat="36.6242097" lon="-4.7367972">
<ele>343</ele>
<time>2025-08-19T01:46:43Z</time></trkpt>
<trkpt lat="36.6240459" lon="-4.7367221">
<ele>342</ele>
<time>2025-08-19T01:46:46Z</time></trkpt>
<trkpt lat="36.6239728" lon="-4.7366846">
<ele>342</ele>
<time>2025-08-19T01:46:48Z</time></trkpt>
<trkpt lat="36.62396" lon="-4.7366363">
<ele>342</ele>
<time>2025-08-19T01:46:49Z</time></trkpt>
<trkpt lat="36.6240031" lon="-4.7366148">
<ele>343</ele>
<time>2025-08-19T01:46:50Z</time></trkpt>
<trkpt lat="36.6241021" lon="-4.7366685">
<ele>343</ele>
<time>2025-08-19T01:46:52Z</time></trkpt>
<trkpt lat="36.6242055" lon="-4.7367167">
<ele>343</ele>
<time>2025-08-19T01:46:54Z</time></trkpt>
<trkpt lat="36.6243552" lon="-4.7367901">
<ele>343</ele>
<time>2025-08-19T01:46:57Z</time></trkpt>
<trkpt lat="36.624392" lon="-4.7368079">
<ele>343</ele>
<time>2025-08-19T01:46:58Z</time></trkpt>
<trkpt lat="36.6245039" lon="-4.7368455">
<ele>343</ele>
<time>2025-08-19T01:47:00Z</time></trkpt>
<trkpt lat="36.6246159" lon="-4.736883">
<ele>342</ele>
<time>2025-08-19T01:47:03Z</time></trkpt>
<trkpt lat="36.6247493" lon="-4.7369152">
<ele>341</ele>
<time>2025-08-19T01:47:05Z</time></trkpt>
<trkpt lat="36.6249411" lon="-4.7369561">
<ele>339</ele>
<time>2025-08-19T01:47:09Z</time></trkpt>
<trkpt lat="36.6249774" lon="-4.7369635">
<ele>339</ele>
<time>2025-08-19T01:47:10Z</time></trkpt>
<trkpt lat="36.6251711" lon="-4.7370011">
<ele>339</ele>
<time>2025-08-19T01:47:14Z</time></trkpt>
<trkpt lat="36.6253011" lon="-4.7370305">
<ele>338</ele>
<time>2025-08-19T01:47:17Z</time></trkpt>
<trkpt lat="36.625622" lon="-4.737072">
<ele>336</ele>
<time>2025-08-19T01:47:23Z</time></trkpt>
<trkpt lat="36.625915" lon="-4.737135">
<ele>334</ele>
<time>2025-08-19T01:47:29Z</time></trkpt>
<trkpt lat="36.626184" lon="-4.737232">
<ele>332</ele>
<time>2025-08-19T01:47:35Z</time></trkpt>
<trkpt lat="36.626556" lon="-4.737423">
<ele>329</ele>
<time>2025-08-19T01:47:43Z</time></trkpt>
<trkpt lat="36.626892" lon="-4.737644">
<ele>326</ele>
<time>2025-08-19T01:47:50Z</time></trkpt>
<trkpt lat="36.627122" lon="-4.737832">
<ele>326</ele>
<time>2025-08-19T01:47:56Z</time></trkpt>
<trkpt lat="36.627164" lon="-4.73787">
<ele>325</ele>
<time>2025-08-19T01:47:57Z</time></trkpt>
<trkpt lat="36.62768" lon="-4.738362">
<ele>323</ele>
<time>2025-08-19T01:48:10Z</time></trkpt>
<trkpt lat="36.627832" lon="-4.738486">
<ele>321</ele>
<time>2025-08-19T01:48:14Z</time></trkpt>
<trkpt lat="36.628105" lon="-4.738636">
<ele>320</ele>
<time>2025-08-19T01:48:20Z</time></trkpt>
<trkpt lat="36.628234" lon="-4.738675">
<ele>319</ele>
<time>2025-08-19T01:48:22Z</time></trkpt>
<trkpt lat="36.628487" lon="-4.738715">
<ele>320</ele>
<time>2025-08-19T01:48:27Z</time></trkpt>
<trkpt lat="36.62889" lon="-4.738723">
<ele>321</ele>
<time>2025-08-19T01:48:35Z</time></trkpt>
<trkpt lat="36.62928" lon="-4.738765">
<ele>322</ele>
<time>2025-08-19T01:48:43Z</time></trkpt>
<trkpt lat="36.629668" lon="-4.738899">
<ele>322</ele>
<time>2025-08-19T01:48:51Z</time></trkpt>
<trkpt lat="36.630007" lon="-4.739089">
<ele>323</ele>
<time>2025-08-19T01:48:59Z</time></trkpt>
<trkpt lat="36.630325" lon="-4.739365">
<ele>324</ele>
<time>2025-08-19T01:49:07Z</time></trkpt>
<trkpt lat="36.630578" lon="-4.739672">
<ele>324</ele>
<time>2025-08-19T01:49:14Z</time></trkpt>
<trkpt lat="36.631039" lon="-4.740312">
<ele>325</ele>
<time>2025-08-19T01:49:27Z</time></trkpt>
<trkpt lat="36.631405" lon="-4.740703">
<ele>327</ele>
<time>2025-08-19T01:49:37Z</time></trkpt>
<trkpt lat="36.631611" lon="-4.740862">
<ele>327</ele>
<time>2025-08-19T01:49:42Z</time></trkpt>
<trkpt lat="36.631663" lon="-4.740924">
<ele>328</ele>
<time>2025-08-19T01:49:43Z</time></trkpt>
<trkpt lat="36.632019" lon="-4.741106">
<ele>328</ele>
<time>2025-08-19T01:49:51Z</time></trkpt>
<trkpt lat="36.632479" lon="-4.741239">
<ele>327</ele>
<time>2025-08-19T01:50:01Z</time></trkpt>
<trkpt lat="36.633494" lon="-4.741274">
<ele>325</ele>
<time>2025-08-19T01:50:21Z</time></trkpt>
<trkpt lat="36.633756" lon="-4.741317">
<ele>324</ele>
<time>2025-08-19T01:50:26Z</time></trkpt>
<trkpt lat="36.633853" lon="-4.741349">
<ele>324</ele>
<time>2025-08-19T01:50:28Z</time></trkpt>
<trkpt lat="36.634172" lon="-4.741491">
<ele>322</ele>
<time>2025-08-19T01:50:35Z</time></trkpt>
<trkpt lat="36.634423" lon="-4.741681">
<ele>322</ele>
<time>2025-08-19T01:50:41Z</time></trkpt>
<trkpt lat="36.634844" lon="-4.742064">
<ele>319</ele>
<time>2025-08-19T01:50:51Z</time></trkpt>
<trkpt lat="36.635028" lon="-4.742207">
<ele>318</ele>
<time>2025-08-19T01:50:56Z</time></trkpt>
<trkpt lat="36.635228" lon="-4.742305">
<ele>316</ele>
<time>2025-08-19T01:51:00Z</time></trkpt>
<trkpt lat="36.635439" lon="-4.742373">
<ele>315</ele>
<time>2025-08-19T01:51:04Z</time></trkpt>
<trkpt lat="36.635622" lon="-4.7424">
<ele>315</ele>
<time>2025-08-19T01:51:08Z</time></trkpt>
<trkpt lat="36.635956" lon="-4.742409">
<ele>314</ele>
<time>2025-08-19T01:51:15Z</time></trkpt>
<trkpt lat="36.636355" lon="-4.742424">
<ele>313</ele>
<time>2025-08-19T01:51:23Z</time></trkpt>
<trkpt lat="36.63649" lon="-4.742465">
<ele>313</ele>
<time>2025-08-19T01:51:26Z</time></trkpt>
<trkpt lat="36.636833" lon="-4.742631">
<ele>312</ele>
<time>2025-08-19T01:51:33Z</time></trkpt>
<trkpt lat="36.637919" lon="-4.743334">
<ele>308</ele>
<time>2025-08-19T01:51:57Z</time></trkpt>
<trkpt lat="36.638295" lon="-4.74369">
<ele>308</ele>
<time>2025-08-19T01:52:07Z</time></trkpt>
<trkpt lat="36.638586" lon="-4.743979">
<ele>308</ele>
<time>2025-08-19T01:52:14Z</time></trkpt>
<trkpt lat="36.63894" lon="-4.744245">
<ele>305</ele>
<time>2025-08-19T01:52:23Z</time></trkpt>
<trkpt lat="36.639265" lon="-4.744378">
<ele>304</ele>
<time>2025-08-19T01:52:29Z</time></trkpt>
<trkpt lat="36.639578" lon="-4.744419">
<ele>304</ele>
<time>2025-08-19T01:52:36Z</time></trkpt>
<trkpt lat="36.639913" lon="-4.744421">
<ele>304</ele>
<time>2025-08-19T01:52:43Z</time></trkpt>
<trkpt lat="36.640242" lon="-4.744433">
<ele>303</ele>
<time>2025-08-19T01:52:49Z</time></trkpt>
<trkpt lat="36.640565" lon="-4.744495">
<ele>304</ele>
<time>2025-08-19T01:52:56Z</time></trkpt>
<trkpt lat="36.641373" lon="-4.74473">
<ele>309</ele>
<time>2025-08-19T01:53:12Z</time></trkpt>
<trkpt lat="36.64218" lon="-4.744972">
<ele>309</ele>
<time>2025-08-19T01:53:29Z</time></trkpt>
<trkpt lat="36.642608" lon="-4.745192">
<ele>307</ele>
<time>2025-08-19T01:53:38Z</time></trkpt>
<trkpt lat="36.642948" lon="-4.745462">
<ele>305</ele>
<time>2025-08-19T01:53:46Z</time></trkpt>
<trkpt lat="36.643134" lon="-4.745477">
<ele>305</ele>
<time>2025-08-19T01:53:50Z</time></trkpt>
<trkpt lat="36.643216" lon="-4.745447">
<ele>304</ele>
<time>2025-08-19T01:53:52Z</time></trkpt>
<trkpt lat="36.643546" lon="-4.745182">
<ele>302</ele>
<time>2025-08-19T01:54:00Z</time></trkpt>
<trkpt lat="36.644323" lon="-4.74471">
<ele>303</ele>
<time>2025-08-19T01:54:17Z</time></trkpt>
<trkpt lat="36.644509" lon="-4.744561">
<ele>303</ele>
<time>2025-08-19T01:54:21Z</time></trkpt>
<trkpt lat="36.644745" lon="-4.744331">
<ele>304</ele>
<time>2025-08-19T01:54:27Z</time></trkpt>
<trkpt lat="36.644834" lon="-4.744309">
<ele>304</ele>
<time>2025-08-19T01:54:29Z</time></trkpt>
<trkpt lat="36.645607" lon="-4.74346">
<ele>306</ele>
<time>2025-08-19T01:54:50Z</time></trkpt>
<trkpt lat="36.645607" lon="-4.74346">
<ele>306</ele>
<time>2025-08-19T01:54:50Z</time></trkpt>
<trkpt lat="36.646457" lon="-4.742527">
<ele>299</ele>
<time>2025-08-19T01:55:12Z</time></trkpt>
<trkpt lat="36.646783" lon="-4.742199">
<ele>296</ele>
<time>2025-08-19T01:55:21Z</time></trkpt>
<trkpt lat="36.647096" lon="-4.741929">
<ele>294</ele>
<time>2025-08-19T01:55:29Z</time></trkpt>
<trkpt lat="36.647545" lon="-4.74161">
<ele>289</ele>
<time>2025-08-19T01:55:39Z</time></trkpt>
<trkpt lat="36.648016" lon="-4.741337">
<ele>284</ele>
<time>2025-08-19T01:55:49Z</time></trkpt>
<trkpt lat="36.64829" lon="-4.741209">
<ele>283</ele>
<time>2025-08-19T01:55:55Z</time></trkpt>
<trkpt lat="36.64888" lon="-4.740995">
<ele>276</ele>
<time>2025-08-19T01:56:07Z</time></trkpt>
<trkpt lat="36.652786" lon="-4.739836">
<ele>247</ele>
<time>2025-08-19T01:57:28Z</time></trkpt>
<trkpt lat="36.653108" lon="-4.739726">
<ele>241</ele>
<time>2025-08-19T01:57:35Z</time></trkpt>
<trkpt lat="36.653405" lon="-4.739611">
<ele>237</ele>
<time>2025-08-19T01:57:41Z</time></trkpt>
<trkpt lat="36.653758" lon="-4.739445">
<ele>236</ele>
<time>2025-08-19T01:57:48Z</time></trkpt>
<trkpt lat="36.654081" lon="-4.739253">
<ele>235</ele>
<time>2025-08-19T01:57:56Z</time></trkpt>
<trkpt lat="36.654416" lon="-4.739027">
<ele>229</ele>
<time>2025-08-19T01:58:03Z</time></trkpt>
<trkpt lat="36.65471" lon="-4.73878">
<ele>224</ele>
<time>2025-08-19T01:58:10Z</time></trkpt>
<trkpt lat="36.65497" lon="-4.738547">
<ele>223</ele>
<time>2025-08-19T01:58:17Z</time></trkpt>
<trkpt lat="36.655229" lon="-4.738279">
<ele>219</ele>
<time>2025-08-19T01:58:23Z</time></trkpt>
<trkpt lat="36.655478" lon="-4.737988">
<ele>217</ele>
<time>2025-08-19T01:58:30Z</time></trkpt>
<trkpt lat="36.655678" lon="-4.737721">
<ele>213</ele>
<time>2025-08-19T01:58:36Z</time></trkpt>
<trkpt lat="36.655931" lon="-4.737332">
<ele>210</ele>
<time>2025-08-19T01:58:44Z</time></trkpt>
<trkpt lat="36.656174" lon="-4.736921">
<ele>206</ele>
<time>2025-08-19T01:58:52Z</time></trkpt>
<trkpt lat="36.65762" lon="-4.734244">
<ele>189</ele>
<time>2025-08-19T01:59:44Z</time></trkpt>
<trkpt lat="36.657879" lon="-4.733679">
<ele>183</ele>
<time>2025-08-19T01:59:55Z</time></trkpt>
<trkpt lat="36.658002" lon="-4.733377">
<ele>181</ele>
<time>2025-08-19T02:00:00Z</time></trkpt>
<trkpt lat="36.658313" lon="-4.732748">
<ele>175</ele>
<time>2025-08-19T02:00:12Z</time></trkpt>
<trkpt lat="36.658535" lon="-4.732347">
<ele>171</ele>
<time>2025-08-19T02:00:20Z</time></trkpt>
<trkpt lat="36.658838" lon="-4.731899">
<ele>168</ele>
<time>2025-08-19T02:00:29Z</time></trkpt>
<trkpt lat="36.659462" lon="-4.731171">
<ele>161</ele>
<time>2025-08-19T02:00:46Z</time></trkpt>
<trkpt lat="36.659744" lon="-4.730881">
<ele>157</ele>
<time>2025-08-19T02:00:54Z</time></trkpt>
<trkpt lat="36.660304" lon="-4.730381">
<ele>152</ele>
<time>2025-08-19T02:01:08Z</time></trkpt>
<trkpt lat="36.660841" lon="-4.729986">
<ele>149</ele>
<time>2025-08-19T02:01:20Z</time></trkpt>
<trkpt lat="36.661225" lon="-4.729756">
<ele>146</ele>
<time>2025-08-19T02:01:29Z</time></trkpt>
<trkpt lat="36.661613" lon="-4.729551">
<ele>143</ele>
<time>2025-08-19T02:01:37Z</time></trkpt>
<trkpt lat="36.661914" lon="-4.729413">
<ele>140</ele>
<time>2025-08-19T02:01:43Z</time></trkpt>
<trkpt lat="36.662614" lon="-4.729169">
<ele>134</ele>
<time>2025-08-19T02:01:58Z</time></trkpt>
<trkpt lat="36.6637" lon="-4.728869">
<ele>126</ele>
<time>2025-08-19T02:02:20Z</time></trkpt>
<trkpt lat="36.663996" lon="-4.728789">
<ele>124</ele>
<time>2025-08-19T02:02:26Z</time></trkpt>
<trkpt lat="36.665423" lon="-4.728404">
<ele>124</ele>
<time>2025-08-19T02:02:56Z</time></trkpt>
<trkpt lat="36.667995" lon="-4.727633">
<ele>123</ele>
<time>2025-08-19T02:03:49Z</time></trkpt>
<trkpt lat="36.670644" lon="-4.726719">
<ele>137</ele>
<time>2025-08-19T02:04:44Z</time></trkpt>
<trkpt lat="36.67242" lon="-4.726203">
<ele>148</ele>
<time>2025-08-19T02:05:20Z</time></trkpt>
<trkpt lat="36.675329" lon="-4.725465">
<ele>153</ele>
<time>2025-08-19T02:06:20Z</time></trkpt>
<trkpt lat="36.677373" lon="-4.725009">
<ele>148</ele>
<time>2025-08-19T02:07:01Z</time></trkpt>
<trkpt lat="36.679254" lon="-4.724614">
<ele>138</ele>
<time>2025-08-19T02:07:40Z</time></trkpt>
<trkpt lat="36.680802" lon="-4.72436">
<ele>128</ele>
<time>2025-08-19T02:08:11Z</time></trkpt>
<trkpt lat="36.682192" lon="-4.724163">
<ele>122</ele>
<time>2025-08-19T02:08:39Z</time></trkpt>
<trkpt lat="36.682315" lon="-4.724149">
<ele>122</ele>
<time>2025-08-19T02:08:41Z</time></trkpt>
<trkpt lat="36.682315" lon="-4.724149">
<ele>122</ele>
<time>2025-08-19T02:08:41Z</time></trkpt>
<trkpt lat="36.683367" lon="-4.724032">
<ele>118</ele>
<time>2025-08-19T02:09:03Z</time></trkpt>
<trkpt lat="36.684944" lon="-4.723845">
<ele>119</ele>
<time>2025-08-19T02:09:34Z</time></trkpt>
<trkpt lat="36.685555" lon="-4.723729">
<ele>119</ele>
<time>2025-08-19T02:09:47Z</time></trkpt>
<trkpt lat="36.686205" lon="-4.723582">
<ele>122</ele>
<time>2025-08-19T02:10:00Z</time></trkpt>
<trkpt lat="36.686807" lon="-4.723415">
<ele>125</ele>
<time>2025-08-19T02:10:12Z</time></trkpt>
<trkpt lat="36.687614" lon="-4.723161">
<ele>128</ele>
<time>2025-08-19T02:10:29Z</time></trkpt>
<trkpt lat="36.688795" lon="-4.722682">
<ele>134</ele>
<time>2025-08-19T02:10:54Z</time></trkpt>
<trkpt lat="36.689505" lon="-4.722341">
<ele>135</ele>
<time>2025-08-19T02:11:09Z</time></trkpt>
<trkpt lat="36.690202" lon="-4.721957">
<ele>141</ele>
<time>2025-08-19T02:11:24Z</time></trkpt>
<trkpt lat="36.690802" lon="-4.7216">
<ele>144</ele>
<time>2025-08-19T02:11:38Z</time></trkpt>
<trkpt lat="36.691692" lon="-4.720998">
<ele>144</ele>
<time>2025-08-19T02:11:58Z</time></trkpt>
<trkpt lat="36.69244" lon="-4.720424">
<ele>146</ele>
<time>2025-08-19T02:12:16Z</time></trkpt>
<trkpt lat="36.693361" lon="-4.719652">
<ele>144</ele>
<time>2025-08-19T02:12:38Z</time></trkpt>
<trkpt lat="36.706645" lon="-4.70767">
<ele>104</ele>
<time>2025-08-19T02:18:06Z</time></trkpt>
<trkpt lat="36.707016" lon="-4.707277">
<ele>100</ele>
<time>2025-08-19T02:18:16Z</time></trkpt>
<trkpt lat="36.707326" lon="-4.706911">
<ele>97</ele>
<time>2025-08-19T02:18:25Z</time></trkpt>
<trkpt lat="36.707713" lon="-4.706402">
<ele>94</ele>
<time>2025-08-19T02:18:36Z</time></trkpt>
<trkpt lat="36.708062" lon="-4.705865">
<ele>91</ele>
<time>2025-08-19T02:18:47Z</time></trkpt>
<trkpt lat="36.709027" lon="-4.704237">
<ele>83</ele>
<time>2025-08-19T02:19:19Z</time></trkpt>
<trkpt lat="36.709374" lon="-4.703697">
<ele>82</ele>
<time>2025-08-19T02:19:31Z</time></trkpt>
<trkpt lat="36.709748" lon="-4.703185">
<ele>80</ele>
<time>2025-08-19T02:19:42Z</time></trkpt>
<trkpt lat="36.710133" lon="-4.702714">
<ele>77</ele>
<time>2025-08-19T02:19:53Z</time></trkpt>
<trkpt lat="36.710564" lon="-4.702249">
<ele>76</ele>
<time>2025-08-19T02:20:04Z</time></trkpt>
<trkpt lat="36.711236" lon="-4.701604">
<ele>74</ele>
<time>2025-08-19T02:20:21Z</time></trkpt>
<trkpt lat="36.711682" lon="-4.701247">
<ele>75</ele>
<time>2025-08-19T02:20:32Z</time></trkpt>
<trkpt lat="36.712145" lon="-4.700907">
<ele>75</ele>
<time>2025-08-19T02:20:42Z</time></trkpt>
<trkpt lat="36.713088" lon="-4.700248">
<ele>74</ele>
<time>2025-08-19T02:21:04Z</time></trkpt>
<trkpt lat="36.713607" lon="-4.699863">
<ele>75</ele>
<time>2025-08-19T02:21:16Z</time></trkpt>
<trkpt lat="36.714099" lon="-4.699453">
<ele>75</ele>
<time>2025-08-19T02:21:28Z</time></trkpt>
<trkpt lat="36.714661" lon="-4.698915">
<ele>75</ele>
<time>2025-08-19T02:21:42Z</time></trkpt>
<trkpt lat="36.715186" lon="-4.698345">
<ele>74</ele>
<time>2025-08-19T02:21:56Z</time></trkpt>
<trkpt lat="36.715702" lon="-4.697698">
<ele>71</ele>
<time>2025-08-19T02:22:11Z</time></trkpt>
<trkpt lat="36.716131" lon="-4.697107">
<ele>66</ele>
<time>2025-08-19T02:22:24Z</time></trkpt>
<trkpt lat="36.717363" lon="-4.695105">
<ele>60</ele>
<time>2025-08-19T02:23:04Z</time></trkpt>
<trkpt lat="36.717712" lon="-4.6946">
<ele>59</ele>
<time>2025-08-19T02:23:15Z</time></trkpt>
<trkpt lat="36.718204" lon="-4.694025">
<ele>57</ele>
<time>2025-08-19T02:23:28Z</time></trkpt>
<trkpt lat="36.7183174" lon="-4.6938657">
<ele>56</ele>
<time>2025-08-19T02:23:32Z</time></trkpt>
<trkpt lat="36.7183869" lon="-4.6937914">
<ele>56</ele>
<time>2025-08-19T02:23:34Z</time></trkpt>
<trkpt lat="36.7184696" lon="-4.6937746">
<ele>56</ele>
<time>2025-08-19T02:23:35Z</time></trkpt>
<trkpt lat="36.7184912" lon="-4.6938658">
<ele>56</ele>
<time>2025-08-19T02:23:37Z</time></trkpt>
<trkpt lat="36.718431" lon="-4.6939141">
<ele>56</ele>
<time>2025-08-19T02:23:38Z</time></trkpt>
<trkpt lat="36.7182724" lon="-4.6939784">
<ele>57</ele>
<time>2025-08-19T02:23:42Z</time></trkpt>
<trkpt lat="36.718204" lon="-4.694025">
<ele>57</ele>
<time>2025-08-19T02:23:43Z</time></trkpt>
<trkpt lat="36.717712" lon="-4.6946">
<ele>59</ele>
<time>2025-08-19T02:23:57Z</time></trkpt>
<trkpt lat="36.717363" lon="-4.695105">
<ele>60</ele>
<time>2025-08-19T02:24:07Z</time></trkpt>
<trkpt lat="36.716131" lon="-4.697107">
<ele>66</ele>
<time>2025-08-19T02:24:48Z</time></trkpt>
<trkpt lat="36.715702" lon="-4.697698">
<ele>71</ele>
<time>2025-08-19T02:25:01Z</time></trkpt>
<trkpt lat="36.715186" lon="-4.698345">
<ele>74</ele>
<time>2025-08-19T02:25:15Z</time></trkpt>
<trkpt lat="36.714661" lon="-4.698915">
<ele>75</ele>
<time>2025-08-19T02:25:29Z</time></trkpt>
<trkpt lat="36.714099" lon="-4.699453">
<ele>75</ele>
<time>2025-08-19T02:25:43Z</time></trkpt>
<trkpt lat="36.713607" lon="-4.699863">
<ele>75</ele>
<time>2025-08-19T02:25:55Z</time></trkpt>
<trkpt lat="36.713088" lon="-4.700248">
<ele>74</ele>
<time>2025-08-19T02:26:07Z</time></trkpt>
<trkpt lat="36.712145" lon="-4.700907">
<ele>75</ele>
<time>2025-08-19T02:26:29Z</time></trkpt>
<trkpt lat="36.711682" lon="-4.701247">
<ele>75</ele>
<time>2025-08-19T02:26:40Z</time></trkpt>
<trkpt lat="36.711236" lon="-4.701604">
<ele>74</ele>
<time>2025-08-19T02:26:50Z</time></trkpt>
<trkpt lat="36.710564" lon="-4.702249">
<ele>76</ele>
<time>2025-08-19T02:27:07Z</time></trkpt>
<trkpt lat="36.710133" lon="-4.702714">
<ele>77</ele>
<time>2025-08-19T02:27:19Z</time></trkpt>
<trkpt lat="36.709748" lon="-4.703185">
<ele>80</ele>
<time>2025-08-19T02:27:30Z</time></trkpt>
<trkpt lat="36.709374" lon="-4.703697">
<ele>82</ele>
<time>2025-08-19T02:27:41Z</time></trkpt>
<trkpt lat="36.709027" lon="-4.704237">
<ele>83</ele>
<time>2025-08-19T02:27:52Z</time></trkpt>
<trkpt lat="36.708062" lon="-4.705865">
<ele>91</ele>
<time>2025-08-19T02:28:24Z</time></trkpt>
<trkpt lat="36.707713" lon="-4.706402">
<ele>94</ele>
<time>2025-08-19T02:28:36Z</time></trkpt>
<trkpt lat="36.707326" lon="-4.706911">
<ele>97</ele>
<time>2025-08-19T02:28:47Z</time></trkpt>
<trkpt lat="36.707016" lon="-4.707277">
<ele>100</ele>
<time>2025-08-19T02:28:55Z</time></trkpt>
<trkpt lat="36.706645" lon="-4.70767">
<ele>104</ele>
<time>2025-08-19T02:29:05Z</time></trkpt>
<trkpt lat="36.693361" lon="-4.719652">
<ele>144</ele>
<time>2025-08-19T02:34:34Z</time></trkpt>
<trkpt lat="36.69244" lon="-4.720424">
<ele>146</ele>
<time>2025-08-19T02:34:56Z</time></trkpt>
<trkpt lat="36.691692" lon="-4.720998">
<ele>144</ele>
<time>2025-08-19T02:35:13Z</time></trkpt>
<trkpt lat="36.690802" lon="-4.7216">
<ele>144</ele>
<time>2025-08-19T02:35:34Z</time></trkpt>
<trkpt lat="36.690202" lon="-4.721957">
<ele>141</ele>
<time>2025-08-19T02:35:47Z</time></trkpt>
<trkpt lat="36.689505" lon="-4.722341">
<ele>135</ele>
<time>2025-08-19T02:36:02Z</time></trkpt>
<trkpt lat="36.688795" lon="-4.722682">
<ele>134</ele>
<time>2025-08-19T02:36:18Z</time></trkpt>
<trkpt lat="36.687614" lon="-4.723161">
<ele>128</ele>
<time>2025-08-19T02:36:42Z</time></trkpt>
<trkpt lat="36.686807" lon="-4.723415">
<ele>125</ele>
<time>2025-08-19T02:36:59Z</time></trkpt>
<trkpt lat="36.686205" lon="-4.723582">
<ele>122</ele>
<time>2025-08-19T02:37:11Z</time></trkpt>
<trkpt lat="36.685555" lon="-4.723729">
<ele>119</ele>
<time>2025-08-19T02:37:25Z</time></trkpt>
<trkpt lat="36.684944" lon="-4.723845">
<ele>119</ele>
<time>2025-08-19T02:37:37Z</time></trkpt>
<trkpt lat="36.683367" lon="-4.724032">
<ele>118</ele>
<time>2025-08-19T02:38:09Z</time></trkpt>
<trkpt lat="36.682192" lon="-4.724163">
<ele>122</ele>
<time>2025-08-19T02:38:32Z</time></trkpt>
<trkpt lat="36.680802" lon="-4.72436">
<ele>128</ele>
<time>2025-08-19T02:39:01Z</time></trkpt>
<trkpt lat="36.679254" lon="-4.724614">
<ele>138</ele>
<time>2025-08-19T02:39:32Z</time></trkpt>
<trkpt lat="36.677373" lon="-4.725009">
<ele>148</ele>
<time>2025-08-19T02:40:10Z</time></trkpt>
<trkpt lat="36.675329" lon="-4.725465">
<ele>153</ele>
<time>2025-08-19T02:40:52Z</time></trkpt>
<trkpt lat="36.67242" lon="-4.726203">
<ele>148</ele>
<time>2025-08-19T02:41:51Z</time></trkpt>
<trkpt lat="36.670644" lon="-4.726719">
<ele>137</ele>
<time>2025-08-19T02:42:28Z</time></trkpt>
<trkpt lat="36.667995" lon="-4.727633">
<ele>123</ele>
<time>2025-08-19T02:43:23Z</time></trkpt>
<trkpt lat="36.665423" lon="-4.728404">
<ele>124</ele>
<time>2025-08-19T02:44:16Z</time></trkpt>
<trkpt lat="36.663996" lon="-4.728789">
<ele>124</ele>
<time>2025-08-19T02:44:45Z</time></trkpt>
<trkpt lat="36.6637" lon="-4.728869">
<ele>126</ele>
<time>2025-08-19T02:44:51Z</time></trkpt>
<trkpt lat="36.662614" lon="-4.729169">
<ele>134</ele>
<time>2025-08-19T02:45:13Z</time></trkpt>
<trkpt lat="36.661914" lon="-4.729413">
<ele>140</ele>
<time>2025-08-19T02:45:28Z</time></trkpt>
<trkpt lat="36.661613" lon="-4.729551">
<ele>143</ele>
<time>2025-08-19T02:45:34Z</time></trkpt>
<trkpt lat="36.661225" lon="-4.729756">
<ele>146</ele>
<time>2025-08-19T02:45:43Z</time></trkpt>
<trkpt lat="36.660841" lon="-4.729986">
<ele>149</ele>
<time>2025-08-19T02:45:51Z</time></trkpt>
<trkpt lat="36.660304" lon="-4.730381">
<ele>152</ele>
<time>2025-08-19T02:46:04Z</time></trkpt>
<trkpt lat="36.659744" lon="-4.730881">
<ele>157</ele>
<time>2025-08-19T02:46:18Z</time></trkpt>
<trkpt lat="36.659462" lon="-4.731171">
<ele>161</ele>
<time>2025-08-19T02:46:25Z</time></trkpt>
<trkpt lat="36.658838" lon="-4.731899">
<ele>168</ele>
<time>2025-08-19T02:46:42Z</time></trkpt>
<trkpt lat="36.658535" lon="-4.732347">
<ele>171</ele>
<time>2025-08-19T02:46:51Z</time></trkpt>
<trkpt lat="36.658313" lon="-4.732748">
<ele>175</ele>
<time>2025-08-19T02:46:59Z</time></trkpt>
<trkpt lat="36.658002" lon="-4.733377">
<ele>181</ele>
<time>2025-08-19T02:47:11Z</time></trkpt>
<trkpt lat="36.657879" lon="-4.733679">
<ele>183</ele>
<time>2025-08-19T02:47:17Z</time></trkpt>
<trkpt lat="36.65762" lon="-4.734244">
<ele>189</ele>
<time>2025-08-19T02:47:27Z</time></trkpt>
<trkpt lat="36.656493" lon="-4.736331">
<ele>201</ele>
<time>2025-08-19T02:48:08Z</time></trkpt>
<trkpt lat="36.656493" lon="-4.736331">
<ele>201</ele>
<time>2025-08-19T02:48:08Z</time></trkpt>
<trkpt lat="36.656174" lon="-4.736921">
<ele>206</ele>
<time>2025-08-19T02:48:19Z</time></trkpt>
<trkpt lat="36.655931" lon="-4.737332">
<ele>210</ele>
<time>2025-08-19T02:48:27Z</time></trkpt>
<trkpt lat="36.655678" lon="-4.737721">
<ele>213</ele>
<time>2025-08-19T02:48:35Z</time></trkpt>
<trkpt lat="36.655478" lon="-4.737988">
<ele>217</ele>
<time>2025-08-19T02:48:41Z</time></trkpt>
<trkpt lat="36.655229" lon="-4.738279">
<ele>219</ele>
<time>2025-08-19T02:48:48Z</time></trkpt>
<trkpt lat="36.65497" lon="-4.738547">
<ele>223</ele>
<time>2025-08-19T02:48:55Z</time></trkpt>
<trkpt lat="36.65471" lon="-4.73878">
<ele>224</ele>
<time>2025-08-19T02:49:01Z</time></trkpt>
<trkpt lat="36.654416" lon="-4.739027">
<ele>229</ele>
<time>2025-08-19T02:49:08Z</time></trkpt>
<trkpt lat="36.654081" lon="-4.739253">
<ele>235</ele>
<time>2025-08-19T02:49:16Z</time></trkpt>
<trkpt lat="36.653758" lon="-4.739445">
<ele>236</ele>
<time>2025-08-19T02:49:23Z</time></trkpt>
<trkpt lat="36.653405" lon="-4.739611">
<ele>237</ele>
<time>2025-08-19T02:49:31Z</time></trkpt>
<trkpt lat="36.653108" lon="-4.739726">
<ele>241</ele>
<time>2025-08-19T02:49:37Z</time></trkpt>
<trkpt lat="36.652786" lon="-4.739836">
<ele>247</ele>
<time>2025-08-19T02:49:44Z</time></trkpt>
<trkpt lat="36.64888" lon="-4.740995">
<ele>276</ele>
<time>2025-08-19T02:51:04Z</time></trkpt>
<trkpt lat="36.64829" lon="-4.741209">
<ele>283</ele>
<time>2025-08-19T02:51:16Z</time></trkpt>
<trkpt lat="36.648016" lon="-4.741337">
<ele>284</ele>
<time>2025-08-19T02:51:22Z</time></trkpt>
<trkpt lat="36.647545" lon="-4.74161">
<ele>289</ele>
<time>2025-08-19T02:51:33Z</time></trkpt>
<trkpt lat="36.647096" lon="-4.741929">
<ele>294</ele>
<time>2025-08-19T02:51:43Z</time></trkpt>
<trkpt lat="36.646783" lon="-4.742199">
<ele>296</ele>
<time>2025-08-19T02:51:51Z</time></trkpt>
<trkpt lat="36.646457" lon="-4.742527">
<ele>299</ele>
<time>2025-08-19T02:51:59Z</time></trkpt>
<trkpt lat="36.644834" lon="-4.744309">
<ele>304</ele>
<time>2025-08-19T02:52:42Z</time></trkpt>
<trkpt lat="36.643863" lon="-4.745371">
<ele>301</ele>
<time>2025-08-19T02:53:08Z</time></trkpt>
<trkpt lat="36.643495" lon="-4.745777">
<ele>301</ele>
<time>2025-08-19T02:53:18Z</time></trkpt>
<trkpt lat="36.643495" lon="-4.745777">
<ele>301</ele>
<time>2025-08-19T02:53:18Z</time></trkpt>
<trkpt lat="36.642382" lon="-4.747005">
<ele>297</ele>
<time>2025-08-19T02:53:48Z</time></trkpt>
<trkpt lat="36.642382" lon="-4.747005">
<ele>297</ele>
<time>2025-08-19T02:53:48Z</time></trkpt>
<trkpt lat="36.641627" lon="-4.747839">
<ele>297</ele>
<time>2025-08-19T02:54:08Z</time></trkpt>
<trkpt lat="36.641539" lon="-4.747948">
<ele>297</ele>
<time>2025-08-19T02:54:10Z</time></trkpt>
<trkpt lat="36.641539" lon="-4.747948">
<ele>297</ele>
<time>2025-08-19T02:54:10Z</time></trkpt>
<trkpt lat="36.641277" lon="-4.748274">
<ele>299</ele>
<time>2025-08-19T02:54:18Z</time></trkpt>
<trkpt lat="36.640906" lon="-4.748782">
<ele>302</ele>
<time>2025-08-19T02:54:29Z</time></trkpt>
<trkpt lat="36.640255" lon="-4.74991">
<ele>305</ele>
<time>2025-08-19T02:54:51Z</time></trkpt>
<trkpt lat="36.639886" lon="-4.750638">
<ele>306</ele>
<time>2025-08-19T02:55:05Z</time></trkpt>
<trkpt lat="36.639651" lon="-4.751146">
<ele>308</ele>
<time>2025-08-19T02:55:15Z</time></trkpt>
<trkpt lat="36.639328" lon="-4.751925">
<ele>309</ele>
<time>2025-08-19T02:55:29Z</time></trkpt>
<trkpt lat="36.639037" lon="-4.752722">
<ele>310</ele>
<time>2025-08-19T02:55:43Z</time></trkpt>
<trkpt lat="36.638594" lon="-4.754334">
<ele>312</ele>
<time>2025-08-19T02:56:10Z</time></trkpt>
<trkpt lat="36.63842" lon="-4.755173">
<ele>310</ele>
<time>2025-08-19T02:56:24Z</time></trkpt>
<trkpt lat="36.63828" lon="-4.755972">
<ele>310</ele>
<time>2025-08-19T02:56:37Z</time></trkpt>
<trkpt lat="36.638113" lon="-4.757351">
<ele>313</ele>
<time>2025-08-19T02:57:00Z</time></trkpt>
<trkpt lat="36.638052" lon="-4.758371">
<ele>309</ele>
<time>2025-08-19T02:57:16Z</time></trkpt>
<trkpt lat="36.638049" lon="-4.759569">
<ele>307</ele>
<time>2025-08-19T02:57:35Z</time></trkpt>
<trkpt lat="36.638074" lon="-4.760314">
<ele>307</ele>
<time>2025-08-19T02:57:47Z</time></trkpt>
<trkpt lat="36.638119" lon="-4.760932">
<ele>306</ele>
<time>2025-08-19T02:57:57Z</time></trkpt>
<trkpt lat="36.638411" lon="-4.76377">
<ele>304</ele>
<time>2025-08-19T02:58:43Z</time></trkpt>
<trkpt lat="36.63846" lon="-4.764533">
<ele>302</ele>
<time>2025-08-19T02:58:56Z</time></trkpt>
<trkpt lat="36.638484" lon="-4.765603">
<ele>301</ele>
<time>2025-08-19T02:59:13Z</time></trkpt>
<trkpt lat="36.638427" lon="-4.767616">
<ele>305</ele>
<time>2025-08-19T02:59:45Z</time></trkpt>
<trkpt lat="36.638404" lon="-4.768273">
<ele>308</ele>
<time>2025-08-19T02:59:56Z</time></trkpt>
<trkpt lat="36.638347" lon="-4.769775">
<ele>307</ele>
<time>2025-08-19T03:00:20Z</time></trkpt>
<trkpt lat="36.638345" lon="-4.770219">
<ele>307</ele>
<time>2025-08-19T03:00:27Z</time></trkpt>
<trkpt lat="36.638372" lon="-4.770703">
<ele>307</ele>
<time>2025-08-19T03:00:35Z</time></trkpt>
<trkpt lat="36.638421" lon="-4.77103">
<ele>308</ele>
<time>2025-08-19T03:00:40Z</time></trkpt>
<trkpt lat="36.638472" lon="-4.7713">
<ele>306</ele>
<time>2025-08-19T03:00:45Z</time></trkpt>
<trkpt lat="36.63856" lon="-4.771651">
<ele>302</ele>
<time>2025-08-19T03:00:51Z</time></trkpt>
<trkpt lat="36.638664" lon="-4.771961">
<ele>300</ele>
<time>2025-08-19T03:00:56Z</time></trkpt>
<trkpt lat="36.638829" lon="-4.772357">
<ele>297</ele>
<time>2025-08-19T03:01:03Z</time></trkpt>
<trkpt lat="36.639062" lon="-4.772796">
<ele>295</ele>
<time>2025-08-19T03:01:12Z</time></trkpt>
<trkpt lat="36.639572" lon="-4.77358">
<ele>291</ele>
<time>2025-08-19T03:01:28Z</time></trkpt>
<trkpt lat="36.639744" lon="-4.773889">
<ele>288</ele>
<time>2025-08-19T03:01:34Z</time></trkpt>
<trkpt lat="36.640001" lon="-4.774499">
<ele>285</ele>
<time>2025-08-19T03:01:45Z</time></trkpt>
<trkpt lat="36.640176" lon="-4.77513">
<ele>285</ele>
<time>2025-08-19T03:01:56Z</time></trkpt>
<trkpt lat="36.640214" lon="-4.775335">
<ele>284</ele>
<time>2025-08-19T03:01:59Z</time></trkpt>
<trkpt lat="36.640261" lon="-4.775736">
<ele>282</ele>
<time>2025-08-19T03:02:06Z</time></trkpt>
<trkpt lat="36.640305" lon="-4.776224">
<ele>278</ele>
<time>2025-08-19T03:02:14Z</time></trkpt>
<trkpt lat="36.64048" lon="-4.778272">
<ele>271</ele>
<time>2025-08-19T03:02:47Z</time></trkpt>
<trkpt lat="36.640539" lon="-4.779057">
<ele>277</ele>
<time>2025-08-19T03:02:59Z</time></trkpt>
<trkpt lat="36.64054" lon="-4.779239">
<ele>277</ele>
<time>2025-08-19T03:03:02Z</time></trkpt>
<trkpt lat="36.640522" lon="-4.77957">
<ele>277</ele>
<time>2025-08-19T03:03:08Z</time></trkpt>
<trkpt lat="36.640467" lon="-4.779925">
<ele>280</ele>
<time>2025-08-19T03:03:13Z</time></trkpt>
<trkpt lat="36.640411" lon="-4.780112">
<ele>281</ele>
<time>2025-08-19T03:03:17Z</time></trkpt>
<trkpt lat="36.640341" lon="-4.780305">
<ele>280</ele>
<time>2025-08-19T03:03:20Z</time></trkpt>
<trkpt lat="36.640257" lon="-4.780483">
<ele>281</ele>
<time>2025-08-19T03:03:23Z</time></trkpt>
<trkpt lat="36.640161" lon="-4.780668">
<ele>282</ele>
<time>2025-08-19T03:03:27Z</time></trkpt>
<trkpt lat="36.640037" lon="-4.780859">
<ele>282</ele>
<time>2025-08-19T03:03:31Z</time></trkpt>
<trkpt lat="36.639205" lon="-4.781863">
<ele>287</ele>
<time>2025-08-19T03:03:54Z</time></trkpt>
<trkpt lat="36.638916" lon="-4.782206">
<ele>291</ele>
<time>2025-08-19T03:04:02Z</time></trkpt>
<trkpt lat="36.63869" lon="-4.782513">
<ele>295</ele>
<time>2025-08-19T03:04:09Z</time></trkpt>
<trkpt lat="36.638588" lon="-4.782684">
<ele>295</ele>
<time>2025-08-19T03:04:12Z</time></trkpt>
<trkpt lat="36.638491" lon="-4.782877">
<ele>297</ele>
<time>2025-08-19T03:04:16Z</time></trkpt>
<trkpt lat="36.638394" lon="-4.783116">
<ele>297</ele>
<time>2025-08-19T03:04:20Z</time></trkpt>
<trkpt lat="36.63833" lon="-4.783345">
<ele>297</ele>
<time>2025-08-19T03:04:24Z</time></trkpt>
<trkpt lat="36.638261" lon="-4.783751">
<ele>300</ele>
<time>2025-08-19T03:04:31Z</time></trkpt>
<trkpt lat="36.638245" lon="-4.784041">
<ele>303</ele>
<time>2025-08-19T03:04:35Z</time></trkpt>
<trkpt lat="36.638255" lon="-4.78429">
<ele>304</ele>
<time>2025-08-19T03:04:39Z</time></trkpt>
<trkpt lat="36.638277" lon="-4.78455">
<ele>304</ele>
<time>2025-08-19T03:04:44Z</time></trkpt>
<trkpt lat="36.638352" lon="-4.785042">
<ele>303</ele>
<time>2025-08-19T03:04:52Z</time></trkpt>
<trkpt lat="36.638465" lon="-4.785895">
<ele>302</ele>
<time>2025-08-19T03:05:06Z</time></trkpt>
<trkpt lat="36.638477" lon="-4.786077">
<ele>302</ele>
<time>2025-08-19T03:05:08Z</time></trkpt>
<trkpt lat="36.638505" lon="-4.786893">
<ele>302</ele>
<time>2025-08-19T03:05:22Z</time></trkpt>
<trkpt lat="36.638474" lon="-4.787618">
<ele>297</ele>
<time>2025-08-19T03:05:33Z</time></trkpt>
<trkpt lat="36.638435" lon="-4.788026">
<ele>294</ele>
<time>2025-08-19T03:05:40Z</time></trkpt>
<trkpt lat="36.638292" lon="-4.788831">
<ele>300</ele>
<time>2025-08-19T03:05:53Z</time></trkpt>
<trkpt lat="36.637765" lon="-4.791391">
<ele>312</ele>
<time>2025-08-19T03:06:36Z</time></trkpt>
<trkpt lat="36.637589" lon="-4.792292">
<ele>318</ele>
<time>2025-08-19T03:06:51Z</time></trkpt>
<trkpt lat="36.637462" lon="-4.79342">
<ele>323</ele>
<time>2025-08-19T03:07:09Z</time></trkpt>
<trkpt lat="36.637396" lon="-4.794674">
<ele>328</ele>
<time>2025-08-19T03:07:29Z</time></trkpt>
<trkpt lat="36.637457" lon="-4.795566">
<ele>327</ele>
<time>2025-08-19T03:07:43Z</time></trkpt>
<trkpt lat="36.637537" lon="-4.796394">
<ele>324</ele>
<time>2025-08-19T03:07:57Z</time></trkpt>
<trkpt lat="36.637615" lon="-4.796799">
<ele>323</ele>
<time>2025-08-19T03:08:04Z</time></trkpt>
<trkpt lat="36.637615" lon="-4.796799">
<ele>323</ele>
<time>2025-08-19T03:08:04Z</time></trkpt>
<trkpt lat="36.63782" lon="-4.797866">
<ele>318</ele>
<time>2025-08-19T03:08:21Z</time></trkpt>
<trkpt lat="36.637955" lon="-4.798668">
<ele>314</ele>
<time>2025-08-19T03:08:34Z</time></trkpt>
<trkpt lat="36.638008" lon="-4.799185">
<ele>314</ele>
<time>2025-08-19T03:08:43Z</time></trkpt>
<trkpt lat="36.638046" lon="-4.799719">
<ele>313</ele>
<time>2025-08-19T03:08:51Z</time></trkpt>
<trkpt lat="36.638054" lon="-4.800287">
<ele>313</ele>
<time>2025-08-19T03:09:01Z</time></trkpt>
<trkpt lat="36.638046" lon="-4.80058">
<ele>313</ele>
<time>2025-08-19T03:09:05Z</time></trkpt>
<trkpt lat="36.637992" lon="-4.801222">
<ele>315</ele>
<time>2025-08-19T03:09:16Z</time></trkpt>
<trkpt lat="36.637907" lon="-4.801897">
<ele>316</ele>
<time>2025-08-19T03:09:27Z</time></trkpt>
<trkpt lat="36.637747" lon="-4.802667">
<ele>315</ele>
<time>2025-08-19T03:09:39Z</time></trkpt>
<trkpt lat="36.637583" lon="-4.803292">
<ele>313</ele>
<time>2025-08-19T03:09:50Z</time></trkpt>
<trkpt lat="36.637393" lon="-4.803885">
<ele>315</ele>
<time>2025-08-19T03:10:00Z</time></trkpt>
<trkpt lat="36.637381" lon="-4.803984">
<ele>315</ele>
<time>2025-08-19T03:10:02Z</time></trkpt>
<trkpt lat="36.637235" lon="-4.804468">
<ele>315</ele>
<time>2025-08-19T03:10:10Z</time></trkpt>
<trkpt lat="36.637074" lon="-4.805075">
<ele>315</ele>
<time>2025-08-19T03:10:20Z</time></trkpt>
<trkpt lat="36.63689" lon="-4.805915">
<ele>317</ele>
<time>2025-08-19T03:10:34Z</time></trkpt>
<trkpt lat="36.636817" lon="-4.806288">
<ele>318</ele>
<time>2025-08-19T03:10:41Z</time></trkpt>
<trkpt lat="36.636785" lon="-4.806348">
<ele>319</ele>
<time>2025-08-19T03:10:42Z</time></trkpt>
<trkpt lat="36.636653" lon="-4.807217">
<ele>323</ele>
<time>2025-08-19T03:10:56Z</time></trkpt>
<trkpt lat="36.636561" lon="-4.808039">
<ele>327</ele>
<time>2025-08-19T03:11:09Z</time></trkpt>
<trkpt lat="36.636486" lon="-4.809043">
<ele>327</ele>
<time>2025-08-19T03:11:26Z</time></trkpt>
<trkpt lat="36.636468" lon="-4.810261">
<ele>323</ele>
<time>2025-08-19T03:11:45Z</time></trkpt>
<trkpt lat="36.636486" lon="-4.811043">
<ele>318</ele>
<time>2025-08-19T03:11:58Z</time></trkpt>
<trkpt lat="36.636517" lon="-4.813197">
<ele>314</ele>
<time>2025-08-19T03:12:32Z</time></trkpt>
<trkpt lat="36.636532" lon="-4.81328">
<ele>314</ele>
<time>2025-08-19T03:12:34Z</time></trkpt>
<trkpt lat="36.636524" lon="-4.813441">
<ele>314</ele>
<time>2025-08-19T03:12:36Z</time></trkpt>
<trkpt lat="36.636464" lon="-4.813925">
<ele>314</ele>
<time>2025-08-19T03:12:44Z</time></trkpt>
<trkpt lat="36.636273" lon="-4.81469">
<ele>311</ele>
<time>2025-08-19T03:12:57Z</time></trkpt>
<trkpt lat="36.636115" lon="-4.81513">
<ele>310</ele>
<time>2025-08-19T03:13:05Z</time></trkpt>
<trkpt lat="36.635948" lon="-4.81545">
<ele>309</ele>
<time>2025-08-19T03:13:11Z</time></trkpt>
<trkpt lat="36.635886" lon="-4.815514">
<ele>309</ele>
<time>2025-08-19T03:13:13Z</time></trkpt>
<trkpt lat="36.635798" lon="-4.81568">
<ele>309</ele>
<time>2025-08-19T03:13:16Z</time></trkpt>
<trkpt lat="36.635672" lon="-4.815871">
<ele>309</ele>
<time>2025-08-19T03:13:20Z</time></trkpt>
<trkpt lat="36.634812" lon="-4.817018">
<ele>314</ele>
<time>2025-08-19T03:13:45Z</time></trkpt>
<trkpt lat="36.634572" lon="-4.81738">
<ele>317</ele>
<time>2025-08-19T03:13:53Z</time></trkpt>
<trkpt lat="36.63436" lon="-4.817744">
<ele>319</ele>
<time>2025-08-19T03:14:00Z</time></trkpt>
<trkpt lat="36.634166" lon="-4.818123">
<ele>322</ele>
<time>2025-08-19T03:14:07Z</time></trkpt>
<trkpt lat="36.633994" lon="-4.818516">
<ele>323</ele>
<time>2025-08-19T03:14:14Z</time></trkpt>
<trkpt lat="36.633573" lon="-4.819696">
<ele>330</ele>
<time>2025-08-19T03:14:35Z</time></trkpt>
<trkpt lat="36.633465" lon="-4.819958">
<ele>330</ele>
<time>2025-08-19T03:14:40Z</time></trkpt>
<trkpt lat="36.633361" lon="-4.820192">
<ele>332</ele>
<time>2025-08-19T03:14:44Z</time></trkpt>
<trkpt lat="36.633095" lon="-4.820624">
<ele>337</ele>
<time>2025-08-19T03:14:53Z</time></trkpt>
<trkpt lat="36.632895" lon="-4.820864">
<ele>340</ele>
<time>2025-08-19T03:14:58Z</time></trkpt>
<trkpt lat="36.63264" lon="-4.821121">
<ele>341</ele>
<time>2025-08-19T03:15:05Z</time></trkpt>
<trkpt lat="36.632351" lon="-4.821339">
<ele>342</ele>
<time>2025-08-19T03:15:12Z</time></trkpt>
<trkpt lat="36.632148" lon="-4.821465">
<ele>343</ele>
<time>2025-08-19T03:15:16Z</time></trkpt>
<trkpt lat="36.6317" lon="-4.821651">
<ele>348</ele>
<time>2025-08-19T03:15:26Z</time></trkpt>
<trkpt lat="36.630904" lon="-4.821912">
<ele>350</ele>
<time>2025-08-19T03:15:42Z</time></trkpt>
<trkpt lat="36.630636" lon="-4.822023">
<ele>336</ele>
<time>2025-08-19T03:15:48Z</time></trkpt>
<trkpt lat="36.630334" lon="-4.822204">
<ele>325</ele>
<time>2025-08-19T03:15:55Z</time></trkpt>
<trkpt lat="36.629983" lon="-4.8225">
<ele>331</ele>
<time>2025-08-19T03:16:03Z</time></trkpt>
<trkpt lat="36.629638" lon="-4.822909">
<ele>346</ele>
<time>2025-08-19T03:16:13Z</time></trkpt>
<trkpt lat="36.629385" lon="-4.823335">
<ele>364</ele>
<time>2025-08-19T03:16:21Z</time></trkpt>
<trkpt lat="36.629258" lon="-4.82362">
<ele>370</ele>
<time>2025-08-19T03:16:26Z</time></trkpt>
<trkpt lat="36.629139" lon="-4.823952">
<ele>371</ele>
<time>2025-08-19T03:16:32Z</time></trkpt>
<trkpt lat="36.629033" lon="-4.824376">
<ele>379</ele>
<time>2025-08-19T03:16:39Z</time></trkpt>
<trkpt lat="36.628983" lon="-4.824751">
<ele>382</ele>
<time>2025-08-19T03:16:45Z</time></trkpt>
<trkpt lat="36.628968" lon="-4.825081">
<ele>383</ele>
<time>2025-08-19T03:16:51Z</time></trkpt>
<trkpt lat="36.628962" lon="-4.826131">
<ele>380</ele>
<time>2025-08-19T03:17:08Z</time></trkpt>
<trkpt lat="36.628899" lon="-4.826709">
<ele>383</ele>
<time>2025-08-19T03:17:17Z</time></trkpt>
<trkpt lat="36.628863" lon="-4.8269">
<ele>384</ele>
<time>2025-08-19T03:17:20Z</time></trkpt>
<trkpt lat="36.628652" lon="-4.827613">
<ele>390</ele>
<time>2025-08-19T03:17:32Z</time></trkpt>
<trkpt lat="36.628465" lon="-4.828169">
<ele>399</ele>
<time>2025-08-19T03:17:42Z</time></trkpt>
<trkpt lat="36.628338" lon="-4.828778">
<ele>399</ele>
<time>2025-08-19T03:17:52Z</time></trkpt>
<trkpt lat="36.628285" lon="-4.829316">
<ele>397</ele>
<time>2025-08-19T03:18:01Z</time></trkpt>
<trkpt lat="36.628249" lon="-4.830088">
<ele>400</ele>
<time>2025-08-19T03:18:13Z</time></trkpt>
<trkpt lat="36.628192" lon="-4.830707">
<ele>404</ele>
<time>2025-08-19T03:18:23Z</time></trkpt>
<trkpt lat="36.628128" lon="-4.831054">
<ele>405</ele>
<time>2025-08-19T03:18:29Z</time></trkpt>
<trkpt lat="36.62804" lon="-4.831357">
<ele>406</ele>
<time>2025-08-19T03:18:34Z</time></trkpt>
<trkpt lat="36.627949" lon="-4.831604">
<ele>405</ele>
<time>2025-08-19T03:18:39Z</time></trkpt>
<trkpt lat="36.627842" lon="-4.831829">
<ele>402</ele>
<time>2025-08-19T03:18:43Z</time></trkpt>
<trkpt lat="36.627728" lon="-4.832041">
<ele>399</ele>
<time>2025-08-19T03:18:47Z</time></trkpt>
<trkpt lat="36.627359" lon="-4.832579">
<ele>406</ele>
<time>2025-08-19T03:18:58Z</time></trkpt>
<trkpt lat="36.626523" lon="-4.833693">
<ele>412</ele>
<time>2025-08-19T03:19:23Z</time></trkpt>
<trkpt lat="36.626201" lon="-4.834225">
<ele>414</ele>
<time>2025-08-19T03:19:34Z</time></trkpt>
<trkpt lat="36.625988" lon="-4.834795">
<ele>411</ele>
<time>2025-08-19T03:19:44Z</time></trkpt>
<trkpt lat="36.625876" lon="-4.835276">
<ele>415</ele>
<time>2025-08-19T03:19:52Z</time></trkpt>
<trkpt lat="36.625704" lon="-4.837656">
<ele>432</ele>
<time>2025-08-19T03:20:30Z</time></trkpt>
<trkpt lat="36.625615" lon="-4.838507">
<ele>431</ele>
<time>2025-08-19T03:20:44Z</time></trkpt>
<trkpt lat="36.625489" lon="-4.839346">
<ele>433</ele>
<time>2025-08-19T03:20:58Z</time></trkpt>
<trkpt lat="36.625296" lon="-4.840337">
<ele>435</ele>
<time>2025-08-19T03:21:14Z</time></trkpt>
<trkpt lat="36.625189" lon="-4.840821">
<ele>437</ele>
<time>2025-08-19T03:21:22Z</time></trkpt>
<trkpt lat="36.625043" lon="-4.841398">
<ele>437</ele>
<time>2025-08-19T03:21:32Z</time></trkpt>
<trkpt lat="36.624829" lon="-4.842149">
<ele>436</ele>
<time>2025-08-19T03:21:45Z</time></trkpt>
<trkpt lat="36.62463" lon="-4.842749">
<ele>439</ele>
<time>2025-08-19T03:21:55Z</time></trkpt>
<trkpt lat="36.624367" lon="-4.843466">
<ele>443</ele>
<time>2025-08-19T03:22:08Z</time></trkpt>
<trkpt lat="36.62421" lon="-4.843841">
<ele>445</ele>
<time>2025-08-19T03:22:15Z</time></trkpt>
<trkpt lat="36.62421" lon="-4.843841">
<ele>445</ele>
<time>2025-08-19T03:22:15Z</time></trkpt>
<trkpt lat="36.623897" lon="-4.844588">
<ele>448</ele>
<time>2025-08-19T03:22:28Z</time></trkpt>
<trkpt lat="36.623526" lon="-4.84535">
<ele>453</ele>
<time>2025-08-19T03:22:43Z</time></trkpt>
<trkpt lat="36.623425" lon="-4.845549">
<ele>454</ele>
<time>2025-08-19T03:22:46Z</time></trkpt>
<trkpt lat="36.623032" lon="-4.846246">
<ele>458</ele>
<time>2025-08-19T03:23:00Z</time></trkpt>
<trkpt lat="36.622546" lon="-4.847026">
<ele>460</ele>
<time>2025-08-19T03:23:16Z</time></trkpt>
<trkpt lat="36.621898" lon="-4.847937">
<ele>459</ele>
<time>2025-08-19T03:23:35Z</time></trkpt>
<trkpt lat="36.621444" lon="-4.848487">
<ele>456</ele>
<time>2025-08-19T03:23:48Z</time></trkpt>
<trkpt lat="36.620386" lon="-4.849699">
<ele>439</ele>
<time>2025-08-19T03:24:17Z</time></trkpt>
<trkpt lat="36.619998" lon="-4.850059">
<ele>437</ele>
<time>2025-08-19T03:24:27Z</time></trkpt>
<trkpt lat="36.619781" lon="-4.850218">
<ele>434</ele>
<time>2025-08-19T03:24:32Z</time></trkpt>
<trkpt lat="36.619585" lon="-4.850326">
<ele>431</ele>
<time>2025-08-19T03:24:36Z</time></trkpt>
<trkpt lat="36.619371" lon="-4.850402">
<ele>430</ele>
<time>2025-08-19T03:24:40Z</time></trkpt>
<trkpt lat="36.619073" lon="-4.850456">
<ele>431</ele>
<time>2025-08-19T03:24:46Z</time></trkpt>
<trkpt lat="36.61876" lon="-4.850453">
<ele>431</ele>
<time>2025-08-19T03:24:53Z</time></trkpt>
<trkpt lat="36.618566" lon="-4.850406">
<ele>432</ele>
<time>2025-08-19T03:24:57Z</time></trkpt>
<trkpt lat="36.618199" lon="-4.850261">
<ele>430</ele>
<time>2025-08-19T03:25:04Z</time></trkpt>
<trkpt lat="36.618008" lon="-4.85016">
<ele>427</ele>
<time>2025-08-19T03:25:09Z</time></trkpt>
<trkpt lat="36.617593" lon="-4.849906">
<ele>411</ele>
<time>2025-08-19T03:25:18Z</time></trkpt>
<trkpt lat="36.617396" lon="-4.849817">
<ele>413</ele>
<time>2025-08-19T03:25:22Z</time></trkpt>
<trkpt lat="36.617164" lon="-4.849753">
<ele>423</ele>
<time>2025-08-19T03:25:27Z</time></trkpt>
<trkpt lat="36.617009" lon="-4.84972">
<ele>427</ele>
<time>2025-08-19T03:25:30Z</time></trkpt>
<trkpt lat="36.616705" lon="-4.84971">
<ele>430</ele>
<time>2025-08-19T03:25:36Z</time></trkpt>
<trkpt lat="36.615815" lon="-4.849857">
<ele>434</ele>
<time>2025-08-19T03:25:54Z</time></trkpt>
<trkpt lat="36.61565" lon="-4.849868">
<ele>433</ele>
<time>2025-08-19T03:25:57Z</time></trkpt>
<trkpt lat="36.615251" lon="-4.849824">
<ele>436</ele>
<time>2025-08-19T03:26:05Z</time></trkpt>
<trkpt lat="36.615036" lon="-4.84977">
<ele>439</ele>
<time>2025-08-19T03:26:10Z</time></trkpt>
<trkpt lat="36.614477" lon="-4.84962">
<ele>441</ele>
<time>2025-08-19T03:26:21Z</time></trkpt>
<trkpt lat="36.614217" lon="-4.849592">
<ele>440</ele>
<time>2025-08-19T03:26:26Z</time></trkpt>
<trkpt lat="36.613801" lon="-4.849607">
<ele>442</ele>
<time>2025-08-19T03:26:35Z</time></trkpt>
<trkpt lat="36.612613" lon="-4.849744">
<ele>446</ele>
<time>2025-08-19T03:26:59Z</time></trkpt>
<trkpt lat="36.612261" lon="-4.849823">
<ele>449</ele>
<time>2025-08-19T03:27:06Z</time></trkpt>
<trkpt lat="36.612096" lon="-4.84988">
<ele>449</ele>
<time>2025-08-19T03:27:09Z</time></trkpt>
<trkpt lat="36.611877" lon="-4.849985">
<ele>449</ele>
<time>2025-08-19T03:27:14Z</time></trkpt>
<trkpt lat="36.611477" lon="-4.850242">
<ele>452</ele>
<time>2025-08-19T03:27:23Z</time></trkpt>
<trkpt lat="36.610806" lon="-4.850823">
<ele>454</ele>
<time>2025-08-19T03:27:39Z</time></trkpt>
<trkpt lat="36.610541" lon="-4.851004">
<ele>457</ele>
<time>2025-08-19T03:27:45Z</time></trkpt>
<trkpt lat="36.610349" lon="-4.851107">
<ele>456</ele>
<time>2025-08-19T03:27:50Z</time></trkpt>
<trkpt lat="36.610162" lon="-4.851172">
<ele>456</ele>
<time>2025-08-19T03:27:54Z</time></trkpt>
<trkpt lat="36.609892" lon="-4.85122">
<ele>455</ele>
<time>2025-08-19T03:27:59Z</time></trkpt>
<trkpt lat="36.609531" lon="-4.851211">
<ele>458</ele>
<time>2025-08-19T03:28:06Z</time></trkpt>
<trkpt lat="36.609406" lon="-4.851187">
<ele>460</ele>
<time>2025-08-19T03:28:09Z</time></trkpt>
<trkpt lat="36.609265" lon="-4.851149">
<ele>461</ele>
<time>2025-08-19T03:28:12Z</time></trkpt>
<trkpt lat="36.609058" lon="-4.851061">
<ele>463</ele>
<time>2025-08-19T03:28:16Z</time></trkpt>
<trkpt lat="36.608189" lon="-4.850669">
<ele>471</ele>
<time>2025-08-19T03:28:35Z</time></trkpt>
<trkpt lat="36.60779" lon="-4.850575">
<ele>471</ele>
<time>2025-08-19T03:28:43Z</time></trkpt>
<trkpt lat="36.607622" lon="-4.850555">
<ele>472</ele>
<time>2025-08-19T03:28:46Z</time></trkpt>
<trkpt lat="36.607264" lon="-4.850567">
<ele>472</ele>
<time>2025-08-19T03:28:53Z</time></trkpt>
<trkpt lat="36.606899" lon="-4.850631">
<ele>474</ele>
<time>2025-08-19T03:29:01Z</time></trkpt>
<trkpt lat="36.606726" lon="-4.850688">
<ele>474</ele>
<time>2025-08-19T03:29:04Z</time></trkpt>
<trkpt lat="36.605919" lon="-4.851058">
<ele>475</ele>
<time>2025-08-19T03:29:21Z</time></trkpt>
<trkpt lat="36.605669" lon="-4.851179">
<ele>475</ele>
<time>2025-08-19T03:29:27Z</time></trkpt>
<trkpt lat="36.602519" lon="-4.852705">
<ele>478</ele>
<time>2025-08-19T03:30:35Z</time></trkpt>
<trkpt lat="36.601872" lon="-4.852961">
<ele>478</ele>
<time>2025-08-19T03:30:48Z</time></trkpt>
<trkpt lat="36.601723" lon="-4.853006">
<ele>478</ele>
<time>2025-08-19T03:30:51Z</time></trkpt>
<trkpt lat="36.601206" lon="-4.853086">
<ele>477</ele>
<time>2025-08-19T03:31:02Z</time></trkpt>
<trkpt lat="36.60072" lon="-4.853137">
<ele>477</ele>
<time>2025-08-19T03:31:11Z</time></trkpt>
<trkpt lat="36.600059" lon="-4.853191">
<ele>482</ele>
<time>2025-08-19T03:31:25Z</time></trkpt>
<trkpt lat="36.599308" lon="-4.853247">
<ele>482</ele>
<time>2025-08-19T03:31:40Z</time></trkpt>
<trkpt lat="36.598713" lon="-4.85327">
<ele>484</ele>
<time>2025-08-19T03:31:52Z</time></trkpt>
<trkpt lat="36.597278" lon="-4.853285">
<ele>494</ele>
<time>2025-08-19T03:32:20Z</time></trkpt>
<trkpt lat="36.59603" lon="-4.853289">
<ele>497</ele>
<time>2025-08-19T03:32:45Z</time></trkpt>
<trkpt lat="36.595785" lon="-4.853304">
<ele>497</ele>
<time>2025-08-19T03:32:50Z</time></trkpt>
<trkpt lat="36.594451" lon="-4.853436">
<ele>498</ele>
<time>2025-08-19T03:33:17Z</time></trkpt>
<trkpt lat="36.594154" lon="-4.853433">
<ele>499</ele>
<time>2025-08-19T03:33:23Z</time></trkpt>
<trkpt lat="36.593809" lon="-4.853403">
<ele>500</ele>
<time>2025-08-19T03:33:30Z</time></trkpt>
<trkpt lat="36.593441" lon="-4.853319">
<ele>501</ele>
<time>2025-08-19T03:33:38Z</time></trkpt>
<trkpt lat="36.59309" lon="-4.853196">
<ele>502</ele>
<time>2025-08-19T03:33:45Z</time></trkpt>
<trkpt lat="36.592838" lon="-4.853088">
<ele>502</ele>
<time>2025-08-19T03:33:50Z</time></trkpt>
<trkpt lat="36.592592" lon="-4.852956">
<ele>503</ele>
<time>2025-08-19T03:33:56Z</time></trkpt>
<trkpt lat="36.592293" lon="-4.852768">
<ele>504</ele>
<time>2025-08-19T03:34:02Z</time></trkpt>
<trkpt lat="36.592213" lon="-4.852745">
<ele>505</ele>
<time>2025-08-19T03:34:04Z</time></trkpt>
<trkpt lat="36.592069" lon="-4.852656">
<ele>505</ele>
<time>2025-08-19T03:34:07Z</time></trkpt>
<trkpt lat="36.591505" lon="-4.852316">
<ele>506</ele>
<time>2025-08-19T03:34:20Z</time></trkpt>
<trkpt lat="36.591254" lon="-4.852204">
<ele>507</ele>
<time>2025-08-19T03:34:25Z</time></trkpt>
<trkpt lat="36.590775" lon="-4.852025">
<ele>510</ele>
<time>2025-08-19T03:34:35Z</time></trkpt>
<trkpt lat="36.590397" lon="-4.851957">
<ele>513</ele>
<time>2025-08-19T03:34:43Z</time></trkpt>
<trkpt lat="36.590182" lon="-4.851959">
<ele>514</ele>
<time>2025-08-19T03:34:47Z</time></trkpt>
<trkpt lat="36.589305" lon="-4.852048">
<ele>521</ele>
<time>2025-08-19T03:35:05Z</time></trkpt>
<trkpt lat="36.589031" lon="-4.85207">
<ele>522</ele>
<time>2025-08-19T03:35:10Z</time></trkpt>
<trkpt lat="36.587984" lon="-4.852074">
<ele>525</ele>
<time>2025-08-19T03:35:31Z</time></trkpt>
<trkpt lat="36.587594" lon="-4.852109">
<ele>526</ele>
<time>2025-08-19T03:35:39Z</time></trkpt>
<trkpt lat="36.58721" lon="-4.852174">
<ele>528</ele>
<time>2025-08-19T03:35:47Z</time></trkpt>
<trkpt lat="36.586536" lon="-4.852388">
<ele>532</ele>
<time>2025-08-19T03:36:01Z</time></trkpt>
<trkpt lat="36.586495" lon="-4.852423">
<ele>533</ele>
<time>2025-08-19T03:36:02Z</time></trkpt>
<trkpt lat="36.586388" lon="-4.852459">
<ele>533</ele>
<time>2025-08-19T03:36:04Z</time></trkpt>
<trkpt lat="36.585981" lon="-4.852584">
<ele>537</ele>
<time>2025-08-19T03:36:12Z</time></trkpt>
<trkpt lat="36.585791" lon="-4.85262">
<ele>538</ele>
<time>2025-08-19T03:36:16Z</time></trkpt>
<trkpt lat="36.585539" lon="-4.852667">
<ele>540</ele>
<time>2025-08-19T03:36:21Z</time></trkpt>
<trkpt lat="36.585299" lon="-4.852695">
<ele>541</ele>
<time>2025-08-19T03:36:26Z</time></trkpt>
<trkpt lat="36.584816" lon="-4.852709">
<ele>544</ele>
<time>2025-08-19T03:36:36Z</time></trkpt>
<trkpt lat="36.584672" lon="-4.852701">
<ele>546</ele>
<time>2025-08-19T03:36:39Z</time></trkpt>
<trkpt lat="36.58453" lon="-4.852667">
<ele>548</ele>
<time>2025-08-19T03:36:42Z</time></trkpt>
<trkpt lat="36.583839" lon="-4.85263">
<ele>554</ele>
<time>2025-08-19T03:36:55Z</time></trkpt>
<trkpt lat="36.583385" lon="-4.852688">
<ele>555</ele>
<time>2025-08-19T03:37:05Z</time></trkpt>
<trkpt lat="36.583323" lon="-4.852726">
<ele>554</ele>
<time>2025-08-19T03:37:06Z</time></trkpt>
<trkpt lat="36.583078" lon="-4.852772">
<ele>553</ele>
<time>2025-08-19T03:37:11Z</time></trkpt>
<trkpt lat="36.582797" lon="-4.852819">
<ele>554</ele>
<time>2025-08-19T03:37:17Z</time></trkpt>
<trkpt lat="36.582389" lon="-4.852821">
<ele>555</ele>
<time>2025-08-19T03:37:25Z</time></trkpt>
<trkpt lat="36.582346" lon="-4.852819">
<ele>555</ele>
<time>2025-08-19T03:37:26Z</time></trkpt>
<trkpt lat="36.582274" lon="-4.85278">
<ele>553</ele>
<time>2025-08-19T03:37:27Z</time></trkpt>
<trkpt lat="36.581615" lon="-4.852678">
<ele>553</ele>
<time>2025-08-19T03:37:41Z</time></trkpt>
<trkpt lat="36.581335" lon="-4.852717">
<ele>555</ele>
<time>2025-08-19T03:37:46Z</time></trkpt>
<trkpt lat="36.581035" lon="-4.852882">
<ele>556</ele>
<time>2025-08-19T03:37:53Z</time></trkpt>
<trkpt lat="36.580507" lon="-4.853295">
<ele>551</ele>
<time>2025-08-19T03:38:05Z</time></trkpt>
<trkpt lat="36.580262" lon="-4.85341">
<ele>547</ele>
<time>2025-08-19T03:38:10Z</time></trkpt>
<trkpt lat="36.580006" lon="-4.853459">
<ele>545</ele>
<time>2025-08-19T03:38:16Z</time></trkpt>
<trkpt lat="36.579777" lon="-4.853434">
<ele>546</ele>
<time>2025-08-19T03:38:20Z</time></trkpt>
<trkpt lat="36.57966" lon="-4.853398">
<ele>547</ele>
<time>2025-08-19T03:38:23Z</time></trkpt>
<trkpt lat="36.578918" lon="-4.85298">
<ele>546</ele>
<time>2025-08-19T03:38:39Z</time></trkpt>
<trkpt lat="36.578555" lon="-4.852876">
<ele>541</ele>
<time>2025-08-19T03:38:46Z</time></trkpt>
<trkpt lat="36.578232" lon="-4.852858">
<ele>540</ele>
<time>2025-08-19T03:38:53Z</time></trkpt>
<trkpt lat="36.578054" lon="-4.852887">
<ele>542</ele>
<time>2025-08-19T03:38:57Z</time></trkpt>
<trkpt lat="36.577727" lon="-4.853009">
<ele>545</ele>
<time>2025-08-19T03:39:03Z</time></trkpt>
<trkpt lat="36.577457" lon="-4.853209">
<ele>544</ele>
<time>2025-08-19T03:39:10Z</time></trkpt>
<trkpt lat="36.577373" lon="-4.853311">
<ele>542</ele>
<time>2025-08-19T03:39:12Z</time></trkpt>
<trkpt lat="36.577244" lon="-4.853525">
<ele>541</ele>
<time>2025-08-19T03:39:16Z</time></trkpt>
<trkpt lat="36.577129" lon="-4.853786">
<ele>540</ele>
<time>2025-08-19T03:39:21Z</time></trkpt>
<trkpt lat="36.576934" lon="-4.854601">
<ele>541</ele>
<time>2025-08-19T03:39:35Z</time></trkpt>
<trkpt lat="36.576881" lon="-4.854797">
<ele>540</ele>
<time>2025-08-19T03:39:38Z</time></trkpt>
<trkpt lat="36.576815" lon="-4.854968">
<ele>539</ele>
<time>2025-08-19T03:39:41Z</time></trkpt>
<trkpt lat="36.576666" lon="-4.855238">
<ele>538</ele>
<time>2025-08-19T03:39:46Z</time></trkpt>
<trkpt lat="36.575826" lon="-4.85653">
<ele>542</ele>
<time>2025-08-19T03:40:13Z</time></trkpt>
<trkpt lat="36.575567" lon="-4.856894">
<ele>538</ele>
<time>2025-08-19T03:40:21Z</time></trkpt>
<trkpt lat="36.575376" lon="-4.857119">
<ele>536</ele>
<time>2025-08-19T03:40:26Z</time></trkpt>
<trkpt lat="36.575233" lon="-4.857239">
<ele>538</ele>
<time>2025-08-19T03:40:30Z</time></trkpt>
<trkpt lat="36.575049" lon="-4.857344">
<ele>537</ele>
<time>2025-08-19T03:40:34Z</time></trkpt>
<trkpt lat="36.574464" lon="-4.857586">
<ele>544</ele>
<time>2025-08-19T03:40:46Z</time></trkpt>
<trkpt lat="36.574227" lon="-4.857737">
<ele>545</ele>
<time>2025-08-19T03:40:51Z</time></trkpt>
<trkpt lat="36.574146" lon="-4.857816">
<ele>546</ele>
<time>2025-08-19T03:40:54Z</time></trkpt>
<trkpt lat="36.573966" lon="-4.858046">
<ele>546</ele>
<time>2025-08-19T03:40:59Z</time></trkpt>
<trkpt lat="36.573831" lon="-4.858318">
<ele>544</ele>
<time>2025-08-19T03:41:04Z</time></trkpt>
<trkpt lat="36.573763" lon="-4.858572">
<ele>547</ele>
<time>2025-08-19T03:41:08Z</time></trkpt>
<trkpt lat="36.573736" lon="-4.858773">
<ele>548</ele>
<time>2025-08-19T03:41:11Z</time></trkpt>
<trkpt lat="36.573741" lon="-4.859087">
<ele>549</ele>
<time>2025-08-19T03:41:17Z</time></trkpt>
<trkpt lat="36.573812" lon="-4.859388">
<ele>548</ele>
<time>2025-08-19T03:41:22Z</time></trkpt>
<trkpt lat="36.573864" lon="-4.859547">
<ele>546</ele>
<time>2025-08-19T03:41:24Z</time></trkpt>
<trkpt lat="36.57405" lon="-4.859875">
<ele>546</ele>
<time>2025-08-19T03:41:31Z</time></trkpt>
<trkpt lat="36.574226" lon="-4.860089">
<ele>545</ele>
<time>2025-08-19T03:41:36Z</time></trkpt>
<trkpt lat="36.574859" lon="-4.860784">
<ele>544</ele>
<time>2025-08-19T03:41:53Z</time></trkpt>
<trkpt lat="36.574975" lon="-4.860961">
<ele>541</ele>
<time>2025-08-19T03:41:56Z</time></trkpt>
<trkpt lat="36.575076" lon="-4.861174">
<ele>543</ele>
<time>2025-08-19T03:42:00Z</time></trkpt>
<trkpt lat="36.575118" lon="-4.861364">
<ele>543</ele>
<time>2025-08-19T03:42:03Z</time></trkpt>
<trkpt lat="36.575118" lon="-4.861364">
<ele>543</ele>
<time>2025-08-19T03:42:03Z</time></trkpt>
<trkpt lat="36.575143" lon="-4.861473">
<ele>542</ele>
<time>2025-08-19T03:42:05Z</time></trkpt>
<trkpt lat="36.57515" lon="-4.861629">
<ele>539</ele>
<time>2025-08-19T03:42:08Z</time></trkpt>
<trkpt lat="36.575136" lon="-4.8618">
<ele>535</ele>
<time>2025-08-19T03:42:11Z</time></trkpt>
<trkpt lat="36.5751" lon="-4.861977">
<ele>531</ele>
<time>2025-08-19T03:42:13Z</time></trkpt>
<trkpt lat="36.575049" lon="-4.862128">
<ele>529</ele>
<time>2025-08-19T03:42:16Z</time></trkpt>
<trkpt lat="36.574975" lon="-4.862276">
<ele>527</ele>
<time>2025-08-19T03:42:19Z</time></trkpt>
<trkpt lat="36.574879" lon="-4.86242">
<ele>525</ele>
<time>2025-08-19T03:42:22Z</time></trkpt>
<trkpt lat="36.574705" lon="-4.862619">
<ele>526</ele>
<time>2025-08-19T03:42:27Z</time></trkpt>
<trkpt lat="36.573368" lon="-4.863961">
<ele>515</ele>
<time>2025-08-19T03:43:01Z</time></trkpt>
<trkpt lat="36.573266" lon="-4.864055">
<ele>513</ele>
<time>2025-08-19T03:43:04Z</time></trkpt>
<trkpt lat="36.573028" lon="-4.864213">
<ele>509</ele>
<time>2025-08-19T03:43:09Z</time></trkpt>
<trkpt lat="36.572727" lon="-4.864281">
<ele>503</ele>
<time>2025-08-19T03:43:15Z</time></trkpt>
<trkpt lat="36.572521" lon="-4.864264">
<ele>501</ele>
<time>2025-08-19T03:43:19Z</time></trkpt>
<trkpt lat="36.57226" lon="-4.864161">
<ele>503</ele>
<time>2025-08-19T03:43:25Z</time></trkpt>
<trkpt lat="36.57165" lon="-4.863808">
<ele>500</ele>
<time>2025-08-19T03:43:38Z</time></trkpt>
<trkpt lat="36.571487" lon="-4.863741">
<ele>498</ele>
<time>2025-08-19T03:43:42Z</time></trkpt>
<trkpt lat="36.571319" lon="-4.863706">
<ele>497</ele>
<time>2025-08-19T03:43:45Z</time></trkpt>
<trkpt lat="36.570674" lon="-4.863731">
<ele>495</ele>
<time>2025-08-19T03:43:58Z</time></trkpt>
<trkpt lat="36.570448" lon="-4.863713">
<ele>494</ele>
<time>2025-08-19T03:44:03Z</time></trkpt>
<trkpt lat="36.570186" lon="-4.863646">
<ele>490</ele>
<time>2025-08-19T03:44:08Z</time></trkpt>
<trkpt lat="36.569654" lon="-4.863428">
<ele>486</ele>
<time>2025-08-19T03:44:19Z</time></trkpt>
<trkpt lat="36.569454" lon="-4.863408">
<ele>486</ele>
<time>2025-08-19T03:44:23Z</time></trkpt>
<trkpt lat="36.56925" lon="-4.863455">
<ele>485</ele>
<time>2025-08-19T03:44:27Z</time></trkpt>
<trkpt lat="36.569134" lon="-4.863518">
<ele>483</ele>
<time>2025-08-19T03:44:30Z</time></trkpt>
<trkpt lat="36.569051" lon="-4.863589">
<ele>481</ele>
<time>2025-08-19T03:44:32Z</time></trkpt>
<trkpt lat="36.568962" lon="-4.863678">
<ele>480</ele>
<time>2025-08-19T03:44:34Z</time></trkpt>
<trkpt lat="36.568508" lon="-4.864321">
<ele>467</ele>
<time>2025-08-19T03:44:48Z</time></trkpt>
<trkpt lat="36.568349" lon="-4.864516">
<ele>467</ele>
<time>2025-08-19T03:44:52Z</time></trkpt>
<trkpt lat="36.568191" lon="-4.864654">
<ele>465</ele>
<time>2025-08-19T03:44:56Z</time></trkpt>
<trkpt lat="36.567991" lon="-4.864771">
<ele>465</ele>
<time>2025-08-19T03:45:01Z</time></trkpt>
<trkpt lat="36.567828" lon="-4.864838">
<ele>464</ele>
<time>2025-08-19T03:45:04Z</time></trkpt>
<trkpt lat="36.567668" lon="-4.864865">
<ele>464</ele>
<time>2025-08-19T03:45:07Z</time></trkpt>
<trkpt lat="36.567509" lon="-4.864867">
<ele>465</ele>
<time>2025-08-19T03:45:11Z</time></trkpt>
<trkpt lat="36.567364" lon="-4.864846">
<ele>464</ele>
<time>2025-08-19T03:45:14Z</time></trkpt>
<trkpt lat="36.567218" lon="-4.8648">
<ele>464</ele>
<time>2025-08-19T03:45:17Z</time></trkpt>
<trkpt lat="36.567099" lon="-4.864736">
<ele>465</ele>
<time>2025-08-19T03:45:19Z</time></trkpt>
<trkpt lat="36.566883" lon="-4.864563">
<ele>465</ele>
<time>2025-08-19T03:45:24Z</time></trkpt>
<trkpt lat="36.566722" lon="-4.864364">
<ele>465</ele>
<time>2025-08-19T03:45:29Z</time></trkpt>
<trkpt lat="36.566558" lon="-4.864065">
<ele>467</ele>
<time>2025-08-19T03:45:35Z</time></trkpt>
<trkpt lat="36.565965" lon="-4.862472">
<ele>458</ele>
<time>2025-08-19T03:46:03Z</time></trkpt>
<trkpt lat="36.565801" lon="-4.862181">
<ele>456</ele>
<time>2025-08-19T03:46:09Z</time></trkpt>
<trkpt lat="36.56573" lon="-4.862083">
<ele>458</ele>
<time>2025-08-19T03:46:11Z</time></trkpt>
<trkpt lat="36.565477" lon="-4.861862">
<ele>455</ele>
<time>2025-08-19T03:46:17Z</time></trkpt>
<trkpt lat="36.565285" lon="-4.861772">
<ele>453</ele>
<time>2025-08-19T03:46:21Z</time></trkpt>
<trkpt lat="36.565005" lon="-4.86172">
<ele>447</ele>
<time>2025-08-19T03:46:27Z</time></trkpt>
<trkpt lat="36.564862" lon="-4.861726">
<ele>447</ele>
<time>2025-08-19T03:46:30Z</time></trkpt>
<trkpt lat="36.564656" lon="-4.861784">
<ele>449</ele>
<time>2025-08-19T03:46:34Z</time></trkpt>
<trkpt lat="36.564509" lon="-4.861851">
<ele>448</ele>
<time>2025-08-19T03:46:37Z</time></trkpt>
<trkpt lat="36.564371" lon="-4.861951">
<ele>447</ele>
<time>2025-08-19T03:46:40Z</time></trkpt>
<trkpt lat="36.564213" lon="-4.862109">
<ele>446</ele>
<time>2025-08-19T03:46:44Z</time></trkpt>
<trkpt lat="36.564079" lon="-4.862293">
<ele>444</ele>
<time>2025-08-19T03:46:48Z</time></trkpt>
<trkpt lat="36.563835" lon="-4.862663">
<ele>442</ele>
<time>2025-08-19T03:46:56Z</time></trkpt>
<trkpt lat="36.563625" lon="-4.862899">
<ele>443</ele>
<time>2025-08-19T03:47:02Z</time></trkpt>
<trkpt lat="36.563398" lon="-4.863061">
<ele>441</ele>
<time>2025-08-19T03:47:07Z</time></trkpt>
<trkpt lat="36.563138" lon="-4.863153">
<ele>440</ele>
<time>2025-08-19T03:47:12Z</time></trkpt>
<trkpt lat="36.56278" lon="-4.863156">
<ele>440</ele>
<time>2025-08-19T03:47:19Z</time></trkpt>
<trkpt lat="36.561359" lon="-4.862941">
<ele>430</ele>
<time>2025-08-19T03:47:48Z</time></trkpt>
<trkpt lat="36.561122" lon="-4.862876">
<ele>431</ele>
<time>2025-08-19T03:47:53Z</time></trkpt>
<trkpt lat="36.560914" lon="-4.862771">
<ele>428</ele>
<time>2025-08-19T03:47:57Z</time></trkpt>
<trkpt lat="36.560745" lon="-4.862625">
<ele>427</ele>
<time>2025-08-19T03:48:02Z</time></trkpt>
<trkpt lat="36.560609" lon="-4.862457">
<ele>424</ele>
<time>2025-08-19T03:48:05Z</time></trkpt>
<trkpt lat="36.560456" lon="-4.862189">
<ele>419</ele>
<time>2025-08-19T03:48:11Z</time></trkpt>
<trkpt lat="36.560289" lon="-4.861813">
<ele>420</ele>
<time>2025-08-19T03:48:18Z</time></trkpt>
<trkpt lat="36.560221" lon="-4.861651">
<ele>422</ele>
<time>2025-08-19T03:48:21Z</time></trkpt>
<trkpt lat="36.560067" lon="-4.861386">
<ele>422</ele>
<time>2025-08-19T03:48:26Z</time></trkpt>
<trkpt lat="36.559867" lon="-4.861183">
<ele>423</ele>
<time>2025-08-19T03:48:31Z</time></trkpt>
<trkpt lat="36.559601" lon="-4.861041">
<ele>422</ele>
<time>2025-08-19T03:48:37Z</time></trkpt>
<trkpt lat="36.55946" lon="-4.861009">
<ele>423</ele>
<time>2025-08-19T03:48:40Z</time></trkpt>
<trkpt lat="36.559128" lon="-4.860982">
<ele>421</ele>
<time>2025-08-19T03:48:46Z</time></trkpt>
<trkpt lat="36.558892" lon="-4.861002">
<ele>417</ele>
<time>2025-08-19T03:48:51Z</time></trkpt>
<trkpt lat="36.558655" lon="-4.861047">
<ele>417</ele>
<time>2025-08-19T03:48:56Z</time></trkpt>
<trkpt lat="36.558442" lon="-4.861123">
<ele>416</ele>
<time>2025-08-19T03:49:00Z</time></trkpt>
<trkpt lat="36.558266" lon="-4.861236">
<ele>416</ele>
<time>2025-08-19T03:49:04Z</time></trkpt>
<trkpt lat="36.558115" lon="-4.861429">
<ele>416</ele>
<time>2025-08-19T03:49:09Z</time></trkpt>
<trkpt lat="36.558028" lon="-4.861615">
<ele>415</ele>
<time>2025-08-19T03:49:12Z</time></trkpt>
<trkpt lat="36.557996" lon="-4.861769">
<ele>416</ele>
<time>2025-08-19T03:49:15Z</time></trkpt>
<trkpt lat="36.557979" lon="-4.862064">
<ele>415</ele>
<time>2025-08-19T03:49:19Z</time></trkpt>
<trkpt lat="36.558008" lon="-4.862236">
<ele>415</ele>
<time>2025-08-19T03:49:22Z</time></trkpt>
<trkpt lat="36.558069" lon="-4.862421">
<ele>415</ele>
<time>2025-08-19T03:49:25Z</time></trkpt>
<trkpt lat="36.558354" lon="-4.862986">
<ele>411</ele>
<time>2025-08-19T03:49:36Z</time></trkpt>
<trkpt lat="36.558477" lon="-4.86334">
<ele>404</ele>
<time>2025-08-19T03:49:42Z</time></trkpt>
<trkpt lat="36.558496" lon="-4.863615">
<ele>392</ele>
<time>2025-08-19T03:49:47Z</time></trkpt>
<trkpt lat="36.558444" lon="-4.863869">
<ele>388</ele>
<time>2025-08-19T03:49:51Z</time></trkpt>
<trkpt lat="36.558343" lon="-4.86406">
<ele>393</ele>
<time>2025-08-19T03:49:55Z</time></trkpt>
<trkpt lat="36.558209" lon="-4.864219">
<ele>398</ele>
<time>2025-08-19T03:49:58Z</time></trkpt>
<trkpt lat="36.558016" lon="-4.864356">
<ele>402</ele>
<time>2025-08-19T03:50:03Z</time></trkpt>
<trkpt lat="36.557451" lon="-4.864537">
<ele>402</ele>
<time>2025-08-19T03:50:15Z</time></trkpt>
<trkpt lat="36.557261" lon="-4.864633">
<ele>400</ele>
<time>2025-08-19T03:50:19Z</time></trkpt>
<trkpt lat="36.55708" lon="-4.864784">
<ele>401</ele>
<time>2025-08-19T03:50:23Z</time></trkpt>
<trkpt lat="36.556882" lon="-4.864991">
<ele>398</ele>
<time>2025-08-19T03:50:28Z</time></trkpt>
<trkpt lat="36.556594" lon="-4.86524">
<ele>395</ele>
<time>2025-08-19T03:50:35Z</time></trkpt>
<trkpt lat="36.556479" lon="-4.865318">
<ele>393</ele>
<time>2025-08-19T03:50:38Z</time></trkpt>
<trkpt lat="36.55629" lon="-4.865369">
<ele>389</ele>
<time>2025-08-19T03:50:42Z</time></trkpt>
<trkpt lat="36.556182" lon="-4.865369">
<ele>387</ele>
<time>2025-08-19T03:50:44Z</time></trkpt>
<trkpt lat="36.556012" lon="-4.865334">
<ele>386</ele>
<time>2025-08-19T03:50:47Z</time></trkpt>
<trkpt lat="36.555836" lon="-4.865238">
<ele>385</ele>
<time>2025-08-19T03:50:51Z</time></trkpt>
<trkpt lat="36.555649" lon="-4.865052">
<ele>387</ele>
<time>2025-08-19T03:50:56Z</time></trkpt>
<trkpt lat="36.555551" lon="-4.864902">
<ele>386</ele>
<time>2025-08-19T03:50:59Z</time></trkpt>
<trkpt lat="36.555454" lon="-4.864699">
<ele>388</ele>
<time>2025-08-19T03:51:03Z</time></trkpt>
<trkpt lat="36.555387" lon="-4.864458">
<ele>388</ele>
<time>2025-08-19T03:51:07Z</time></trkpt>
<trkpt lat="36.55536" lon="-4.864256">
<ele>389</ele>
<time>2025-08-19T03:51:10Z</time></trkpt>
<trkpt lat="36.555335" lon="-4.863413">
<ele>384</ele>
<time>2025-08-19T03:51:24Z</time></trkpt>
<trkpt lat="36.5553" lon="-4.863145">
<ele>380</ele>
<time>2025-08-19T03:51:28Z</time></trkpt>
<trkpt lat="36.55522" lon="-4.862856">
<ele>382</ele>
<time>2025-08-19T03:51:33Z</time></trkpt>
<trkpt lat="36.5551" lon="-4.862585">
<ele>383</ele>
<time>2025-08-19T03:51:38Z</time></trkpt>
<trkpt lat="36.555026" lon="-4.86246">
<ele>382</ele>
<time>2025-08-19T03:51:41Z</time></trkpt>
<trkpt lat="36.554871" lon="-4.862276">
<ele>380</ele>
<time>2025-08-19T03:51:45Z</time></trkpt>
<trkpt lat="36.554718" lon="-4.862178">
<ele>380</ele>
<time>2025-08-19T03:51:48Z</time></trkpt>
<trkpt lat="36.554547" lon="-4.862121">
<ele>380</ele>
<time>2025-08-19T03:51:52Z</time></trkpt>
<trkpt lat="36.554442" lon="-4.862111">
<ele>381</ele>
<time>2025-08-19T03:51:54Z</time></trkpt>
<trkpt lat="36.554273" lon="-4.86215">
<ele>378</ele>
<time>2025-08-19T03:51:58Z</time></trkpt>
<trkpt lat="36.554084" lon="-4.862244">
<ele>374</ele>
<time>2025-08-19T03:52:02Z</time></trkpt>
<trkpt lat="36.55392" lon="-4.862402">
<ele>373</ele>
<time>2025-08-19T03:52:06Z</time></trkpt>
<trkpt lat="36.553659" lon="-4.862736">
<ele>374</ele>
<time>2025-08-19T03:52:13Z</time></trkpt>
<trkpt lat="36.55353" lon="-4.862855">
<ele>375</ele>
<time>2025-08-19T03:52:17Z</time></trkpt>
<trkpt lat="36.553399" lon="-4.862947">
<ele>373</ele>
<time>2025-08-19T03:52:20Z</time></trkpt>
<trkpt lat="36.553195" lon="-4.863003">
<ele>369</ele>
<time>2025-08-19T03:52:24Z</time></trkpt>
<trkpt lat="36.552969" lon="-4.86299">
<ele>367</ele>
<time>2025-08-19T03:52:28Z</time></trkpt>
<trkpt lat="36.552856" lon="-4.862951">
<ele>368</ele>
<time>2025-08-19T03:52:31Z</time></trkpt>
<trkpt lat="36.552735" lon="-4.862874">
<ele>369</ele>
<time>2025-08-19T03:52:33Z</time></trkpt>
<trkpt lat="36.55264" lon="-4.862781">
<ele>368</ele>
<time>2025-08-19T03:52:36Z</time></trkpt>
<trkpt lat="36.552557" lon="-4.862673">
<ele>367</ele>
<time>2025-08-19T03:52:38Z</time></trkpt>
<trkpt lat="36.552157" lon="-4.861998">
<ele>364</ele>
<time>2025-08-19T03:52:52Z</time></trkpt>
<trkpt lat="36.552095" lon="-4.861911">
<ele>363</ele>
<time>2025-08-19T03:52:54Z</time></trkpt>
<trkpt lat="36.551928" lon="-4.861748">
<ele>363</ele>
<time>2025-08-19T03:52:58Z</time></trkpt>
<trkpt lat="36.551827" lon="-4.861672">
<ele>361</ele>
<time>2025-08-19T03:53:00Z</time></trkpt>
<trkpt lat="36.551645" lon="-4.861586">
<ele>360</ele>
<time>2025-08-19T03:53:04Z</time></trkpt>
<trkpt lat="36.551288" lon="-4.861533">
<ele>357</ele>
<time>2025-08-19T03:53:11Z</time></trkpt>
<trkpt lat="36.551109" lon="-4.861541">
<ele>355</ele>
<time>2025-08-19T03:53:15Z</time></trkpt>
<trkpt lat="36.550544" lon="-4.861581">
<ele>354</ele>
<time>2025-08-19T03:53:26Z</time></trkpt>
<trkpt lat="36.550007" lon="-4.861571">
<ele>351</ele>
<time>2025-08-19T03:53:37Z</time></trkpt>
<trkpt lat="36.549712" lon="-4.861536">
<ele>352</ele>
<time>2025-08-19T03:53:43Z</time></trkpt>
<trkpt lat="36.549252" lon="-4.861453">
<ele>347</ele>
<time>2025-08-19T03:53:52Z</time></trkpt>
<trkpt lat="36.548591" lon="-4.861342">
<ele>342</ele>
<time>2025-08-19T03:54:06Z</time></trkpt>
<trkpt lat="36.548057" lon="-4.861335">
<ele>340</ele>
<time>2025-08-19T03:54:16Z</time></trkpt>
<trkpt lat="36.547087" lon="-4.861382">
<ele>332</ele>
<time>2025-08-19T03:54:36Z</time></trkpt>
<trkpt lat="36.546357" lon="-4.861432">
<ele>330</ele>
<time>2025-08-19T03:54:50Z</time></trkpt>
<trkpt lat="36.545946" lon="-4.861476">
<ele>329</ele>
<time>2025-08-19T03:54:59Z</time></trkpt>
<trkpt lat="36.545655" lon="-4.861544">
<ele>326</ele>
<time>2025-08-19T03:55:05Z</time></trkpt>
<trkpt lat="36.545289" lon="-4.861713">
<ele>323</ele>
<time>2025-08-19T03:55:12Z</time></trkpt>
<trkpt lat="36.545014" lon="-4.861912">
<ele>321</ele>
<time>2025-08-19T03:55:19Z</time></trkpt>
<trkpt lat="36.544656" lon="-4.862241">
<ele>321</ele>
<time>2025-08-19T03:55:28Z</time></trkpt>
<trkpt lat="36.544383" lon="-4.862684">
<ele>314</ele>
<time>2025-08-19T03:55:37Z</time></trkpt>
<trkpt lat="36.544114" lon="-4.863174">
<ele>308</ele>
<time>2025-08-19T03:55:46Z</time></trkpt>
<trkpt lat="36.5439" lon="-4.863513">
<ele>306</ele>
<time>2025-08-19T03:55:53Z</time></trkpt>
<trkpt lat="36.543657" lon="-4.8638">
<ele>304</ele>
<time>2025-08-19T03:56:00Z</time></trkpt>
<trkpt lat="36.543417" lon="-4.86401">
<ele>302</ele>
<time>2025-08-19T03:56:06Z</time></trkpt>
<trkpt lat="36.543174" lon="-4.864169">
<ele>300</ele>
<time>2025-08-19T03:56:11Z</time></trkpt>
<trkpt lat="36.542999" lon="-4.864257">
<ele>301</ele>
<time>2025-08-19T03:56:15Z</time></trkpt>
<trkpt lat="36.542553" lon="-4.864401">
<ele>297</ele>
<time>2025-08-19T03:56:24Z</time></trkpt>
<trkpt lat="36.53974" lon="-4.864993">
<ele>276</ele>
<time>2025-08-19T03:57:21Z</time></trkpt>
<trkpt lat="36.537935" lon="-4.865394">
<ele>261</ele>
<time>2025-08-19T03:57:58Z</time></trkpt>
<trkpt lat="36.537666" lon="-4.865487">
<ele>260</ele>
<time>2025-08-19T03:58:04Z</time></trkpt>
<trkpt lat="36.537529" lon="-4.865562">
<ele>258</ele>
<time>2025-08-19T03:58:07Z</time></trkpt>
<trkpt lat="36.537349" lon="-4.865692">
<ele>257</ele>
<time>2025-08-19T03:58:11Z</time></trkpt>
<trkpt lat="36.537161" lon="-4.865864">
<ele>254</ele>
<time>2025-08-19T03:58:16Z</time></trkpt>
<trkpt lat="36.534835" lon="-4.868338">
<ele>230</ele>
<time>2025-08-19T03:59:17Z</time></trkpt>
<trkpt lat="36.534158" lon="-4.869084">
<ele>226</ele>
<time>2025-08-19T03:59:35Z</time></trkpt>
<trkpt lat="36.534032" lon="-4.869275">
<ele>226</ele>
<time>2025-08-19T03:59:39Z</time></trkpt>
<trkpt lat="36.53391" lon="-4.869502">
<ele>226</ele>
<time>2025-08-19T03:59:43Z</time></trkpt>
<trkpt lat="36.533789" lon="-4.869782">
<ele>225</ele>
<time>2025-08-19T03:59:49Z</time></trkpt>
<trkpt lat="36.5337" lon="-4.870091">
<ele>225</ele>
<time>2025-08-19T03:59:54Z</time></trkpt>
<trkpt lat="36.533427" lon="-4.871255">
<ele>218</ele>
<time>2025-08-19T04:00:13Z</time></trkpt>
<trkpt lat="36.533205" lon="-4.872065">
<ele>214</ele>
<time>2025-08-19T04:00:27Z</time></trkpt>
<trkpt lat="36.532989" lon="-4.872655">
<ele>212</ele>
<time>2025-08-19T04:00:38Z</time></trkpt>
<trkpt lat="36.532873" lon="-4.872955">
<ele>210</ele>
<time>2025-08-19T04:00:43Z</time></trkpt>
<trkpt lat="36.532725" lon="-4.873239">
<ele>207</ele>
<time>2025-08-19T04:00:48Z</time></trkpt>
<trkpt lat="36.532612" lon="-4.873422">
<ele>206</ele>
<time>2025-08-19T04:00:52Z</time></trkpt>
<trkpt lat="36.532482" lon="-4.87359">
<ele>205</ele>
<time>2025-08-19T04:00:56Z</time></trkpt>
<trkpt lat="36.532132" lon="-4.874033">
<ele>200</ele>
<time>2025-08-19T04:01:06Z</time></trkpt>
<trkpt lat="36.531895" lon="-4.874334">
<ele>198</ele>
<time>2025-08-19T04:01:13Z</time></trkpt>
<trkpt lat="36.531364" lon="-4.875038">
<ele>193</ele>
<time>2025-08-19T04:01:28Z</time></trkpt>
<trkpt lat="36.531241" lon="-4.875239">
<ele>191</ele>
<time>2025-08-19T04:01:32Z</time></trkpt>
<trkpt lat="36.531003" lon="-4.875697">
<ele>186</ele>
<time>2025-08-19T04:01:41Z</time></trkpt>
<trkpt lat="36.530895" lon="-4.875941">
<ele>185</ele>
<time>2025-08-19T04:01:45Z</time></trkpt>
<trkpt lat="36.530584" lon="-4.876814">
<ele>182</ele>
<time>2025-08-19T04:02:01Z</time></trkpt>
<trkpt lat="36.530584" lon="-4.876814">
<ele>182</ele>
<time>2025-08-19T04:02:01Z</time></trkpt>
<trkpt lat="36.53032" lon="-4.877555">
<ele>177</ele>
<time>2025-08-19T04:02:14Z</time></trkpt>
<trkpt lat="36.530127" lon="-4.877954">
<ele>173</ele>
<time>2025-08-19T04:02:21Z</time></trkpt>
<trkpt lat="36.529702" lon="-4.878623">
<ele>167</ele>
<time>2025-08-19T04:02:35Z</time></trkpt>
<trkpt lat="36.529406" lon="-4.879119">
<ele>164</ele>
<time>2025-08-19T04:02:45Z</time></trkpt>
<trkpt lat="36.529283" lon="-4.879359">
<ele>162</ele>
<time>2025-08-19T04:02:50Z</time></trkpt>
<trkpt lat="36.529192" lon="-4.879594">
<ele>160</ele>
<time>2025-08-19T04:02:54Z</time></trkpt>
<trkpt lat="36.528878" lon="-4.880605">
<ele>154</ele>
<time>2025-08-19T04:03:11Z</time></trkpt>
<trkpt lat="36.528767" lon="-4.88089">
<ele>151</ele>
<time>2025-08-19T04:03:16Z</time></trkpt>
<trkpt lat="36.5287017" lon="-4.8810513">
<ele>150</ele>
<time>2025-08-19T04:03:19Z</time></trkpt>
<trkpt lat="36.5285823" lon="-4.8812077">
<ele>148</ele>
<time>2025-08-19T04:03:23Z</time></trkpt>
<trkpt lat="36.5283893" lon="-4.881438">
<ele>146</ele>
<time>2025-08-19T04:03:28Z</time></trkpt>
<trkpt lat="36.5282082" lon="-4.8815721">
<ele>144</ele>
<time>2025-08-19T04:03:32Z</time></trkpt>
<trkpt lat="36.5280401" lon="-4.8816794">
<ele>143</ele>
<time>2025-08-19T04:03:36Z</time></trkpt>
<trkpt lat="36.5278806" lon="-4.8817438">
<ele>141</ele>
<time>2025-08-19T04:03:40Z</time></trkpt>
<trkpt lat="36.5277211" lon="-4.8817921">
<ele>140</ele>
<time>2025-08-19T04:03:43Z</time></trkpt>
<trkpt lat="36.5275616" lon="-4.8818243">
<ele>139</ele>
<time>2025-08-19T04:03:46Z</time></trkpt>
<trkpt lat="36.527359" lon="-4.8817921">
<ele>137</ele>
<time>2025-08-19T04:03:50Z</time></trkpt>
<trkpt lat="36.5271521" lon="-4.8817492">
<ele>136</ele>
<time>2025-08-19T04:03:54Z</time></trkpt>
<trkpt lat="36.5269581" lon="-4.881658">
<ele>134</ele>
<time>2025-08-19T04:03:59Z</time></trkpt>
<trkpt lat="36.5267469" lon="-4.8815882">
<ele>131</ele>
<time>2025-08-19T04:04:03Z</time></trkpt>
<trkpt lat="36.5265357" lon="-4.8815346">
<ele>130</ele>
<time>2025-08-19T04:04:07Z</time></trkpt>
<trkpt lat="36.5263159" lon="-4.8814917">
<ele>129</ele>
<time>2025-08-19T04:04:12Z</time></trkpt>
<trkpt lat="36.526096" lon="-4.8814809">
<ele>128</ele>
<time>2025-08-19T04:04:16Z</time></trkpt>
<trkpt lat="36.5258719" lon="-4.8814863">
<ele>125</ele>
<time>2025-08-19T04:04:21Z</time></trkpt>
<trkpt lat="36.525652" lon="-4.8815078">
<ele>122</ele>
<time>2025-08-19T04:04:25Z</time></trkpt>
<trkpt lat="36.5254321" lon="-4.8815292">
<ele>119</ele>
<time>2025-08-19T04:04:29Z</time></trkpt>
<trkpt lat="36.5251994" lon="-4.8815131">
<ele>116</ele>
<time>2025-08-19T04:04:34Z</time></trkpt>
<trkpt lat="36.5249752" lon="-4.8814863">
<ele>115</ele>
<time>2025-08-19T04:04:39Z</time></trkpt>
<trkpt lat="36.524751" lon="-4.8814487">
<ele>113</ele>
<time>2025-08-19T04:04:43Z</time></trkpt>
<trkpt lat="36.5245226" lon="-4.8814166">
<ele>111</ele>
<time>2025-08-19T04:04:48Z</time></trkpt>
<trkpt lat="36.5242941" lon="-4.8813844">
<ele>109</ele>
<time>2025-08-19T04:04:52Z</time></trkpt>
<trkpt lat="36.5240656" lon="-4.8813522">
<ele>107</ele>
<time>2025-08-19T04:04:57Z</time></trkpt>
<trkpt lat="36.5238242" lon="-4.8812985">
<ele>105</ele>
<time>2025-08-19T04:05:02Z</time></trkpt>
<trkpt lat="36.5235828" lon="-4.881261">
<ele>103</ele>
<time>2025-08-19T04:05:07Z</time></trkpt>
<trkpt lat="36.5233543" lon="-4.8812234">
<ele>101</ele>
<time>2025-08-19T04:05:11Z</time></trkpt>
<trkpt lat="36.5231991" lon="-4.8811752">
<ele>99</ele>
<time>2025-08-19T04:05:15Z</time></trkpt>
<trkpt lat="36.5230439" lon="-4.8811054">
<ele>98</ele>
<time>2025-08-19T04:05:18Z</time></trkpt>
<trkpt lat="36.5228844" lon="-4.8809928">
<ele>95</ele>
<time>2025-08-19T04:05:22Z</time></trkpt>
<trkpt lat="36.5227162" lon="-4.8808855">
<ele>94</ele>
<time>2025-08-19T04:05:25Z</time></trkpt>
<trkpt lat="36.5225137" lon="-4.8808211">
<ele>92</ele>
<time>2025-08-19T04:05:30Z</time></trkpt>
<trkpt lat="36.5223498" lon="-4.8807675">
<ele>91</ele>
<time>2025-08-19T04:05:33Z</time></trkpt>
<trkpt lat="36.5221946" lon="-4.8807031">
<ele>91</ele>
<time>2025-08-19T04:05:36Z</time></trkpt>
<trkpt lat="36.522104" lon="-4.8806387">
<ele>90</ele>
<time>2025-08-19T04:05:38Z</time></trkpt>
<trkpt lat="36.5220264" lon="-4.8806012">
<ele>90</ele>
<time>2025-08-19T04:05:40Z</time></trkpt>
<trkpt lat="36.521993" lon="-4.8806038">
<ele>89</ele>
<time>2025-08-19T04:05:41Z</time></trkpt>
<trkpt lat="36.5218502" lon="-4.8806669">
<ele>89</ele>
<time>2025-08-19T04:05:44Z</time></trkpt>
<trkpt lat="36.5216362" lon="-4.8806772">
<ele>87</ele>
<time>2025-08-19T04:05:48Z</time></trkpt>
<trkpt lat="36.5214253" lon="-4.8806548">
<ele>86</ele>
<time>2025-08-19T04:05:52Z</time></trkpt>
<trkpt lat="36.5212227" lon="-4.880628">
<ele>85</ele>
<time>2025-08-19T04:05:56Z</time></trkpt>
<trkpt lat="36.5209985" lon="-4.8806065">
<ele>83</ele>
<time>2025-08-19T04:06:01Z</time></trkpt>
<trkpt lat="36.5207657" lon="-4.8805743">
<ele>82</ele>
<time>2025-08-19T04:06:05Z</time></trkpt>
<trkpt lat="36.5205329" lon="-4.8805422">
<ele>82</ele>
<time>2025-08-19T04:06:10Z</time></trkpt>
<trkpt lat="36.5203001" lon="-4.8805153">
<ele>82</ele>
<time>2025-08-19T04:06:15Z</time></trkpt>
<trkpt lat="36.5200759" lon="-4.8804939">
<ele>81</ele>
<time>2025-08-19T04:06:19Z</time></trkpt>
<trkpt lat="36.5198819" lon="-4.8804992">
<ele>80</ele>
<time>2025-08-19T04:06:23Z</time></trkpt>
<trkpt lat="36.5197052" lon="-4.8805422">
<ele>80</ele>
<time>2025-08-19T04:06:27Z</time></trkpt>
<trkpt lat="36.5195371" lon="-4.8806119">
<ele>80</ele>
<time>2025-08-19T04:06:30Z</time></trkpt>
<trkpt lat="36.5193862" lon="-4.8806709">
<ele>80</ele>
<time>2025-08-19T04:06:34Z</time></trkpt>
<trkpt lat="36.5192914" lon="-4.8807514">
<ele>79</ele>
<time>2025-08-19T04:06:36Z</time></trkpt>
<trkpt lat="36.5192288" lon="-4.8809854">
<ele>77</ele>
<time>2025-08-19T04:06:40Z</time></trkpt>
<trkpt lat="36.519206" lon="-4.881044">
<ele>77</ele>
<time>2025-08-19T04:06:41Z</time></trkpt>
<trkpt lat="36.519204" lon="-4.881214">
<ele>75</ele>
<time>2025-08-19T04:06:44Z</time></trkpt>
<trkpt lat="36.519226" lon="-4.881285">
<ele>74</ele>
<time>2025-08-19T04:06:45Z</time></trkpt>
<trkpt lat="36.519286" lon="-4.881392">
<ele>73</ele>
<time>2025-08-19T04:06:47Z</time></trkpt>
<trkpt lat="36.519392" lon="-4.881471">
<ele>72</ele>
<time>2025-08-19T04:06:49Z</time></trkpt>
<trkpt lat="36.519912" lon="-4.881671">
<ele>71</ele>
<time>2025-08-19T04:07:00Z</time></trkpt>
<trkpt lat="36.5201285" lon="-4.8818672">
<ele>72</ele>
<time>2025-08-19T04:07:06Z</time></trkpt>
<trkpt lat="36.5202751" lon="-4.8821461">
<ele>74</ele>
<time>2025-08-19T04:07:11Z</time></trkpt>
<trkpt lat="36.5203011" lon="-4.8824787">
<ele>74</ele>
<time>2025-08-19T04:07:16Z</time></trkpt>
<trkpt lat="36.5202839" lon="-4.8828542">
<ele>75</ele>
<time>2025-08-19T04:07:23Z</time></trkpt>
<trkpt lat="36.520146" lon="-4.8835301">
<ele>77</ele>
<time>2025-08-19T04:07:34Z</time></trkpt>
<trkpt lat="36.5200997" lon="-4.8837663">
<ele>75</ele>
<time>2025-08-19T04:07:38Z</time></trkpt>
<trkpt lat="36.5200541" lon="-4.8839015">
<ele>74</ele>
<time>2025-08-19T04:07:40Z</time></trkpt>
<trkpt lat="36.519927" lon="-4.8845011">
<ele>72</ele>
<time>2025-08-19T04:07:50Z</time></trkpt>
<trkpt lat="36.5198278" lon="-4.8849732">
<ele>72</ele>
<time>2025-08-19T04:07:58Z</time></trkpt>
<trkpt lat="36.51972" lon="-4.8854828">
<ele>72</ele>
<time>2025-08-19T04:08:06Z</time></trkpt>
<trkpt lat="36.5196036" lon="-4.8860353">
<ele>71</ele>
<time>2025-08-19T04:08:16Z</time></trkpt>
<trkpt lat="36.5194485" lon="-4.8867488">
<ele>72</ele>
<time>2025-08-19T04:08:27Z</time></trkpt>
<trkpt lat="36.5192976" lon="-4.8874891">
<ele>69</ele>
<time>2025-08-19T04:08:40Z</time></trkpt>
<trkpt lat="36.5191854" lon="-4.8881972">
<ele>70</ele>
<time>2025-08-19T04:08:51Z</time></trkpt>
<trkpt lat="36.5190949" lon="-4.8888195">
<ele>69</ele>
<time>2025-08-19T04:09:02Z</time></trkpt>
<trkpt lat="36.5190086" lon="-4.8894095">
<ele>69</ele>
<time>2025-08-19T04:09:11Z</time></trkpt>
<trkpt lat="36.5189781" lon="-4.8896211">
<ele>70</ele>
<time>2025-08-19T04:09:15Z</time></trkpt>
<trkpt lat="36.5188792" lon="-4.8901049">
<ele>71</ele>
<time>2025-08-19T04:09:23Z</time></trkpt>
<trkpt lat="36.5188456" lon="-4.8902352">
<ele>71</ele>
<time>2025-08-19T04:09:25Z</time></trkpt>
<trkpt lat="36.5187414" lon="-4.8903322">
<ele>73</ele>
<time>2025-08-19T04:09:28Z</time></trkpt>
<trkpt lat="36.5186465" lon="-4.8903215">
<ele>74</ele>
<time>2025-08-19T04:09:29Z</time></trkpt>
<trkpt lat="36.5185517" lon="-4.8903108">
<ele>74</ele>
<time>2025-08-19T04:09:31Z</time></trkpt>
<trkpt lat="36.5184439" lon="-4.8902947">
<ele>73</ele>
<time>2025-08-19T04:09:34Z</time></trkpt>
<trkpt lat="36.5183878" lon="-4.8902678">
<ele>72</ele>
<time>2025-08-19T04:09:35Z</time></trkpt>
<trkpt lat="36.5183293" lon="-4.8902343">
<ele>72</ele>
<time>2025-08-19T04:09:36Z</time></trkpt>
<trkpt lat="36.518216" lon="-4.890121">
<ele>71</ele>
<time>2025-08-19T04:09:39Z</time></trkpt>
<trkpt lat="36.518042" lon="-4.890083">
<ele>70</ele>
<time>2025-08-19T04:09:42Z</time></trkpt>
<trkpt lat="36.517919" lon="-4.890127">
<ele>69</ele>
<time>2025-08-19T04:09:45Z</time></trkpt>
<trkpt lat="36.517875" lon="-4.890192">
<ele>69</ele>
<time>2025-08-19T04:09:46Z</time></trkpt>
<trkpt lat="36.517847" lon="-4.890398">
<ele>68</ele>
<time>2025-08-19T04:09:50Z</time></trkpt>
<trkpt lat="36.517809" lon="-4.890751">
<ele>67</ele>
<time>2025-08-19T04:09:55Z</time></trkpt>
<trkpt lat="36.517815" lon="-4.890868">
<ele>66</ele>
<time>2025-08-19T04:09:57Z</time></trkpt>
<trkpt lat="36.517845" lon="-4.891345">
<ele>66</ele>
<time>2025-08-19T04:10:05Z</time></trkpt>
<trkpt lat="36.51784" lon="-4.891386">
<ele>66</ele>
<time>2025-08-19T04:10:06Z</time></trkpt>
<trkpt lat="36.51784" lon="-4.891386">
<ele>66</ele>
<time>2025-08-19T04:10:06Z</time></trkpt>
<trkpt lat="36.517812" lon="-4.891599">
<ele>67</ele>
<time>2025-08-19T04:10:09Z</time></trkpt>
<trkpt lat="36.517715" lon="-4.89187">
<ele>67</ele>
<time>2025-08-19T04:10:14Z</time></trkpt>
<trkpt lat="36.517654" lon="-4.891975">
<ele>67</ele>
<time>2025-08-19T04:10:16Z</time></trkpt>
<trkpt lat="36.517497" lon="-4.892147">
<ele>68</ele>
<time>2025-08-19T04:10:20Z</time></trkpt>
<trkpt lat="36.517179" lon="-4.892415">
<ele>69</ele>
<time>2025-08-19T04:10:28Z</time></trkpt>
<trkpt lat="36.516917" lon="-4.89263">
<ele>70</ele>
<time>2025-08-19T04:10:34Z</time></trkpt>
<trkpt lat="36.516898" lon="-4.892693">
<ele>70</ele>
<time>2025-08-19T04:10:35Z</time></trkpt>
<trkpt lat="36.516859" lon="-4.89273">
<ele>70</ele>
<time>2025-08-19T04:10:36Z</time></trkpt>
<trkpt lat="36.516804" lon="-4.892799">
<ele>71</ele>
<time>2025-08-19T04:10:38Z</time></trkpt>
<trkpt lat="36.516331" lon="-4.893739">
<ele>71</ele>
<time>2025-08-19T04:10:56Z</time></trkpt>
<trkpt lat="36.516268" lon="-4.893961">
<ele>72</ele>
<time>2025-08-19T04:11:00Z</time></trkpt>
<trkpt lat="36.516268" lon="-4.893961">
<ele>72</ele>
<time>2025-08-19T04:11:00Z</time></trkpt>
<trkpt lat="36.516234" lon="-4.894315">
<ele>72</ele>
<time>2025-08-19T04:11:05Z</time></trkpt>
<trkpt lat="36.516204" lon="-4.894486">
<ele>72</ele>
<time>2025-08-19T04:11:08Z</time></trkpt>
<trkpt lat="36.516125" lon="-4.894686">
<ele>72</ele>
<time>2025-08-19T04:11:12Z</time></trkpt>
<trkpt lat="36.515423" lon="-4.895721">
<ele>68</ele>
<time>2025-08-19T04:11:34Z</time></trkpt>
<trkpt lat="36.515276" lon="-4.89599">
<ele>68</ele>
<time>2025-08-19T04:11:39Z</time></trkpt>
<trkpt lat="36.515021" lon="-4.89634">
<ele>67</ele>
<time>2025-08-19T04:11:46Z</time></trkpt>
<trkpt lat="36.514737" lon="-4.896608">
<ele>65</ele>
<time>2025-08-19T04:11:53Z</time></trkpt>
<trkpt lat="36.514588" lon="-4.89672">
<ele>65</ele>
<time>2025-08-19T04:11:57Z</time></trkpt>
<trkpt lat="36.514588" lon="-4.89672">
<ele>65</ele>
<time>2025-08-19T04:11:57Z</time></trkpt>
<trkpt lat="36.513193" lon="-4.897788">
<ele>57</ele>
<time>2025-08-19T04:12:30Z</time></trkpt>
<trkpt lat="36.513053" lon="-4.89791">
<ele>56</ele>
<time>2025-08-19T04:12:33Z</time></trkpt>
<trkpt lat="36.512958" lon="-4.898021">
<ele>55</ele>
<time>2025-08-19T04:12:36Z</time></trkpt>
<trkpt lat="36.512847" lon="-4.898249">
<ele>54</ele>
<time>2025-08-19T04:12:40Z</time></trkpt>
<trkpt lat="36.512791" lon="-4.898512">
<ele>52</ele>
<time>2025-08-19T04:12:45Z</time></trkpt>
<trkpt lat="36.512743" lon="-4.899772">
<ele>44</ele>
<time>2025-08-19T04:13:05Z</time></trkpt>
<trkpt lat="36.512689" lon="-4.899992">
<ele>43</ele>
<time>2025-08-19T04:13:09Z</time></trkpt>
<trkpt lat="36.512622" lon="-4.900171">
<ele>42</ele>
<time>2025-08-19T04:13:12Z</time></trkpt>
<trkpt lat="36.512539" lon="-4.900336">
<ele>39</ele>
<time>2025-08-19T04:13:15Z</time></trkpt>
<trkpt lat="36.512402" lon="-4.900509">
<ele>37</ele>
<time>2025-08-19T04:13:19Z</time></trkpt>
<trkpt lat="36.512078" lon="-4.90078">
<ele>33</ele>
<time>2025-08-19T04:13:27Z</time></trkpt>
<trkpt lat="36.511745" lon="-4.901026">
<ele>30</ele>
<time>2025-08-19T04:13:34Z</time></trkpt>
<trkpt lat="36.5116" lon="-4.901098">
<ele>28</ele>
<time>2025-08-19T04:13:37Z</time></trkpt>
<trkpt lat="36.511473" lon="-4.901139">
<ele>27</ele>
<time>2025-08-19T04:13:40Z</time></trkpt>
<trkpt lat="36.51138" lon="-4.901148">
<ele>26</ele>
<time>2025-08-19T04:13:42Z</time></trkpt>
<trkpt lat="36.5108498" lon="-4.9011583">
<ele>23</ele>
<time>2025-08-19T04:13:53Z</time></trkpt>
<trkpt lat="36.5107001" lon="-4.9011969">
<ele>22</ele>
<time>2025-08-19T04:13:56Z</time></trkpt>
<trkpt lat="36.5105694" lon="-4.9012756">
<ele>21</ele>
<time>2025-08-19T04:13:59Z</time></trkpt>
<trkpt lat="36.5104789" lon="-4.9013776">
<ele>21</ele>
<time>2025-08-19T04:14:01Z</time></trkpt>
<trkpt lat="36.5104574" lon="-4.9014848">
<ele>21</ele>
<time>2025-08-19T04:14:03Z</time></trkpt>
<trkpt lat="36.5104272" lon="-4.9016082">
<ele>21</ele>
<time>2025-08-19T04:14:05Z</time></trkpt>
<trkpt lat="36.51041" lon="-4.901796">
<ele>22</ele>
<time>2025-08-19T04:14:08Z</time></trkpt>
<trkpt lat="36.5103971" lon="-4.9020052">
<ele>22</ele>
<time>2025-08-19T04:14:11Z</time></trkpt>
<trkpt lat="36.5103841" lon="-4.9022198">
<ele>22</ele>
<time>2025-08-19T04:14:15Z</time></trkpt>
<trkpt lat="36.5103798" lon="-4.9024397">
<ele>22</ele>
<time>2025-08-19T04:14:18Z</time></trkpt>
<trkpt lat="36.5103906" lon="-4.9026063">
<ele>22</ele>
<time>2025-08-19T04:14:21Z</time></trkpt>
<trkpt lat="36.510444" lon="-4.905011">
<ele>22</ele>
<time>2025-08-19T04:15:00Z</time></trkpt>
<trkpt lat="36.510428" lon="-4.905637">
<ele>22</ele>
<time>2025-08-19T04:15:10Z</time></trkpt>
<trkpt lat="36.510396" lon="-4.905948">
<ele>22</ele>
<time>2025-08-19T04:15:15Z</time></trkpt>
<trkpt lat="36.510335" lon="-4.90628">
<ele>21</ele>
<time>2025-08-19T04:15:20Z</time></trkpt>
<trkpt lat="36.509917" lon="-4.908041">
<ele>20</ele>
<time>2025-08-19T04:15:50Z</time></trkpt>
<trkpt lat="36.509917" lon="-4.908041">
<ele>20</ele>
<time>2025-08-19T04:15:50Z</time></trkpt>
<trkpt lat="36.508909" lon="-4.912148">
<ele>16</ele>
<time>2025-08-19T04:16:59Z</time></trkpt>
<trkpt lat="36.508909" lon="-4.912148">
<ele>16</ele>
<time>2025-08-19T04:16:59Z</time></trkpt>
<trkpt lat="36.508883" lon="-4.912255">
<ele>16</ele>
<time>2025-08-19T04:17:01Z</time></trkpt>
<trkpt lat="36.50889" lon="-4.912478">
<ele>16</ele>
<time>2025-08-19T04:17:04Z</time></trkpt>
<trkpt lat="36.508916" lon="-4.912602">
<ele>16</ele>
<time>2025-08-19T04:17:07Z</time></trkpt>
<trkpt lat="36.508916" lon="-4.912658">
<ele>16</ele>
<time>2025-08-19T04:17:07Z</time></trkpt>
<trkpt lat="36.508871" lon="-4.912859">
<ele>16</ele>
<time>2025-08-19T04:17:11Z</time></trkpt>
<trkpt lat="36.508784" lon="-4.912992">
<ele>16</ele>
<time>2025-08-19T04:17:14Z</time></trkpt>
<trkpt lat="36.508732" lon="-4.913014">
<ele>16</ele>
<time>2025-08-19T04:17:15Z</time></trkpt>
<trkpt lat="36.508658" lon="-4.913165">
<ele>16</ele>
<time>2025-08-19T04:17:18Z</time></trkpt>
<trkpt lat="36.508027" lon="-4.915754">
<ele>20</ele>
<time>2025-08-19T04:18:01Z</time></trkpt>
<trkpt lat="36.508027" lon="-4.915754">
<ele>20</ele>
<time>2025-08-19T04:18:01Z</time></trkpt>
<trkpt lat="36.507759" lon="-4.916839">
<ele>23</ele>
<time>2025-08-19T04:18:19Z</time></trkpt>
<trkpt lat="36.507605" lon="-4.917395">
<ele>24</ele>
<time>2025-08-19T04:18:29Z</time></trkpt>
<trkpt lat="36.507377" lon="-4.918135">
<ele>24</ele>
<time>2025-08-19T04:18:42Z</time></trkpt>
<trkpt lat="36.507064" lon="-4.919009">
<ele>25</ele>
<time>2025-08-19T04:18:57Z</time></trkpt>
<trkpt lat="36.507064" lon="-4.919009">
<ele>25</ele>
<time>2025-08-19T04:18:57Z</time></trkpt>
<trkpt lat="36.50585" lon="-4.921971">
<ele>20</ele>
<time>2025-08-19T04:19:51Z</time></trkpt>
<trkpt lat="36.504968" lon="-4.924185">
<ele>19</ele>
<time>2025-08-19T04:20:30Z</time></trkpt>
<trkpt lat="36.504968" lon="-4.924185">
<ele>19</ele>
<time>2025-08-19T04:20:30Z</time></trkpt>
<trkpt lat="36.503118" lon="-4.928711">
<ele>19</ele>
<time>2025-08-19T04:21:52Z</time></trkpt>
<trkpt lat="36.502611" lon="-4.930037">
<ele>18</ele>
<time>2025-08-19T04:22:16Z</time></trkpt>
<trkpt lat="36.502611" lon="-4.930037">
<ele>18</ele>
<time>2025-08-19T04:22:16Z</time></trkpt>
<trkpt lat="36.501813" lon="-4.932227">
<ele>12</ele>
<time>2025-08-19T04:22:55Z</time></trkpt>
<trkpt lat="36.500547" lon="-4.935759">
<ele>8</ele>
<time>2025-08-19T04:23:57Z</time></trkpt>
<trkpt lat="36.500547" lon="-4.935759">
<ele>8</ele>
<time>2025-08-19T04:23:57Z</time></trkpt>
<trkpt lat="36.500519" lon="-4.935837">
<ele>8</ele>
<time>2025-08-19T04:23:58Z</time></trkpt>
<trkpt lat="36.499362" lon="-4.939062">
<ele>9</ele>
<time>2025-08-19T04:24:55Z</time></trkpt>
<trkpt lat="36.498715" lon="-4.940857">
<ele>9</ele>
<time>2025-08-19T04:25:27Z</time></trkpt>
<trkpt lat="36.498671" lon="-4.940996">
<ele>9</ele>
<time>2025-08-19T04:25:29Z</time></trkpt>
<trkpt lat="36.498515" lon="-4.941443">
<ele>9</ele>
<time>2025-08-19T04:25:37Z</time></trkpt>
<trkpt lat="36.498467" lon="-4.941584">
<ele>9</ele>
<time>2025-08-19T04:25:39Z</time></trkpt>
<trkpt lat="36.497623" lon="-4.94393">
<ele>10</ele>
<time>2025-08-19T04:26:21Z</time></trkpt>
<trkpt lat="36.497623" lon="-4.94393">
<ele>10</ele>
<time>2025-08-19T04:26:21Z</time></trkpt>
<trkpt lat="36.497524" lon="-4.944206">
<ele>9</ele>
<time>2025-08-19T04:26:26Z</time></trkpt>
<trkpt lat="36.497325" lon="-4.944912">
<ele>9</ele>
<time>2025-08-19T04:26:38Z</time></trkpt>
<trkpt lat="36.497237" lon="-4.945322">
<ele>8</ele>
<time>2025-08-19T04:26:45Z</time></trkpt>
<trkpt lat="36.49712" lon="-4.945907">
<ele>7</ele>
<time>2025-08-19T04:26:54Z</time></trkpt>
<trkpt lat="36.496988" lon="-4.946543">
<ele>7</ele>
<time>2025-08-19T04:27:05Z</time></trkpt>
<trkpt lat="36.496974" lon="-4.946603">
<ele>7</ele>
<time>2025-08-19T04:27:06Z</time></trkpt>
<trkpt lat="36.496806" lon="-4.947407">
<ele>5</ele>
<time>2025-08-19T04:27:19Z</time></trkpt>
<trkpt lat="36.49677" lon="-4.947669">
<ele>6</ele>
<time>2025-08-19T04:27:24Z</time></trkpt>
<trkpt lat="36.496607" lon="-4.948354">
<ele>8</ele>
<time>2025-08-19T04:27:35Z</time></trkpt>
<trkpt lat="36.496544" lon="-4.94866">
<ele>8</ele>
<time>2025-08-19T04:27:40Z</time></trkpt>
<trkpt lat="36.496544" lon="-4.94866">
<ele>8</ele>
<time>2025-08-19T04:27:40Z</time></trkpt>
<trkpt lat="36.496503" lon="-4.948863">
<ele>9</ele>
<time>2025-08-19T04:27:44Z</time></trkpt>
<trkpt lat="36.496466" lon="-4.949156">
<ele>11</ele>
<time>2025-08-19T04:27:48Z</time></trkpt>
<trkpt lat="36.496438" lon="-4.949555">
<ele>8</ele>
<time>2025-08-19T04:27:55Z</time></trkpt>
<trkpt lat="36.496386" lon="-4.949887">
<ele>7</ele>
<time>2025-08-19T04:28:00Z</time></trkpt>
<trkpt lat="36.495995" lon="-4.951162">
<ele>10</ele>
<time>2025-08-19T04:28:22Z</time></trkpt>
<trkpt lat="36.495975" lon="-4.951332">
<ele>10</ele>
<time>2025-08-19T04:28:25Z</time></trkpt>
<trkpt lat="36.495989" lon="-4.951517">
<ele>11</ele>
<time>2025-08-19T04:28:28Z</time></trkpt>
<trkpt lat="36.4959791" lon="-4.951669">
<ele>12</ele>
<time>2025-08-19T04:28:30Z</time></trkpt>
<trkpt lat="36.4959059" lon="-4.951787">
<ele>12</ele>
<time>2025-08-19T04:28:33Z</time></trkpt>
<trkpt lat="36.4958239" lon="-4.9518514">
<ele>12</ele>
<time>2025-08-19T04:28:35Z</time></trkpt>
<trkpt lat="36.4952336" lon="-4.9518192">
<ele>11</ele>
<time>2025-08-19T04:28:47Z</time></trkpt>
<trkpt lat="36.4951354" lon="-4.9517244">
<ele>11</ele>
<time>2025-08-19T04:28:49Z</time></trkpt>
<trkpt lat="36.495052" lon="-4.9516314">
<ele>11</ele>
<time>2025-08-19T04:28:51Z</time></trkpt>
<trkpt lat="36.4949356" lon="-4.9516207">
<ele>10</ele>
<time>2025-08-19T04:28:54Z</time></trkpt>
<trkpt lat="36.4948062" lon="-4.951728">
<ele>10</ele>
<time>2025-08-19T04:28:57Z</time></trkpt>
<trkpt lat="36.4946295" lon="-4.9517977">
<ele>9</ele>
<time>2025-08-19T04:29:01Z</time></trkpt>
<trkpt lat="36.4940907" lon="-4.9518353">
<ele>7</ele>
<time>2025-08-19T04:29:11Z</time></trkpt>
<trkpt lat="36.4936508" lon="-4.9518192">
<ele>6</ele>
<time>2025-08-19T04:29:20Z</time></trkpt>
<trkpt lat="36.492961" lon="-4.9518138">
<ele>8</ele>
<time>2025-08-19T04:29:34Z</time></trkpt>
<trkpt lat="36.4928209" lon="-4.9518149">
<ele>7</ele>
<time>2025-08-19T04:29:37Z</time></trkpt>
<trkpt lat="36.4926241" lon="-4.9517602">
<ele>7</ele>
<time>2025-08-19T04:29:41Z</time></trkpt>
<trkpt lat="36.4924516" lon="-4.9516636">
<ele>7</ele>
<time>2025-08-19T04:29:45Z</time></trkpt>
<trkpt lat="36.492361" lon="-4.9515885">
<ele>7</ele>
<time>2025-08-19T04:29:47Z</time></trkpt>
<trkpt lat="36.4922575" lon="-4.9516368">
<ele>7</ele>
<time>2025-08-19T04:29:49Z</time></trkpt>
<trkpt lat="36.4921712" lon="-4.9516582">
<ele>7</ele>
<time>2025-08-19T04:29:51Z</time></trkpt>
<trkpt lat="36.492072" lon="-4.9516475">
<ele>7</ele>
<time>2025-08-19T04:29:53Z</time></trkpt>
<trkpt lat="36.4920202" lon="-4.9516958">
<ele>7</ele>
<time>2025-08-19T04:29:54Z</time></trkpt>
<trkpt lat="36.491839" lon="-4.9518943">
<ele>7</ele>
<time>2025-08-19T04:29:59Z</time></trkpt>
<trkpt lat="36.4917981" lon="-4.9519412">
<ele>7</ele>
<time>2025-08-19T04:30:00Z</time></trkpt>
</trkseg>
</trk>
</gpx>