<?xml version="1.0" encoding="UTF-8"?>
<gpx creator="StravaGPX" version="1.1" xmlns="http://www.topografix.com/GPX/1/1" xmlns:xsi="http://www.w3.org/2001/XMLSchema-instance" xsi:schemaLocation="http://www.topografix.com/GPX/1/1 http://www.topografix.com/GPX/1/1/gpx.xsd">
 <metadata>
  <name>IRONMAN 70.3 Goa - Bike Course</name>
  <author>
   <name>IRONMAN Asia Admin</name>
   <link href="https://www.strava.com/athletes/152519535"/>
  </author>
  <copyright author="OpenStreetMap contributors">
   <year>2020</year>
   <license>https://www.openstreetmap.org/copyright</license>
  </copyright>
  <link href="https://www.strava.com/routes/3325227972303708584"/>
 </metadata>
 <trk>
  <name>IRONMAN 70.3 Goa - Bike Course</name>
  <link href="https://www.strava.com/routes/3325227972303708584"/>
  <type>cycling</type>
  <trkseg>
   <trkpt lat="15.483440000000002" lon="73.80893">
    <ele>6.6000000000000005</ele>
   </trkpt>
   <trkpt lat="15.483480000000002" lon="73.80897">
    <ele>6.6000000000000005</ele>
   </trkpt>
   <trkpt lat="15.48351" lon="73.80907">
    <ele>6.6000000000000005</ele>
   </trkpt>
   <trkpt lat="15.48351" lon="73.80915">
    <ele>6.6000000000000005</ele>
   </trkpt>
   <trkpt lat="15.48347" lon="73.80922000000001">
    <ele>6.710000000000001</ele>
   </trkpt>
   <trkpt lat="15.483710000000002" lon="73.80945000000001">
    <ele>6.710000000000001</ele>
   </trkpt>
   <trkpt lat="15.484330002023658" lon="73.80999749508008">
    <ele>6.7700000000000005</ele>
   </trkpt>
   <trkpt lat="15.48495000270128" lon="73.81054499344266">
    <ele>6.53</ele>
   </trkpt>
   <trkpt lat="15.485570002032812" lon="73.81109249508795">
    <ele>6.61</ele>
   </trkpt>
   <trkpt lat="15.48619" lon="73.81164000000001">
    <ele>6.960000000000001</ele>
   </trkpt>
   <trkpt lat="15.486770000000002" lon="73.81217000000001">
    <ele>6.800000000000001</ele>
   </trkpt>
   <trkpt lat="15.487300000386426" lon="73.81264499867477">
    <ele>6.53</ele>
   </trkpt>
   <trkpt lat="15.48783" lon="73.81312000000001">
    <ele>6.72</ele>
   </trkpt>
   <trkpt lat="15.488370000901302" lon="73.81358333085917">
    <ele>6.94</ele>
   </trkpt>
   <trkpt lat="15.48891000083838" lon="73.81404666413847">
    <ele>6.2700000000000005</ele>
   </trkpt>
   <trkpt lat="15.489450000000001" lon="73.81451000000001">
    <ele>6.5</ele>
   </trkpt>
   <trkpt lat="15.490010000533697" lon="73.81502499854803">
    <ele>6.390000000000001</ele>
   </trkpt>
   <trkpt lat="15.490570000000002" lon="73.81554000000001">
    <ele>6.73</ele>
   </trkpt>
   <trkpt lat="15.491215002255766" lon="73.81611749460185">
    <ele>7.25</ele>
   </trkpt>
   <trkpt lat="15.49186000301335" lon="73.81669499280737">
    <ele>7.1000000000000005</ele>
   </trkpt>
   <trkpt lat="15.492505002272683" lon="73.81727249461676">
    <ele>6.620000000000001</ele>
   </trkpt>
   <trkpt lat="15.493150000000002" lon="73.81785">
    <ele>7.12</ele>
   </trkpt>
   <trkpt lat="15.493290000000002" lon="73.81794000000001">
    <ele>7.21</ele>
   </trkpt>
   <trkpt lat="15.493590000000001" lon="73.81807">
    <ele>7.140000000000001</ele>
   </trkpt>
   <trkpt lat="15.494190000320586" lon="73.81831499936462">
    <ele>7.150000000000001</ele>
   </trkpt>
   <trkpt lat="15.494790000000002" lon="73.81856">
    <ele>7.180000000000001</ele>
   </trkpt>
   <trkpt lat="15.495405000162336" lon="73.81875499944411">
    <ele>7.220000000000001</ele>
   </trkpt>
   <trkpt lat="15.496020000000001" lon="73.81895">
    <ele>7.220000000000001</ele>
   </trkpt>
   <trkpt lat="15.49666333344049" lon="73.81907666588488">
    <ele>7.08</ele>
   </trkpt>
   <trkpt lat="15.497306666808875" lon="73.81920333255844">
    <ele>6.9</ele>
   </trkpt>
   <trkpt lat="15.497950000000001" lon="73.81933000000001">
    <ele>7.1000000000000005</ele>
   </trkpt>
   <trkpt lat="15.49811" lon="73.8194">
    <ele>7.19</ele>
   </trkpt>
   <trkpt lat="15.498310000000002" lon="73.81953">
    <ele>7.19</ele>
   </trkpt>
   <trkpt lat="15.49871" lon="73.81987000000001">
    <ele>7.03</ele>
   </trkpt>
   <trkpt lat="15.499223334401576" lon="73.82034333103783">
    <ele>7.140000000000001</ele>
   </trkpt>
   <trkpt lat="15.499736667796217" lon="73.82081666442764">
    <ele>6.880000000000001</ele>
   </trkpt>
   <trkpt lat="15.500250000000001" lon="73.82129">
    <ele>6.66</ele>
   </trkpt>
   <trkpt lat="15.500330000000002" lon="73.82143">
    <ele>6.580000000000001</ele>
   </trkpt>
   <trkpt lat="15.500340000000001" lon="73.82144000000001">
    <ele>6.580000000000001</ele>
   </trkpt>
   <trkpt lat="15.500480000882375" lon="73.82205999966176">
    <ele>6.23</ele>
   </trkpt>
   <trkpt lat="15.500620000000001" lon="73.82268">
    <ele>6.16</ele>
   </trkpt>
   <trkpt lat="15.500770003063964" lon="73.82350666542398">
    <ele>6.1000000000000005</ele>
   </trkpt>
   <trkpt lat="15.500920003056311" lon="73.82433333204841">
    <ele>5.9</ele>
   </trkpt>
   <trkpt lat="15.501070000000002" lon="73.82516000000001">
    <ele>5.9</ele>
   </trkpt>
   <trkpt lat="15.501143335648075" lon="73.8258766662178">
    <ele>6.0600000000000005</ele>
   </trkpt>
   <trkpt lat="15.501216668987544" lon="73.82659333294438">
    <ele>6.04</ele>
   </trkpt>
   <trkpt lat="15.501290000000001" lon="73.82731000000001">
    <ele>6.4</ele>
   </trkpt>
   <trkpt lat="15.501310000000002" lon="73.82769">
    <ele>6.4</ele>
   </trkpt>
   <trkpt lat="15.501270000000002" lon="73.82809">
    <ele>6.11</ele>
   </trkpt>
   <trkpt lat="15.501185000798664" lon="73.82868500022374">
    <ele>5.59</ele>
   </trkpt>
   <trkpt lat="15.501100000000001" lon="73.82928000000001">
    <ele>5.3500000000000005</ele>
   </trkpt>
   <trkpt lat="15.501030000000002" lon="73.82999000000001">
    <ele>5.580000000000001</ele>
   </trkpt>
   <trkpt lat="15.500990000000002" lon="73.8302">
    <ele>5.5200000000000005</ele>
   </trkpt>
   <trkpt lat="15.500730000563538" lon="73.83071500071256">
    <ele>5.430000000000001</ele>
   </trkpt>
   <trkpt lat="15.500470000000002" lon="73.83123">
    <ele>5.16</ele>
   </trkpt>
   <trkpt lat="15.50029000039725" lon="73.83166500044669">
    <ele>4.83</ele>
   </trkpt>
   <trkpt lat="15.500110000000001" lon="73.83210000000001">
    <ele>4.220000000000001</ele>
   </trkpt>
   <trkpt lat="15.50003" lon="73.83234">
    <ele>4.08</ele>
   </trkpt>
   <trkpt lat="15.49993" lon="73.83285000000001">
    <ele>4.59</ele>
   </trkpt>
   <trkpt lat="15.499865000537326" lon="73.8333350000876">
    <ele>5.6000000000000005</ele>
   </trkpt>
   <trkpt lat="15.4998" lon="73.83382">
    <ele>8.88</ele>
   </trkpt>
   <trkpt lat="15.499675001159869" lon="73.83454000046498">
    <ele>11.35</ele>
   </trkpt>
   <trkpt lat="15.499550000000001" lon="73.83526">
    <ele>10.83</ele>
   </trkpt>
   <trkpt lat="15.499450000000001" lon="73.83572000000001">
    <ele>9.22</ele>
   </trkpt>
   <trkpt lat="15.499430000000002" lon="73.83617000000001">
    <ele>6.19</ele>
   </trkpt>
   <trkpt lat="15.499540000000001" lon="73.83678">
    <ele>6.4</ele>
   </trkpt>
   <trkpt lat="15.499540000000001" lon="73.83698000000001">
    <ele>6.580000000000001</ele>
   </trkpt>
   <trkpt lat="15.499450000000001" lon="73.83739">
    <ele>6.430000000000001</ele>
   </trkpt>
   <trkpt lat="15.499340000000002" lon="73.83759">
    <ele>5.410000000000001</ele>
   </trkpt>
   <trkpt lat="15.499250000000002" lon="73.83767">
    <ele>5.410000000000001</ele>
   </trkpt>
   <trkpt lat="15.498990000000001" lon="73.83827000000001">
    <ele>4.29</ele>
   </trkpt>
   <trkpt lat="15.499180004405527" lon="73.83907749781332">
    <ele>3.7</ele>
   </trkpt>
   <trkpt lat="15.499370005880504" lon="73.83988499711178">
    <ele>3.5500000000000003</ele>
   </trkpt>
   <trkpt lat="15.499560004424886" lon="73.8406924978954">
    <ele>3.56</ele>
   </trkpt>
   <trkpt lat="15.49975" lon="73.84150000000001">
    <ele>3.98</ele>
   </trkpt>
   <trkpt lat="15.499956006043268" lon="73.84231999672531">
    <ele>3.93</ele>
   </trkpt>
   <trkpt lat="15.500162009064427" lon="73.84313999508588">
    <ele>3.920000000000001</ele>
   </trkpt>
   <trkpt lat="15.500368009063424" lon="73.84395999508168">
    <ele>4.0</ele>
   </trkpt>
   <trkpt lat="15.500574006040212" lon="73.84477999671275">
    <ele>4.1000000000000005</ele>
   </trkpt>
   <trkpt lat="15.50078" lon="73.8456">
    <ele>4.07</ele>
   </trkpt>
   <trkpt lat="15.500955001597616" lon="73.84643999934534">
    <ele>4.0600000000000005</ele>
   </trkpt>
   <trkpt lat="15.501130000000002" lon="73.84728000000001">
    <ele>4.07</ele>
   </trkpt>
   <trkpt lat="15.501324005845099" lon="73.84808599699288">
    <ele>4.0200000000000005</ele>
   </trkpt>
   <trkpt lat="15.501518008770164" lon="73.84889199549957">
    <ele>4.04</ele>
   </trkpt>
   <trkpt lat="15.501712008775154" lon="73.84969799552012">
    <ele>3.86</ele>
   </trkpt>
   <trkpt lat="15.501906005860024" lon="73.85050399705449">
    <ele>4.050000000000001</ele>
   </trkpt>
   <trkpt lat="15.5021" lon="73.85131000000001">
    <ele>3.95</ele>
   </trkpt>
   <trkpt lat="15.50222779227058" lon="73.85220777333613">
    <ele>3.7800000000000002</ele>
   </trkpt>
   <trkpt lat="15.502355580918081" lon="73.85310554778303">
    <ele>4.04</ele>
   </trkpt>
   <trkpt lat="15.50248336594248" lon="73.85400332334069">
    <ele>3.93</ele>
   </trkpt>
   <trkpt lat="15.502611147343732" lon="73.85490110000907">
    <ele>3.73</ele>
   </trkpt>
   <trkpt lat="15.50273892512181" lon="73.85579887778816">
    <ele>3.8800000000000003</ele>
   </trkpt>
   <trkpt lat="15.50286669927667" lon="73.85669665667797">
    <ele>3.95</ele>
   </trkpt>
   <trkpt lat="15.50299446980828" lon="73.85759443667844">
    <ele>3.89</ele>
   </trkpt>
   <trkpt lat="15.503122236716608" lon="73.85849221778956">
    <ele>4.0</ele>
   </trkpt>
   <trkpt lat="15.503250000000001" lon="73.85939">
    <ele>3.8300000000000005</ele>
   </trkpt>
   <trkpt lat="15.50337000135031" lon="73.86015999966583">
    <ele>3.8400000000000003</ele>
   </trkpt>
   <trkpt lat="15.503490000000001" lon="73.86093000000001">
    <ele>3.920000000000001</ele>
   </trkpt>
   <trkpt lat="15.503630000000001" lon="73.86126">
    <ele>3.91</ele>
   </trkpt>
   <trkpt lat="15.50379" lon="73.86217">
    <ele>4.9799999999999995</ele>
   </trkpt>
   <trkpt lat="15.50388" lon="73.86233">
    <ele>4.9799999999999995</ele>
   </trkpt>
   <trkpt lat="15.50379" lon="73.86217">
    <ele>4.61</ele>
   </trkpt>
   <trkpt lat="15.503630000000001" lon="73.86126">
    <ele>3.91</ele>
   </trkpt>
   <trkpt lat="15.503490000000001" lon="73.86093000000001">
    <ele>3.920000000000001</ele>
   </trkpt>
   <trkpt lat="15.50337000131504" lon="73.86015999943952">
    <ele>3.8400000000000003</ele>
   </trkpt>
   <trkpt lat="15.503250000000001" lon="73.85939">
    <ele>3.89</ele>
   </trkpt>
   <trkpt lat="15.503122236714995" lon="73.85849221777825">
    <ele>4.0</ele>
   </trkpt>
   <trkpt lat="15.502994469806671" lon="73.85759443666711">
    <ele>3.89</ele>
   </trkpt>
   <trkpt lat="15.502866699275062" lon="73.85669665666664">
    <ele>3.95</ele>
   </trkpt>
   <trkpt lat="15.502738925120202" lon="73.85579887777686">
    <ele>3.8800000000000003</ele>
   </trkpt>
   <trkpt lat="15.502611147342126" lon="73.85490109999775">
    <ele>3.73</ele>
   </trkpt>
   <trkpt lat="15.502483365940869" lon="73.85400332332937">
    <ele>4.010000000000001</ele>
   </trkpt>
   <trkpt lat="15.502355580916468" lon="73.85310554777172">
    <ele>4.03</ele>
   </trkpt>
   <trkpt lat="15.502227792268968" lon="73.8522077733248">
    <ele>3.7800000000000002</ele>
   </trkpt>
   <trkpt lat="15.5021" lon="73.85131000000001">
    <ele>3.95</ele>
   </trkpt>
   <trkpt lat="15.501906005835298" lon="73.85050399695179">
    <ele>4.050000000000001</ele>
   </trkpt>
   <trkpt lat="15.501712008750431" lon="73.8496979954174">
    <ele>3.8800000000000003</ele>
   </trkpt>
   <trkpt lat="15.50151800874544" lon="73.84889199539687">
    <ele>4.04</ele>
   </trkpt>
   <trkpt lat="15.501324005820376" lon="73.84808599689016">
    <ele>4.0200000000000005</ele>
   </trkpt>
   <trkpt lat="15.501130000000002" lon="73.84728000000001">
    <ele>4.07</ele>
   </trkpt>
   <trkpt lat="15.500955001573912" lon="73.84643999923156">
    <ele>4.04</ele>
   </trkpt>
   <trkpt lat="15.50078" lon="73.8456">
    <ele>4.07</ele>
   </trkpt>
   <trkpt lat="15.500574006045474" lon="73.84477999673369">
    <ele>4.1000000000000005</ele>
   </trkpt>
   <trkpt lat="15.500368009068685" lon="73.84395999510264">
    <ele>4.0</ele>
   </trkpt>
   <trkpt lat="15.500162009069685" lon="73.84313999510682">
    <ele>3.96</ele>
   </trkpt>
   <trkpt lat="15.49995600604853" lon="73.84231999674627">
    <ele>3.96</ele>
   </trkpt>
   <trkpt lat="15.49975" lon="73.84150000000001">
    <ele>3.98</ele>
   </trkpt>
   <trkpt lat="15.499570003868621" lon="73.84074249802117">
    <ele>3.56</ele>
   </trkpt>
   <trkpt lat="15.499390005158293" lon="73.83998499736221">
    <ele>3.5500000000000003</ele>
   </trkpt>
   <trkpt lat="15.499210003869052" lon="73.83922749802313">
    <ele>3.7</ele>
   </trkpt>
   <trkpt lat="15.499030000000001" lon="73.83847">
    <ele>3.96</ele>
   </trkpt>
   <trkpt lat="15.49877" lon="73.83814000000001">
    <ele>4.109999999999999</ele>
   </trkpt>
   <trkpt lat="15.49876" lon="73.83814000000001">
    <ele>4.12</ele>
   </trkpt>
   <trkpt lat="15.498700000000001" lon="73.83812">
    <ele>4.12</ele>
   </trkpt>
   <trkpt lat="15.498310000000002" lon="73.83819000000001">
    <ele>3.93</ele>
   </trkpt>
   <trkpt lat="15.497655000359" lon="73.83855500112375">
    <ele>3.86</ele>
   </trkpt>
   <trkpt lat="15.497000000000002" lon="73.83892">
    <ele>3.94</ele>
   </trkpt>
   <trkpt lat="15.496620000000002" lon="73.83905">
    <ele>3.7700000000000005</ele>
   </trkpt>
   <trkpt lat="15.49642" lon="73.83908000000001">
    <ele>3.7700000000000005</ele>
   </trkpt>
   <trkpt lat="15.496070000000001" lon="73.83899000000001">
    <ele>3.73</ele>
   </trkpt>
   <trkpt lat="15.495870000000002" lon="73.83882000000001">
    <ele>3.73</ele>
   </trkpt>
   <trkpt lat="15.495600000000001" lon="73.83864000000001">
    <ele>3.5</ele>
   </trkpt>
   <trkpt lat="15.495470000000001" lon="73.83857">
    <ele>3.47</ele>
   </trkpt>
   <trkpt lat="15.495320000000001" lon="73.83855000000001">
    <ele>3.5</ele>
   </trkpt>
   <trkpt lat="15.49511" lon="73.8386">
    <ele>3.6300000000000003</ele>
   </trkpt>
   <trkpt lat="15.49463" lon="73.83917000000001">
    <ele>3.7</ele>
   </trkpt>
   <trkpt lat="15.494141672538397" lon="73.83989334188561">
    <ele>3.71</ele>
   </trkpt>
   <trkpt lat="15.493653342725944" lon="73.84061668035318">
    <ele>3.43</ele>
   </trkpt>
   <trkpt lat="15.493165010562736" lon="73.84134001540282">
    <ele>3.4000000000000004</ele>
   </trkpt>
   <trkpt lat="15.492676676048864" lon="73.84206334703462">
    <ele>3.4600000000000004</ele>
   </trkpt>
   <trkpt lat="15.492188339184414" lon="73.84278667524873">
    <ele>3.5900000000000003</ele>
   </trkpt>
   <trkpt lat="15.491700000000002" lon="73.84351000000001">
    <ele>4.5</ele>
   </trkpt>
   <trkpt lat="15.491420000000002" lon="73.84384">
    <ele>4.87</ele>
   </trkpt>
   <trkpt lat="15.4914" lon="73.84397000000001">
    <ele>4.800000000000001</ele>
   </trkpt>
   <trkpt lat="15.491330000000001" lon="73.84410000000001">
    <ele>4.800000000000001</ele>
   </trkpt>
   <trkpt lat="15.491230000000002" lon="73.84416">
    <ele>4.670000000000001</ele>
   </trkpt>
   <trkpt lat="15.491280000000001" lon="73.84428000000001">
    <ele>4.750000000000001</ele>
   </trkpt>
   <trkpt lat="15.491040000000002" lon="73.84436000000001">
    <ele>4.750000000000001</ele>
   </trkpt>
   <trkpt lat="15.490730000000001" lon="73.84458000000001">
    <ele>4.880000000000001</ele>
   </trkpt>
   <trkpt lat="15.490150000000002" lon="73.84503000000001">
    <ele>4.73</ele>
   </trkpt>
   <trkpt lat="15.489580000000002" lon="73.84536">
    <ele>4.710000000000001</ele>
   </trkpt>
   <trkpt lat="15.489030000000001" lon="73.84561000000001">
    <ele>4.53</ele>
   </trkpt>
   <trkpt lat="15.488201667436215" lon="73.8458716719074">
    <ele>4.13</ele>
   </trkpt>
   <trkpt lat="15.487373334564897" lon="73.84613334171823">
    <ele>4.090000000000001</ele>
   </trkpt>
   <trkpt lat="15.486545001386053" lon="73.84639500943261">
    <ele>4.42</ele>
   </trkpt>
   <trkpt lat="15.485716667899718" lon="73.84665667505072">
    <ele>4.3</ele>
   </trkpt>
   <trkpt lat="15.484888334105895" lon="73.84691833857264">
    <ele>4.45</ele>
   </trkpt>
   <trkpt lat="15.484060000000001" lon="73.84718000000001">
    <ele>4.5600000000000005</ele>
   </trkpt>
   <trkpt lat="15.483311429271904" lon="73.84740714778748">
    <ele>4.66</ele>
   </trkpt>
   <trkpt lat="15.48256285831213" lon="73.84763429393078">
    <ele>4.66</ele>
   </trkpt>
   <trkpt lat="15.481814287120695" lon="73.84786143843003">
    <ele>4.59</ele>
   </trkpt>
   <trkpt lat="15.481065715697612" lon="73.84808858128532">
    <ele>4.710000000000001</ele>
   </trkpt>
   <trkpt lat="15.480317144042894" lon="73.84831572249672">
    <ele>4.920000000000001</ele>
   </trkpt>
   <trkpt lat="15.479568572156554" lon="73.84854286206435">
    <ele>5.090000000000001</ele>
   </trkpt>
   <trkpt lat="15.47882" lon="73.84877">
    <ele>6.470000000000001</ele>
   </trkpt>
   <trkpt lat="15.478340000168235" lon="73.84890500027737">
    <ele>5.880000000000001</ele>
   </trkpt>
   <trkpt lat="15.477860000000002" lon="73.84904">
    <ele>5.670000000000001</ele>
   </trkpt>
   <trkpt lat="15.47719666682588" lon="73.8492400012884">
    <ele>5.630000000000001</ele>
   </trkpt>
   <trkpt lat="15.476533333472211" lon="73.84944000129451">
    <ele>5.580000000000001</ele>
   </trkpt>
   <trkpt lat="15.47587" lon="73.84964000000001">
    <ele>5.540000000000001</ele>
   </trkpt>
   <trkpt lat="15.47529499999854" lon="73.84984000058742">
    <ele>5.220000000000001</ele>
   </trkpt>
   <trkpt lat="15.474720000000001" lon="73.85004">
    <ele>5.3</ele>
   </trkpt>
   <trkpt lat="15.474209999949428" lon="73.85018500038511">
    <ele>5.410000000000001</ele>
   </trkpt>
   <trkpt lat="15.473700000000001" lon="73.85033">
    <ele>5.72</ele>
   </trkpt>
   <trkpt lat="15.473390000000002" lon="73.85040000000001">
    <ele>5.840000000000001</ele>
   </trkpt>
   <trkpt lat="15.472730000065903" lon="73.85048000050567">
    <ele>5.800000000000001</ele>
   </trkpt>
   <trkpt lat="15.47207000010308" lon="73.85056000050116">
    <ele>6.34</ele>
   </trkpt>
   <trkpt lat="15.47141" lon="73.85064000000001">
    <ele>6.11</ele>
   </trkpt>
   <trkpt lat="15.470737500095147" lon="73.85075750114471">
    <ele>6.68</ele>
   </trkpt>
   <trkpt lat="15.470065000128345" lon="73.850875001526">
    <ele>8.370000000000001</ele>
   </trkpt>
   <trkpt lat="15.4693925000996" lon="73.8509925011439">
    <ele>13.39</ele>
   </trkpt>
   <trkpt lat="15.468720000000001" lon="73.85111">
    <ele>19.17</ele>
   </trkpt>
   <trkpt lat="15.468110000047393" lon="73.8511200000287">
    <ele>22.19</ele>
   </trkpt>
   <trkpt lat="15.467500000000001" lon="73.85113000000001">
    <ele>26.320000000000004</ele>
   </trkpt>
   <trkpt lat="15.46719" lon="73.8512">
    <ele>27.560000000000002</ele>
   </trkpt>
   <trkpt lat="15.467200000000002" lon="73.85119">
    <ele>27.560000000000002</ele>
   </trkpt>
   <trkpt lat="15.46678500017461" lon="73.85141500041783">
    <ele>30.17</ele>
   </trkpt>
   <trkpt lat="15.466370000000001" lon="73.85164">
    <ele>34.89</ele>
   </trkpt>
   <trkpt lat="15.465845000112456" lon="73.85195000084678">
    <ele>37.83</ele>
   </trkpt>
   <trkpt lat="15.465320000000002" lon="73.85226">
    <ele>40.730000000000004</ele>
   </trkpt>
   <trkpt lat="15.465110000000001" lon="73.85243000000001">
    <ele>42.36</ele>
   </trkpt>
   <trkpt lat="15.464970000000001" lon="73.85261000000001">
    <ele>44.46000000000001</ele>
   </trkpt>
   <trkpt lat="15.464860000000002" lon="73.8528">
    <ele>46.86000000000001</ele>
   </trkpt>
   <trkpt lat="15.464780000000001" lon="73.85300000000001">
    <ele>48.21</ele>
   </trkpt>
   <trkpt lat="15.46474" lon="73.85326">
    <ele>49.28</ele>
   </trkpt>
   <trkpt lat="15.464730000000001" lon="73.85350000000001">
    <ele>51.88</ele>
   </trkpt>
   <trkpt lat="15.464750000516684" lon="73.85397999995295">
    <ele>56.52</ele>
   </trkpt>
   <trkpt lat="15.464770000000001" lon="73.85446">
    <ele>59.13</ele>
   </trkpt>
   <trkpt lat="15.4647800008239" lon="73.85506500015354">
    <ele>64.33000000000001</ele>
   </trkpt>
   <trkpt lat="15.46479" lon="73.85567">
    <ele>67.19</ele>
   </trkpt>
   <trkpt lat="15.464820000000001" lon="73.85602">
    <ele>68.01</ele>
   </trkpt>
   <trkpt lat="15.464830000000001" lon="73.85668000000001">
    <ele>69.3</ele>
   </trkpt>
   <trkpt lat="15.464820000000001" lon="73.85686000000001">
    <ele>69.33</ele>
   </trkpt>
   <trkpt lat="15.46489" lon="73.85737">
    <ele>68.71000000000001</ele>
   </trkpt>
   <trkpt lat="15.46507" lon="73.85799">
    <ele>66.04</ele>
   </trkpt>
   <trkpt lat="15.465180000000002" lon="73.85831">
    <ele>64.64999999999999</ele>
   </trkpt>
   <trkpt lat="15.465530000000001" lon="73.85916">
    <ele>63.39</ele>
   </trkpt>
   <trkpt lat="15.465850001180442" lon="73.85987999892735">
    <ele>63.69000000000001</ele>
   </trkpt>
   <trkpt lat="15.466170000000002" lon="73.8606">
    <ele>64.55000000000001</ele>
   </trkpt>
   <trkpt lat="15.46644000108635" lon="73.86129999905445">
    <ele>65.45</ele>
   </trkpt>
   <trkpt lat="15.46671" lon="73.86200000000001">
    <ele>67.65</ele>
   </trkpt>
   <trkpt lat="15.466790000000001" lon="73.86258000000001">
    <ele>67.75</ele>
   </trkpt>
   <trkpt lat="15.466780000000002" lon="73.86306">
    <ele>68.0</ele>
   </trkpt>
   <trkpt lat="15.466730000000002" lon="73.86335000000001">
    <ele>68.54</ele>
   </trkpt>
   <trkpt lat="15.46653" lon="73.86394">
    <ele>69.32000000000001</ele>
   </trkpt>
   <trkpt lat="15.466450000000002" lon="73.86422">
    <ele>69.99000000000001</ele>
   </trkpt>
   <trkpt lat="15.465980000000002" lon="73.86477000000001">
    <ele>70.03</ele>
   </trkpt>
   <trkpt lat="15.465540000291758" lon="73.86514500081692">
    <ele>69.79</ele>
   </trkpt>
   <trkpt lat="15.465100000000001" lon="73.86552">
    <ele>69.44</ele>
   </trkpt>
   <trkpt lat="15.464440000000002" lon="73.86597">
    <ele>69.03</ele>
   </trkpt>
   <trkpt lat="15.463780000000002" lon="73.86631000000001">
    <ele>68.69</ele>
   </trkpt>
   <trkpt lat="15.463030000000002" lon="73.8665">
    <ele>69.23</ele>
   </trkpt>
   <trkpt lat="15.462559999934097" lon="73.8665">
    <ele>70.5</ele>
   </trkpt>
   <trkpt lat="15.462090000000002" lon="73.8665">
    <ele>71.18</ele>
   </trkpt>
   <trkpt lat="15.461250000000001" lon="73.86645">
    <ele>71.4</ele>
   </trkpt>
   <trkpt lat="15.460649999981804" lon="73.86637999979386">
    <ele>69.9</ele>
   </trkpt>
   <trkpt lat="15.46005" lon="73.86631000000001">
    <ele>67.68</ele>
   </trkpt>
   <trkpt lat="15.45959" lon="73.86627">
    <ele>66.21000000000001</ele>
   </trkpt>
   <trkpt lat="15.458839999938286" lon="73.86625499994446">
    <ele>65.91000000000001</ele>
   </trkpt>
   <trkpt lat="15.458090000000002" lon="73.86624">
    <ele>66.39</ele>
   </trkpt>
   <trkpt lat="15.457390000000002" lon="73.86621000000001">
    <ele>67.14</ele>
   </trkpt>
   <trkpt lat="15.456870000000002" lon="73.86613000000001">
    <ele>67.5</ele>
   </trkpt>
   <trkpt lat="15.456220000000002" lon="73.86598000000001">
    <ele>67.97</ele>
   </trkpt>
   <trkpt lat="15.455800000000002" lon="73.86585000000001">
    <ele>68.21000000000001</ele>
   </trkpt>
   <trkpt lat="15.455420000000002" lon="73.86571">
    <ele>68.13000000000001</ele>
   </trkpt>
   <trkpt lat="15.454660000581091" lon="73.86534333063364">
    <ele>67.17</ele>
   </trkpt>
   <trkpt lat="15.453900000559505" lon="73.86497666395661">
    <ele>64.95</ele>
   </trkpt>
   <trkpt lat="15.453140000000001" lon="73.86461">
    <ele>62.5</ele>
   </trkpt>
   <trkpt lat="15.452740000000002" lon="73.8644">
    <ele>61.040000000000006</ele>
   </trkpt>
   <trkpt lat="15.45241" lon="73.86416000000001">
    <ele>59.77</ele>
   </trkpt>
   <trkpt lat="15.45208" lon="73.86383000000001">
    <ele>58.54</ele>
   </trkpt>
   <trkpt lat="15.451740000000001" lon="73.86338">
    <ele>57.88000000000001</ele>
   </trkpt>
   <trkpt lat="15.451520000000002" lon="73.86312000000001">
    <ele>57.34</ele>
   </trkpt>
   <trkpt lat="15.450980000000001" lon="73.86274">
    <ele>56.510000000000005</ele>
   </trkpt>
   <trkpt lat="15.450680000000002" lon="73.86262">
    <ele>56.440000000000005</ele>
   </trkpt>
   <trkpt lat="15.450230000171597" lon="73.86248499974619">
    <ele>56.59</ele>
   </trkpt>
   <trkpt lat="15.44978" lon="73.86235">
    <ele>56.77000000000001</ele>
   </trkpt>
   <trkpt lat="15.449570000000001" lon="73.86231000000001">
    <ele>56.81</ele>
   </trkpt>
   <trkpt lat="15.44902" lon="73.86251">
    <ele>55.830000000000005</ele>
   </trkpt>
   <trkpt lat="15.448660000000002" lon="73.86258000000001">
    <ele>55.11000000000001</ele>
   </trkpt>
   <trkpt lat="15.44827" lon="73.86253">
    <ele>53.28</ele>
   </trkpt>
   <trkpt lat="15.447500000000002" lon="73.86211">
    <ele>47.27</ele>
   </trkpt>
   <trkpt lat="15.446980000000002" lon="73.86193">
    <ele>44.88</ele>
   </trkpt>
   <trkpt lat="15.446660000000001" lon="73.86196000000001">
    <ele>41.56</ele>
   </trkpt>
   <trkpt lat="15.446380000000001" lon="73.86202">
    <ele>40.150000000000006</ele>
   </trkpt>
   <trkpt lat="15.446130000000002" lon="73.86212">
    <ele>38.38</ele>
   </trkpt>
   <trkpt lat="15.446140000000002" lon="73.86211">
    <ele>38.38</ele>
   </trkpt>
   <trkpt lat="15.44597" lon="73.86226">
    <ele>37.53</ele>
   </trkpt>
   <trkpt lat="15.445720000000001" lon="73.86255000000001">
    <ele>36.25000000000001</ele>
   </trkpt>
   <trkpt lat="15.445330000000002" lon="73.86315">
    <ele>31.19</ele>
   </trkpt>
   <trkpt lat="15.44509" lon="73.86355">
    <ele>28.130000000000003</ele>
   </trkpt>
   <trkpt lat="15.444780000000002" lon="73.86418">
    <ele>25.94</ele>
   </trkpt>
   <trkpt lat="15.444530000000002" lon="73.86483000000001">
    <ele>23.720000000000002</ele>
   </trkpt>
   <trkpt lat="15.444312503439726" lon="73.86554500223542">
    <ele>21.7</ele>
   </trkpt>
   <trkpt lat="15.444095004589155" lon="73.86626000297109">
    <ele>19.89</ele>
   </trkpt>
   <trkpt lat="15.443877503448324" lon="73.86697500220703">
    <ele>17.97</ele>
   </trkpt>
   <trkpt lat="15.443660000000001" lon="73.86769000000001">
    <ele>15.19</ele>
   </trkpt>
   <trkpt lat="15.443407504540268" lon="73.86851250302226">
    <ele>13.590000000000002</ele>
   </trkpt>
   <trkpt lat="15.443155006049928" lon="73.8693350040418">
    <ele>14.41</ele>
   </trkpt>
   <trkpt lat="15.442902504529046" lon="73.87015750305862">
    <ele>14.84</ele>
   </trkpt>
   <trkpt lat="15.44265" lon="73.87098">
    <ele>15.430000000000001</ele>
   </trkpt>
   <trkpt lat="15.442428004979725" lon="73.8717260032142">
    <ele>15.580000000000002</ele>
   </trkpt>
   <trkpt lat="15.442206007466519" lon="73.87247200483148">
    <ele>15.510000000000002</ele>
   </trkpt>
   <trkpt lat="15.441984007460414" lon="73.87321800485184">
    <ele>15.55</ele>
   </trkpt>
   <trkpt lat="15.441762004961458" lon="73.87396400327529">
    <ele>15.410000000000002</ele>
   </trkpt>
   <trkpt lat="15.441540000000002" lon="73.87471000000001">
    <ele>15.290000000000001</ele>
   </trkpt>
   <trkpt lat="15.441365000572942" lon="73.87522500049648">
    <ele>15.240000000000002</ele>
   </trkpt>
   <trkpt lat="15.44119" lon="73.87574000000001">
    <ele>15.21</ele>
   </trkpt>
   <trkpt lat="15.440900000000001" lon="73.87648">
    <ele>15.09</ele>
   </trkpt>
   <trkpt lat="15.440690000547761" lon="73.8769600004133">
    <ele>15.080000000000002</ele>
   </trkpt>
   <trkpt lat="15.44048" lon="73.87744">
    <ele>14.730000000000002</ele>
   </trkpt>
   <trkpt lat="15.440170000000002" lon="73.87804000000001">
    <ele>13.09</ele>
   </trkpt>
   <trkpt lat="15.439840000000002" lon="73.87862000000001">
    <ele>11.91</ele>
   </trkpt>
   <trkpt lat="15.43946" lon="73.87922">
    <ele>9.290000000000001</ele>
   </trkpt>
   <trkpt lat="15.439175000200041" lon="73.879630000817">
    <ele>7.51</ele>
   </trkpt>
   <trkpt lat="15.43889" lon="73.88004000000001">
    <ele>6.2700000000000005</ele>
   </trkpt>
   <trkpt lat="15.438400000673411" lon="73.8806100014092">
    <ele>4.53</ele>
   </trkpt>
   <trkpt lat="15.43791" lon="73.88118">
    <ele>4.9</ele>
   </trkpt>
   <trkpt lat="15.43795" lon="73.88127">
    <ele>4.930000000000001</ele>
   </trkpt>
   <trkpt lat="15.437466667928149" lon="73.88180333583175">
    <ele>5.11</ele>
   </trkpt>
   <trkpt lat="15.436983334582488" lon="73.88233666917863">
    <ele>5.2700000000000005</ele>
   </trkpt>
   <trkpt lat="15.4365" lon="73.88287000000001">
    <ele>5.24</ele>
   </trkpt>
   <trkpt lat="15.435920000000001" lon="73.88348">
    <ele>5.280000000000001</ele>
   </trkpt>
   <trkpt lat="15.43542" lon="73.88407000000001">
    <ele>5.51</ele>
   </trkpt>
   <trkpt lat="15.435150000000002" lon="73.88422">
    <ele>5.3500000000000005</ele>
   </trkpt>
   <trkpt lat="15.434625000917727" lon="73.88485500158832">
    <ele>5.44</ele>
   </trkpt>
   <trkpt lat="15.4341" lon="73.88549">
    <ele>5.59</ele>
   </trkpt>
   <trkpt lat="15.433670000456047" lon="73.88596000101587">
    <ele>5.81</ele>
   </trkpt>
   <trkpt lat="15.433240000000001" lon="73.88643">
    <ele>6.010000000000001</ele>
   </trkpt>
   <trkpt lat="15.432810000000002" lon="73.88697">
    <ele>6.0</ele>
   </trkpt>
   <trkpt lat="15.432430000620903" lon="73.8875100010339">
    <ele>6.21</ele>
   </trkpt>
   <trkpt lat="15.432050000000002" lon="73.88805">
    <ele>5.970000000000001</ele>
   </trkpt>
   <trkpt lat="15.431770000000002" lon="73.88839">
    <ele>5.970000000000001</ele>
   </trkpt>
   <trkpt lat="15.43121429041875" lon="73.88898143806368">
    <ele>6.12</ele>
   </trkpt>
   <trkpt lat="15.4306585792716" lon="73.88957287296054">
    <ele>6.050000000000001</ele>
   </trkpt>
   <trkpt lat="15.430102866558624" lon="73.8901643046907">
    <ele>5.94</ele>
   </trkpt>
   <trkpt lat="15.429547152279888" lon="73.89075573325432">
    <ele>5.800000000000001</ele>
   </trkpt>
   <trkpt lat="15.428991436435458" lon="73.89134715865148">
    <ele>5.81</ele>
   </trkpt>
   <trkpt lat="15.428435719025405" lon="73.89193858088234">
    <ele>5.74</ele>
   </trkpt>
   <trkpt lat="15.427880000000002" lon="73.89253000000001">
    <ele>5.7700000000000005</ele>
   </trkpt>
   <trkpt lat="15.427330000000001" lon="73.89316000000001">
    <ele>5.970000000000001</ele>
   </trkpt>
   <trkpt lat="15.426760003466208" lon="73.89388000594701">
    <ele>6.2</ele>
   </trkpt>
   <trkpt lat="15.426190004612325" lon="73.89460000794088">
    <ele>6.19</ele>
   </trkpt>
   <trkpt lat="15.425620003438468" lon="73.89532000598176">
    <ele>6.24</ele>
   </trkpt>
   <trkpt lat="15.42505" lon="73.89604">
    <ele>7.580000000000001</ele>
   </trkpt>
   <trkpt lat="15.424660000000001" lon="73.89672">
    <ele>9.47</ele>
   </trkpt>
   <trkpt lat="15.42458" lon="73.8969">
    <ele>9.58</ele>
   </trkpt>
   <trkpt lat="15.424260000000002" lon="73.89759000000001">
    <ele>7.36</ele>
   </trkpt>
   <trkpt lat="15.424060000616521" lon="73.89812500057907">
    <ele>6.010000000000001</ele>
   </trkpt>
   <trkpt lat="15.423860000000001" lon="73.89866">
    <ele>4.53</ele>
   </trkpt>
   <trkpt lat="15.423630000000001" lon="73.89945">
    <ele>4.32</ele>
   </trkpt>
   <trkpt lat="15.423430000000002" lon="73.89996000000001">
    <ele>4.74</ele>
   </trkpt>
   <trkpt lat="15.423090000000002" lon="73.90058">
    <ele>5.55</ele>
   </trkpt>
   <trkpt lat="15.422950000000002" lon="73.90071">
    <ele>5.7700000000000005</ele>
   </trkpt>
   <trkpt lat="15.42252" lon="73.90104000000001">
    <ele>5.670000000000001</ele>
   </trkpt>
   <trkpt lat="15.42177" lon="73.90153000000001">
    <ele>5.6000000000000005</ele>
   </trkpt>
   <trkpt lat="15.421270000023926" lon="73.90178000065976">
    <ele>5.51</ele>
   </trkpt>
   <trkpt lat="15.420770000000001" lon="73.90203000000001">
    <ele>5.220000000000001</ele>
   </trkpt>
   <trkpt lat="15.420460000000002" lon="73.90217000000001">
    <ele>7.82</ele>
   </trkpt>
   <trkpt lat="15.42022" lon="73.90234000000001">
    <ele>14.74</ele>
   </trkpt>
   <trkpt lat="15.419830000000001" lon="73.90272">
    <ele>14.97</ele>
   </trkpt>
   <trkpt lat="15.419235000821645" lon="73.90334500184481">
    <ele>15.27</ele>
   </trkpt>
   <trkpt lat="15.418640000000002" lon="73.90397">
    <ele>13.520000000000001</ele>
   </trkpt>
   <trkpt lat="15.418340000279386" lon="73.90437000068225">
    <ele>12.530000000000001</ele>
   </trkpt>
   <trkpt lat="15.418040000000001" lon="73.90477">
    <ele>12.17</ele>
   </trkpt>
   <trkpt lat="15.417710000000001" lon="73.90513">
    <ele>11.590000000000002</ele>
   </trkpt>
   <trkpt lat="15.417470000000002" lon="73.90533">
    <ele>10.910000000000002</ele>
   </trkpt>
   <trkpt lat="15.416960000000001" lon="73.90564">
    <ele>9.540000000000001</ele>
   </trkpt>
   <trkpt lat="15.416360000305723" lon="73.90596500090085">
    <ele>8.530000000000001</ele>
   </trkpt>
   <trkpt lat="15.41576" lon="73.90629000000001">
    <ele>8.370000000000001</ele>
   </trkpt>
   <trkpt lat="15.415170000000002" lon="73.90645">
    <ele>7.8900000000000015</ele>
   </trkpt>
   <trkpt lat="15.414604999881393" lon="73.90655000029685">
    <ele>6.5200000000000005</ele>
   </trkpt>
   <trkpt lat="15.414040000000002" lon="73.90665">
    <ele>4.15</ele>
   </trkpt>
   <trkpt lat="15.413217999999484" lon="73.90663799981013">
    <ele>2.39</ele>
   </trkpt>
   <trkpt lat="15.412395999998326" lon="73.90662599971519">
    <ele>0.7200000000000001</ele>
   </trkpt>
   <trkpt lat="15.411573999996518" lon="73.90661399971516">
    <ele>-0.92</ele>
   </trkpt>
   <trkpt lat="15.410751999994071" lon="73.90660199981006">
    <ele>0.21</ele>
   </trkpt>
   <trkpt lat="15.409930000000001" lon="73.90659000000001">
    <ele>1.6</ele>
   </trkpt>
   <trkpt lat="15.409244999908074" lon="73.90644499949279">
    <ele>2.5900000000000003</ele>
   </trkpt>
   <trkpt lat="15.408560000000001" lon="73.9063">
    <ele>4.890000000000001</ele>
   </trkpt>
   <trkpt lat="15.407700000000002" lon="73.90633000000001">
    <ele>6.07</ele>
   </trkpt>
   <trkpt lat="15.407070000000001" lon="73.90645">
    <ele>7.17</ele>
   </trkpt>
   <trkpt lat="15.406460000000001" lon="73.9067">
    <ele>8.4</ele>
   </trkpt>
   <trkpt lat="15.40590000037005" lon="73.90698666820938">
    <ele>8.73</ele>
   </trkpt>
   <trkpt lat="15.405340000372767" lon="73.90727333487465">
    <ele>8.93</ele>
   </trkpt>
   <trkpt lat="15.40478" lon="73.90756">
    <ele>8.63</ele>
   </trkpt>
   <trkpt lat="15.40398" lon="73.90779">
    <ele>9.13</ele>
   </trkpt>
   <trkpt lat="15.403490000000001" lon="73.90788">
    <ele>8.280000000000001</ele>
   </trkpt>
   <trkpt lat="15.402800000043658" lon="73.9080550005869">
    <ele>7.7</ele>
   </trkpt>
   <trkpt lat="15.40211" lon="73.90823">
    <ele>6.4</ele>
   </trkpt>
   <trkpt lat="15.401710000000001" lon="73.90835000000001">
    <ele>6.180000000000001</ele>
   </trkpt>
   <trkpt lat="15.40121" lon="73.90859">
    <ele>5.9799999999999995</ele>
   </trkpt>
   <trkpt lat="15.40059500100887" lon="73.90898000346597">
    <ele>6.24</ele>
   </trkpt>
   <trkpt lat="15.399980001338061" lon="73.90937000462571">
    <ele>7.410000000000001</ele>
   </trkpt>
   <trkpt lat="15.399365000987608" lon="73.90976000347933">
    <ele>8.870000000000001</ele>
   </trkpt>
   <trkpt lat="15.398750000000001" lon="73.91015">
    <ele>10.040000000000001</ele>
   </trkpt>
   <trkpt lat="15.398355000219505" lon="73.9104300005002">
    <ele>11.080000000000002</ele>
   </trkpt>
   <trkpt lat="15.397960000000001" lon="73.91071000000001">
    <ele>11.83</ele>
   </trkpt>
   <trkpt lat="15.397460000509493" lon="73.91113500093131">
    <ele>12.66</ele>
   </trkpt>
   <trkpt lat="15.396960000000002" lon="73.91156000000001">
    <ele>13.600000000000001</ele>
   </trkpt>
   <trkpt lat="15.396302006909067" lon="73.9121460166716">
    <ele>13.120000000000001</ele>
   </trkpt>
   <trkpt lat="15.39564401228395" lon="73.91273202963669">
    <ele>12.88</ele>
   </trkpt>
   <trkpt lat="15.394986016124728" lon="73.91331803889544">
    <ele>12.730000000000002</ele>
   </trkpt>
   <trkpt lat="15.394328018431482" lon="73.91390404444806">
    <ele>12.650000000000002</ele>
   </trkpt>
   <trkpt lat="15.39367001920429" lon="73.91449004629472">
    <ele>12.540000000000001</ele>
   </trkpt>
   <trkpt lat="15.393012018443228" lon="73.91507604443558">
    <ele>12.600000000000001</ele>
   </trkpt>
   <trkpt lat="15.392354016148376" lon="73.91566203887086">
    <ele>12.780000000000001</ele>
   </trkpt>
   <trkpt lat="15.391696012319818" lon="73.91624802960072">
    <ele>13.19</ele>
   </trkpt>
   <trkpt lat="15.391038006957627" lon="73.91683401662534">
    <ele>14.85</ele>
   </trkpt>
   <trkpt lat="15.39038" lon="73.91742">
    <ele>16.69</ele>
   </trkpt>
   <trkpt lat="15.389720000767639" lon="73.91800500185177">
    <ele>19.44</ele>
   </trkpt>
   <trkpt lat="15.38906" lon="73.91859000000001">
    <ele>22.160000000000004</ele>
   </trkpt>
   <trkpt lat="15.38852666813291" lon="73.91915666953581">
    <ele>23.450000000000003</ele>
   </trkpt>
   <trkpt lat="15.387993334831911" lon="73.91972333616806">
    <ele>26.26</ele>
   </trkpt>
   <trkpt lat="15.38746" lon="73.92029000000001">
    <ele>29.400000000000002</ele>
   </trkpt>
   <trkpt lat="15.38714" lon="73.92054">
    <ele>31.6</ele>
   </trkpt>
   <trkpt lat="15.386790000000001" lon="73.92073">
    <ele>32.92</ele>
   </trkpt>
   <trkpt lat="15.386450000000002" lon="73.92087000000001">
    <ele>33.36</ele>
   </trkpt>
   <trkpt lat="15.385854999992862" lon="73.92100500039665">
    <ele>35.45</ele>
   </trkpt>
   <trkpt lat="15.38526" lon="73.92114000000001">
    <ele>37.27</ele>
   </trkpt>
   <trkpt lat="15.384900000000002" lon="73.92134">
    <ele>39.14</ele>
   </trkpt>
   <trkpt lat="15.384390000000002" lon="73.92178000000001">
    <ele>42.84</ele>
   </trkpt>
   <trkpt lat="15.384000000000002" lon="73.92256">
    <ele>44.59</ele>
   </trkpt>
   <trkpt lat="15.384390000000002" lon="73.92178000000001">
    <ele>40.269999999999996</ele>
   </trkpt>
   <trkpt lat="15.384900000000002" lon="73.92134">
    <ele>39.14</ele>
   </trkpt>
   <trkpt lat="15.38526" lon="73.92114000000001">
    <ele>37.27</ele>
   </trkpt>
   <trkpt lat="15.38585500008851" lon="73.92100500037495">
    <ele>35.45</ele>
   </trkpt>
   <trkpt lat="15.386450000000002" lon="73.92087000000001">
    <ele>33.36</ele>
   </trkpt>
   <trkpt lat="15.386790000000001" lon="73.92073">
    <ele>32.92</ele>
   </trkpt>
   <trkpt lat="15.38714" lon="73.92054">
    <ele>30.85</ele>
   </trkpt>
   <trkpt lat="15.38746" lon="73.92029000000001">
    <ele>29.400000000000002</ele>
   </trkpt>
   <trkpt lat="15.387993334734839" lon="73.9197233362712">
    <ele>26.26</ele>
   </trkpt>
   <trkpt lat="15.388526668035832" lon="73.91915666963895">
    <ele>23.450000000000003</ele>
   </trkpt>
   <trkpt lat="15.38906" lon="73.91859000000001">
    <ele>22.160000000000004</ele>
   </trkpt>
   <trkpt lat="15.389720000760647" lon="73.91800500185796">
    <ele>19.44</ele>
   </trkpt>
   <trkpt lat="15.39038" lon="73.91742">
    <ele>16.69</ele>
   </trkpt>
   <trkpt lat="15.391038006895746" lon="73.91683401668045">
    <ele>14.85</ele>
   </trkpt>
   <trkpt lat="15.391696012257936" lon="73.91624802965583">
    <ele>13.19</ele>
   </trkpt>
   <trkpt lat="15.3923540160865" lon="73.91566203892597">
    <ele>12.780000000000001</ele>
   </trkpt>
   <trkpt lat="15.393012018381347" lon="73.91507604449069">
    <ele>12.58</ele>
   </trkpt>
   <trkpt lat="15.393670019142409" lon="73.91449004634983">
    <ele>12.540000000000001</ele>
   </trkpt>
   <trkpt lat="15.394328018369603" lon="73.91390404450317">
    <ele>12.650000000000002</ele>
   </trkpt>
   <trkpt lat="15.39498601606285" lon="73.91331803895055">
    <ele>12.730000000000002</ele>
   </trkpt>
   <trkpt lat="15.395644012222071" lon="73.9127320296918">
    <ele>12.88</ele>
   </trkpt>
   <trkpt lat="15.396302006847192" lon="73.91214601672671">
    <ele>13.120000000000001</ele>
   </trkpt>
   <trkpt lat="15.396960000000002" lon="73.91156000000001">
    <ele>13.600000000000001</ele>
   </trkpt>
   <trkpt lat="15.397460000297496" lon="73.9111350011115">
    <ele>12.66</ele>
   </trkpt>
   <trkpt lat="15.397960000000001" lon="73.91071000000001">
    <ele>11.83</ele>
   </trkpt>
   <trkpt lat="15.398355000130785" lon="73.91043000056308">
    <ele>11.080000000000002</ele>
   </trkpt>
   <trkpt lat="15.398750000000001" lon="73.91015">
    <ele>10.040000000000001</ele>
   </trkpt>
   <trkpt lat="15.399365001030066" lon="73.9097600034524">
    <ele>8.870000000000001</ele>
   </trkpt>
   <trkpt lat="15.39998000138052" lon="73.90937000459878">
    <ele>7.410000000000001</ele>
   </trkpt>
   <trkpt lat="15.400595001051327" lon="73.90898000343905">
    <ele>6.24</ele>
   </trkpt>
   <trkpt lat="15.40121" lon="73.90859">
    <ele>5.9799999999999995</ele>
   </trkpt>
   <trkpt lat="15.401710000000001" lon="73.90835000000001">
    <ele>6.180000000000001</ele>
   </trkpt>
   <trkpt lat="15.40211" lon="73.90823">
    <ele>6.4</ele>
   </trkpt>
   <trkpt lat="15.402800000093212" lon="73.90805500057432">
    <ele>7.7</ele>
   </trkpt>
   <trkpt lat="15.403490000000001" lon="73.90788">
    <ele>8.75</ele>
   </trkpt>
   <trkpt lat="15.40398" lon="73.90779">
    <ele>9.13</ele>
   </trkpt>
   <trkpt lat="15.40478" lon="73.90756">
    <ele>8.63</ele>
   </trkpt>
   <trkpt lat="15.405340000364601" lon="73.90727333487882">
    <ele>8.93</ele>
   </trkpt>
   <trkpt lat="15.405900000361887" lon="73.90698666821355">
    <ele>8.73</ele>
   </trkpt>
   <trkpt lat="15.406460000000001" lon="73.9067">
    <ele>8.4</ele>
   </trkpt>
   <trkpt lat="15.407070000000001" lon="73.90645">
    <ele>7.17</ele>
   </trkpt>
   <trkpt lat="15.407700000000002" lon="73.90633000000001">
    <ele>6.07</ele>
   </trkpt>
   <trkpt lat="15.408560000000001" lon="73.9063">
    <ele>4.890000000000001</ele>
   </trkpt>
   <trkpt lat="15.409245000185928" lon="73.90644499955161">
    <ele>2.5900000000000003</ele>
   </trkpt>
   <trkpt lat="15.409930000000001" lon="73.90659000000001">
    <ele>1.6</ele>
   </trkpt>
   <trkpt lat="15.410752000003093" lon="73.9066019998102">
    <ele>0.21</ele>
   </trkpt>
   <trkpt lat="15.411574000005539" lon="73.9066139997153">
    <ele>-0.92</ele>
   </trkpt>
   <trkpt lat="15.412396000007345" lon="73.90662599971533">
    <ele>0.7200000000000001</ele>
   </trkpt>
   <trkpt lat="15.41321800000851" lon="73.90663799981027">
    <ele>2.39</ele>
   </trkpt>
   <trkpt lat="15.414040000000002" lon="73.90665">
    <ele>4.630000000000001</ele>
   </trkpt>
   <trkpt lat="15.414605000163332" lon="73.90655000024694">
    <ele>6.8100000000000005</ele>
   </trkpt>
   <trkpt lat="15.415170000000002" lon="73.90645">
    <ele>8.020000000000001</ele>
   </trkpt>
   <trkpt lat="15.41576" lon="73.90629000000001">
    <ele>8.370000000000001</ele>
   </trkpt>
   <trkpt lat="15.41636000016671" lon="73.90596500097615">
    <ele>8.530000000000001</ele>
   </trkpt>
   <trkpt lat="15.416960000000001" lon="73.90564">
    <ele>9.540000000000001</ele>
   </trkpt>
   <trkpt lat="15.417470000000002" lon="73.90533">
    <ele>10.910000000000002</ele>
   </trkpt>
   <trkpt lat="15.417710000000001" lon="73.90513">
    <ele>11.590000000000002</ele>
   </trkpt>
   <trkpt lat="15.418040000000001" lon="73.90477">
    <ele>12.17</ele>
   </trkpt>
   <trkpt lat="15.41834000043633" lon="73.90437000047298">
    <ele>12.530000000000001</ele>
   </trkpt>
   <trkpt lat="15.418640000000002" lon="73.90397">
    <ele>13.520000000000001</ele>
   </trkpt>
   <trkpt lat="15.419235000925799" lon="73.90334500173542">
    <ele>15.27</ele>
   </trkpt>
   <trkpt lat="15.419830000000001" lon="73.90272">
    <ele>14.97</ele>
   </trkpt>
   <trkpt lat="15.42022" lon="73.90234000000001">
    <ele>14.74</ele>
   </trkpt>
   <trkpt lat="15.420460000000002" lon="73.90217000000001">
    <ele>14.780000000000001</ele>
   </trkpt>
   <trkpt lat="15.420770000000001" lon="73.90203000000001">
    <ele>6.5200000000000005</ele>
   </trkpt>
   <trkpt lat="15.421270000255706" lon="73.90178000054385">
    <ele>5.51</ele>
   </trkpt>
   <trkpt lat="15.42177" lon="73.90153000000001">
    <ele>5.6000000000000005</ele>
   </trkpt>
   <trkpt lat="15.42252" lon="73.90104000000001">
    <ele>5.670000000000001</ele>
   </trkpt>
   <trkpt lat="15.422950000000002" lon="73.90071">
    <ele>5.7700000000000005</ele>
   </trkpt>
   <trkpt lat="15.423090000000002" lon="73.90058">
    <ele>5.5600000000000005</ele>
   </trkpt>
   <trkpt lat="15.423430000000002" lon="73.89996000000001">
    <ele>4.74</ele>
   </trkpt>
   <trkpt lat="15.423630000000001" lon="73.89945">
    <ele>4.32</ele>
   </trkpt>
   <trkpt lat="15.423860000000001" lon="73.89866">
    <ele>4.74</ele>
   </trkpt>
   <trkpt lat="15.42406000066425" lon="73.89812500045143">
    <ele>6.010000000000001</ele>
   </trkpt>
   <trkpt lat="15.424260000000002" lon="73.89759000000001">
    <ele>7.36</ele>
   </trkpt>
   <trkpt lat="15.42458" lon="73.8969">
    <ele>9.58</ele>
   </trkpt>
   <trkpt lat="15.424660000000001" lon="73.89672">
    <ele>9.36</ele>
   </trkpt>
   <trkpt lat="15.42505" lon="73.89604">
    <ele>7.580000000000001</ele>
   </trkpt>
   <trkpt lat="15.425620003493732" lon="73.89532000591196">
    <ele>6.24</ele>
   </trkpt>
   <trkpt lat="15.42619000466759" lon="73.89460000787108">
    <ele>6.19</ele>
   </trkpt>
   <trkpt lat="15.426760003521474" lon="73.89388000587721">
    <ele>6.2</ele>
   </trkpt>
   <trkpt lat="15.427330000000001" lon="73.89316000000001">
    <ele>5.91</ele>
   </trkpt>
   <trkpt lat="15.427880000000002" lon="73.89253000000001">
    <ele>5.7700000000000005</ele>
   </trkpt>
   <trkpt lat="15.428435718975614" lon="73.89193858093532">
    <ele>5.74</ele>
   </trkpt>
   <trkpt lat="15.428991436385665" lon="73.89134715870446">
    <ele>5.72</ele>
   </trkpt>
   <trkpt lat="15.429547152230096" lon="73.8907557333073">
    <ele>5.800000000000001</ele>
   </trkpt>
   <trkpt lat="15.430102866508836" lon="73.89016430474369">
    <ele>5.94</ele>
   </trkpt>
   <trkpt lat="15.430658579221808" lon="73.88957287301353">
    <ele>6.050000000000001</ele>
   </trkpt>
   <trkpt lat="15.43121429036896" lon="73.88898143811666">
    <ele>6.12</ele>
   </trkpt>
   <trkpt lat="15.431770000000002" lon="73.88839">
    <ele>5.970000000000001</ele>
   </trkpt>
   <trkpt lat="15.432050000000002" lon="73.88805">
    <ele>5.970000000000001</ele>
   </trkpt>
   <trkpt lat="15.432430000684564" lon="73.88751000094344">
    <ele>6.21</ele>
   </trkpt>
   <trkpt lat="15.432810000000002" lon="73.88697">
    <ele>6.0</ele>
   </trkpt>
   <trkpt lat="15.433240000000001" lon="73.88643">
    <ele>6.010000000000001</ele>
   </trkpt>
   <trkpt lat="15.433670000532969" lon="73.88596000093177">
    <ele>5.710000000000001</ele>
   </trkpt>
   <trkpt lat="15.4341" lon="73.88549">
    <ele>5.59</ele>
   </trkpt>
   <trkpt lat="15.434625000887705" lon="73.88485500162462">
    <ele>5.44</ele>
   </trkpt>
   <trkpt lat="15.435150000000002" lon="73.88422">
    <ele>5.3500000000000005</ele>
   </trkpt>
   <trkpt lat="15.43542" lon="73.88407000000001">
    <ele>5.51</ele>
   </trkpt>
   <trkpt lat="15.435920000000001" lon="73.88348">
    <ele>5.280000000000001</ele>
   </trkpt>
   <trkpt lat="15.4365" lon="73.88287000000001">
    <ele>5.29</ele>
   </trkpt>
   <trkpt lat="15.436983334619427" lon="73.88233666913787">
    <ele>5.2700000000000005</ele>
   </trkpt>
   <trkpt lat="15.437466667965085" lon="73.88180333579098">
    <ele>5.11</ele>
   </trkpt>
   <trkpt lat="15.43795" lon="73.88127">
    <ele>4.930000000000001</ele>
   </trkpt>
   <trkpt lat="15.43791" lon="73.88118">
    <ele>4.9</ele>
   </trkpt>
   <trkpt lat="15.43840000078164" lon="73.88061000128329">
    <ele>4.74</ele>
   </trkpt>
   <trkpt lat="15.43889" lon="73.88004000000001">
    <ele>6.2700000000000005</ele>
   </trkpt>
   <trkpt lat="15.439175000552819" lon="73.87963000030952">
    <ele>7.78</ele>
   </trkpt>
   <trkpt lat="15.43946" lon="73.87922">
    <ele>9.290000000000001</ele>
   </trkpt>
   <trkpt lat="15.439840000000002" lon="73.87862000000001">
    <ele>11.91</ele>
   </trkpt>
   <trkpt lat="15.440170000000002" lon="73.87804000000001">
    <ele>13.09</ele>
   </trkpt>
   <trkpt lat="15.44048" lon="73.87744">
    <ele>14.730000000000002</ele>
   </trkpt>
   <trkpt lat="15.440690000484212" lon="73.87696000055855">
    <ele>15.080000000000002</ele>
   </trkpt>
   <trkpt lat="15.440900000000001" lon="73.87648">
    <ele>15.09</ele>
   </trkpt>
   <trkpt lat="15.44119" lon="73.87574000000001">
    <ele>15.21</ele>
   </trkpt>
   <trkpt lat="15.441365000615063" lon="73.87522500037254">
    <ele>15.240000000000002</ele>
   </trkpt>
   <trkpt lat="15.441540000000002" lon="73.87471000000001">
    <ele>15.290000000000001</ele>
   </trkpt>
   <trkpt lat="15.441762004991764" lon="73.87396400317346">
    <ele>15.410000000000002</ele>
   </trkpt>
   <trkpt lat="15.44198400749072" lon="73.87321800474999">
    <ele>15.55</ele>
   </trkpt>
   <trkpt lat="15.442206007496823" lon="73.87247200472964">
    <ele>15.510000000000002</ele>
   </trkpt>
   <trkpt lat="15.442428005010031" lon="73.87172600311236">
    <ele>15.580000000000002</ele>
   </trkpt>
   <trkpt lat="15.44265" lon="73.87098">
    <ele>15.430000000000001</ele>
   </trkpt>
   <trkpt lat="15.442902504551375" lon="73.87015750298586">
    <ele>14.84</ele>
   </trkpt>
   <trkpt lat="15.443155006072262" lon="73.86933500396904">
    <ele>14.41</ele>
   </trkpt>
   <trkpt lat="15.443407504562602" lon="73.86851250294951">
    <ele>13.590000000000002</ele>
   </trkpt>
   <trkpt lat="15.443660000000001" lon="73.86769000000001">
    <ele>15.19</ele>
   </trkpt>
   <trkpt lat="15.443877503431057" lon="73.86697500226379">
    <ele>17.97</ele>
   </trkpt>
   <trkpt lat="15.444095004571892" lon="73.86626000302786">
    <ele>19.89</ele>
   </trkpt>
   <trkpt lat="15.444312503422463" lon="73.86554500229218">
    <ele>21.7</ele>
   </trkpt>
   <trkpt lat="15.444530000000002" lon="73.86483000000001">
    <ele>23.720000000000002</ele>
   </trkpt>
   <trkpt lat="15.444780000000002" lon="73.86418">
    <ele>25.94</ele>
   </trkpt>
   <trkpt lat="15.44509" lon="73.86355">
    <ele>28.790000000000003</ele>
   </trkpt>
   <trkpt lat="15.445330000000002" lon="73.86315">
    <ele>31.19</ele>
   </trkpt>
   <trkpt lat="15.445720000000001" lon="73.86255000000001">
    <ele>36.25000000000001</ele>
   </trkpt>
   <trkpt lat="15.44597" lon="73.86226">
    <ele>37.53</ele>
   </trkpt>
   <trkpt lat="15.446140000000002" lon="73.86211">
    <ele>38.44</ele>
   </trkpt>
   <trkpt lat="15.446130000000002" lon="73.86212">
    <ele>38.44</ele>
   </trkpt>
   <trkpt lat="15.446380000000001" lon="73.86202">
    <ele>40.150000000000006</ele>
   </trkpt>
   <trkpt lat="15.446660000000001" lon="73.86196000000001">
    <ele>41.56</ele>
   </trkpt>
   <trkpt lat="15.446980000000002" lon="73.86193">
    <ele>44.88</ele>
   </trkpt>
   <trkpt lat="15.447500000000002" lon="73.86211">
    <ele>47.27</ele>
   </trkpt>
   <trkpt lat="15.44827" lon="73.86253">
    <ele>53.28</ele>
   </trkpt>
   <trkpt lat="15.448660000000002" lon="73.86258000000001">
    <ele>55.11000000000001</ele>
   </trkpt>
   <trkpt lat="15.44902" lon="73.86251">
    <ele>56.080000000000005</ele>
   </trkpt>
   <trkpt lat="15.449570000000001" lon="73.86231000000001">
    <ele>56.81</ele>
   </trkpt>
   <trkpt lat="15.44978" lon="73.86235">
    <ele>56.77000000000001</ele>
   </trkpt>
   <trkpt lat="15.450229999910079" lon="73.86248499966773">
    <ele>56.59</ele>
   </trkpt>
   <trkpt lat="15.450680000000002" lon="73.86262">
    <ele>56.440000000000005</ele>
   </trkpt>
   <trkpt lat="15.450980000000001" lon="73.86274">
    <ele>56.510000000000005</ele>
   </trkpt>
   <trkpt lat="15.451520000000002" lon="73.86312000000001">
    <ele>57.34</ele>
   </trkpt>
   <trkpt lat="15.451740000000001" lon="73.86338">
    <ele>57.88000000000001</ele>
   </trkpt>
   <trkpt lat="15.45208" lon="73.86383000000001">
    <ele>58.54</ele>
   </trkpt>
   <trkpt lat="15.45241" lon="73.86416000000001">
    <ele>60.160000000000004</ele>
   </trkpt>
   <trkpt lat="15.452740000000002" lon="73.8644">
    <ele>61.040000000000006</ele>
   </trkpt>
   <trkpt lat="15.453140000000001" lon="73.86461">
    <ele>62.5</ele>
   </trkpt>
   <trkpt lat="15.453900000624232" lon="73.86497666398785">
    <ele>64.95</ele>
   </trkpt>
   <trkpt lat="15.454660000645822" lon="73.86534333066486">
    <ele>67.17</ele>
   </trkpt>
   <trkpt lat="15.455420000000002" lon="73.86571">
    <ele>68.13000000000001</ele>
   </trkpt>
   <trkpt lat="15.455800000000002" lon="73.86585000000001">
    <ele>68.21000000000001</ele>
   </trkpt>
   <trkpt lat="15.456220000000002" lon="73.86598000000001">
    <ele>67.97</ele>
   </trkpt>
   <trkpt lat="15.456870000000002" lon="73.86613000000001">
    <ele>67.5</ele>
   </trkpt>
   <trkpt lat="15.457390000000002" lon="73.86621000000001">
    <ele>67.14</ele>
   </trkpt>
   <trkpt lat="15.458090000000002" lon="73.86624">
    <ele>66.10000000000001</ele>
   </trkpt>
   <trkpt lat="15.458840000062722" lon="73.86625499994695">
    <ele>65.91000000000001</ele>
   </trkpt>
   <trkpt lat="15.45959" lon="73.86627">
    <ele>66.38000000000001</ele>
   </trkpt>
   <trkpt lat="15.46005" lon="73.86631000000001">
    <ele>67.68</ele>
   </trkpt>
   <trkpt lat="15.460650000040163" lon="73.86637999980066">
    <ele>69.9</ele>
   </trkpt>
   <trkpt lat="15.461250000000001" lon="73.86645">
    <ele>71.4</ele>
   </trkpt>
   <trkpt lat="15.462090000000002" lon="73.8665">
    <ele>71.18</ele>
   </trkpt>
   <trkpt lat="15.462560000065904" lon="73.8665">
    <ele>70.20000000000002</ele>
   </trkpt>
   <trkpt lat="15.463030000000002" lon="73.8665">
    <ele>69.23</ele>
   </trkpt>
   <trkpt lat="15.463780000000002" lon="73.86631000000001">
    <ele>68.69</ele>
   </trkpt>
   <trkpt lat="15.464440000000002" lon="73.86597">
    <ele>69.03</ele>
   </trkpt>
   <trkpt lat="15.465100000000001" lon="73.86552">
    <ele>69.44</ele>
   </trkpt>
   <trkpt lat="15.465540000339022" lon="73.86514500077665">
    <ele>69.79</ele>
   </trkpt>
   <trkpt lat="15.465980000000002" lon="73.86477000000001">
    <ele>70.14</ele>
   </trkpt>
   <trkpt lat="15.466450000000002" lon="73.86422">
    <ele>69.99000000000001</ele>
   </trkpt>
   <trkpt lat="15.46653" lon="73.86394">
    <ele>69.32000000000001</ele>
   </trkpt>
   <trkpt lat="15.466730000000002" lon="73.86335000000001">
    <ele>68.54</ele>
   </trkpt>
   <trkpt lat="15.466780000000002" lon="73.86306">
    <ele>68.0</ele>
   </trkpt>
   <trkpt lat="15.466790000000001" lon="73.86258000000001">
    <ele>67.75</ele>
   </trkpt>
   <trkpt lat="15.46671" lon="73.86200000000001">
    <ele>67.65</ele>
   </trkpt>
   <trkpt lat="15.466440001111684" lon="73.86129999912013">
    <ele>65.45</ele>
   </trkpt>
   <trkpt lat="15.466170000000002" lon="73.8606">
    <ele>64.55000000000001</ele>
   </trkpt>
   <trkpt lat="15.465850001144917" lon="73.85987999884743">
    <ele>63.69000000000001</ele>
   </trkpt>
   <trkpt lat="15.465530000000001" lon="73.85916">
    <ele>63.39</ele>
   </trkpt>
   <trkpt lat="15.465180000000002" lon="73.85831">
    <ele>64.64999999999999</ele>
   </trkpt>
   <trkpt lat="15.46507" lon="73.85799">
    <ele>66.04</ele>
   </trkpt>
   <trkpt lat="15.46489" lon="73.85737">
    <ele>68.71000000000001</ele>
   </trkpt>
   <trkpt lat="15.464820000000001" lon="73.85686000000001">
    <ele>69.33</ele>
   </trkpt>
   <trkpt lat="15.464830000000001" lon="73.85668000000001">
    <ele>69.3</ele>
   </trkpt>
   <trkpt lat="15.464820000000001" lon="73.85602">
    <ele>68.01</ele>
   </trkpt>
   <trkpt lat="15.46479" lon="73.85567">
    <ele>66.51</ele>
   </trkpt>
   <trkpt lat="15.464780000817857" lon="73.85506499978804">
    <ele>62.14000000000001</ele>
   </trkpt>
   <trkpt lat="15.464770000000001" lon="73.85446">
    <ele>59.13</ele>
   </trkpt>
   <trkpt lat="15.46475000051674" lon="73.85397999995433">
    <ele>55.190000000000005</ele>
   </trkpt>
   <trkpt lat="15.464730000000001" lon="73.85350000000001">
    <ele>51.88</ele>
   </trkpt>
   <trkpt lat="15.46474" lon="73.85326">
    <ele>49.28</ele>
   </trkpt>
   <trkpt lat="15.464780000000001" lon="73.85300000000001">
    <ele>48.21</ele>
   </trkpt>
   <trkpt lat="15.464860000000002" lon="73.8528">
    <ele>46.86000000000001</ele>
   </trkpt>
   <trkpt lat="15.464970000000001" lon="73.85261000000001">
    <ele>44.46000000000001</ele>
   </trkpt>
   <trkpt lat="15.465110000000001" lon="73.85243000000001">
    <ele>42.36</ele>
   </trkpt>
   <trkpt lat="15.465320000000002" lon="73.85226">
    <ele>40.730000000000004</ele>
   </trkpt>
   <trkpt lat="15.465845000318609" lon="73.85195000072505">
    <ele>37.83</ele>
   </trkpt>
   <trkpt lat="15.466370000000001" lon="73.85164">
    <ele>34.89</ele>
   </trkpt>
   <trkpt lat="15.46678500005249" lon="73.85141500048405">
    <ele>30.17</ele>
   </trkpt>
   <trkpt lat="15.467200000000002" lon="73.85119">
    <ele>27.500000000000004</ele>
   </trkpt>
   <trkpt lat="15.46719" lon="73.8512">
    <ele>27.500000000000004</ele>
   </trkpt>
   <trkpt lat="15.467500000000001" lon="73.85113000000001">
    <ele>26.320000000000004</ele>
   </trkpt>
   <trkpt lat="15.468109999953054" lon="73.85112000003024">
    <ele>22.19</ele>
   </trkpt>
   <trkpt lat="15.468720000000001" lon="73.85111">
    <ele>18.85</ele>
   </trkpt>
   <trkpt lat="15.469392500090692" lon="73.85099250114547">
    <ele>12.58</ele>
   </trkpt>
   <trkpt lat="15.470065000119433" lon="73.85087500152757">
    <ele>7.99</ele>
   </trkpt>
   <trkpt lat="15.470737500086237" lon="73.85075750114628">
    <ele>6.68</ele>
   </trkpt>
   <trkpt lat="15.47141" lon="73.85064000000001">
    <ele>6.11</ele>
   </trkpt>
   <trkpt lat="15.47206999999154" lon="73.85056000051468">
    <ele>6.1000000000000005</ele>
   </trkpt>
   <trkpt lat="15.47272999995436" lon="73.8504800005192">
    <ele>5.800000000000001</ele>
   </trkpt>
   <trkpt lat="15.473390000000002" lon="73.85040000000001">
    <ele>5.840000000000001</ele>
   </trkpt>
   <trkpt lat="15.473700000000001" lon="73.85033">
    <ele>5.72</ele>
   </trkpt>
   <trkpt lat="15.474210000144929" lon="73.85018500032952">
    <ele>5.410000000000001</ele>
   </trkpt>
   <trkpt lat="15.474720000000001" lon="73.85004">
    <ele>5.21</ele>
   </trkpt>
   <trkpt lat="15.475295000180983" lon="73.84984000052397">
    <ele>5.220000000000001</ele>
   </trkpt>
   <trkpt lat="15.47587" lon="73.84964000000001">
    <ele>5.540000000000001</ele>
   </trkpt>
   <trkpt lat="15.476533333533201" lon="73.84944000127611">
    <ele>5.580000000000001</ele>
   </trkpt>
   <trkpt lat="15.477196666886872" lon="73.84924000127">
    <ele>5.630000000000001</ele>
   </trkpt>
   <trkpt lat="15.477860000000002" lon="73.84904">
    <ele>5.670000000000001</ele>
   </trkpt>
   <trkpt lat="15.478339999913581" lon="73.84890500034899">
    <ele>6.04</ele>
   </trkpt>
   <trkpt lat="15.47882" lon="73.84877">
    <ele>6.470000000000001</ele>
   </trkpt>
   <trkpt lat="15.479568572117948" lon="73.84854286207606">
    <ele>5.090000000000001</ele>
   </trkpt>
   <trkpt lat="15.480317144004289" lon="73.84831572250843">
    <ele>4.920000000000001</ele>
   </trkpt>
   <trkpt lat="15.481065715659005" lon="73.84808858129703">
    <ele>4.61</ele>
   </trkpt>
   <trkpt lat="15.481814287082093" lon="73.84786143844175">
    <ele>4.59</ele>
   </trkpt>
   <trkpt lat="15.482562858273521" lon="73.8476342939425">
    <ele>4.66</ele>
   </trkpt>
   <trkpt lat="15.483311429233295" lon="73.8474071477992">
    <ele>4.66</ele>
   </trkpt>
   <trkpt lat="15.484060000000001" lon="73.84718000000001">
    <ele>4.5600000000000005</ele>
   </trkpt>
   <trkpt lat="15.484888334101282" lon="73.84691833857411">
    <ele>4.430000000000001</ele>
   </trkpt>
   <trkpt lat="15.485716667895101" lon="73.84665667505216">
    <ele>4.3</ele>
   </trkpt>
   <trkpt lat="15.486545001381439" lon="73.84639500943408">
    <ele>4.42</ele>
   </trkpt>
   <trkpt lat="15.487373334560283" lon="73.84613334171968">
    <ele>4.090000000000001</ele>
   </trkpt>
   <trkpt lat="15.488201667431605" lon="73.84587167190885">
    <ele>4.13</ele>
   </trkpt>
   <trkpt lat="15.489030000000001" lon="73.84561000000001">
    <ele>4.53</ele>
   </trkpt>
   <trkpt lat="15.489580000000002" lon="73.84536">
    <ele>4.710000000000001</ele>
   </trkpt>
   <trkpt lat="15.490150000000002" lon="73.84503000000001">
    <ele>4.73</ele>
   </trkpt>
   <trkpt lat="15.490730000000001" lon="73.84458000000001">
    <ele>4.880000000000001</ele>
   </trkpt>
   <trkpt lat="15.491040000000002" lon="73.84436000000001">
    <ele>4.750000000000001</ele>
   </trkpt>
   <trkpt lat="15.491280000000001" lon="73.84428000000001">
    <ele>4.750000000000001</ele>
   </trkpt>
   <trkpt lat="15.491230000000002" lon="73.84416">
    <ele>4.670000000000001</ele>
   </trkpt>
   <trkpt lat="15.491330000000001" lon="73.84410000000001">
    <ele>4.800000000000001</ele>
   </trkpt>
   <trkpt lat="15.4914" lon="73.84397000000001">
    <ele>4.800000000000001</ele>
   </trkpt>
   <trkpt lat="15.491420000000002" lon="73.84384">
    <ele>4.87</ele>
   </trkpt>
   <trkpt lat="15.491700000000002" lon="73.84351000000001">
    <ele>4.5</ele>
   </trkpt>
   <trkpt lat="15.492188339214946" lon="73.8427866752035">
    <ele>3.5900000000000003</ele>
   </trkpt>
   <trkpt lat="15.492676676079398" lon="73.8420633469894">
    <ele>3.4600000000000004</ele>
   </trkpt>
   <trkpt lat="15.49316501059327" lon="73.8413400153576">
    <ele>3.4000000000000004</ele>
   </trkpt>
   <trkpt lat="15.493653342756474" lon="73.84061668030796">
    <ele>3.47</ele>
   </trkpt>
   <trkpt lat="15.494141672568926" lon="73.8398933418404">
    <ele>3.71</ele>
   </trkpt>
   <trkpt lat="15.49463" lon="73.83917000000001">
    <ele>3.7</ele>
   </trkpt>
   <trkpt lat="15.49511" lon="73.8386">
    <ele>3.6300000000000003</ele>
   </trkpt>
   <trkpt lat="15.495320000000001" lon="73.83855000000001">
    <ele>3.5</ele>
   </trkpt>
   <trkpt lat="15.495470000000001" lon="73.83857">
    <ele>3.5</ele>
   </trkpt>
   <trkpt lat="15.495600000000001" lon="73.83864000000001">
    <ele>3.6400000000000006</ele>
   </trkpt>
   <trkpt lat="15.495870000000002" lon="73.83882000000001">
    <ele>3.73</ele>
   </trkpt>
   <trkpt lat="15.496070000000001" lon="73.83899000000001">
    <ele>3.73</ele>
   </trkpt>
   <trkpt lat="15.49642" lon="73.83908000000001">
    <ele>3.7700000000000005</ele>
   </trkpt>
   <trkpt lat="15.496620000000002" lon="73.83905">
    <ele>3.7700000000000005</ele>
   </trkpt>
   <trkpt lat="15.497000000000002" lon="73.83892">
    <ele>3.94</ele>
   </trkpt>
   <trkpt lat="15.49765500023971" lon="73.83855500119023">
    <ele>3.8400000000000003</ele>
   </trkpt>
   <trkpt lat="15.498310000000002" lon="73.83819000000001">
    <ele>3.93</ele>
   </trkpt>
   <trkpt lat="15.498700000000001" lon="73.83812">
    <ele>4.109999999999999</ele>
   </trkpt>
   <trkpt lat="15.49876" lon="73.83814000000001">
    <ele>4.109999999999999</ele>
   </trkpt>
   <trkpt lat="15.499030000000001" lon="73.83847">
    <ele>3.96</ele>
   </trkpt>
   <trkpt lat="15.499210003868116" lon="73.83922749801921">
    <ele>3.7</ele>
   </trkpt>
   <trkpt lat="15.499390005157357" lon="73.8399849973583">
    <ele>3.5500000000000003</ele>
   </trkpt>
   <trkpt lat="15.499570003867687" lon="73.84074249801725">
    <ele>3.56</ele>
   </trkpt>
   <trkpt lat="15.49975" lon="73.84150000000001">
    <ele>3.98</ele>
   </trkpt>
   <trkpt lat="15.499956006043268" lon="73.84231999672531">
    <ele>3.96</ele>
   </trkpt>
   <trkpt lat="15.500162009064427" lon="73.84313999508588">
    <ele>3.96</ele>
   </trkpt>
   <trkpt lat="15.500368009063424" lon="73.84395999508168">
    <ele>4.0</ele>
   </trkpt>
   <trkpt lat="15.500574006040212" lon="73.84477999671275">
    <ele>4.1000000000000005</ele>
   </trkpt>
   <trkpt lat="15.50078" lon="73.8456">
    <ele>4.07</ele>
   </trkpt>
   <trkpt lat="15.500955001597616" lon="73.84643999934534">
    <ele>4.04</ele>
   </trkpt>
   <trkpt lat="15.501130000000002" lon="73.84728000000001">
    <ele>4.07</ele>
   </trkpt>
   <trkpt lat="15.501324005845099" lon="73.84808599699288">
    <ele>4.0200000000000005</ele>
   </trkpt>
   <trkpt lat="15.501518008770164" lon="73.84889199549957">
    <ele>4.04</ele>
   </trkpt>
   <trkpt lat="15.501712008775154" lon="73.84969799552012">
    <ele>3.86</ele>
   </trkpt>
   <trkpt lat="15.501906005860024" lon="73.85050399705449">
    <ele>4.050000000000001</ele>
   </trkpt>
   <trkpt lat="15.5021" lon="73.85131000000001">
    <ele>3.95</ele>
   </trkpt>
   <trkpt lat="15.50222779227058" lon="73.85220777333613">
    <ele>3.7800000000000002</ele>
   </trkpt>
   <trkpt lat="15.502355580918081" lon="73.85310554778303">
    <ele>4.03</ele>
   </trkpt>
   <trkpt lat="15.50248336594248" lon="73.85400332334069">
    <ele>3.93</ele>
   </trkpt>
   <trkpt lat="15.502611147343732" lon="73.85490110000907">
    <ele>3.73</ele>
   </trkpt>
   <trkpt lat="15.50273892512181" lon="73.85579887778816">
    <ele>3.8800000000000003</ele>
   </trkpt>
   <trkpt lat="15.50286669927667" lon="73.85669665667797">
    <ele>3.95</ele>
   </trkpt>
   <trkpt lat="15.50299446980828" lon="73.85759443667844">
    <ele>3.89</ele>
   </trkpt>
   <trkpt lat="15.503122236716608" lon="73.85849221778956">
    <ele>4.0</ele>
   </trkpt>
   <trkpt lat="15.503250000000001" lon="73.85939">
    <ele>3.89</ele>
   </trkpt>
   <trkpt lat="15.50337000135031" lon="73.86015999966583">
    <ele>3.8400000000000003</ele>
   </trkpt>
   <trkpt lat="15.503490000000001" lon="73.86093000000001">
    <ele>3.920000000000001</ele>
   </trkpt>
   <trkpt lat="15.503630000000001" lon="73.86126">
    <ele>3.91</ele>
   </trkpt>
   <trkpt lat="15.50379" lon="73.86217">
    <ele>4.61</ele>
   </trkpt>
   <trkpt lat="15.50388" lon="73.86233">
    <ele>4.9799999999999995</ele>
   </trkpt>
   <trkpt lat="15.50379" lon="73.86217">
    <ele>4.61</ele>
   </trkpt>
   <trkpt lat="15.503630000000001" lon="73.86126">
    <ele>3.91</ele>
   </trkpt>
   <trkpt lat="15.503490000000001" lon="73.86093000000001">
    <ele>3.920000000000001</ele>
   </trkpt>
   <trkpt lat="15.50337000131504" lon="73.86015999943952">
    <ele>3.8400000000000003</ele>
   </trkpt>
   <trkpt lat="15.503250000000001" lon="73.85939">
    <ele>3.89</ele>
   </trkpt>
   <trkpt lat="15.503122236714995" lon="73.85849221777825">
    <ele>4.0</ele>
   </trkpt>
   <trkpt lat="15.502994469806671" lon="73.85759443666711">
    <ele>3.89</ele>
   </trkpt>
   <trkpt lat="15.502866699275062" lon="73.85669665666664">
    <ele>3.95</ele>
   </trkpt>
   <trkpt lat="15.502738925120202" lon="73.85579887777686">
    <ele>3.8800000000000003</ele>
   </trkpt>
   <trkpt lat="15.502611147342126" lon="73.85490109999775">
    <ele>3.73</ele>
   </trkpt>
   <trkpt lat="15.502483365940869" lon="73.85400332332937">
    <ele>4.010000000000001</ele>
   </trkpt>
   <trkpt lat="15.502355580916468" lon="73.85310554777172">
    <ele>4.03</ele>
   </trkpt>
   <trkpt lat="15.502227792268968" lon="73.8522077733248">
    <ele>3.7800000000000002</ele>
   </trkpt>
   <trkpt lat="15.5021" lon="73.85131000000001">
    <ele>3.95</ele>
   </trkpt>
   <trkpt lat="15.501906005835298" lon="73.85050399695179">
    <ele>4.050000000000001</ele>
   </trkpt>
   <trkpt lat="15.501712008750431" lon="73.8496979954174">
    <ele>3.8800000000000003</ele>
   </trkpt>
   <trkpt lat="15.50151800874544" lon="73.84889199539687">
    <ele>4.04</ele>
   </trkpt>
   <trkpt lat="15.501324005820376" lon="73.84808599689016">
    <ele>4.0200000000000005</ele>
   </trkpt>
   <trkpt lat="15.501130000000002" lon="73.84728000000001">
    <ele>4.07</ele>
   </trkpt>
   <trkpt lat="15.500955001573912" lon="73.84643999923156">
    <ele>4.04</ele>
   </trkpt>
   <trkpt lat="15.50078" lon="73.8456">
    <ele>4.07</ele>
   </trkpt>
   <trkpt lat="15.500574006045474" lon="73.84477999673369">
    <ele>4.1000000000000005</ele>
   </trkpt>
   <trkpt lat="15.500368009068685" lon="73.84395999510264">
    <ele>4.0</ele>
   </trkpt>
   <trkpt lat="15.500162009069685" lon="73.84313999510682">
    <ele>3.96</ele>
   </trkpt>
   <trkpt lat="15.49995600604853" lon="73.84231999674627">
    <ele>3.96</ele>
   </trkpt>
   <trkpt lat="15.49975" lon="73.84150000000001">
    <ele>3.98</ele>
   </trkpt>
   <trkpt lat="15.499570003868621" lon="73.84074249802117">
    <ele>3.56</ele>
   </trkpt>
   <trkpt lat="15.499390005158293" lon="73.83998499736221">
    <ele>3.5500000000000003</ele>
   </trkpt>
   <trkpt lat="15.499210003869052" lon="73.83922749802313">
    <ele>3.7</ele>
   </trkpt>
   <trkpt lat="15.499030000000001" lon="73.83847">
    <ele>3.96</ele>
   </trkpt>
   <trkpt lat="15.49877" lon="73.83814000000001">
    <ele>4.109999999999999</ele>
   </trkpt>
   <trkpt lat="15.49876" lon="73.83814000000001">
    <ele>4.12</ele>
   </trkpt>
   <trkpt lat="15.498700000000001" lon="73.83812">
    <ele>4.12</ele>
   </trkpt>
   <trkpt lat="15.498310000000002" lon="73.83819000000001">
    <ele>3.93</ele>
   </trkpt>
   <trkpt lat="15.497655000359" lon="73.83855500112375">
    <ele>3.86</ele>
   </trkpt>
   <trkpt lat="15.497000000000002" lon="73.83892">
    <ele>3.94</ele>
   </trkpt>
   <trkpt lat="15.496620000000002" lon="73.83905">
    <ele>3.7700000000000005</ele>
   </trkpt>
   <trkpt lat="15.49642" lon="73.83908000000001">
    <ele>3.7700000000000005</ele>
   </trkpt>
   <trkpt lat="15.496070000000001" lon="73.83899000000001">
    <ele>3.73</ele>
   </trkpt>
   <trkpt lat="15.495870000000002" lon="73.83882000000001">
    <ele>3.73</ele>
   </trkpt>
   <trkpt lat="15.495600000000001" lon="73.83864000000001">
    <ele>3.5</ele>
   </trkpt>
   <trkpt lat="15.495470000000001" lon="73.83857">
    <ele>3.47</ele>
   </trkpt>
   <trkpt lat="15.495320000000001" lon="73.83855000000001">
    <ele>3.5</ele>
   </trkpt>
   <trkpt lat="15.49511" lon="73.8386">
    <ele>3.6300000000000003</ele>
   </trkpt>
   <trkpt lat="15.49463" lon="73.83917000000001">
    <ele>3.7</ele>
   </trkpt>
   <trkpt lat="15.494141672538397" lon="73.83989334188561">
    <ele>3.71</ele>
   </trkpt>
   <trkpt lat="15.493653342725944" lon="73.84061668035318">
    <ele>3.43</ele>
   </trkpt>
   <trkpt lat="15.493165010562736" lon="73.84134001540282">
    <ele>3.4000000000000004</ele>
   </trkpt>
   <trkpt lat="15.492676676048864" lon="73.84206334703462">
    <ele>3.4600000000000004</ele>
   </trkpt>
   <trkpt lat="15.492188339184414" lon="73.84278667524873">
    <ele>3.5900000000000003</ele>
   </trkpt>
   <trkpt lat="15.491700000000002" lon="73.84351000000001">
    <ele>4.5</ele>
   </trkpt>
   <trkpt lat="15.491420000000002" lon="73.84384">
    <ele>4.87</ele>
   </trkpt>
   <trkpt lat="15.4914" lon="73.84397000000001">
    <ele>4.800000000000001</ele>
   </trkpt>
   <trkpt lat="15.491330000000001" lon="73.84410000000001">
    <ele>4.800000000000001</ele>
   </trkpt>
   <trkpt lat="15.491230000000002" lon="73.84416">
    <ele>4.61</ele>
   </trkpt>
   <trkpt lat="15.491170000000002" lon="73.84407">
    <ele>4.61</ele>
   </trkpt>
   <trkpt lat="15.490825000077772" lon="73.84437500062496">
    <ele>4.48</ele>
   </trkpt>
   <trkpt lat="15.490480000000002" lon="73.84468000000001">
    <ele>4.540000000000001</ele>
   </trkpt>
   <trkpt lat="15.490100000000002" lon="73.84497">
    <ele>4.53</ele>
   </trkpt>
   <trkpt lat="15.489510000000001" lon="73.84533">
    <ele>4.630000000000001</ele>
   </trkpt>
   <trkpt lat="15.489070000000002" lon="73.84551">
    <ele>4.61</ele>
   </trkpt>
   <trkpt lat="15.488560000000001" lon="73.84569">
    <ele>4.540000000000001</ele>
   </trkpt>
   <trkpt lat="15.487806000493965" lon="73.84592600344412">
    <ele>4.08</ele>
   </trkpt>
   <trkpt lat="15.487052000737771" lon="73.84616200516707">
    <ele>4.16</ele>
   </trkpt>
   <trkpt lat="15.486298000731445" lon="73.84639800516895">
    <ele>4.25</ele>
   </trkpt>
   <trkpt lat="15.48554400047498" lon="73.84663400344988">
    <ele>4.0</ele>
   </trkpt>
   <trkpt lat="15.484790000000002" lon="73.84687000000001">
    <ele>4.07</ele>
   </trkpt>
   <trkpt lat="15.483947001312476" lon="73.84712500935322">
    <ele>4.51</ele>
   </trkpt>
   <trkpt lat="15.48310400233294" lon="73.84738001662764">
    <ele>4.86</ele>
   </trkpt>
   <trkpt lat="15.482261003061424" lon="73.84763502182346">
    <ele>4.59</ele>
   </trkpt>
   <trkpt lat="15.481418003497934" lon="73.84789002494078">
    <ele>5.4</ele>
   </trkpt>
   <trkpt lat="15.480575003642498" lon="73.84814502597976">
    <ele>9.420000000000002</ele>
   </trkpt>
   <trkpt lat="15.479732003495133" lon="73.8484000249405">
    <ele>10.370000000000001</ele>
   </trkpt>
   <trkpt lat="15.47888900305586" lon="73.84865502182318">
    <ele>11.950000000000001</ele>
   </trkpt>
   <trkpt lat="15.478046002324701" lon="73.84891001662788">
    <ele>11.44</ele>
   </trkpt>
   <trkpt lat="15.477203001301667" lon="73.84916500935479">
    <ele>10.100000000000001</ele>
   </trkpt>
   <trkpt lat="15.476360000000001" lon="73.84942000000001">
    <ele>7.1000000000000005</ele>
   </trkpt>
   <trkpt lat="15.47582" lon="73.84956000000001">
    <ele>5.5600000000000005</ele>
   </trkpt>
   <trkpt lat="15.475190000017564" lon="73.8497750006839">
    <ele>5.24</ele>
   </trkpt>
   <trkpt lat="15.474560000000002" lon="73.84999">
    <ele>6.260000000000001</ele>
   </trkpt>
   <trkpt lat="15.473950000000002" lon="73.85015">
    <ele>7.180000000000001</ele>
   </trkpt>
   <trkpt lat="15.473160000000002" lon="73.85031000000001">
    <ele>8.85</ele>
   </trkpt>
   <trkpt lat="15.472444999970456" lon="73.8504100003527">
    <ele>11.430000000000001</ele>
   </trkpt>
   <trkpt lat="15.47173" lon="73.85051">
    <ele>12.620000000000001</ele>
   </trkpt>
   <trkpt lat="15.47098666679096" lon="73.85063000085216">
    <ele>12.900000000000002</ele>
   </trkpt>
   <trkpt lat="15.470243333517304" lon="73.85075000084251">
    <ele>12.58</ele>
   </trkpt>
   <trkpt lat="15.469500000000002" lon="73.85087">
    <ele>13.580000000000002</ele>
   </trkpt>
   <trkpt lat="15.468970000086715" lon="73.85099000029489">
    <ele>16.77</ele>
   </trkpt>
   <trkpt lat="15.468440000000001" lon="73.85111">
    <ele>20.650000000000002</ele>
   </trkpt>
   <trkpt lat="15.46796999987972" lon="73.85112000002528">
    <ele>23.8</ele>
   </trkpt>
   <trkpt lat="15.467500000000001" lon="73.85113000000001">
    <ele>26.320000000000004</ele>
   </trkpt>
   <trkpt lat="15.46719" lon="73.8512">
    <ele>27.560000000000002</ele>
   </trkpt>
   <trkpt lat="15.467200000000002" lon="73.85119">
    <ele>27.560000000000002</ele>
   </trkpt>
   <trkpt lat="15.46678500017461" lon="73.85141500041783">
    <ele>30.17</ele>
   </trkpt>
   <trkpt lat="15.466370000000001" lon="73.85164">
    <ele>34.89</ele>
   </trkpt>
   <trkpt lat="15.465845000112456" lon="73.85195000084678">
    <ele>37.83</ele>
   </trkpt>
   <trkpt lat="15.465320000000002" lon="73.85226">
    <ele>40.730000000000004</ele>
   </trkpt>
   <trkpt lat="15.465110000000001" lon="73.85243000000001">
    <ele>42.36</ele>
   </trkpt>
   <trkpt lat="15.464970000000001" lon="73.85261000000001">
    <ele>44.46000000000001</ele>
   </trkpt>
   <trkpt lat="15.464860000000002" lon="73.8528">
    <ele>46.86000000000001</ele>
   </trkpt>
   <trkpt lat="15.464780000000001" lon="73.85300000000001">
    <ele>48.21</ele>
   </trkpt>
   <trkpt lat="15.46474" lon="73.85326">
    <ele>49.28</ele>
   </trkpt>
   <trkpt lat="15.464730000000001" lon="73.85350000000001">
    <ele>51.88</ele>
   </trkpt>
   <trkpt lat="15.464750000516684" lon="73.85397999995295">
    <ele>56.52</ele>
   </trkpt>
   <trkpt lat="15.464770000000001" lon="73.85446">
    <ele>59.13</ele>
   </trkpt>
   <trkpt lat="15.4647800008239" lon="73.85506500015354">
    <ele>64.33000000000001</ele>
   </trkpt>
   <trkpt lat="15.46479" lon="73.85567">
    <ele>67.19</ele>
   </trkpt>
   <trkpt lat="15.464820000000001" lon="73.85602">
    <ele>68.01</ele>
   </trkpt>
   <trkpt lat="15.464830000000001" lon="73.85668000000001">
    <ele>69.3</ele>
   </trkpt>
   <trkpt lat="15.464820000000001" lon="73.85686000000001">
    <ele>69.33</ele>
   </trkpt>
   <trkpt lat="15.46489" lon="73.85737">
    <ele>68.71000000000001</ele>
   </trkpt>
   <trkpt lat="15.46507" lon="73.85799">
    <ele>66.04</ele>
   </trkpt>
   <trkpt lat="15.465180000000002" lon="73.85831">
    <ele>64.64999999999999</ele>
   </trkpt>
   <trkpt lat="15.465530000000001" lon="73.85916">
    <ele>63.39</ele>
   </trkpt>
   <trkpt lat="15.465850001180442" lon="73.85987999892735">
    <ele>63.69000000000001</ele>
   </trkpt>
   <trkpt lat="15.466170000000002" lon="73.8606">
    <ele>64.55000000000001</ele>
   </trkpt>
   <trkpt lat="15.46644000108635" lon="73.86129999905445">
    <ele>65.45</ele>
   </trkpt>
   <trkpt lat="15.46671" lon="73.86200000000001">
    <ele>67.65</ele>
   </trkpt>
   <trkpt lat="15.466790000000001" lon="73.86258000000001">
    <ele>67.75</ele>
   </trkpt>
   <trkpt lat="15.466780000000002" lon="73.86306">
    <ele>68.0</ele>
   </trkpt>
   <trkpt lat="15.466730000000002" lon="73.86335000000001">
    <ele>68.54</ele>
   </trkpt>
   <trkpt lat="15.46653" lon="73.86394">
    <ele>69.32000000000001</ele>
   </trkpt>
   <trkpt lat="15.466450000000002" lon="73.86422">
    <ele>69.99000000000001</ele>
   </trkpt>
   <trkpt lat="15.465980000000002" lon="73.86477000000001">
    <ele>70.03</ele>
   </trkpt>
   <trkpt lat="15.465540000291758" lon="73.86514500081692">
    <ele>69.79</ele>
   </trkpt>
   <trkpt lat="15.465100000000001" lon="73.86552">
    <ele>69.44</ele>
   </trkpt>
   <trkpt lat="15.464440000000002" lon="73.86597">
    <ele>69.03</ele>
   </trkpt>
   <trkpt lat="15.463780000000002" lon="73.86631000000001">
    <ele>68.69</ele>
   </trkpt>
   <trkpt lat="15.463030000000002" lon="73.8665">
    <ele>69.23</ele>
   </trkpt>
   <trkpt lat="15.462559999934097" lon="73.8665">
    <ele>70.5</ele>
   </trkpt>
   <trkpt lat="15.462090000000002" lon="73.8665">
    <ele>71.18</ele>
   </trkpt>
   <trkpt lat="15.461250000000001" lon="73.86645">
    <ele>71.4</ele>
   </trkpt>
   <trkpt lat="15.460649999981804" lon="73.86637999979386">
    <ele>69.9</ele>
   </trkpt>
   <trkpt lat="15.46005" lon="73.86631000000001">
    <ele>67.68</ele>
   </trkpt>
   <trkpt lat="15.45959" lon="73.86627">
    <ele>66.21000000000001</ele>
   </trkpt>
   <trkpt lat="15.458839999938286" lon="73.86625499994446">
    <ele>65.91000000000001</ele>
   </trkpt>
   <trkpt lat="15.458090000000002" lon="73.86624">
    <ele>66.39</ele>
   </trkpt>
   <trkpt lat="15.457390000000002" lon="73.86621000000001">
    <ele>67.14</ele>
   </trkpt>
   <trkpt lat="15.456870000000002" lon="73.86613000000001">
    <ele>67.5</ele>
   </trkpt>
   <trkpt lat="15.456220000000002" lon="73.86598000000001">
    <ele>67.97</ele>
   </trkpt>
   <trkpt lat="15.455800000000002" lon="73.86585000000001">
    <ele>68.21000000000001</ele>
   </trkpt>
   <trkpt lat="15.455420000000002" lon="73.86571">
    <ele>68.13000000000001</ele>
   </trkpt>
   <trkpt lat="15.454660000581091" lon="73.86534333063364">
    <ele>67.17</ele>
   </trkpt>
   <trkpt lat="15.453900000559505" lon="73.86497666395661">
    <ele>64.95</ele>
   </trkpt>
   <trkpt lat="15.453140000000001" lon="73.86461">
    <ele>62.5</ele>
   </trkpt>
   <trkpt lat="15.452740000000002" lon="73.8644">
    <ele>61.040000000000006</ele>
   </trkpt>
   <trkpt lat="15.45241" lon="73.86416000000001">
    <ele>59.77</ele>
   </trkpt>
   <trkpt lat="15.45208" lon="73.86383000000001">
    <ele>58.54</ele>
   </trkpt>
   <trkpt lat="15.451740000000001" lon="73.86338">
    <ele>57.88000000000001</ele>
   </trkpt>
   <trkpt lat="15.451520000000002" lon="73.86312000000001">
    <ele>57.34</ele>
   </trkpt>
   <trkpt lat="15.450980000000001" lon="73.86274">
    <ele>56.510000000000005</ele>
   </trkpt>
   <trkpt lat="15.450680000000002" lon="73.86262">
    <ele>56.440000000000005</ele>
   </trkpt>
   <trkpt lat="15.450230000171597" lon="73.86248499974619">
    <ele>56.59</ele>
   </trkpt>
   <trkpt lat="15.44978" lon="73.86235">
    <ele>56.77000000000001</ele>
   </trkpt>
   <trkpt lat="15.449570000000001" lon="73.86231000000001">
    <ele>56.81</ele>
   </trkpt>
   <trkpt lat="15.44902" lon="73.86251">
    <ele>55.830000000000005</ele>
   </trkpt>
   <trkpt lat="15.448660000000002" lon="73.86258000000001">
    <ele>55.11000000000001</ele>
   </trkpt>
   <trkpt lat="15.44827" lon="73.86253">
    <ele>53.28</ele>
   </trkpt>
   <trkpt lat="15.447500000000002" lon="73.86211">
    <ele>47.27</ele>
   </trkpt>
   <trkpt lat="15.446980000000002" lon="73.86193">
    <ele>44.88</ele>
   </trkpt>
   <trkpt lat="15.446660000000001" lon="73.86196000000001">
    <ele>41.56</ele>
   </trkpt>
   <trkpt lat="15.446380000000001" lon="73.86202">
    <ele>40.150000000000006</ele>
   </trkpt>
   <trkpt lat="15.446130000000002" lon="73.86212">
    <ele>38.38</ele>
   </trkpt>
   <trkpt lat="15.446140000000002" lon="73.86211">
    <ele>38.38</ele>
   </trkpt>
   <trkpt lat="15.44597" lon="73.86226">
    <ele>37.53</ele>
   </trkpt>
   <trkpt lat="15.445720000000001" lon="73.86255000000001">
    <ele>36.25000000000001</ele>
   </trkpt>
   <trkpt lat="15.445330000000002" lon="73.86315">
    <ele>31.19</ele>
   </trkpt>
   <trkpt lat="15.44509" lon="73.86355">
    <ele>28.130000000000003</ele>
   </trkpt>
   <trkpt lat="15.444780000000002" lon="73.86418">
    <ele>25.94</ele>
   </trkpt>
   <trkpt lat="15.444530000000002" lon="73.86483000000001">
    <ele>23.720000000000002</ele>
   </trkpt>
   <trkpt lat="15.444312503439726" lon="73.86554500223542">
    <ele>21.7</ele>
   </trkpt>
   <trkpt lat="15.444095004589155" lon="73.86626000297109">
    <ele>19.89</ele>
   </trkpt>
   <trkpt lat="15.443877503448324" lon="73.86697500220703">
    <ele>17.97</ele>
   </trkpt>
   <trkpt lat="15.443660000000001" lon="73.86769000000001">
    <ele>15.19</ele>
   </trkpt>
   <trkpt lat="15.443407504540268" lon="73.86851250302226">
    <ele>13.590000000000002</ele>
   </trkpt>
   <trkpt lat="15.443155006049928" lon="73.8693350040418">
    <ele>14.41</ele>
   </trkpt>
   <trkpt lat="15.442902504529046" lon="73.87015750305862">
    <ele>14.84</ele>
   </trkpt>
   <trkpt lat="15.44265" lon="73.87098">
    <ele>15.430000000000001</ele>
   </trkpt>
   <trkpt lat="15.442428004979725" lon="73.8717260032142">
    <ele>15.580000000000002</ele>
   </trkpt>
   <trkpt lat="15.442206007466519" lon="73.87247200483148">
    <ele>15.510000000000002</ele>
   </trkpt>
   <trkpt lat="15.441984007460414" lon="73.87321800485184">
    <ele>15.55</ele>
   </trkpt>
   <trkpt lat="15.441762004961458" lon="73.87396400327529">
    <ele>15.410000000000002</ele>
   </trkpt>
   <trkpt lat="15.441540000000002" lon="73.87471000000001">
    <ele>15.290000000000001</ele>
   </trkpt>
   <trkpt lat="15.441365000572942" lon="73.87522500049648">
    <ele>15.240000000000002</ele>
   </trkpt>
   <trkpt lat="15.44119" lon="73.87574000000001">
    <ele>15.21</ele>
   </trkpt>
   <trkpt lat="15.440900000000001" lon="73.87648">
    <ele>15.09</ele>
   </trkpt>
   <trkpt lat="15.440690000547761" lon="73.8769600004133">
    <ele>15.080000000000002</ele>
   </trkpt>
   <trkpt lat="15.44048" lon="73.87744">
    <ele>14.730000000000002</ele>
   </trkpt>
   <trkpt lat="15.440170000000002" lon="73.87804000000001">
    <ele>13.09</ele>
   </trkpt>
   <trkpt lat="15.439840000000002" lon="73.87862000000001">
    <ele>11.91</ele>
   </trkpt>
   <trkpt lat="15.43946" lon="73.87922">
    <ele>9.290000000000001</ele>
   </trkpt>
   <trkpt lat="15.439175000200041" lon="73.879630000817">
    <ele>7.51</ele>
   </trkpt>
   <trkpt lat="15.43889" lon="73.88004000000001">
    <ele>6.2700000000000005</ele>
   </trkpt>
   <trkpt lat="15.438400000673411" lon="73.8806100014092">
    <ele>4.53</ele>
   </trkpt>
   <trkpt lat="15.43791" lon="73.88118">
    <ele>4.9</ele>
   </trkpt>
   <trkpt lat="15.43795" lon="73.88127">
    <ele>4.930000000000001</ele>
   </trkpt>
   <trkpt lat="15.437466667928149" lon="73.88180333583175">
    <ele>5.11</ele>
   </trkpt>
   <trkpt lat="15.436983334582488" lon="73.88233666917863">
    <ele>5.2700000000000005</ele>
   </trkpt>
   <trkpt lat="15.4365" lon="73.88287000000001">
    <ele>5.24</ele>
   </trkpt>
   <trkpt lat="15.435920000000001" lon="73.88348">
    <ele>5.280000000000001</ele>
   </trkpt>
   <trkpt lat="15.43542" lon="73.88407000000001">
    <ele>5.51</ele>
   </trkpt>
   <trkpt lat="15.435150000000002" lon="73.88422">
    <ele>5.3500000000000005</ele>
   </trkpt>
   <trkpt lat="15.434625000917727" lon="73.88485500158832">
    <ele>5.44</ele>
   </trkpt>
   <trkpt lat="15.4341" lon="73.88549">
    <ele>5.59</ele>
   </trkpt>
   <trkpt lat="15.433670000456047" lon="73.88596000101587">
    <ele>5.81</ele>
   </trkpt>
   <trkpt lat="15.433240000000001" lon="73.88643">
    <ele>6.010000000000001</ele>
   </trkpt>
   <trkpt lat="15.432810000000002" lon="73.88697">
    <ele>6.0</ele>
   </trkpt>
   <trkpt lat="15.432430000620903" lon="73.8875100010339">
    <ele>6.21</ele>
   </trkpt>
   <trkpt lat="15.432050000000002" lon="73.88805">
    <ele>5.970000000000001</ele>
   </trkpt>
   <trkpt lat="15.431770000000002" lon="73.88839">
    <ele>5.970000000000001</ele>
   </trkpt>
   <trkpt lat="15.43121429041875" lon="73.88898143806368">
    <ele>6.12</ele>
   </trkpt>
   <trkpt lat="15.4306585792716" lon="73.88957287296054">
    <ele>6.050000000000001</ele>
   </trkpt>
   <trkpt lat="15.430102866558624" lon="73.8901643046907">
    <ele>5.94</ele>
   </trkpt>
   <trkpt lat="15.429547152279888" lon="73.89075573325432">
    <ele>5.800000000000001</ele>
   </trkpt>
   <trkpt lat="15.428991436435458" lon="73.89134715865148">
    <ele>5.81</ele>
   </trkpt>
   <trkpt lat="15.428435719025405" lon="73.89193858088234">
    <ele>5.74</ele>
   </trkpt>
   <trkpt lat="15.427880000000002" lon="73.89253000000001">
    <ele>5.7700000000000005</ele>
   </trkpt>
   <trkpt lat="15.427330000000001" lon="73.89316000000001">
    <ele>5.970000000000001</ele>
   </trkpt>
   <trkpt lat="15.426760003466208" lon="73.89388000594701">
    <ele>6.2</ele>
   </trkpt>
   <trkpt lat="15.426190004612325" lon="73.89460000794088">
    <ele>6.19</ele>
   </trkpt>
   <trkpt lat="15.425620003438468" lon="73.89532000598176">
    <ele>6.24</ele>
   </trkpt>
   <trkpt lat="15.42505" lon="73.89604">
    <ele>7.580000000000001</ele>
   </trkpt>
   <trkpt lat="15.424660000000001" lon="73.89672">
    <ele>9.47</ele>
   </trkpt>
   <trkpt lat="15.42458" lon="73.8969">
    <ele>9.58</ele>
   </trkpt>
   <trkpt lat="15.424260000000002" lon="73.89759000000001">
    <ele>7.36</ele>
   </trkpt>
   <trkpt lat="15.424060000616521" lon="73.89812500057907">
    <ele>6.010000000000001</ele>
   </trkpt>
   <trkpt lat="15.423860000000001" lon="73.89866">
    <ele>4.53</ele>
   </trkpt>
   <trkpt lat="15.423630000000001" lon="73.89945">
    <ele>4.32</ele>
   </trkpt>
   <trkpt lat="15.423430000000002" lon="73.89996000000001">
    <ele>4.74</ele>
   </trkpt>
   <trkpt lat="15.423090000000002" lon="73.90058">
    <ele>5.55</ele>
   </trkpt>
   <trkpt lat="15.422950000000002" lon="73.90071">
    <ele>5.7700000000000005</ele>
   </trkpt>
   <trkpt lat="15.42252" lon="73.90104000000001">
    <ele>5.670000000000001</ele>
   </trkpt>
   <trkpt lat="15.42177" lon="73.90153000000001">
    <ele>5.6000000000000005</ele>
   </trkpt>
   <trkpt lat="15.421170000000002" lon="73.90182">
    <ele>5.38</ele>
   </trkpt>
   <trkpt lat="15.42082" lon="73.90194000000001">
    <ele>5.7700000000000005</ele>
   </trkpt>
   <trkpt lat="15.42022" lon="73.90234000000001">
    <ele>14.74</ele>
   </trkpt>
   <trkpt lat="15.419830000000001" lon="73.90272">
    <ele>14.97</ele>
   </trkpt>
   <trkpt lat="15.419235000821645" lon="73.90334500184481">
    <ele>15.27</ele>
   </trkpt>
   <trkpt lat="15.418640000000002" lon="73.90397">
    <ele>13.520000000000001</ele>
   </trkpt>
   <trkpt lat="15.418340000279386" lon="73.90437000068225">
    <ele>12.530000000000001</ele>
   </trkpt>
   <trkpt lat="15.418040000000001" lon="73.90477">
    <ele>12.17</ele>
   </trkpt>
   <trkpt lat="15.417710000000001" lon="73.90513">
    <ele>11.590000000000002</ele>
   </trkpt>
   <trkpt lat="15.417470000000002" lon="73.90533">
    <ele>10.910000000000002</ele>
   </trkpt>
   <trkpt lat="15.416960000000001" lon="73.90564">
    <ele>9.540000000000001</ele>
   </trkpt>
   <trkpt lat="15.416360000305723" lon="73.90596500090085">
    <ele>8.530000000000001</ele>
   </trkpt>
   <trkpt lat="15.41576" lon="73.90629000000001">
    <ele>8.370000000000001</ele>
   </trkpt>
   <trkpt lat="15.415170000000002" lon="73.90645">
    <ele>7.8900000000000015</ele>
   </trkpt>
   <trkpt lat="15.414604999881393" lon="73.90655000029685">
    <ele>6.5200000000000005</ele>
   </trkpt>
   <trkpt lat="15.414040000000002" lon="73.90665">
    <ele>4.15</ele>
   </trkpt>
   <trkpt lat="15.413217999999484" lon="73.90663799981013">
    <ele>2.39</ele>
   </trkpt>
   <trkpt lat="15.412395999998326" lon="73.90662599971519">
    <ele>0.7200000000000001</ele>
   </trkpt>
   <trkpt lat="15.411573999996518" lon="73.90661399971516">
    <ele>-0.92</ele>
   </trkpt>
   <trkpt lat="15.410751999994071" lon="73.90660199981006">
    <ele>0.21</ele>
   </trkpt>
   <trkpt lat="15.409930000000001" lon="73.90659000000001">
    <ele>1.6</ele>
   </trkpt>
   <trkpt lat="15.409244999908074" lon="73.90644499949279">
    <ele>2.5900000000000003</ele>
   </trkpt>
   <trkpt lat="15.408560000000001" lon="73.9063">
    <ele>4.890000000000001</ele>
   </trkpt>
   <trkpt lat="15.407700000000002" lon="73.90633000000001">
    <ele>6.07</ele>
   </trkpt>
   <trkpt lat="15.407070000000001" lon="73.90645">
    <ele>7.17</ele>
   </trkpt>
   <trkpt lat="15.406460000000001" lon="73.9067">
    <ele>8.4</ele>
   </trkpt>
   <trkpt lat="15.40590000037005" lon="73.90698666820938">
    <ele>8.73</ele>
   </trkpt>
   <trkpt lat="15.405340000372767" lon="73.90727333487465">
    <ele>8.93</ele>
   </trkpt>
   <trkpt lat="15.40478" lon="73.90756">
    <ele>8.63</ele>
   </trkpt>
   <trkpt lat="15.40398" lon="73.90779">
    <ele>9.13</ele>
   </trkpt>
   <trkpt lat="15.403490000000001" lon="73.90788">
    <ele>8.280000000000001</ele>
   </trkpt>
   <trkpt lat="15.402800000043658" lon="73.9080550005869">
    <ele>7.7</ele>
   </trkpt>
   <trkpt lat="15.40211" lon="73.90823">
    <ele>6.4</ele>
   </trkpt>
   <trkpt lat="15.401710000000001" lon="73.90835000000001">
    <ele>6.180000000000001</ele>
   </trkpt>
   <trkpt lat="15.40121" lon="73.90859">
    <ele>5.9799999999999995</ele>
   </trkpt>
   <trkpt lat="15.40059500100887" lon="73.90898000346597">
    <ele>6.24</ele>
   </trkpt>
   <trkpt lat="15.399980001338061" lon="73.90937000462571">
    <ele>7.410000000000001</ele>
   </trkpt>
   <trkpt lat="15.399365000987608" lon="73.90976000347933">
    <ele>8.870000000000001</ele>
   </trkpt>
   <trkpt lat="15.398750000000001" lon="73.91015">
    <ele>10.040000000000001</ele>
   </trkpt>
   <trkpt lat="15.398355000219505" lon="73.9104300005002">
    <ele>11.080000000000002</ele>
   </trkpt>
   <trkpt lat="15.397960000000001" lon="73.91071000000001">
    <ele>11.83</ele>
   </trkpt>
   <trkpt lat="15.397460000509493" lon="73.91113500093131">
    <ele>12.66</ele>
   </trkpt>
   <trkpt lat="15.396960000000002" lon="73.91156000000001">
    <ele>13.600000000000001</ele>
   </trkpt>
   <trkpt lat="15.396302006909067" lon="73.9121460166716">
    <ele>13.120000000000001</ele>
   </trkpt>
   <trkpt lat="15.39564401228395" lon="73.91273202963669">
    <ele>12.88</ele>
   </trkpt>
   <trkpt lat="15.394986016124728" lon="73.91331803889544">
    <ele>12.730000000000002</ele>
   </trkpt>
   <trkpt lat="15.394328018431482" lon="73.91390404444806">
    <ele>12.650000000000002</ele>
   </trkpt>
   <trkpt lat="15.39367001920429" lon="73.91449004629472">
    <ele>12.540000000000001</ele>
   </trkpt>
   <trkpt lat="15.393012018443228" lon="73.91507604443558">
    <ele>12.600000000000001</ele>
   </trkpt>
   <trkpt lat="15.392354016148376" lon="73.91566203887086">
    <ele>12.780000000000001</ele>
   </trkpt>
   <trkpt lat="15.391696012319818" lon="73.91624802960072">
    <ele>13.19</ele>
   </trkpt>
   <trkpt lat="15.391038006957627" lon="73.91683401662534">
    <ele>14.85</ele>
   </trkpt>
   <trkpt lat="15.39038" lon="73.91742">
    <ele>16.69</ele>
   </trkpt>
   <trkpt lat="15.389720000767639" lon="73.91800500185177">
    <ele>19.44</ele>
   </trkpt>
   <trkpt lat="15.38906" lon="73.91859000000001">
    <ele>22.160000000000004</ele>
   </trkpt>
   <trkpt lat="15.38852666813291" lon="73.91915666953581">
    <ele>23.450000000000003</ele>
   </trkpt>
   <trkpt lat="15.387993334831911" lon="73.91972333616806">
    <ele>26.26</ele>
   </trkpt>
   <trkpt lat="15.38746" lon="73.92029000000001">
    <ele>29.400000000000002</ele>
   </trkpt>
   <trkpt lat="15.38714" lon="73.92054">
    <ele>31.6</ele>
   </trkpt>
   <trkpt lat="15.386790000000001" lon="73.92073">
    <ele>32.92</ele>
   </trkpt>
   <trkpt lat="15.386450000000002" lon="73.92087000000001">
    <ele>34.5</ele>
   </trkpt>
   <trkpt lat="15.385854999992862" lon="73.92100500039665">
    <ele>35.45</ele>
   </trkpt>
   <trkpt lat="15.38526" lon="73.92114000000001">
    <ele>37.27</ele>
   </trkpt>
   <trkpt lat="15.384900000000002" lon="73.92134">
    <ele>39.14</ele>
   </trkpt>
   <trkpt lat="15.384390000000002" lon="73.92178000000001">
    <ele>42.84</ele>
   </trkpt>
   <trkpt lat="15.384000000000002" lon="73.92256">
    <ele>44.59</ele>
   </trkpt>
   <trkpt lat="15.384390000000002" lon="73.92178000000001">
    <ele>40.269999999999996</ele>
   </trkpt>
   <trkpt lat="15.384900000000002" lon="73.92134">
    <ele>39.14</ele>
   </trkpt>
   <trkpt lat="15.38526" lon="73.92114000000001">
    <ele>37.27</ele>
   </trkpt>
   <trkpt lat="15.38585500008851" lon="73.92100500037495">
    <ele>35.45</ele>
   </trkpt>
   <trkpt lat="15.386450000000002" lon="73.92087000000001">
    <ele>33.36</ele>
   </trkpt>
   <trkpt lat="15.386790000000001" lon="73.92073">
    <ele>32.92</ele>
   </trkpt>
   <trkpt lat="15.38714" lon="73.92054">
    <ele>30.85</ele>
   </trkpt>
   <trkpt lat="15.38746" lon="73.92029000000001">
    <ele>29.400000000000002</ele>
   </trkpt>
   <trkpt lat="15.387993334734839" lon="73.9197233362712">
    <ele>26.26</ele>
   </trkpt>
   <trkpt lat="15.388526668035832" lon="73.91915666963895">
    <ele>23.450000000000003</ele>
   </trkpt>
   <trkpt lat="15.38906" lon="73.91859000000001">
    <ele>22.160000000000004</ele>
   </trkpt>
   <trkpt lat="15.389720000760647" lon="73.91800500185796">
    <ele>19.44</ele>
   </trkpt>
   <trkpt lat="15.39038" lon="73.91742">
    <ele>16.69</ele>
   </trkpt>
   <trkpt lat="15.391038006895746" lon="73.91683401668045">
    <ele>14.85</ele>
   </trkpt>
   <trkpt lat="15.391696012257936" lon="73.91624802965583">
    <ele>13.19</ele>
   </trkpt>
   <trkpt lat="15.3923540160865" lon="73.91566203892597">
    <ele>12.780000000000001</ele>
   </trkpt>
   <trkpt lat="15.393012018381347" lon="73.91507604449069">
    <ele>12.58</ele>
   </trkpt>
   <trkpt lat="15.393670019142409" lon="73.91449004634983">
    <ele>12.540000000000001</ele>
   </trkpt>
   <trkpt lat="15.394328018369603" lon="73.91390404450317">
    <ele>12.650000000000002</ele>
   </trkpt>
   <trkpt lat="15.39498601606285" lon="73.91331803895055">
    <ele>12.730000000000002</ele>
   </trkpt>
   <trkpt lat="15.395644012222071" lon="73.9127320296918">
    <ele>12.88</ele>
   </trkpt>
   <trkpt lat="15.396302006847192" lon="73.91214601672671">
    <ele>13.120000000000001</ele>
   </trkpt>
   <trkpt lat="15.396960000000002" lon="73.91156000000001">
    <ele>13.600000000000001</ele>
   </trkpt>
   <trkpt lat="15.397460000297496" lon="73.9111350011115">
    <ele>12.66</ele>
   </trkpt>
   <trkpt lat="15.397960000000001" lon="73.91071000000001">
    <ele>11.83</ele>
   </trkpt>
   <trkpt lat="15.398355000130785" lon="73.91043000056308">
    <ele>11.080000000000002</ele>
   </trkpt>
   <trkpt lat="15.398750000000001" lon="73.91015">
    <ele>10.040000000000001</ele>
   </trkpt>
   <trkpt lat="15.399365001030066" lon="73.9097600034524">
    <ele>8.870000000000001</ele>
   </trkpt>
   <trkpt lat="15.39998000138052" lon="73.90937000459878">
    <ele>7.410000000000001</ele>
   </trkpt>
   <trkpt lat="15.400595001051327" lon="73.90898000343905">
    <ele>6.24</ele>
   </trkpt>
   <trkpt lat="15.40121" lon="73.90859">
    <ele>5.9799999999999995</ele>
   </trkpt>
   <trkpt lat="15.401710000000001" lon="73.90835000000001">
    <ele>6.180000000000001</ele>
   </trkpt>
   <trkpt lat="15.40211" lon="73.90823">
    <ele>6.4</ele>
   </trkpt>
   <trkpt lat="15.402800000093212" lon="73.90805500057432">
    <ele>7.7</ele>
   </trkpt>
   <trkpt lat="15.403490000000001" lon="73.90788">
    <ele>8.75</ele>
   </trkpt>
   <trkpt lat="15.40398" lon="73.90779">
    <ele>9.13</ele>
   </trkpt>
   <trkpt lat="15.40478" lon="73.90756">
    <ele>8.63</ele>
   </trkpt>
   <trkpt lat="15.405340000364601" lon="73.90727333487882">
    <ele>8.93</ele>
   </trkpt>
   <trkpt lat="15.405900000361887" lon="73.90698666821355">
    <ele>8.73</ele>
   </trkpt>
   <trkpt lat="15.406460000000001" lon="73.9067">
    <ele>8.4</ele>
   </trkpt>
   <trkpt lat="15.407070000000001" lon="73.90645">
    <ele>7.17</ele>
   </trkpt>
   <trkpt lat="15.407700000000002" lon="73.90633000000001">
    <ele>6.07</ele>
   </trkpt>
   <trkpt lat="15.408560000000001" lon="73.9063">
    <ele>4.890000000000001</ele>
   </trkpt>
   <trkpt lat="15.409245000185928" lon="73.90644499955161">
    <ele>2.5900000000000003</ele>
   </trkpt>
   <trkpt lat="15.409930000000001" lon="73.90659000000001">
    <ele>1.6</ele>
   </trkpt>
   <trkpt lat="15.410752000003093" lon="73.9066019998102">
    <ele>0.21</ele>
   </trkpt>
   <trkpt lat="15.411574000005539" lon="73.9066139997153">
    <ele>-0.92</ele>
   </trkpt>
   <trkpt lat="15.412396000007345" lon="73.90662599971533">
    <ele>0.7200000000000001</ele>
   </trkpt>
   <trkpt lat="15.41321800000851" lon="73.90663799981027">
    <ele>2.39</ele>
   </trkpt>
   <trkpt lat="15.414040000000002" lon="73.90665">
    <ele>4.630000000000001</ele>
   </trkpt>
   <trkpt lat="15.414605000163332" lon="73.90655000024694">
    <ele>6.8100000000000005</ele>
   </trkpt>
   <trkpt lat="15.415170000000002" lon="73.90645">
    <ele>8.020000000000001</ele>
   </trkpt>
   <trkpt lat="15.41576" lon="73.90629000000001">
    <ele>8.370000000000001</ele>
   </trkpt>
   <trkpt lat="15.41636000016671" lon="73.90596500097615">
    <ele>8.530000000000001</ele>
   </trkpt>
   <trkpt lat="15.416960000000001" lon="73.90564">
    <ele>9.540000000000001</ele>
   </trkpt>
   <trkpt lat="15.417470000000002" lon="73.90533">
    <ele>10.910000000000002</ele>
   </trkpt>
   <trkpt lat="15.417710000000001" lon="73.90513">
    <ele>11.590000000000002</ele>
   </trkpt>
   <trkpt lat="15.418040000000001" lon="73.90477">
    <ele>12.17</ele>
   </trkpt>
   <trkpt lat="15.41834000043633" lon="73.90437000047298">
    <ele>12.530000000000001</ele>
   </trkpt>
   <trkpt lat="15.418640000000002" lon="73.90397">
    <ele>13.520000000000001</ele>
   </trkpt>
   <trkpt lat="15.419235000925799" lon="73.90334500173542">
    <ele>15.27</ele>
   </trkpt>
   <trkpt lat="15.419830000000001" lon="73.90272">
    <ele>14.97</ele>
   </trkpt>
   <trkpt lat="15.42022" lon="73.90234000000001">
    <ele>14.74</ele>
   </trkpt>
   <trkpt lat="15.420460000000002" lon="73.90217000000001">
    <ele>14.780000000000001</ele>
   </trkpt>
   <trkpt lat="15.420770000000001" lon="73.90203000000001">
    <ele>6.5200000000000005</ele>
   </trkpt>
   <trkpt lat="15.421270000255706" lon="73.90178000054385">
    <ele>5.51</ele>
   </trkpt>
   <trkpt lat="15.42177" lon="73.90153000000001">
    <ele>5.6000000000000005</ele>
   </trkpt>
   <trkpt lat="15.42252" lon="73.90104000000001">
    <ele>5.670000000000001</ele>
   </trkpt>
   <trkpt lat="15.422950000000002" lon="73.90071">
    <ele>5.7700000000000005</ele>
   </trkpt>
   <trkpt lat="15.423090000000002" lon="73.90058">
    <ele>5.5600000000000005</ele>
   </trkpt>
   <trkpt lat="15.423430000000002" lon="73.89996000000001">
    <ele>4.74</ele>
   </trkpt>
   <trkpt lat="15.423630000000001" lon="73.89945">
    <ele>4.32</ele>
   </trkpt>
   <trkpt lat="15.423860000000001" lon="73.89866">
    <ele>4.74</ele>
   </trkpt>
   <trkpt lat="15.42406000066425" lon="73.89812500045143">
    <ele>6.010000000000001</ele>
   </trkpt>
   <trkpt lat="15.424260000000002" lon="73.89759000000001">
    <ele>7.36</ele>
   </trkpt>
   <trkpt lat="15.42458" lon="73.8969">
    <ele>9.58</ele>
   </trkpt>
   <trkpt lat="15.424660000000001" lon="73.89672">
    <ele>9.36</ele>
   </trkpt>
   <trkpt lat="15.42505" lon="73.89604">
    <ele>7.580000000000001</ele>
   </trkpt>
   <trkpt lat="15.425620003493732" lon="73.89532000591196">
    <ele>6.24</ele>
   </trkpt>
   <trkpt lat="15.42619000466759" lon="73.89460000787108">
    <ele>6.19</ele>
   </trkpt>
   <trkpt lat="15.426760003521474" lon="73.89388000587721">
    <ele>6.2</ele>
   </trkpt>
   <trkpt lat="15.427330000000001" lon="73.89316000000001">
    <ele>5.91</ele>
   </trkpt>
   <trkpt lat="15.427880000000002" lon="73.89253000000001">
    <ele>5.7700000000000005</ele>
   </trkpt>
   <trkpt lat="15.428435718975614" lon="73.89193858093532">
    <ele>5.74</ele>
   </trkpt>
   <trkpt lat="15.428991436385665" lon="73.89134715870446">
    <ele>5.72</ele>
   </trkpt>
   <trkpt lat="15.429547152230096" lon="73.8907557333073">
    <ele>5.800000000000001</ele>
   </trkpt>
   <trkpt lat="15.430102866508836" lon="73.89016430474369">
    <ele>5.94</ele>
   </trkpt>
   <trkpt lat="15.430658579221808" lon="73.88957287301353">
    <ele>6.050000000000001</ele>
   </trkpt>
   <trkpt lat="15.43121429036896" lon="73.88898143811666">
    <ele>6.12</ele>
   </trkpt>
   <trkpt lat="15.431770000000002" lon="73.88839">
    <ele>5.970000000000001</ele>
   </trkpt>
   <trkpt lat="15.432050000000002" lon="73.88805">
    <ele>5.970000000000001</ele>
   </trkpt>
   <trkpt lat="15.432430000684564" lon="73.88751000094344">
    <ele>6.21</ele>
   </trkpt>
   <trkpt lat="15.432810000000002" lon="73.88697">
    <ele>6.0</ele>
   </trkpt>
   <trkpt lat="15.433240000000001" lon="73.88643">
    <ele>6.010000000000001</ele>
   </trkpt>
   <trkpt lat="15.433670000532969" lon="73.88596000093177">
    <ele>5.710000000000001</ele>
   </trkpt>
   <trkpt lat="15.4341" lon="73.88549">
    <ele>5.59</ele>
   </trkpt>
   <trkpt lat="15.434625000887705" lon="73.88485500162462">
    <ele>5.44</ele>
   </trkpt>
   <trkpt lat="15.435150000000002" lon="73.88422">
    <ele>5.3500000000000005</ele>
   </trkpt>
   <trkpt lat="15.43542" lon="73.88407000000001">
    <ele>5.51</ele>
   </trkpt>
   <trkpt lat="15.435920000000001" lon="73.88348">
    <ele>5.280000000000001</ele>
   </trkpt>
   <trkpt lat="15.4365" lon="73.88287000000001">
    <ele>5.29</ele>
   </trkpt>
   <trkpt lat="15.436983334619427" lon="73.88233666913787">
    <ele>5.2700000000000005</ele>
   </trkpt>
   <trkpt lat="15.437466667965085" lon="73.88180333579098">
    <ele>5.11</ele>
   </trkpt>
   <trkpt lat="15.43795" lon="73.88127">
    <ele>4.930000000000001</ele>
   </trkpt>
   <trkpt lat="15.43791" lon="73.88118">
    <ele>4.9</ele>
   </trkpt>
   <trkpt lat="15.43840000078164" lon="73.88061000128329">
    <ele>4.74</ele>
   </trkpt>
   <trkpt lat="15.43889" lon="73.88004000000001">
    <ele>6.2700000000000005</ele>
   </trkpt>
   <trkpt lat="15.439175000552819" lon="73.87963000030952">
    <ele>7.78</ele>
   </trkpt>
   <trkpt lat="15.43946" lon="73.87922">
    <ele>9.290000000000001</ele>
   </trkpt>
   <trkpt lat="15.439840000000002" lon="73.87862000000001">
    <ele>11.91</ele>
   </trkpt>
   <trkpt lat="15.440170000000002" lon="73.87804000000001">
    <ele>13.09</ele>
   </trkpt>
   <trkpt lat="15.44048" lon="73.87744">
    <ele>14.730000000000002</ele>
   </trkpt>
   <trkpt lat="15.440690000484212" lon="73.87696000055855">
    <ele>15.080000000000002</ele>
   </trkpt>
   <trkpt lat="15.440900000000001" lon="73.87648">
    <ele>15.09</ele>
   </trkpt>
   <trkpt lat="15.44119" lon="73.87574000000001">
    <ele>15.21</ele>
   </trkpt>
   <trkpt lat="15.441365000615063" lon="73.87522500037254">
    <ele>15.240000000000002</ele>
   </trkpt>
   <trkpt lat="15.441540000000002" lon="73.87471000000001">
    <ele>15.290000000000001</ele>
   </trkpt>
   <trkpt lat="15.441762004991764" lon="73.87396400317346">
    <ele>15.410000000000002</ele>
   </trkpt>
   <trkpt lat="15.44198400749072" lon="73.87321800474999">
    <ele>15.55</ele>
   </trkpt>
   <trkpt lat="15.442206007496823" lon="73.87247200472964">
    <ele>15.510000000000002</ele>
   </trkpt>
   <trkpt lat="15.442428005010031" lon="73.87172600311236">
    <ele>15.580000000000002</ele>
   </trkpt>
   <trkpt lat="15.44265" lon="73.87098">
    <ele>15.430000000000001</ele>
   </trkpt>
   <trkpt lat="15.442902504551375" lon="73.87015750298586">
    <ele>14.84</ele>
   </trkpt>
   <trkpt lat="15.443155006072262" lon="73.86933500396904">
    <ele>14.41</ele>
   </trkpt>
   <trkpt lat="15.443407504562602" lon="73.86851250294951">
    <ele>13.590000000000002</ele>
   </trkpt>
   <trkpt lat="15.443660000000001" lon="73.86769000000001">
    <ele>15.19</ele>
   </trkpt>
   <trkpt lat="15.443877503431057" lon="73.86697500226379">
    <ele>17.97</ele>
   </trkpt>
   <trkpt lat="15.444095004571892" lon="73.86626000302786">
    <ele>19.89</ele>
   </trkpt>
   <trkpt lat="15.444312503422463" lon="73.86554500229218">
    <ele>21.7</ele>
   </trkpt>
   <trkpt lat="15.444530000000002" lon="73.86483000000001">
    <ele>23.720000000000002</ele>
   </trkpt>
   <trkpt lat="15.444780000000002" lon="73.86418">
    <ele>25.94</ele>
   </trkpt>
   <trkpt lat="15.44509" lon="73.86355">
    <ele>28.790000000000003</ele>
   </trkpt>
   <trkpt lat="15.445330000000002" lon="73.86315">
    <ele>31.19</ele>
   </trkpt>
   <trkpt lat="15.445720000000001" lon="73.86255000000001">
    <ele>36.25000000000001</ele>
   </trkpt>
   <trkpt lat="15.44597" lon="73.86226">
    <ele>37.53</ele>
   </trkpt>
   <trkpt lat="15.446140000000002" lon="73.86211">
    <ele>38.44</ele>
   </trkpt>
   <trkpt lat="15.446130000000002" lon="73.86212">
    <ele>38.44</ele>
   </trkpt>
   <trkpt lat="15.446380000000001" lon="73.86202">
    <ele>40.150000000000006</ele>
   </trkpt>
   <trkpt lat="15.446660000000001" lon="73.86196000000001">
    <ele>41.56</ele>
   </trkpt>
   <trkpt lat="15.446980000000002" lon="73.86193">
    <ele>44.88</ele>
   </trkpt>
   <trkpt lat="15.447500000000002" lon="73.86211">
    <ele>47.27</ele>
   </trkpt>
   <trkpt lat="15.44827" lon="73.86253">
    <ele>53.28</ele>
   </trkpt>
   <trkpt lat="15.448660000000002" lon="73.86258000000001">
    <ele>55.11000000000001</ele>
   </trkpt>
   <trkpt lat="15.44902" lon="73.86251">
    <ele>56.080000000000005</ele>
   </trkpt>
   <trkpt lat="15.449570000000001" lon="73.86231000000001">
    <ele>56.81</ele>
   </trkpt>
   <trkpt lat="15.44978" lon="73.86235">
    <ele>56.77000000000001</ele>
   </trkpt>
   <trkpt lat="15.450229999910079" lon="73.86248499966773">
    <ele>56.59</ele>
   </trkpt>
   <trkpt lat="15.450680000000002" lon="73.86262">
    <ele>56.440000000000005</ele>
   </trkpt>
   <trkpt lat="15.450980000000001" lon="73.86274">
    <ele>56.510000000000005</ele>
   </trkpt>
   <trkpt lat="15.451520000000002" lon="73.86312000000001">
    <ele>57.34</ele>
   </trkpt>
   <trkpt lat="15.451740000000001" lon="73.86338">
    <ele>57.88000000000001</ele>
   </trkpt>
   <trkpt lat="15.45208" lon="73.86383000000001">
    <ele>58.54</ele>
   </trkpt>
   <trkpt lat="15.45241" lon="73.86416000000001">
    <ele>60.160000000000004</ele>
   </trkpt>
   <trkpt lat="15.452740000000002" lon="73.8644">
    <ele>61.040000000000006</ele>
   </trkpt>
   <trkpt lat="15.453140000000001" lon="73.86461">
    <ele>62.5</ele>
   </trkpt>
   <trkpt lat="15.453900000624232" lon="73.86497666398785">
    <ele>64.95</ele>
   </trkpt>
   <trkpt lat="15.454660000645822" lon="73.86534333066486">
    <ele>67.17</ele>
   </trkpt>
   <trkpt lat="15.455420000000002" lon="73.86571">
    <ele>68.13000000000001</ele>
   </trkpt>
   <trkpt lat="15.455800000000002" lon="73.86585000000001">
    <ele>68.21000000000001</ele>
   </trkpt>
   <trkpt lat="15.456220000000002" lon="73.86598000000001">
    <ele>67.97</ele>
   </trkpt>
   <trkpt lat="15.456870000000002" lon="73.86613000000001">
    <ele>67.5</ele>
   </trkpt>
   <trkpt lat="15.457390000000002" lon="73.86621000000001">
    <ele>67.14</ele>
   </trkpt>
   <trkpt lat="15.458090000000002" lon="73.86624">
    <ele>66.10000000000001</ele>
   </trkpt>
   <trkpt lat="15.458840000062722" lon="73.86625499994695">
    <ele>65.91000000000001</ele>
   </trkpt>
   <trkpt lat="15.45959" lon="73.86627">
    <ele>66.38000000000001</ele>
   </trkpt>
   <trkpt lat="15.46005" lon="73.86631000000001">
    <ele>67.68</ele>
   </trkpt>
   <trkpt lat="15.460650000040163" lon="73.86637999980066">
    <ele>69.9</ele>
   </trkpt>
   <trkpt lat="15.461250000000001" lon="73.86645">
    <ele>71.4</ele>
   </trkpt>
   <trkpt lat="15.462090000000002" lon="73.8665">
    <ele>71.18</ele>
   </trkpt>
   <trkpt lat="15.462560000065904" lon="73.8665">
    <ele>70.20000000000002</ele>
   </trkpt>
   <trkpt lat="15.463030000000002" lon="73.8665">
    <ele>69.23</ele>
   </trkpt>
   <trkpt lat="15.463780000000002" lon="73.86631000000001">
    <ele>68.69</ele>
   </trkpt>
   <trkpt lat="15.464440000000002" lon="73.86597">
    <ele>69.03</ele>
   </trkpt>
   <trkpt lat="15.464850000000002" lon="73.86569">
    <ele>69.23</ele>
   </trkpt>
   <trkpt lat="15.465100000000001" lon="73.86552">
    <ele>69.44</ele>
   </trkpt>
   <trkpt lat="15.465540000339022" lon="73.86514500077665">
    <ele>69.79</ele>
   </trkpt>
   <trkpt lat="15.465980000000002" lon="73.86477000000001">
    <ele>70.14</ele>
   </trkpt>
   <trkpt lat="15.466450000000002" lon="73.86422">
    <ele>69.99000000000001</ele>
   </trkpt>
   <trkpt lat="15.46653" lon="73.86394">
    <ele>69.32000000000001</ele>
   </trkpt>
   <trkpt lat="15.466730000000002" lon="73.86335000000001">
    <ele>68.54</ele>
   </trkpt>
   <trkpt lat="15.466780000000002" lon="73.86306">
    <ele>68.0</ele>
   </trkpt>
   <trkpt lat="15.466790000000001" lon="73.86258000000001">
    <ele>67.75</ele>
   </trkpt>
   <trkpt lat="15.46671" lon="73.86200000000001">
    <ele>67.65</ele>
   </trkpt>
   <trkpt lat="15.466440001111684" lon="73.86129999912013">
    <ele>65.45</ele>
   </trkpt>
   <trkpt lat="15.466170000000002" lon="73.8606">
    <ele>64.55000000000001</ele>
   </trkpt>
   <trkpt lat="15.465850001144917" lon="73.85987999884743">
    <ele>63.69000000000001</ele>
   </trkpt>
   <trkpt lat="15.465530000000001" lon="73.85916">
    <ele>63.39</ele>
   </trkpt>
   <trkpt lat="15.465180000000002" lon="73.85831">
    <ele>64.91000000000001</ele>
   </trkpt>
   <trkpt lat="15.46507" lon="73.85799">
    <ele>66.04</ele>
   </trkpt>
   <trkpt lat="15.46489" lon="73.85737">
    <ele>68.71000000000001</ele>
   </trkpt>
   <trkpt lat="15.464820000000001" lon="73.85686000000001">
    <ele>69.33</ele>
   </trkpt>
   <trkpt lat="15.464830000000001" lon="73.85668000000001">
    <ele>69.3</ele>
   </trkpt>
   <trkpt lat="15.464820000000001" lon="73.85602">
    <ele>68.01</ele>
   </trkpt>
   <trkpt lat="15.46479" lon="73.85567">
    <ele>66.51</ele>
   </trkpt>
   <trkpt lat="15.464780000817857" lon="73.85506499978804">
    <ele>64.33000000000001</ele>
   </trkpt>
   <trkpt lat="15.464770000000001" lon="73.85446">
    <ele>59.13</ele>
   </trkpt>
   <trkpt lat="15.46475000051674" lon="73.85397999995433">
    <ele>55.190000000000005</ele>
   </trkpt>
   <trkpt lat="15.464730000000001" lon="73.85350000000001">
    <ele>51.88</ele>
   </trkpt>
   <trkpt lat="15.46474" lon="73.85326">
    <ele>49.28</ele>
   </trkpt>
   <trkpt lat="15.464780000000001" lon="73.85300000000001">
    <ele>48.21</ele>
   </trkpt>
   <trkpt lat="15.464860000000002" lon="73.8528">
    <ele>46.86000000000001</ele>
   </trkpt>
   <trkpt lat="15.464970000000001" lon="73.85261000000001">
    <ele>44.46000000000001</ele>
   </trkpt>
   <trkpt lat="15.465110000000001" lon="73.85243000000001">
    <ele>42.36</ele>
   </trkpt>
   <trkpt lat="15.465320000000002" lon="73.85225000000001">
    <ele>41.150000000000006</ele>
   </trkpt>
   <trkpt lat="15.46531" lon="73.85226">
    <ele>41.150000000000006</ele>
   </trkpt>
   <trkpt lat="15.465840000241924" lon="73.85195000077796">
    <ele>37.83</ele>
   </trkpt>
   <trkpt lat="15.466370000000001" lon="73.85164">
    <ele>34.89</ele>
   </trkpt>
   <trkpt lat="15.466784999935017" lon="73.85142000053293">
    <ele>30.17</ele>
   </trkpt>
   <trkpt lat="15.467200000000002" lon="73.8512">
    <ele>28.34</ele>
   </trkpt>
   <trkpt lat="15.467500000000001" lon="73.85113000000001">
    <ele>26.320000000000004</ele>
   </trkpt>
   <trkpt lat="15.467970000120728" lon="73.85112000002015">
    <ele>23.8</ele>
   </trkpt>
   <trkpt lat="15.468440000000001" lon="73.85111">
    <ele>20.650000000000002</ele>
   </trkpt>
   <trkpt lat="15.468969999977896" lon="73.85099000031951">
    <ele>15.97</ele>
   </trkpt>
   <trkpt lat="15.469500000000002" lon="73.85087">
    <ele>13.200000000000001</ele>
   </trkpt>
   <trkpt lat="15.470243333338269" lon="73.85075000087141">
    <ele>12.58</ele>
   </trkpt>
   <trkpt lat="15.470986666611926" lon="73.85063000088107">
    <ele>12.900000000000002</ele>
   </trkpt>
   <trkpt lat="15.47173" lon="73.85051">
    <ele>12.620000000000001</ele>
   </trkpt>
   <trkpt lat="15.472445000074423" lon="73.85041000033817">
    <ele>11.430000000000001</ele>
   </trkpt>
   <trkpt lat="15.473160000000002" lon="73.85031000000001">
    <ele>8.85</ele>
   </trkpt>
   <trkpt lat="15.473950000000002" lon="73.85015">
    <ele>6.8100000000000005</ele>
   </trkpt>
   <trkpt lat="15.474560000000002" lon="73.84999">
    <ele>5.710000000000001</ele>
   </trkpt>
   <trkpt lat="15.475190000189897" lon="73.84977500062513">
    <ele>5.24</ele>
   </trkpt>
   <trkpt lat="15.47582" lon="73.84956000000001">
    <ele>5.970000000000001</ele>
   </trkpt>
   <trkpt lat="15.476360000000001" lon="73.84942000000001">
    <ele>7.1000000000000005</ele>
   </trkpt>
   <trkpt lat="15.477203001314887" lon="73.84916500935078">
    <ele>10.100000000000001</ele>
   </trkpt>
   <trkpt lat="15.478046002337917" lon="73.84891001662388">
    <ele>11.44</ele>
   </trkpt>
   <trkpt lat="15.47888900306908" lon="73.84865502181917">
    <ele>11.860000000000001</ele>
   </trkpt>
   <trkpt lat="15.479732003508355" lon="73.8484000249365">
    <ele>10.370000000000001</ele>
   </trkpt>
   <trkpt lat="15.480575003655717" lon="73.84814502597575">
    <ele>6.620000000000001</ele>
   </trkpt>
   <trkpt lat="15.48141800351115" lon="73.84789002493679">
    <ele>5.21</ele>
   </trkpt>
   <trkpt lat="15.482261003074635" lon="73.84763502181946">
    <ele>4.760000000000001</ele>
   </trkpt>
   <trkpt lat="15.483104002346156" lon="73.84738001662365">
    <ele>4.86</ele>
   </trkpt>
   <trkpt lat="15.483947001325694" lon="73.84712500934921">
    <ele>4.51</ele>
   </trkpt>
   <trkpt lat="15.484790000000002" lon="73.84687000000001">
    <ele>4.07</ele>
   </trkpt>
   <trkpt lat="15.485544000506579" lon="73.84663400343999">
    <ele>4.0</ele>
   </trkpt>
   <trkpt lat="15.486298000763037" lon="73.84639800515909">
    <ele>4.25</ele>
   </trkpt>
   <trkpt lat="15.48705200076937" lon="73.8461620051572">
    <ele>4.16</ele>
   </trkpt>
   <trkpt lat="15.487806000525561" lon="73.84592600343424">
    <ele>4.08</ele>
   </trkpt>
   <trkpt lat="15.488560000000001" lon="73.84569">
    <ele>4.540000000000001</ele>
   </trkpt>
   <trkpt lat="15.489070000000002" lon="73.84551">
    <ele>4.61</ele>
   </trkpt>
   <trkpt lat="15.489510000000001" lon="73.84533">
    <ele>4.630000000000001</ele>
   </trkpt>
   <trkpt lat="15.490100000000002" lon="73.84497">
    <ele>4.53</ele>
   </trkpt>
   <trkpt lat="15.490480000000002" lon="73.84468000000001">
    <ele>4.540000000000001</ele>
   </trkpt>
   <trkpt lat="15.490825000340118" lon="73.84437500039304">
    <ele>4.48</ele>
   </trkpt>
   <trkpt lat="15.491170000000002" lon="73.84407">
    <ele>4.61</ele>
   </trkpt>
   <trkpt lat="15.491230000000002" lon="73.84416">
    <ele>4.61</ele>
   </trkpt>
   <trkpt lat="15.491330000000001" lon="73.84410000000001">
    <ele>4.800000000000001</ele>
   </trkpt>
   <trkpt lat="15.4914" lon="73.84397000000001">
    <ele>4.800000000000001</ele>
   </trkpt>
   <trkpt lat="15.491420000000002" lon="73.84384">
    <ele>4.87</ele>
   </trkpt>
   <trkpt lat="15.491700000000002" lon="73.84351000000001">
    <ele>4.5</ele>
   </trkpt>
   <trkpt lat="15.492188339214946" lon="73.8427866752035">
    <ele>3.5900000000000003</ele>
   </trkpt>
   <trkpt lat="15.492676676079398" lon="73.8420633469894">
    <ele>3.4600000000000004</ele>
   </trkpt>
   <trkpt lat="15.49316501059327" lon="73.8413400153576">
    <ele>3.4000000000000004</ele>
   </trkpt>
   <trkpt lat="15.493653342756474" lon="73.84061668030796">
    <ele>3.47</ele>
   </trkpt>
   <trkpt lat="15.494141672568926" lon="73.8398933418404">
    <ele>3.71</ele>
   </trkpt>
   <trkpt lat="15.49463" lon="73.83917000000001">
    <ele>3.7</ele>
   </trkpt>
   <trkpt lat="15.49511" lon="73.8386">
    <ele>3.6300000000000003</ele>
   </trkpt>
   <trkpt lat="15.495320000000001" lon="73.83855000000001">
    <ele>3.5</ele>
   </trkpt>
   <trkpt lat="15.495470000000001" lon="73.83857">
    <ele>3.5</ele>
   </trkpt>
   <trkpt lat="15.495600000000001" lon="73.83864000000001">
    <ele>3.6400000000000006</ele>
   </trkpt>
   <trkpt lat="15.495870000000002" lon="73.83882000000001">
    <ele>3.73</ele>
   </trkpt>
   <trkpt lat="15.496070000000001" lon="73.83899000000001">
    <ele>3.73</ele>
   </trkpt>
   <trkpt lat="15.49642" lon="73.83908000000001">
    <ele>3.7700000000000005</ele>
   </trkpt>
   <trkpt lat="15.496620000000002" lon="73.83905">
    <ele>3.7700000000000005</ele>
   </trkpt>
   <trkpt lat="15.497000000000002" lon="73.83892">
    <ele>3.94</ele>
   </trkpt>
   <trkpt lat="15.49765500023971" lon="73.83855500119023">
    <ele>3.8400000000000003</ele>
   </trkpt>
   <trkpt lat="15.498310000000002" lon="73.83819000000001">
    <ele>3.93</ele>
   </trkpt>
   <trkpt lat="15.498700000000001" lon="73.83812">
    <ele>4.12</ele>
   </trkpt>
   <trkpt lat="15.49876" lon="73.83814000000001">
    <ele>4.12</ele>
   </trkpt>
   <trkpt lat="15.49881" lon="73.83813">
    <ele>4.12</ele>
   </trkpt>
   <trkpt lat="15.498880000000002" lon="73.83809000000001">
    <ele>4.81</ele>
   </trkpt>
   <trkpt lat="15.498920000000002" lon="73.83802">
    <ele>5.1000000000000005</ele>
   </trkpt>
   <trkpt lat="15.498920000000002" lon="73.83798">
    <ele>5.1000000000000005</ele>
   </trkpt>
   <trkpt lat="15.49933" lon="73.83759">
    <ele>5.61</ele>
   </trkpt>
   <trkpt lat="15.499340000000002" lon="73.83758">
    <ele>5.61</ele>
   </trkpt>
   <trkpt lat="15.499450000000001" lon="73.83739">
    <ele>5.61</ele>
   </trkpt>
   <trkpt lat="15.499540000000001" lon="73.83698000000001">
    <ele>6.580000000000001</ele>
   </trkpt>
   <trkpt lat="15.499540000000001" lon="73.83678">
    <ele>6.4</ele>
   </trkpt>
   <trkpt lat="15.499430000000002" lon="73.83617000000001">
    <ele>6.19</ele>
   </trkpt>
   <trkpt lat="15.499450000000001" lon="73.83572000000001">
    <ele>9.22</ele>
   </trkpt>
   <trkpt lat="15.499550000000001" lon="73.83526">
    <ele>10.83</ele>
   </trkpt>
   <trkpt lat="15.499675001170067" lon="73.83454000040626">
    <ele>11.35</ele>
   </trkpt>
   <trkpt lat="15.4998" lon="73.83382">
    <ele>8.88</ele>
   </trkpt>
   <trkpt lat="15.499865000519899" lon="73.8333350002176">
    <ele>5.6000000000000005</ele>
   </trkpt>
   <trkpt lat="15.49993" lon="73.83285000000001">
    <ele>4.59</ele>
   </trkpt>
   <trkpt lat="15.50003" lon="73.83234">
    <ele>4.08</ele>
   </trkpt>
   <trkpt lat="15.500110000000001" lon="73.83210000000001">
    <ele>4.220000000000001</ele>
   </trkpt>
   <trkpt lat="15.500290000453253" lon="73.83166500031135">
    <ele>4.83</ele>
   </trkpt>
   <trkpt lat="15.500470000000002" lon="73.83123">
    <ele>5.16</ele>
   </trkpt>
   <trkpt lat="15.50073000062858" lon="73.83071500058372">
    <ele>5.430000000000001</ele>
   </trkpt>
   <trkpt lat="15.500990000000002" lon="73.8302">
    <ele>5.5200000000000005</ele>
   </trkpt>
   <trkpt lat="15.501030000000002" lon="73.82999000000001">
    <ele>5.580000000000001</ele>
   </trkpt>
   <trkpt lat="15.501100000000001" lon="73.82928000000001">
    <ele>5.3500000000000005</ele>
   </trkpt>
   <trkpt lat="15.501185000792638" lon="73.82868500026592">
    <ele>5.59</ele>
   </trkpt>
   <trkpt lat="15.501270000000002" lon="73.82809">
    <ele>6.11</ele>
   </trkpt>
   <trkpt lat="15.501310000000002" lon="73.82769">
    <ele>6.4</ele>
   </trkpt>
   <trkpt lat="15.501290000000001" lon="73.82731000000001">
    <ele>6.4</ele>
   </trkpt>
   <trkpt lat="15.50121666896915" lon="73.82659333276463">
    <ele>6.04</ele>
   </trkpt>
   <trkpt lat="15.501143335629683" lon="73.82587666603804">
    <ele>6.0600000000000005</ele>
   </trkpt>
   <trkpt lat="15.501070000000002" lon="73.82516000000001">
    <ele>5.9</ele>
   </trkpt>
   <trkpt lat="15.500920003079306" lon="73.82433333217514">
    <ele>5.9</ele>
   </trkpt>
   <trkpt lat="15.500770003086961" lon="73.82350666555071">
    <ele>6.1000000000000005</ele>
   </trkpt>
   <trkpt lat="15.500620000000001" lon="73.82268">
    <ele>6.16</ele>
   </trkpt>
   <trkpt lat="15.500480000845384" lon="73.82205999949798">
    <ele>6.23</ele>
   </trkpt>
   <trkpt lat="15.500340000000001" lon="73.82144000000001">
    <ele>6.5200000000000005</ele>
   </trkpt>
   <trkpt lat="15.500250000000001" lon="73.82129">
    <ele>6.66</ele>
   </trkpt>
   <trkpt lat="15.499736667612327" lon="73.82081666425809">
    <ele>6.880000000000001</ele>
   </trkpt>
   <trkpt lat="15.499223334217684" lon="73.82034333086828">
    <ele>7.140000000000001</ele>
   </trkpt>
   <trkpt lat="15.49871" lon="73.81987000000001">
    <ele>7.12</ele>
   </trkpt>
   <trkpt lat="15.498310000000002" lon="73.81953">
    <ele>7.19</ele>
   </trkpt>
   <trkpt lat="15.49811" lon="73.8194">
    <ele>7.1000000000000005</ele>
   </trkpt>
   <trkpt lat="15.497950000000001" lon="73.81933000000001">
    <ele>7.1000000000000005</ele>
   </trkpt>
   <trkpt lat="15.497306666703718" lon="73.81920333253774">
    <ele>6.9</ele>
   </trkpt>
   <trkpt lat="15.49666333333533" lon="73.81907666586419">
    <ele>7.150000000000001</ele>
   </trkpt>
   <trkpt lat="15.496020000000001" lon="73.81895">
    <ele>7.220000000000001</ele>
   </trkpt>
   <trkpt lat="15.495405000008532" lon="73.81875499939532">
    <ele>7.220000000000001</ele>
   </trkpt>
   <trkpt lat="15.494790000000002" lon="73.81856">
    <ele>7.180000000000001</ele>
   </trkpt>
   <trkpt lat="15.49418999994911" lon="73.81831499921293">
    <ele>7.150000000000001</ele>
   </trkpt>
   <trkpt lat="15.493590000000001" lon="73.81807">
    <ele>7.21</ele>
   </trkpt>
   <trkpt lat="15.493290000000002" lon="73.81794000000001">
    <ele>7.19</ele>
   </trkpt>
   <trkpt lat="15.493150000000002" lon="73.81785">
    <ele>7.12</ele>
   </trkpt>
   <trkpt lat="15.492505002238996" lon="73.81727249458659">
    <ele>6.620000000000001</ele>
   </trkpt>
   <trkpt lat="15.491860002979662" lon="73.8166949927772">
    <ele>7.1000000000000005</ele>
   </trkpt>
   <trkpt lat="15.491215002222079" lon="73.81611749457167">
    <ele>7.25</ele>
   </trkpt>
   <trkpt lat="15.490570000000002" lon="73.81554000000001">
    <ele>6.73</ele>
   </trkpt>
   <trkpt lat="15.490010000657687" lon="73.81502499866205">
    <ele>6.390000000000001</ele>
   </trkpt>
   <trkpt lat="15.489450000000001" lon="73.81451000000001">
    <ele>6.5</ele>
   </trkpt>
   <trkpt lat="15.48891000102719" lon="73.81404666430048">
    <ele>6.46</ele>
   </trkpt>
   <trkpt lat="15.488370001090109" lon="73.81358333102118">
    <ele>6.94</ele>
   </trkpt>
   <trkpt lat="15.48783" lon="73.81312000000001">
    <ele>6.72</ele>
   </trkpt>
   <trkpt lat="15.48730000062691" lon="73.81264499889029">
    <ele>6.53</ele>
   </trkpt>
   <trkpt lat="15.486770000000002" lon="73.81217000000001">
    <ele>6.800000000000001</ele>
   </trkpt>
   <trkpt lat="15.48619" lon="73.81164000000001">
    <ele>6.960000000000001</ele>
   </trkpt>
   <trkpt lat="15.485570002014631" lon="73.8110924950719">
    <ele>6.61</ele>
   </trkpt>
   <trkpt lat="15.484950002683094" lon="73.81054499342663">
    <ele>6.53</ele>
   </trkpt>
   <trkpt lat="15.484330002005468" lon="73.80999749506402">
    <ele>6.69</ele>
   </trkpt>
   <trkpt lat="15.483710000000002" lon="73.80945000000001">
    <ele>6.710000000000001</ele>
   </trkpt>
   <trkpt lat="15.48347" lon="73.80922000000001">
    <ele>6.710000000000001</ele>
   </trkpt>
   <trkpt lat="15.48351" lon="73.80915">
    <ele>6.6000000000000005</ele>
   </trkpt>
   <trkpt lat="15.48351" lon="73.80907">
    <ele>6.6000000000000005</ele>
   </trkpt>
   <trkpt lat="15.483480000000002" lon="73.80897">
    <ele>6.6000000000000005</ele>
   </trkpt>
   <trkpt lat="15.48342" lon="73.80891000000001">
    <ele>6.6000000000000005</ele>
   </trkpt>
  </trkseg>
 </trk>
</gpx>
