<?xml version="1.0" encoding="UTF-8"?>
<gpx creator="Best Bike Split" version="1.0" xmlns="http://www.topografix.com/GPX/1/1" xmlns:xsi="http://www.w3.org/2001/XMLSchema-instance" xsi:schemaLocation="http://www.topografix.com/GPX/1/1 http://www.topografix.com/GPX/1/1/gpx.xsd http://www.garmin.com/xmlschemas/GpxExtensions/v3 http://www.garmin.com/xmlschemas/GpxExtensionsv3.xsd http://www.garmin.com/xmlschemas/TrackPointExtension/v1 http://www.garmin.com/xmlschemas/TrackPointExtensionv1.xsd http://www.garmin.com/xmlschemas/GpxExtensions/v3 http://www.garmin.com/xmlschemas/GpxExtensionsv3.xsd http://www.garmin.com/xmlschemas/TrackPointExtension/v1 http://www.garmin.com/xmlschemas/TrackPointExtensionv1.xsd">
<metadata>
  <link href="bestbikesplit.com">
    <text>Best Bike Split</text>
  </link>
</metadata>
  <trk>
    <name>Ironman 70.3 Mont Tremblant 2019</name>
    <trkseg>
      <trkpt lat="46.20878100" lon="-74.58426700">
        <ele>239.000</ele>
      </trkpt>
      <trkpt lat="46.20870600" lon="-74.58420600">
        <ele>238.800</ele>
      </trkpt>
      <trkpt lat="46.20867300" lon="-74.58418400">
        <ele>238.800</ele>
      </trkpt>
      <trkpt lat="46.20861700" lon="-74.58415300">
        <ele>238.800</ele>
      </trkpt>
      <trkpt lat="46.20829200" lon="-74.58402100">
        <ele>238.400</ele>
      </trkpt>
      <trkpt lat="46.20825200" lon="-74.58400800">
        <ele>238.400</ele>
      </trkpt>
      <trkpt lat="46.20794600" lon="-74.58392800">
        <ele>237.800</ele>
      </trkpt>
      <trkpt lat="46.20754600" lon="-74.58389800">
        <ele>237.600</ele>
      </trkpt>
      <trkpt lat="46.20740900" lon="-74.58391500">
        <ele>237.600</ele>
      </trkpt>
      <trkpt lat="46.20720600" lon="-74.58397200">
        <ele>237.400</ele>
      </trkpt>
      <trkpt lat="46.20714000" lon="-74.58399600">
        <ele>237.200</ele>
      </trkpt>
      <trkpt lat="46.20684200" lon="-74.58418500">
        <ele>237.200</ele>
      </trkpt>
      <trkpt lat="46.20674700" lon="-74.58427300">
        <ele>237.400</ele>
      </trkpt>
      <trkpt lat="46.20656900" lon="-74.58447000">
        <ele>237.600</ele>
      </trkpt>
      <trkpt lat="46.20629400" lon="-74.58492400">
        <ele>237.200</ele>
      </trkpt>
      <trkpt lat="46.20592700" lon="-74.58553400">
        <ele>236.800</ele>
      </trkpt>
      <trkpt lat="46.20587500" lon="-74.58561100">
        <ele>236.800</ele>
      </trkpt>
      <trkpt lat="46.20576600" lon="-74.58588700">
        <ele>236.600</ele>
      </trkpt>
      <trkpt lat="46.20575800" lon="-74.58600100">
        <ele>236.600</ele>
      </trkpt>
      <trkpt lat="46.20581800" lon="-74.58632300">
        <ele>237.200</ele>
      </trkpt>
      <trkpt lat="46.20598200" lon="-74.58669700">
        <ele>239.000</ele>
      </trkpt>
      <trkpt lat="46.20602400" lon="-74.58678300">
        <ele>239.200</ele>
      </trkpt>
      <trkpt lat="46.20624400" lon="-74.58725200">
        <ele>240.000</ele>
      </trkpt>
      <trkpt lat="46.20633200" lon="-74.58742600">
        <ele>240.200</ele>
      </trkpt>
      <trkpt lat="46.20641600" lon="-74.58762900">
        <ele>240.400</ele>
      </trkpt>
      <trkpt lat="46.20649000" lon="-74.58782800">
        <ele>240.400</ele>
      </trkpt>
      <trkpt lat="46.20681700" lon="-74.58847500">
        <ele>240.600</ele>
      </trkpt>
      <trkpt lat="46.20706000" lon="-74.58896200">
        <ele>241.000</ele>
      </trkpt>
      <trkpt lat="46.20734100" lon="-74.58952700">
        <ele>241.200</ele>
      </trkpt>
      <trkpt lat="46.20738800" lon="-74.58961700">
        <ele>241.200</ele>
      </trkpt>
      <trkpt lat="46.20758500" lon="-74.59010200">
        <ele>241.400</ele>
      </trkpt>
      <trkpt lat="46.20761300" lon="-74.59019500">
        <ele>241.400</ele>
      </trkpt>
      <trkpt lat="46.20767800" lon="-74.59048400">
        <ele>241.600</ele>
      </trkpt>
      <trkpt lat="46.20772600" lon="-74.59076000">
        <ele>241.600</ele>
      </trkpt>
      <trkpt lat="46.20772200" lon="-74.59084100">
        <ele>241.800</ele>
      </trkpt>
      <trkpt lat="46.20772200" lon="-74.59102100">
        <ele>242.200</ele>
      </trkpt>
      <trkpt lat="46.20772300" lon="-74.59108700">
        <ele>242.600</ele>
      </trkpt>
      <trkpt lat="46.20772200" lon="-74.59126800">
        <ele>243.400</ele>
      </trkpt>
      <trkpt lat="46.20769900" lon="-74.59151300">
        <ele>244.600</ele>
      </trkpt>
      <trkpt lat="46.20769400" lon="-74.59158500">
        <ele>244.800</ele>
      </trkpt>
      <trkpt lat="46.20767800" lon="-74.59174800">
        <ele>245.600</ele>
      </trkpt>
      <trkpt lat="46.20763600" lon="-74.59196600">
        <ele>246.800</ele>
      </trkpt>
      <trkpt lat="46.20762000" lon="-74.59204300">
        <ele>246.800</ele>
      </trkpt>
      <trkpt lat="46.20759500" lon="-74.59213300">
        <ele>247.200</ele>
      </trkpt>
      <trkpt lat="46.20747600" lon="-74.59253400">
        <ele>247.800</ele>
      </trkpt>
      <trkpt lat="46.20742800" lon="-74.59271100">
        <ele>248.000</ele>
      </trkpt>
      <trkpt lat="46.20729200" lon="-74.59319500">
        <ele>247.800</ele>
      </trkpt>
      <trkpt lat="46.20708900" lon="-74.59380100">
        <ele>246.600</ele>
      </trkpt>
      <trkpt lat="46.20696100" lon="-74.59402000">
        <ele>245.400</ele>
      </trkpt>
      <trkpt lat="46.20679400" lon="-74.59415400">
        <ele>244.200</ele>
      </trkpt>
      <trkpt lat="46.20662000" lon="-74.59415100">
        <ele>244.000</ele>
      </trkpt>
      <trkpt lat="46.20643800" lon="-74.59408800">
        <ele>244.400</ele>
      </trkpt>
      <trkpt lat="46.20627400" lon="-74.59404300">
        <ele>244.600</ele>
      </trkpt>
      <trkpt lat="46.20621100" lon="-74.59402700">
        <ele>244.800</ele>
      </trkpt>
      <trkpt lat="46.20605300" lon="-74.59400200">
        <ele>245.400</ele>
      </trkpt>
      <trkpt lat="46.20599100" lon="-74.59398100">
        <ele>245.200</ele>
      </trkpt>
      <trkpt lat="46.20586500" lon="-74.59393300">
        <ele>245.400</ele>
      </trkpt>
      <trkpt lat="46.20568400" lon="-74.59388100">
        <ele>246.600</ele>
      </trkpt>
      <trkpt lat="46.20556500" lon="-74.59384900">
        <ele>248.000</ele>
      </trkpt>
      <trkpt lat="46.20549200" lon="-74.59380500">
        <ele>248.800</ele>
      </trkpt>
      <trkpt lat="46.20542800" lon="-74.59378600">
        <ele>249.600</ele>
      </trkpt>
      <trkpt lat="46.20518400" lon="-74.59373600">
        <ele>251.000</ele>
      </trkpt>
      <trkpt lat="46.20512200" lon="-74.59373700">
        <ele>251.400</ele>
      </trkpt>
      <trkpt lat="46.20507500" lon="-74.59374000">
        <ele>251.600</ele>
      </trkpt>
      <trkpt lat="46.20500300" lon="-74.59374300">
        <ele>252.000</ele>
      </trkpt>
      <trkpt lat="46.20488400" lon="-74.59374300">
        <ele>252.600</ele>
      </trkpt>
      <trkpt lat="46.20476900" lon="-74.59377300">
        <ele>253.000</ele>
      </trkpt>
      <trkpt lat="46.20470600" lon="-74.59379300">
        <ele>253.000</ele>
      </trkpt>
      <trkpt lat="46.20436500" lon="-74.59395300">
        <ele>253.600</ele>
      </trkpt>
      <trkpt lat="46.20425600" lon="-74.59402200">
        <ele>254.000</ele>
      </trkpt>
      <trkpt lat="46.20404200" lon="-74.59418300">
        <ele>254.800</ele>
      </trkpt>
      <trkpt lat="46.20389300" lon="-74.59430600">
        <ele>255.200</ele>
      </trkpt>
      <trkpt lat="46.20359500" lon="-74.59455200">
        <ele>256.000</ele>
      </trkpt>
      <trkpt lat="46.20354100" lon="-74.59459800">
        <ele>256.600</ele>
      </trkpt>
      <trkpt lat="46.20341200" lon="-74.59470700">
        <ele>253.400</ele>
      </trkpt>
      <trkpt lat="46.20310000" lon="-74.59498400">
        <ele>253.200</ele>
      </trkpt>
      <trkpt lat="46.20289900" lon="-74.59514000">
        <ele>256.000</ele>
      </trkpt>
      <trkpt lat="46.20260300" lon="-74.59533800">
        <ele>257.200</ele>
      </trkpt>
      <trkpt lat="46.20207800" lon="-74.59564900">
        <ele>258.200</ele>
      </trkpt>
      <trkpt lat="46.20157500" lon="-74.59589000">
        <ele>257.800</ele>
      </trkpt>
      <trkpt lat="46.20110400" lon="-74.59605900">
        <ele>257.600</ele>
      </trkpt>
      <trkpt lat="46.20059800" lon="-74.59612100">
        <ele>258.600</ele>
      </trkpt>
      <trkpt lat="46.20052700" lon="-74.59612300">
        <ele>259.200</ele>
      </trkpt>
      <trkpt lat="46.20029100" lon="-74.59613100">
        <ele>260.200</ele>
      </trkpt>
      <trkpt lat="46.20007000" lon="-74.59610100">
        <ele>262.000</ele>
      </trkpt>
      <trkpt lat="46.19962200" lon="-74.59596900">
        <ele>262.200</ele>
      </trkpt>
      <trkpt lat="46.19956500" lon="-74.59594900">
        <ele>263.600</ele>
      </trkpt>
      <trkpt lat="46.19948500" lon="-74.59592200">
        <ele>267.000</ele>
      </trkpt>
      <trkpt lat="46.19942300" lon="-74.59589800">
        <ele>267.200</ele>
      </trkpt>
      <trkpt lat="46.19921100" lon="-74.59583100">
        <ele>267.200</ele>
      </trkpt>
      <trkpt lat="46.19914300" lon="-74.59580700">
        <ele>267.400</ele>
      </trkpt>
      <trkpt lat="46.19887200" lon="-74.59571300">
        <ele>268.000</ele>
      </trkpt>
      <trkpt lat="46.19867600" lon="-74.59564400">
        <ele>268.800</ele>
      </trkpt>
      <trkpt lat="46.19845800" lon="-74.59558600">
        <ele>269.000</ele>
      </trkpt>
      <trkpt lat="46.19830100" lon="-74.59557400">
        <ele>269.200</ele>
      </trkpt>
      <trkpt lat="46.19773800" lon="-74.59562500">
        <ele>268.800</ele>
      </trkpt>
      <trkpt lat="46.19745300" lon="-74.59570100">
        <ele>267.600</ele>
      </trkpt>
      <trkpt lat="46.19726300" lon="-74.59576600">
        <ele>266.600</ele>
      </trkpt>
      <trkpt lat="46.19716400" lon="-74.59579900">
        <ele>266.400</ele>
      </trkpt>
      <trkpt lat="46.19685700" lon="-74.59592100">
        <ele>265.400</ele>
      </trkpt>
      <trkpt lat="46.19664500" lon="-74.59598900">
        <ele>265.000</ele>
      </trkpt>
      <trkpt lat="46.19633100" lon="-74.59609300">
        <ele>264.200</ele>
      </trkpt>
      <trkpt lat="46.19597000" lon="-74.59618600">
        <ele>263.200</ele>
      </trkpt>
      <trkpt lat="46.19573300" lon="-74.59623800">
        <ele>262.000</ele>
      </trkpt>
      <trkpt lat="46.19548600" lon="-74.59628200">
        <ele>260.600</ele>
      </trkpt>
      <trkpt lat="46.19524200" lon="-74.59631100">
        <ele>259.400</ele>
      </trkpt>
      <trkpt lat="46.19512100" lon="-74.59632000">
        <ele>258.800</ele>
      </trkpt>
      <trkpt lat="46.19498400" lon="-74.59633200">
        <ele>257.800</ele>
      </trkpt>
      <trkpt lat="46.19472000" lon="-74.59634500">
        <ele>255.800</ele>
      </trkpt>
      <trkpt lat="46.19446600" lon="-74.59634800">
        <ele>254.000</ele>
      </trkpt>
      <trkpt lat="46.19435100" lon="-74.59634600">
        <ele>254.800</ele>
      </trkpt>
      <trkpt lat="46.19368100" lon="-74.59633400">
        <ele>253.200</ele>
      </trkpt>
      <trkpt lat="46.19357300" lon="-74.59632900">
        <ele>252.200</ele>
      </trkpt>
      <trkpt lat="46.19336100" lon="-74.59631700">
        <ele>251.200</ele>
      </trkpt>
      <trkpt lat="46.19291400" lon="-74.59629100">
        <ele>250.800</ele>
      </trkpt>
      <trkpt lat="46.19267800" lon="-74.59628100">
        <ele>251.800</ele>
      </trkpt>
      <trkpt lat="46.19242400" lon="-74.59626900">
        <ele>252.400</ele>
      </trkpt>
      <trkpt lat="46.19238500" lon="-74.59626600">
        <ele>252.800</ele>
      </trkpt>
      <trkpt lat="46.19232800" lon="-74.59625700">
        <ele>253.400</ele>
      </trkpt>
      <trkpt lat="46.19223600" lon="-74.59625000">
        <ele>254.600</ele>
      </trkpt>
      <trkpt lat="46.19210500" lon="-74.59624300">
        <ele>255.200</ele>
      </trkpt>
      <trkpt lat="46.19206300" lon="-74.59623700">
        <ele>255.600</ele>
      </trkpt>
      <trkpt lat="46.19192600" lon="-74.59623100">
        <ele>256.200</ele>
      </trkpt>
      <trkpt lat="46.19184600" lon="-74.59622300">
        <ele>256.600</ele>
      </trkpt>
      <trkpt lat="46.19178600" lon="-74.59621800">
        <ele>257.000</ele>
      </trkpt>
      <trkpt lat="46.19165300" lon="-74.59619400">
        <ele>257.800</ele>
      </trkpt>
      <trkpt lat="46.19154900" lon="-74.59617900">
        <ele>258.400</ele>
      </trkpt>
      <trkpt lat="46.19146300" lon="-74.59616700">
        <ele>259.000</ele>
      </trkpt>
      <trkpt lat="46.19131200" lon="-74.59614400">
        <ele>260.600</ele>
      </trkpt>
      <trkpt lat="46.19122100" lon="-74.59612700">
        <ele>261.000</ele>
      </trkpt>
      <trkpt lat="46.19112400" lon="-74.59610200">
        <ele>262.000</ele>
      </trkpt>
      <trkpt lat="46.19103100" lon="-74.59607800">
        <ele>262.200</ele>
      </trkpt>
      <trkpt lat="46.19093300" lon="-74.59607000">
        <ele>262.600</ele>
      </trkpt>
      <trkpt lat="46.19089800" lon="-74.59606000">
        <ele>262.600</ele>
      </trkpt>
      <trkpt lat="46.19062600" lon="-74.59599300">
        <ele>263.000</ele>
      </trkpt>
      <trkpt lat="46.19056600" lon="-74.59598300">
        <ele>263.000</ele>
      </trkpt>
      <trkpt lat="46.19051200" lon="-74.59597500">
        <ele>263.200</ele>
      </trkpt>
      <trkpt lat="46.19029500" lon="-74.59593900">
        <ele>263.200</ele>
      </trkpt>
      <trkpt lat="46.18988300" lon="-74.59585800">
        <ele>263.400</ele>
      </trkpt>
      <trkpt lat="46.18968900" lon="-74.59582500">
        <ele>264.600</ele>
      </trkpt>
      <trkpt lat="46.18948800" lon="-74.59581400">
        <ele>264.400</ele>
      </trkpt>
      <trkpt lat="46.18933600" lon="-74.59580500">
        <ele>263.400</ele>
      </trkpt>
      <trkpt lat="46.18927200" lon="-74.59580300">
        <ele>264.800</ele>
      </trkpt>
      <trkpt lat="46.18918400" lon="-74.59580400">
        <ele>263.400</ele>
      </trkpt>
      <trkpt lat="46.18886600" lon="-74.59580900">
        <ele>262.600</ele>
      </trkpt>
      <trkpt lat="46.18876900" lon="-74.59581100">
        <ele>261.600</ele>
      </trkpt>
      <trkpt lat="46.18837900" lon="-74.59582900">
        <ele>260.200</ele>
      </trkpt>
      <trkpt lat="46.18831000" lon="-74.59584700">
        <ele>259.800</ele>
      </trkpt>
      <trkpt lat="46.18815400" lon="-74.59586200">
        <ele>259.000</ele>
      </trkpt>
      <trkpt lat="46.18785100" lon="-74.59588900">
        <ele>258.800</ele>
      </trkpt>
      <trkpt lat="46.18722900" lon="-74.59595600">
        <ele>258.800</ele>
      </trkpt>
      <trkpt lat="46.18666800" lon="-74.59605700">
        <ele>258.600</ele>
      </trkpt>
      <trkpt lat="46.18660700" lon="-74.59608200">
        <ele>258.600</ele>
      </trkpt>
      <trkpt lat="46.18632600" lon="-74.59625900">
        <ele>258.400</ele>
      </trkpt>
      <trkpt lat="46.18615800" lon="-74.59641100">
        <ele>258.200</ele>
      </trkpt>
      <trkpt lat="46.18594400" lon="-74.59664200">
        <ele>257.600</ele>
      </trkpt>
      <trkpt lat="46.18552400" lon="-74.59712800">
        <ele>258.200</ele>
      </trkpt>
      <trkpt lat="46.18505400" lon="-74.59757900">
        <ele>257.200</ele>
      </trkpt>
      <trkpt lat="46.18489000" lon="-74.59772700">
        <ele>257.200</ele>
      </trkpt>
      <trkpt lat="46.18439500" lon="-74.59814500">
        <ele>257.200</ele>
      </trkpt>
      <trkpt lat="46.18422700" lon="-74.59828400">
        <ele>256.800</ele>
      </trkpt>
      <trkpt lat="46.18416300" lon="-74.59833600">
        <ele>256.600</ele>
      </trkpt>
      <trkpt lat="46.18365300" lon="-74.59875700">
        <ele>256.400</ele>
      </trkpt>
      <trkpt lat="46.18356800" lon="-74.59882400">
        <ele>256.400</ele>
      </trkpt>
      <trkpt lat="46.18307600" lon="-74.59921200">
        <ele>256.200</ele>
      </trkpt>
      <trkpt lat="46.18283000" lon="-74.59936300">
        <ele>256.200</ele>
      </trkpt>
      <trkpt lat="46.18264400" lon="-74.59947100">
        <ele>255.200</ele>
      </trkpt>
      <trkpt lat="46.18220500" lon="-74.59971500">
        <ele>255.200</ele>
      </trkpt>
      <trkpt lat="46.18165800" lon="-74.59995200">
        <ele>254.800</ele>
      </trkpt>
      <trkpt lat="46.18148600" lon="-74.60002300">
        <ele>254.200</ele>
      </trkpt>
      <trkpt lat="46.18138900" lon="-74.60006700">
        <ele>253.600</ele>
      </trkpt>
      <trkpt lat="46.18084400" lon="-74.60030800">
        <ele>252.800</ele>
      </trkpt>
      <trkpt lat="46.18027300" lon="-74.60053200">
        <ele>253.400</ele>
      </trkpt>
      <trkpt lat="46.18017900" lon="-74.60056900">
        <ele>253.400</ele>
      </trkpt>
      <trkpt lat="46.17962900" lon="-74.60077100">
        <ele>253.400</ele>
      </trkpt>
      <trkpt lat="46.17933300" lon="-74.60088300">
        <ele>253.600</ele>
      </trkpt>
      <trkpt lat="46.17878200" lon="-74.60110800">
        <ele>253.800</ele>
      </trkpt>
      <trkpt lat="46.17853100" lon="-74.60122400">
        <ele>253.600</ele>
      </trkpt>
      <trkpt lat="46.17796900" lon="-74.60152800">
        <ele>253.200</ele>
      </trkpt>
      <trkpt lat="46.17770400" lon="-74.60170100">
        <ele>252.600</ele>
      </trkpt>
      <trkpt lat="46.17752500" lon="-74.60182900">
        <ele>251.400</ele>
      </trkpt>
      <trkpt lat="46.17735000" lon="-74.60196800">
        <ele>251.400</ele>
      </trkpt>
      <trkpt lat="46.17683400" lon="-74.60240600">
        <ele>251.200</ele>
      </trkpt>
      <trkpt lat="46.17633700" lon="-74.60290800">
        <ele>250.400</ele>
      </trkpt>
      <trkpt lat="46.17624800" lon="-74.60300400">
        <ele>250.400</ele>
      </trkpt>
      <trkpt lat="46.17592300" lon="-74.60336200">
        <ele>252.000</ele>
      </trkpt>
      <trkpt lat="46.17583700" lon="-74.60345700">
        <ele>250.400</ele>
      </trkpt>
      <trkpt lat="46.17552300" lon="-74.60376700">
        <ele>250.800</ele>
      </trkpt>
      <trkpt lat="46.17528800" lon="-74.60407900">
        <ele>250.200</ele>
      </trkpt>
      <trkpt lat="46.17524600" lon="-74.60419200">
        <ele>250.200</ele>
      </trkpt>
      <trkpt lat="46.17502300" lon="-74.60438600">
        <ele>250.400</ele>
      </trkpt>
      <trkpt lat="46.17468400" lon="-74.60460900">
        <ele>249.400</ele>
      </trkpt>
      <trkpt lat="46.17453900" lon="-74.60475900">
        <ele>249.200</ele>
      </trkpt>
      <trkpt lat="46.17429800" lon="-74.60501100">
        <ele>249.000</ele>
      </trkpt>
      <trkpt lat="46.17422900" lon="-74.60507400">
        <ele>249.000</ele>
      </trkpt>
      <trkpt lat="46.17369600" lon="-74.60557000">
        <ele>248.600</ele>
      </trkpt>
      <trkpt lat="46.17352400" lon="-74.60573500">
        <ele>248.200</ele>
      </trkpt>
      <trkpt lat="46.17344200" lon="-74.60581600">
        <ele>248.000</ele>
      </trkpt>
      <trkpt lat="46.17295600" lon="-74.60630200">
        <ele>247.200</ele>
      </trkpt>
      <trkpt lat="46.17287400" lon="-74.60638000">
        <ele>247.200</ele>
      </trkpt>
      <trkpt lat="46.17234800" lon="-74.60685800">
        <ele>246.400</ele>
      </trkpt>
      <trkpt lat="46.17226800" lon="-74.60692100">
        <ele>245.800</ele>
      </trkpt>
      <trkpt lat="46.17195200" lon="-74.60713400">
        <ele>244.400</ele>
      </trkpt>
      <trkpt lat="46.17175100" lon="-74.60724600">
        <ele>244.000</ele>
      </trkpt>
      <trkpt lat="46.17151100" lon="-74.60735100">
        <ele>243.400</ele>
      </trkpt>
      <trkpt lat="46.17115300" lon="-74.60745300">
        <ele>242.000</ele>
      </trkpt>
      <trkpt lat="46.17090900" lon="-74.60750300">
        <ele>240.400</ele>
      </trkpt>
      <trkpt lat="46.17068300" lon="-74.60754100">
        <ele>239.000</ele>
      </trkpt>
      <trkpt lat="46.17051600" lon="-74.60756000">
        <ele>237.200</ele>
      </trkpt>
      <trkpt lat="46.17038300" lon="-74.60757000">
        <ele>236.000</ele>
      </trkpt>
      <trkpt lat="46.17024900" lon="-74.60758000">
        <ele>235.200</ele>
      </trkpt>
      <trkpt lat="46.17011300" lon="-74.60757800">
        <ele>233.800</ele>
      </trkpt>
      <trkpt lat="46.16983300" lon="-74.60755900">
        <ele>231.600</ele>
      </trkpt>
      <trkpt lat="46.16969200" lon="-74.60754300">
        <ele>230.400</ele>
      </trkpt>
      <trkpt lat="46.16953900" lon="-74.60751700">
        <ele>229.200</ele>
      </trkpt>
      <trkpt lat="46.16939800" lon="-74.60749300">
        <ele>228.000</ele>
      </trkpt>
      <trkpt lat="46.16910900" lon="-74.60743800">
        <ele>226.000</ele>
      </trkpt>
      <trkpt lat="46.16894500" lon="-74.60741100">
        <ele>224.800</ele>
      </trkpt>
      <trkpt lat="46.16879500" lon="-74.60738500">
        <ele>223.800</ele>
      </trkpt>
      <trkpt lat="46.16865400" lon="-74.60735900">
        <ele>222.600</ele>
      </trkpt>
      <trkpt lat="46.16819500" lon="-74.60727600">
        <ele>219.000</ele>
      </trkpt>
      <trkpt lat="46.16790300" lon="-74.60722700">
        <ele>217.400</ele>
      </trkpt>
      <trkpt lat="46.16760500" lon="-74.60718400">
        <ele>214.600</ele>
      </trkpt>
      <trkpt lat="46.16744300" lon="-74.60716100">
        <ele>212.800</ele>
      </trkpt>
      <trkpt lat="46.16715000" lon="-74.60711900">
        <ele>210.800</ele>
      </trkpt>
      <trkpt lat="46.16700400" lon="-74.60709500">
        <ele>209.800</ele>
      </trkpt>
      <trkpt lat="46.16673100" lon="-74.60703700">
        <ele>208.000</ele>
      </trkpt>
      <trkpt lat="46.16646400" lon="-74.60698600">
        <ele>206.400</ele>
      </trkpt>
      <trkpt lat="46.16593700" lon="-74.60689600">
        <ele>207.800</ele>
      </trkpt>
      <trkpt lat="46.16581700" lon="-74.60687700">
        <ele>208.400</ele>
      </trkpt>
      <trkpt lat="46.16555400" lon="-74.60683300">
        <ele>210.000</ele>
      </trkpt>
      <trkpt lat="46.16495500" lon="-74.60673000">
        <ele>210.600</ele>
      </trkpt>
      <trkpt lat="46.16483800" lon="-74.60671200">
        <ele>210.400</ele>
      </trkpt>
      <trkpt lat="46.16418300" lon="-74.60660900">
        <ele>211.200</ele>
      </trkpt>
      <trkpt lat="46.16397200" lon="-74.60657700">
        <ele>211.200</ele>
      </trkpt>
      <trkpt lat="46.16333000" lon="-74.60644700">
        <ele>211.600</ele>
      </trkpt>
      <trkpt lat="46.16277000" lon="-74.60628700">
        <ele>212.200</ele>
      </trkpt>
      <trkpt lat="46.16267900" lon="-74.60626300">
        <ele>212.400</ele>
      </trkpt>
      <trkpt lat="46.16240400" lon="-74.60617300">
        <ele>212.600</ele>
      </trkpt>
      <trkpt lat="46.16214800" lon="-74.60608200">
        <ele>213.000</ele>
      </trkpt>
      <trkpt lat="46.16206200" lon="-74.60604500">
        <ele>213.200</ele>
      </trkpt>
      <trkpt lat="46.16197900" lon="-74.60600700">
        <ele>213.600</ele>
      </trkpt>
      <trkpt lat="46.16156800" lon="-74.60581600">
        <ele>214.800</ele>
      </trkpt>
      <trkpt lat="46.16133300" lon="-74.60568700">
        <ele>215.600</ele>
      </trkpt>
      <trkpt lat="46.16126200" lon="-74.60564400">
        <ele>215.800</ele>
      </trkpt>
      <trkpt lat="46.16075200" lon="-74.60533700">
        <ele>215.800</ele>
      </trkpt>
      <trkpt lat="46.16061600" lon="-74.60525600">
        <ele>216.400</ele>
      </trkpt>
      <trkpt lat="46.16042000" lon="-74.60513400">
        <ele>216.800</ele>
      </trkpt>
      <trkpt lat="46.16003700" lon="-74.60491800">
        <ele>217.800</ele>
      </trkpt>
      <trkpt lat="46.15997200" lon="-74.60487500">
        <ele>218.000</ele>
      </trkpt>
      <trkpt lat="46.15984600" lon="-74.60480100">
        <ele>219.200</ele>
      </trkpt>
      <trkpt lat="46.15960400" lon="-74.60465000">
        <ele>220.400</ele>
      </trkpt>
      <trkpt lat="46.15935100" lon="-74.60450100">
        <ele>221.400</ele>
      </trkpt>
      <trkpt lat="46.15892700" lon="-74.60423900">
        <ele>222.800</ele>
      </trkpt>
      <trkpt lat="46.15843800" lon="-74.60393900">
        <ele>223.800</ele>
      </trkpt>
      <trkpt lat="46.15831300" lon="-74.60387100">
        <ele>224.000</ele>
      </trkpt>
      <trkpt lat="46.15785100" lon="-74.60362000">
        <ele>225.000</ele>
      </trkpt>
      <trkpt lat="46.15764300" lon="-74.60352800">
        <ele>225.400</ele>
      </trkpt>
      <trkpt lat="46.15726400" lon="-74.60341700">
        <ele>225.400</ele>
      </trkpt>
      <trkpt lat="46.15719200" lon="-74.60340500">
        <ele>225.400</ele>
      </trkpt>
      <trkpt lat="46.15694800" lon="-74.60337600">
        <ele>226.200</ele>
      </trkpt>
      <trkpt lat="46.15658600" lon="-74.60336900">
        <ele>226.600</ele>
      </trkpt>
      <trkpt lat="46.15612800" lon="-74.60345500">
        <ele>226.200</ele>
      </trkpt>
      <trkpt lat="46.15560100" lon="-74.60366300">
        <ele>225.800</ele>
      </trkpt>
      <trkpt lat="46.15552500" lon="-74.60370400">
        <ele>225.800</ele>
      </trkpt>
      <trkpt lat="46.15502700" lon="-74.60404100">
        <ele>226.000</ele>
      </trkpt>
      <trkpt lat="46.15487800" lon="-74.60416200">
        <ele>226.000</ele>
      </trkpt>
      <trkpt lat="46.15448700" lon="-74.60458500">
        <ele>227.200</ele>
      </trkpt>
      <trkpt lat="46.15404400" lon="-74.60509400">
        <ele>228.400</ele>
      </trkpt>
      <trkpt lat="46.15373900" lon="-74.60545600">
        <ele>229.600</ele>
      </trkpt>
      <trkpt lat="46.15368000" lon="-74.60552300">
        <ele>229.800</ele>
      </trkpt>
      <trkpt lat="46.15342500" lon="-74.60579900">
        <ele>230.600</ele>
      </trkpt>
      <trkpt lat="46.15303100" lon="-74.60616300">
        <ele>231.600</ele>
      </trkpt>
      <trkpt lat="46.15254000" lon="-74.60653000">
        <ele>232.600</ele>
      </trkpt>
      <trkpt lat="46.15239100" lon="-74.60663200">
        <ele>232.600</ele>
      </trkpt>
      <trkpt lat="46.15182200" lon="-74.60696400">
        <ele>232.600</ele>
      </trkpt>
      <trkpt lat="46.15174200" lon="-74.60700800">
        <ele>232.600</ele>
      </trkpt>
      <trkpt lat="46.15129100" lon="-74.60725600">
        <ele>231.600</ele>
      </trkpt>
      <trkpt lat="46.15090400" lon="-74.60746600">
        <ele>230.800</ele>
      </trkpt>
      <trkpt lat="46.15080800" lon="-74.60751600">
        <ele>230.600</ele>
      </trkpt>
      <trkpt lat="46.15032700" lon="-74.60778400">
        <ele>229.400</ele>
      </trkpt>
      <trkpt lat="46.15001700" lon="-74.60795800">
        <ele>228.800</ele>
      </trkpt>
      <trkpt lat="46.14970500" lon="-74.60813100">
        <ele>228.400</ele>
      </trkpt>
      <trkpt lat="46.14919000" lon="-74.60840800">
        <ele>227.400</ele>
      </trkpt>
      <trkpt lat="46.14907200" lon="-74.60847000">
        <ele>227.200</ele>
      </trkpt>
      <trkpt lat="46.14886600" lon="-74.60858500">
        <ele>226.200</ele>
      </trkpt>
      <trkpt lat="46.14876700" lon="-74.60864000">
        <ele>226.000</ele>
      </trkpt>
      <trkpt lat="46.14833300" lon="-74.60888300">
        <ele>224.800</ele>
      </trkpt>
      <trkpt lat="46.14793600" lon="-74.60909700">
        <ele>224.800</ele>
      </trkpt>
      <trkpt lat="46.14735300" lon="-74.60941200">
        <ele>225.800</ele>
      </trkpt>
      <trkpt lat="46.14726500" lon="-74.60946100">
        <ele>225.800</ele>
      </trkpt>
      <trkpt lat="46.14686900" lon="-74.60967200">
        <ele>226.800</ele>
      </trkpt>
      <trkpt lat="46.14679100" lon="-74.60971200">
        <ele>227.200</ele>
      </trkpt>
      <trkpt lat="46.14649600" lon="-74.60986900">
        <ele>228.400</ele>
      </trkpt>
      <trkpt lat="46.14637400" lon="-74.60993800">
        <ele>229.400</ele>
      </trkpt>
      <trkpt lat="46.14632900" lon="-74.60996400">
        <ele>229.800</ele>
      </trkpt>
      <trkpt lat="46.14621300" lon="-74.61002900">
        <ele>231.000</ele>
      </trkpt>
      <trkpt lat="46.14606100" lon="-74.61011700">
        <ele>232.200</ele>
      </trkpt>
      <trkpt lat="46.14602100" lon="-74.61013900">
        <ele>232.600</ele>
      </trkpt>
      <trkpt lat="46.14592600" lon="-74.61019200">
        <ele>233.600</ele>
      </trkpt>
      <trkpt lat="46.14578600" lon="-74.61027800">
        <ele>234.800</ele>
      </trkpt>
      <trkpt lat="46.14560900" lon="-74.61038600">
        <ele>236.000</ele>
      </trkpt>
      <trkpt lat="46.14543700" lon="-74.61047900">
        <ele>237.200</ele>
      </trkpt>
      <trkpt lat="46.14526400" lon="-74.61057000">
        <ele>238.400</ele>
      </trkpt>
      <trkpt lat="46.14509900" lon="-74.61066300">
        <ele>239.600</ele>
      </trkpt>
      <trkpt lat="46.14506000" lon="-74.61068500">
        <ele>239.800</ele>
      </trkpt>
      <trkpt lat="46.14492600" lon="-74.61076500">
        <ele>240.600</ele>
      </trkpt>
      <trkpt lat="46.14461500" lon="-74.61093400">
        <ele>241.800</ele>
      </trkpt>
      <trkpt lat="46.14438800" lon="-74.61105500">
        <ele>243.200</ele>
      </trkpt>
      <trkpt lat="46.14434900" lon="-74.61106600">
        <ele>243.200</ele>
      </trkpt>
      <trkpt lat="46.14420100" lon="-74.61114500">
        <ele>244.200</ele>
      </trkpt>
      <trkpt lat="46.14403800" lon="-74.61122400">
        <ele>244.200</ele>
      </trkpt>
      <trkpt lat="46.14364900" lon="-74.61138200">
        <ele>245.200</ele>
      </trkpt>
      <trkpt lat="46.14352900" lon="-74.61142400">
        <ele>245.600</ele>
      </trkpt>
      <trkpt lat="46.14316000" lon="-74.61151500">
        <ele>246.200</ele>
      </trkpt>
      <trkpt lat="46.14304000" lon="-74.61153300">
        <ele>246.400</ele>
      </trkpt>
      <trkpt lat="46.14275700" lon="-74.61156300">
        <ele>247.400</ele>
      </trkpt>
      <trkpt lat="46.14254500" lon="-74.61157700">
        <ele>247.400</ele>
      </trkpt>
      <trkpt lat="46.14202300" lon="-74.61155100">
        <ele>247.400</ele>
      </trkpt>
      <trkpt lat="46.14139700" lon="-74.61148000">
        <ele>247.200</ele>
      </trkpt>
      <trkpt lat="46.14082900" lon="-74.61138900">
        <ele>247.000</ele>
      </trkpt>
      <trkpt lat="46.14064900" lon="-74.61136600">
        <ele>246.800</ele>
      </trkpt>
      <trkpt lat="46.14056600" lon="-74.61135500">
        <ele>246.800</ele>
      </trkpt>
      <trkpt lat="46.14004200" lon="-74.61134400">
        <ele>246.400</ele>
      </trkpt>
      <trkpt lat="46.13956700" lon="-74.61143500">
        <ele>245.200</ele>
      </trkpt>
      <trkpt lat="46.13946500" lon="-74.61146400">
        <ele>245.200</ele>
      </trkpt>
      <trkpt lat="46.13916700" lon="-74.61158800">
        <ele>243.800</ele>
      </trkpt>
      <trkpt lat="46.13896600" lon="-74.61169100">
        <ele>242.800</ele>
      </trkpt>
      <trkpt lat="46.13886800" lon="-74.61174800">
        <ele>241.600</ele>
      </trkpt>
      <trkpt lat="46.13868900" lon="-74.61187100">
        <ele>240.200</ele>
      </trkpt>
      <trkpt lat="46.13845400" lon="-74.61206200">
        <ele>240.400</ele>
      </trkpt>
      <trkpt lat="46.13790400" lon="-74.61255200">
        <ele>237.600</ele>
      </trkpt>
      <trkpt lat="46.13785200" lon="-74.61259900">
        <ele>237.200</ele>
      </trkpt>
      <trkpt lat="46.13755200" lon="-74.61285600">
        <ele>234.800</ele>
      </trkpt>
      <trkpt lat="46.13743000" lon="-74.61294600">
        <ele>233.200</ele>
      </trkpt>
      <trkpt lat="46.13705400" lon="-74.61318900">
        <ele>229.200</ele>
      </trkpt>
      <trkpt lat="46.13664900" lon="-74.61338200">
        <ele>227.800</ele>
      </trkpt>
      <trkpt lat="46.13637900" lon="-74.61348600">
        <ele>227.600</ele>
      </trkpt>
      <trkpt lat="46.13628000" lon="-74.61351200">
        <ele>226.000</ele>
      </trkpt>
      <trkpt lat="46.13586000" lon="-74.61359700">
        <ele>227.200</ele>
      </trkpt>
      <trkpt lat="46.13575200" lon="-74.61360800">
        <ele>227.600</ele>
      </trkpt>
      <trkpt lat="46.13546500" lon="-74.61363000">
        <ele>225.600</ele>
      </trkpt>
      <trkpt lat="46.13533600" lon="-74.61363600">
        <ele>224.400</ele>
      </trkpt>
      <trkpt lat="46.13497600" lon="-74.61365100">
        <ele>224.800</ele>
      </trkpt>
      <trkpt lat="46.13477300" lon="-74.61365300">
        <ele>225.600</ele>
      </trkpt>
      <trkpt lat="46.13464000" lon="-74.61365100">
        <ele>226.800</ele>
      </trkpt>
      <trkpt lat="46.13434500" lon="-74.61365100">
        <ele>227.400</ele>
      </trkpt>
      <trkpt lat="46.13421100" lon="-74.61365200">
        <ele>228.000</ele>
      </trkpt>
      <trkpt lat="46.13400900" lon="-74.61365600">
        <ele>225.600</ele>
      </trkpt>
      <trkpt lat="46.13372200" lon="-74.61366400">
        <ele>224.400</ele>
      </trkpt>
      <trkpt lat="46.13324000" lon="-74.61368400">
        <ele>223.000</ele>
      </trkpt>
      <trkpt lat="46.13305700" lon="-74.61366900">
        <ele>222.200</ele>
      </trkpt>
      <trkpt lat="46.13298300" lon="-74.61363200">
        <ele>220.600</ele>
      </trkpt>
      <trkpt lat="46.13294000" lon="-74.61358800">
        <ele>220.000</ele>
      </trkpt>
      <trkpt lat="46.13281600" lon="-74.61342200">
        <ele>222.200</ele>
      </trkpt>
      <trkpt lat="46.13276300" lon="-74.61330500">
        <ele>222.600</ele>
      </trkpt>
      <trkpt lat="46.13271800" lon="-74.61321500">
        <ele>222.000</ele>
      </trkpt>
      <trkpt lat="46.13264400" lon="-74.61300500">
        <ele>220.200</ele>
      </trkpt>
      <trkpt lat="46.13256500" lon="-74.61282500">
        <ele>218.200</ele>
      </trkpt>
      <trkpt lat="46.13245800" lon="-74.61260800">
        <ele>218.400</ele>
      </trkpt>
      <trkpt lat="46.13240000" lon="-74.61250400">
        <ele>220.600</ele>
      </trkpt>
      <trkpt lat="46.13234000" lon="-74.61239800">
        <ele>221.800</ele>
      </trkpt>
      <trkpt lat="46.13222900" lon="-74.61220600">
        <ele>220.000</ele>
      </trkpt>
      <trkpt lat="46.13216700" lon="-74.61210600">
        <ele>222.600</ele>
      </trkpt>
      <trkpt lat="46.13211100" lon="-74.61201800">
        <ele>224.400</ele>
      </trkpt>
      <trkpt lat="46.13204500" lon="-74.61191800">
        <ele>226.600</ele>
      </trkpt>
      <trkpt lat="46.13189600" lon="-74.61171100">
        <ele>229.600</ele>
      </trkpt>
      <trkpt lat="46.13158700" lon="-74.61135800">
        <ele>230.000</ele>
      </trkpt>
      <trkpt lat="46.13149400" lon="-74.61126700">
        <ele>225.600</ele>
      </trkpt>
      <trkpt lat="46.13134000" lon="-74.61111500">
        <ele>223.800</ele>
      </trkpt>
      <trkpt lat="46.13126700" lon="-74.61105000">
        <ele>221.200</ele>
      </trkpt>
      <trkpt lat="46.13097600" lon="-74.61081300">
        <ele>221.200</ele>
      </trkpt>
      <trkpt lat="46.13053000" lon="-74.61055500">
        <ele>220.800</ele>
      </trkpt>
      <trkpt lat="46.13000300" lon="-74.61031300">
        <ele>220.600</ele>
      </trkpt>
      <trkpt lat="46.12979700" lon="-74.61022400">
        <ele>220.800</ele>
      </trkpt>
      <trkpt lat="46.12922000" lon="-74.61002000">
        <ele>220.800</ele>
      </trkpt>
      <trkpt lat="46.12910900" lon="-74.60997600">
        <ele>220.600</ele>
      </trkpt>
      <trkpt lat="46.12896700" lon="-74.60991800">
        <ele>220.200</ele>
      </trkpt>
      <trkpt lat="46.12874400" lon="-74.60983100">
        <ele>219.000</ele>
      </trkpt>
      <trkpt lat="46.12849700" lon="-74.60976200">
        <ele>217.600</ele>
      </trkpt>
      <trkpt lat="46.12828300" lon="-74.60969500">
        <ele>217.400</ele>
      </trkpt>
      <trkpt lat="46.12821600" lon="-74.60973800">
        <ele>218.000</ele>
      </trkpt>
      <trkpt lat="46.12821800" lon="-74.60978100">
        <ele>218.400</ele>
      </trkpt>
      <trkpt lat="46.12823900" lon="-74.60984900">
        <ele>218.800</ele>
      </trkpt>
      <trkpt lat="46.12828900" lon="-74.60986300">
        <ele>219.200</ele>
      </trkpt>
      <trkpt lat="46.12846700" lon="-74.60990300">
        <ele>220.000</ele>
      </trkpt>
      <trkpt lat="46.12853500" lon="-74.60993300">
        <ele>220.200</ele>
      </trkpt>
      <trkpt lat="46.12874800" lon="-74.61005100">
        <ele>220.200</ele>
      </trkpt>
      <trkpt lat="46.12882500" lon="-74.61008200">
        <ele>220.000</ele>
      </trkpt>
      <trkpt lat="46.12913200" lon="-74.61019000">
        <ele>219.600</ele>
      </trkpt>
      <trkpt lat="46.12926600" lon="-74.61024400">
        <ele>219.800</ele>
      </trkpt>
      <trkpt lat="46.12965500" lon="-74.61041200">
        <ele>221.400</ele>
      </trkpt>
      <trkpt lat="46.12979300" lon="-74.61047000">
        <ele>221.600</ele>
      </trkpt>
      <trkpt lat="46.12999200" lon="-74.61056700">
        <ele>222.400</ele>
      </trkpt>
      <trkpt lat="46.13024500" lon="-74.61066800">
        <ele>223.600</ele>
      </trkpt>
      <trkpt lat="46.13041600" lon="-74.61074800">
        <ele>225.000</ele>
      </trkpt>
      <trkpt lat="46.13058000" lon="-74.61084900">
        <ele>226.600</ele>
      </trkpt>
      <trkpt lat="46.13070500" lon="-74.61093000">
        <ele>227.000</ele>
      </trkpt>
      <trkpt lat="46.13087800" lon="-74.61104300">
        <ele>227.800</ele>
      </trkpt>
      <trkpt lat="46.13115700" lon="-74.61124500">
        <ele>228.800</ele>
      </trkpt>
      <trkpt lat="46.13144500" lon="-74.61152600">
        <ele>229.800</ele>
      </trkpt>
      <trkpt lat="46.13151200" lon="-74.61160400">
        <ele>230.200</ele>
      </trkpt>
      <trkpt lat="46.13165400" lon="-74.61176400">
        <ele>231.000</ele>
      </trkpt>
      <trkpt lat="46.13184500" lon="-74.61199700">
        <ele>232.000</ele>
      </trkpt>
      <trkpt lat="46.13191400" lon="-74.61208200">
        <ele>232.200</ele>
      </trkpt>
      <trkpt lat="46.13209800" lon="-74.61235800">
        <ele>232.600</ele>
      </trkpt>
      <trkpt lat="46.13222000" lon="-74.61255900">
        <ele>232.400</ele>
      </trkpt>
      <trkpt lat="46.13242300" lon="-74.61295400">
        <ele>233.200</ele>
      </trkpt>
      <trkpt lat="46.13249700" lon="-74.61312500">
        <ele>233.800</ele>
      </trkpt>
      <trkpt lat="46.13257300" lon="-74.61330100">
        <ele>234.200</ele>
      </trkpt>
      <trkpt lat="46.13271800" lon="-74.61368800">
        <ele>234.600</ele>
      </trkpt>
      <trkpt lat="46.13298600" lon="-74.61448100">
        <ele>234.200</ele>
      </trkpt>
      <trkpt lat="46.13301900" lon="-74.61458500">
        <ele>233.800</ele>
      </trkpt>
      <trkpt lat="46.13309600" lon="-74.61479500">
        <ele>233.000</ele>
      </trkpt>
      <trkpt lat="46.13328300" lon="-74.61533600">
        <ele>232.200</ele>
      </trkpt>
      <trkpt lat="46.13356700" lon="-74.61619400">
        <ele>232.800</ele>
      </trkpt>
      <trkpt lat="46.13380000" lon="-74.61692600">
        <ele>232.400</ele>
      </trkpt>
      <trkpt lat="46.13388400" lon="-74.61715600">
        <ele>232.400</ele>
      </trkpt>
      <trkpt lat="46.13414500" lon="-74.61789100">
        <ele>233.800</ele>
      </trkpt>
      <trkpt lat="46.13420000" lon="-74.61802400">
        <ele>234.400</ele>
      </trkpt>
      <trkpt lat="46.13438900" lon="-74.61849700">
        <ele>235.000</ele>
      </trkpt>
      <trkpt lat="46.13442100" lon="-74.61858200">
        <ele>235.400</ele>
      </trkpt>
      <trkpt lat="46.13460200" lon="-74.61906700">
        <ele>236.600</ele>
      </trkpt>
      <trkpt lat="46.13465700" lon="-74.61922500">
        <ele>237.800</ele>
      </trkpt>
      <trkpt lat="46.13470900" lon="-74.61938000">
        <ele>239.000</ele>
      </trkpt>
      <trkpt lat="46.13480800" lon="-74.61968400">
        <ele>240.200</ele>
      </trkpt>
      <trkpt lat="46.13483000" lon="-74.61976200">
        <ele>240.400</ele>
      </trkpt>
      <trkpt lat="46.13491000" lon="-74.62008100">
        <ele>241.200</ele>
      </trkpt>
      <trkpt lat="46.13500900" lon="-74.62048900">
        <ele>242.400</ele>
      </trkpt>
      <trkpt lat="46.13504600" lon="-74.62066000">
        <ele>242.800</ele>
      </trkpt>
      <trkpt lat="46.13510900" lon="-74.62100800">
        <ele>243.600</ele>
      </trkpt>
      <trkpt lat="46.13517300" lon="-74.62136600">
        <ele>244.400</ele>
      </trkpt>
      <trkpt lat="46.13520300" lon="-74.62153900">
        <ele>244.800</ele>
      </trkpt>
      <trkpt lat="46.13527600" lon="-74.62196400">
        <ele>246.000</ele>
      </trkpt>
      <trkpt lat="46.13531600" lon="-74.62232200">
        <ele>246.800</ele>
      </trkpt>
      <trkpt lat="46.13532300" lon="-74.62240400">
        <ele>247.200</ele>
      </trkpt>
      <trkpt lat="46.13535100" lon="-74.62290700">
        <ele>248.200</ele>
      </trkpt>
      <trkpt lat="46.13535900" lon="-74.62308600">
        <ele>248.600</ele>
      </trkpt>
      <trkpt lat="46.13536300" lon="-74.62341200">
        <ele>249.400</ele>
      </trkpt>
      <trkpt lat="46.13536500" lon="-74.62349400">
        <ele>249.600</ele>
      </trkpt>
      <trkpt lat="46.13537000" lon="-74.62374200">
        <ele>250.600</ele>
      </trkpt>
      <trkpt lat="46.13538300" lon="-74.62406400">
        <ele>251.600</ele>
      </trkpt>
      <trkpt lat="46.13538800" lon="-74.62414700">
        <ele>252.000</ele>
      </trkpt>
      <trkpt lat="46.13539300" lon="-74.62446800">
        <ele>252.800</ele>
      </trkpt>
      <trkpt lat="46.13538500" lon="-74.62485900">
        <ele>253.800</ele>
      </trkpt>
      <trkpt lat="46.13538700" lon="-74.62493100">
        <ele>254.000</ele>
      </trkpt>
      <trkpt lat="46.13538000" lon="-74.62548200">
        <ele>254.600</ele>
      </trkpt>
      <trkpt lat="46.13538000" lon="-74.62574000">
        <ele>255.200</ele>
      </trkpt>
      <trkpt lat="46.13539400" lon="-74.62608000">
        <ele>256.200</ele>
      </trkpt>
      <trkpt lat="46.13540900" lon="-74.62634300">
        <ele>256.800</ele>
      </trkpt>
      <trkpt lat="46.13543100" lon="-74.62657800">
        <ele>257.200</ele>
      </trkpt>
      <trkpt lat="46.13548500" lon="-74.62695400">
        <ele>258.400</ele>
      </trkpt>
      <trkpt lat="46.13559600" lon="-74.62759000">
        <ele>259.400</ele>
      </trkpt>
      <trkpt lat="46.13560700" lon="-74.62764100">
        <ele>259.600</ele>
      </trkpt>
      <trkpt lat="46.13566700" lon="-74.62788800">
        <ele>260.400</ele>
      </trkpt>
      <trkpt lat="46.13578700" lon="-74.62834500">
        <ele>261.800</ele>
      </trkpt>
      <trkpt lat="46.13589200" lon="-74.62872000">
        <ele>262.800</ele>
      </trkpt>
      <trkpt lat="46.13591500" lon="-74.62878200">
        <ele>264.000</ele>
      </trkpt>
      <trkpt lat="46.13594000" lon="-74.62884600">
        <ele>268.000</ele>
      </trkpt>
      <trkpt lat="46.13597500" lon="-74.62893200">
        <ele>266.200</ele>
      </trkpt>
      <trkpt lat="46.13600500" lon="-74.62900400">
        <ele>265.000</ele>
      </trkpt>
      <trkpt lat="46.13603300" lon="-74.62906900">
        <ele>265.800</ele>
      </trkpt>
      <trkpt lat="46.13604800" lon="-74.62910600">
        <ele>266.200</ele>
      </trkpt>
      <trkpt lat="46.13608700" lon="-74.62920800">
        <ele>268.200</ele>
      </trkpt>
      <trkpt lat="46.13614400" lon="-74.62935000">
        <ele>264.000</ele>
      </trkpt>
      <trkpt lat="46.13616700" lon="-74.62940400">
        <ele>267.200</ele>
      </trkpt>
      <trkpt lat="46.13623100" lon="-74.62954300">
        <ele>265.600</ele>
      </trkpt>
      <trkpt lat="46.13628500" lon="-74.62965000">
        <ele>266.200</ele>
      </trkpt>
      <trkpt lat="46.13639100" lon="-74.62984700">
        <ele>266.600</ele>
      </trkpt>
      <trkpt lat="46.13654000" lon="-74.63013900">
        <ele>267.800</ele>
      </trkpt>
      <trkpt lat="46.13657800" lon="-74.63021000">
        <ele>268.000</ele>
      </trkpt>
      <trkpt lat="46.13663900" lon="-74.63032900">
        <ele>269.200</ele>
      </trkpt>
      <trkpt lat="46.13684100" lon="-74.63068300">
        <ele>270.400</ele>
      </trkpt>
      <trkpt lat="46.13698600" lon="-74.63092100">
        <ele>271.400</ele>
      </trkpt>
      <trkpt lat="46.13720300" lon="-74.63127700">
        <ele>271.800</ele>
      </trkpt>
      <trkpt lat="46.13727100" lon="-74.63140600">
        <ele>272.600</ele>
      </trkpt>
      <trkpt lat="46.13734400" lon="-74.63153700">
        <ele>273.800</ele>
      </trkpt>
      <trkpt lat="46.13745600" lon="-74.63172600">
        <ele>274.200</ele>
      </trkpt>
      <trkpt lat="46.13760300" lon="-74.63200000">
        <ele>274.800</ele>
      </trkpt>
      <trkpt lat="46.13779500" lon="-74.63235500">
        <ele>275.800</ele>
      </trkpt>
      <trkpt lat="46.13782300" lon="-74.63241000">
        <ele>275.800</ele>
      </trkpt>
      <trkpt lat="46.13810900" lon="-74.63299500">
        <ele>276.400</ele>
      </trkpt>
      <trkpt lat="46.13830300" lon="-74.63341300">
        <ele>276.800</ele>
      </trkpt>
      <trkpt lat="46.13839500" lon="-74.63364200">
        <ele>277.000</ele>
      </trkpt>
      <trkpt lat="46.13867400" lon="-74.63442300">
        <ele>277.800</ele>
      </trkpt>
      <trkpt lat="46.13870100" lon="-74.63450500">
        <ele>277.800</ele>
      </trkpt>
      <trkpt lat="46.13893300" lon="-74.63526300">
        <ele>279.000</ele>
      </trkpt>
      <trkpt lat="46.13897800" lon="-74.63543000">
        <ele>279.200</ele>
      </trkpt>
      <trkpt lat="46.13902100" lon="-74.63558800">
        <ele>279.600</ele>
      </trkpt>
      <trkpt lat="46.13906400" lon="-74.63574700">
        <ele>280.000</ele>
      </trkpt>
      <trkpt lat="46.13912100" lon="-74.63598800">
        <ele>280.600</ele>
      </trkpt>
      <trkpt lat="46.13917700" lon="-74.63623400">
        <ele>281.200</ele>
      </trkpt>
      <trkpt lat="46.13924500" lon="-74.63654700">
        <ele>282.400</ele>
      </trkpt>
      <trkpt lat="46.13928000" lon="-74.63671600">
        <ele>282.400</ele>
      </trkpt>
      <trkpt lat="46.13934900" lon="-74.63715700">
        <ele>283.400</ele>
      </trkpt>
      <trkpt lat="46.13938800" lon="-74.63742000">
        <ele>284.000</ele>
      </trkpt>
      <trkpt lat="46.13945700" lon="-74.63786600">
        <ele>284.600</ele>
      </trkpt>
      <trkpt lat="46.13947400" lon="-74.63804200">
        <ele>284.600</ele>
      </trkpt>
      <trkpt lat="46.13954600" lon="-74.63882800">
        <ele>285.000</ele>
      </trkpt>
      <trkpt lat="46.13955400" lon="-74.63893000">
        <ele>285.000</ele>
      </trkpt>
      <trkpt lat="46.13958600" lon="-74.63957600">
        <ele>284.800</ele>
      </trkpt>
      <trkpt lat="46.13959300" lon="-74.64030200">
        <ele>284.800</ele>
      </trkpt>
      <trkpt lat="46.13956100" lon="-74.64120900">
        <ele>283.600</ele>
      </trkpt>
      <trkpt lat="46.13955600" lon="-74.64133500">
        <ele>283.600</ele>
      </trkpt>
      <trkpt lat="46.13955000" lon="-74.64144900">
        <ele>283.400</ele>
      </trkpt>
      <trkpt lat="46.13947800" lon="-74.64227600">
        <ele>283.200</ele>
      </trkpt>
      <trkpt lat="46.13941000" lon="-74.64309800">
        <ele>282.600</ele>
      </trkpt>
      <trkpt lat="46.13940200" lon="-74.64319800">
        <ele>282.400</ele>
      </trkpt>
      <trkpt lat="46.13937800" lon="-74.64365200">
        <ele>281.800</ele>
      </trkpt>
      <trkpt lat="46.13936300" lon="-74.64449700">
        <ele>281.600</ele>
      </trkpt>
      <trkpt lat="46.13936700" lon="-74.64477300">
        <ele>281.400</ele>
      </trkpt>
      <trkpt lat="46.13944300" lon="-74.64559400">
        <ele>281.400</ele>
      </trkpt>
      <trkpt lat="46.13959400" lon="-74.64644500">
        <ele>281.200</ele>
      </trkpt>
      <trkpt lat="46.13961400" lon="-74.64652400">
        <ele>281.000</ele>
      </trkpt>
      <trkpt lat="46.13986700" lon="-74.64735200">
        <ele>281.000</ele>
      </trkpt>
      <trkpt lat="46.13991800" lon="-74.64747900">
        <ele>281.000</ele>
      </trkpt>
      <trkpt lat="46.14025100" lon="-74.64820000">
        <ele>281.200</ele>
      </trkpt>
      <trkpt lat="46.14030700" lon="-74.64830200">
        <ele>281.200</ele>
      </trkpt>
      <trkpt lat="46.14070400" lon="-74.64891100">
        <ele>281.200</ele>
      </trkpt>
      <trkpt lat="46.14114100" lon="-74.64942400">
        <ele>281.400</ele>
      </trkpt>
      <trkpt lat="46.14128800" lon="-74.64957500">
        <ele>281.400</ele>
      </trkpt>
      <trkpt lat="46.14174000" lon="-74.64997300">
        <ele>281.600</ele>
      </trkpt>
      <trkpt lat="46.14225200" lon="-74.65042300">
        <ele>281.400</ele>
      </trkpt>
      <trkpt lat="46.14253900" lon="-74.65068200">
        <ele>281.600</ele>
      </trkpt>
      <trkpt lat="46.14303000" lon="-74.65116000">
        <ele>281.800</ele>
      </trkpt>
      <trkpt lat="46.14310000" lon="-74.65124100">
        <ele>281.400</ele>
      </trkpt>
      <trkpt lat="46.14343300" lon="-74.65162900">
        <ele>280.800</ele>
      </trkpt>
      <trkpt lat="46.14380400" lon="-74.65217100">
        <ele>281.800</ele>
      </trkpt>
      <trkpt lat="46.14418200" lon="-74.65277300">
        <ele>280.600</ele>
      </trkpt>
      <trkpt lat="46.14428800" lon="-74.65296600">
        <ele>280.400</ele>
      </trkpt>
      <trkpt lat="46.14435600" lon="-74.65309300">
        <ele>280.000</ele>
      </trkpt>
      <trkpt lat="46.14461800" lon="-74.65365900">
        <ele>279.200</ele>
      </trkpt>
      <trkpt lat="46.14472100" lon="-74.65389500">
        <ele>278.800</ele>
      </trkpt>
      <trkpt lat="46.14486800" lon="-74.65427100">
        <ele>278.000</ele>
      </trkpt>
      <trkpt lat="46.14507100" lon="-74.65480800">
        <ele>277.800</ele>
      </trkpt>
      <trkpt lat="46.14522200" lon="-74.65522200">
        <ele>276.800</ele>
      </trkpt>
      <trkpt lat="46.14538500" lon="-74.65565800">
        <ele>275.400</ele>
      </trkpt>
      <trkpt lat="46.14544200" lon="-74.65580700">
        <ele>274.800</ele>
      </trkpt>
      <trkpt lat="46.14549400" lon="-74.65594600">
        <ele>274.200</ele>
      </trkpt>
      <trkpt lat="46.14566700" lon="-74.65636900">
        <ele>273.000</ele>
      </trkpt>
      <trkpt lat="46.14590300" lon="-74.65691100">
        <ele>272.000</ele>
      </trkpt>
      <trkpt lat="46.14617700" lon="-74.65747800">
        <ele>272.000</ele>
      </trkpt>
      <trkpt lat="46.14631600" lon="-74.65774000">
        <ele>272.200</ele>
      </trkpt>
      <trkpt lat="46.14652400" lon="-74.65812700">
        <ele>273.400</ele>
      </trkpt>
      <trkpt lat="46.14662400" lon="-74.65830300">
        <ele>274.200</ele>
      </trkpt>
      <trkpt lat="46.14667200" lon="-74.65838000">
        <ele>274.800</ele>
      </trkpt>
      <trkpt lat="46.14680600" lon="-74.65858000">
        <ele>276.200</ele>
      </trkpt>
      <trkpt lat="46.14684100" lon="-74.65863900">
        <ele>276.600</ele>
      </trkpt>
      <trkpt lat="46.14698800" lon="-74.65886200">
        <ele>277.400</ele>
      </trkpt>
      <trkpt lat="46.14705200" lon="-74.65895500">
        <ele>278.000</ele>
      </trkpt>
      <trkpt lat="46.14707800" lon="-74.65899700">
        <ele>278.600</ele>
      </trkpt>
      <trkpt lat="46.14717700" lon="-74.65913400">
        <ele>280.000</ele>
      </trkpt>
      <trkpt lat="46.14729800" lon="-74.65930800">
        <ele>281.200</ele>
      </trkpt>
      <trkpt lat="46.14740900" lon="-74.65945800">
        <ele>282.400</ele>
      </trkpt>
      <trkpt lat="46.14750100" lon="-74.65956800">
        <ele>283.000</ele>
      </trkpt>
      <trkpt lat="46.14757700" lon="-74.65967900">
        <ele>283.600</ele>
      </trkpt>
      <trkpt lat="46.14765700" lon="-74.65978100">
        <ele>285.000</ele>
      </trkpt>
      <trkpt lat="46.14768500" lon="-74.65981700">
        <ele>285.200</ele>
      </trkpt>
      <trkpt lat="46.14776800" lon="-74.65991300">
        <ele>286.000</ele>
      </trkpt>
      <trkpt lat="46.14785100" lon="-74.66001800">
        <ele>287.200</ele>
      </trkpt>
      <trkpt lat="46.14792900" lon="-74.66011800">
        <ele>288.400</ele>
      </trkpt>
      <trkpt lat="46.14795200" lon="-74.66015200">
        <ele>288.600</ele>
      </trkpt>
      <trkpt lat="46.14803100" lon="-74.66025000">
        <ele>289.400</ele>
      </trkpt>
      <trkpt lat="46.14814100" lon="-74.66037000">
        <ele>290.400</ele>
      </trkpt>
      <trkpt lat="46.14821300" lon="-74.66044700">
        <ele>291.200</ele>
      </trkpt>
      <trkpt lat="46.14825300" lon="-74.66048800">
        <ele>291.600</ele>
      </trkpt>
      <trkpt lat="46.14836300" lon="-74.66059800">
        <ele>292.600</ele>
      </trkpt>
      <trkpt lat="46.14847800" lon="-74.66071100">
        <ele>293.600</ele>
      </trkpt>
      <trkpt lat="46.14852800" lon="-74.66076400">
        <ele>294.400</ele>
      </trkpt>
      <trkpt lat="46.14858800" lon="-74.66082700">
        <ele>294.800</ele>
      </trkpt>
      <trkpt lat="46.14870500" lon="-74.66093600">
        <ele>296.000</ele>
      </trkpt>
      <trkpt lat="46.14876100" lon="-74.66098600">
        <ele>296.400</ele>
      </trkpt>
      <trkpt lat="46.14882100" lon="-74.66104000">
        <ele>297.000</ele>
      </trkpt>
      <trkpt lat="46.14897300" lon="-74.66116900">
        <ele>298.000</ele>
      </trkpt>
      <trkpt lat="46.14900100" lon="-74.66119600">
        <ele>298.200</ele>
      </trkpt>
      <trkpt lat="46.14916100" lon="-74.66133800">
        <ele>299.400</ele>
      </trkpt>
      <trkpt lat="46.14919300" lon="-74.66136500">
        <ele>299.600</ele>
      </trkpt>
      <trkpt lat="46.14932100" lon="-74.66147300">
        <ele>300.600</ele>
      </trkpt>
      <trkpt lat="46.14948100" lon="-74.66161300">
        <ele>301.600</ele>
      </trkpt>
      <trkpt lat="46.14975200" lon="-74.66180900">
        <ele>302.600</ele>
      </trkpt>
      <trkpt lat="46.14978900" lon="-74.66183900">
        <ele>302.800</ele>
      </trkpt>
      <trkpt lat="46.14997400" lon="-74.66196200">
        <ele>304.000</ele>
      </trkpt>
      <trkpt lat="46.15005400" lon="-74.66201400">
        <ele>305.400</ele>
      </trkpt>
      <trkpt lat="46.15030900" lon="-74.66218400">
        <ele>305.800</ele>
      </trkpt>
      <trkpt lat="46.15049300" lon="-74.66228700">
        <ele>306.400</ele>
      </trkpt>
      <trkpt lat="46.15059000" lon="-74.66233400">
        <ele>306.400</ele>
      </trkpt>
      <trkpt lat="46.15079100" lon="-74.66244200">
        <ele>307.600</ele>
      </trkpt>
      <trkpt lat="46.15110700" lon="-74.66259100">
        <ele>308.400</ele>
      </trkpt>
      <trkpt lat="46.15122300" lon="-74.66263200">
        <ele>308.600</ele>
      </trkpt>
      <trkpt lat="46.15157800" lon="-74.66276800">
        <ele>309.000</ele>
      </trkpt>
      <trkpt lat="46.15214100" lon="-74.66295800">
        <ele>309.600</ele>
      </trkpt>
      <trkpt lat="46.15220600" lon="-74.66297800">
        <ele>309.600</ele>
      </trkpt>
      <trkpt lat="46.15272200" lon="-74.66313900">
        <ele>309.800</ele>
      </trkpt>
      <trkpt lat="46.15285100" lon="-74.66318500">
        <ele>310.800</ele>
      </trkpt>
      <trkpt lat="46.15326500" lon="-74.66332000">
        <ele>310.600</ele>
      </trkpt>
      <trkpt lat="46.15340500" lon="-74.66336700">
        <ele>307.000</ele>
      </trkpt>
      <trkpt lat="46.15373700" lon="-74.66350700">
        <ele>310.200</ele>
      </trkpt>
      <trkpt lat="46.15380500" lon="-74.66353300">
        <ele>319.600</ele>
      </trkpt>
      <trkpt lat="46.15386200" lon="-74.66355900">
        <ele>319.600</ele>
      </trkpt>
      <trkpt lat="46.15414300" lon="-74.66370400">
        <ele>312.000</ele>
      </trkpt>
      <trkpt lat="46.15420800" lon="-74.66375300">
        <ele>312.000</ele>
      </trkpt>
      <trkpt lat="46.15446300" lon="-74.66394400">
        <ele>309.600</ele>
      </trkpt>
      <trkpt lat="46.15453300" lon="-74.66399300">
        <ele>307.600</ele>
      </trkpt>
      <trkpt lat="46.15459800" lon="-74.66404000">
        <ele>307.800</ele>
      </trkpt>
      <trkpt lat="46.15484400" lon="-74.66423600">
        <ele>312.800</ele>
      </trkpt>
      <trkpt lat="46.15504500" lon="-74.66442200">
        <ele>312.800</ele>
      </trkpt>
      <trkpt lat="46.15547900" lon="-74.66490000">
        <ele>312.800</ele>
      </trkpt>
      <trkpt lat="46.15554000" lon="-74.66498000">
        <ele>312.800</ele>
      </trkpt>
      <trkpt lat="46.15596800" lon="-74.66556600">
        <ele>312.400</ele>
      </trkpt>
      <trkpt lat="46.15603000" lon="-74.66566500">
        <ele>312.200</ele>
      </trkpt>
      <trkpt lat="46.15620100" lon="-74.66596500">
        <ele>311.800</ele>
      </trkpt>
      <trkpt lat="46.15643600" lon="-74.66642900">
        <ele>311.200</ele>
      </trkpt>
      <trkpt lat="46.15653200" lon="-74.66666100">
        <ele>310.600</ele>
      </trkpt>
      <trkpt lat="46.15672900" lon="-74.66718900">
        <ele>309.800</ele>
      </trkpt>
      <trkpt lat="46.15678100" lon="-74.66735100">
        <ele>309.400</ele>
      </trkpt>
      <trkpt lat="46.15694900" lon="-74.66793300">
        <ele>308.200</ele>
      </trkpt>
      <trkpt lat="46.15702500" lon="-74.66824800">
        <ele>307.600</ele>
      </trkpt>
      <trkpt lat="46.15709000" lon="-74.66855400">
        <ele>306.800</ele>
      </trkpt>
      <trkpt lat="46.15716800" lon="-74.66901600">
        <ele>305.800</ele>
      </trkpt>
      <trkpt lat="46.15721400" lon="-74.66935000">
        <ele>305.000</ele>
      </trkpt>
      <trkpt lat="46.15724300" lon="-74.66963900">
        <ele>304.600</ele>
      </trkpt>
      <trkpt lat="46.15726800" lon="-74.67032500">
        <ele>303.400</ele>
      </trkpt>
      <trkpt lat="46.15725200" lon="-74.67089500">
        <ele>302.200</ele>
      </trkpt>
      <trkpt lat="46.15725000" lon="-74.67124000">
        <ele>300.800</ele>
      </trkpt>
      <trkpt lat="46.15725300" lon="-74.67140500">
        <ele>300.600</ele>
      </trkpt>
      <trkpt lat="46.15725400" lon="-74.67196400">
        <ele>299.600</ele>
      </trkpt>
      <trkpt lat="46.15724600" lon="-74.67268500">
        <ele>298.200</ele>
      </trkpt>
      <trkpt lat="46.15724100" lon="-74.67304600">
        <ele>297.800</ele>
      </trkpt>
      <trkpt lat="46.15723900" lon="-74.67342700">
        <ele>297.000</ele>
      </trkpt>
      <trkpt lat="46.15723900" lon="-74.67379200">
        <ele>295.600</ele>
      </trkpt>
      <trkpt lat="46.15723600" lon="-74.67414000">
        <ele>294.600</ele>
      </trkpt>
      <trkpt lat="46.15723300" lon="-74.67435000">
        <ele>294.000</ele>
      </trkpt>
      <trkpt lat="46.15722700" lon="-74.67472600">
        <ele>293.200</ele>
      </trkpt>
      <trkpt lat="46.15722700" lon="-74.67489800">
        <ele>292.600</ele>
      </trkpt>
      <trkpt lat="46.15722400" lon="-74.67509400">
        <ele>291.800</ele>
      </trkpt>
      <trkpt lat="46.15722100" lon="-74.67547600">
        <ele>290.600</ele>
      </trkpt>
      <trkpt lat="46.15721500" lon="-74.67586500">
        <ele>289.200</ele>
      </trkpt>
      <trkpt lat="46.15721600" lon="-74.67628000">
        <ele>287.800</ele>
      </trkpt>
      <trkpt lat="46.15721700" lon="-74.67650300">
        <ele>286.800</ele>
      </trkpt>
      <trkpt lat="46.15721600" lon="-74.67671500">
        <ele>285.800</ele>
      </trkpt>
      <trkpt lat="46.15721600" lon="-74.67687400">
        <ele>284.800</ele>
      </trkpt>
      <trkpt lat="46.15721400" lon="-74.67736300">
        <ele>283.000</ele>
      </trkpt>
      <trkpt lat="46.15720900" lon="-74.67757500">
        <ele>281.600</ele>
      </trkpt>
      <trkpt lat="46.15720800" lon="-74.67778400">
        <ele>279.600</ele>
      </trkpt>
      <trkpt lat="46.15720700" lon="-74.67802100">
        <ele>279.200</ele>
      </trkpt>
      <trkpt lat="46.15720200" lon="-74.67868400">
        <ele>276.800</ele>
      </trkpt>
      <trkpt lat="46.15717600" lon="-74.68007000">
        <ele>275.600</ele>
      </trkpt>
      <trkpt lat="46.15717300" lon="-74.68029100">
        <ele>274.000</ele>
      </trkpt>
      <trkpt lat="46.15716900" lon="-74.68050100">
        <ele>271.800</ele>
      </trkpt>
      <trkpt lat="46.15716500" lon="-74.68081300">
        <ele>265.400</ele>
      </trkpt>
      <trkpt lat="46.15716600" lon="-74.68105300">
        <ele>264.000</ele>
      </trkpt>
      <trkpt lat="46.15716300" lon="-74.68129900">
        <ele>262.600</ele>
      </trkpt>
      <trkpt lat="46.15715200" lon="-74.68178500">
        <ele>260.400</ele>
      </trkpt>
      <trkpt lat="46.15714900" lon="-74.68204600">
        <ele>259.000</ele>
      </trkpt>
      <trkpt lat="46.15715100" lon="-74.68228500">
        <ele>256.800</ele>
      </trkpt>
      <trkpt lat="46.15715800" lon="-74.68275200">
        <ele>255.000</ele>
      </trkpt>
      <trkpt lat="46.15716200" lon="-74.68301300">
        <ele>253.600</ele>
      </trkpt>
      <trkpt lat="46.15716500" lon="-74.68324700">
        <ele>251.600</ele>
      </trkpt>
      <trkpt lat="46.15716500" lon="-74.68348100">
        <ele>251.000</ele>
      </trkpt>
      <trkpt lat="46.15716300" lon="-74.68375700">
        <ele>249.600</ele>
      </trkpt>
      <trkpt lat="46.15716200" lon="-74.68426500">
        <ele>247.000</ele>
      </trkpt>
      <trkpt lat="46.15716300" lon="-74.68448700">
        <ele>245.600</ele>
      </trkpt>
      <trkpt lat="46.15716300" lon="-74.68476600">
        <ele>243.400</ele>
      </trkpt>
      <trkpt lat="46.15715900" lon="-74.68528100">
        <ele>241.400</ele>
      </trkpt>
      <trkpt lat="46.15715800" lon="-74.68553100">
        <ele>239.600</ele>
      </trkpt>
      <trkpt lat="46.15715900" lon="-74.68581800">
        <ele>238.200</ele>
      </trkpt>
      <trkpt lat="46.15716000" lon="-74.68607600">
        <ele>237.000</ele>
      </trkpt>
      <trkpt lat="46.15716000" lon="-74.68631200">
        <ele>235.600</ele>
      </trkpt>
      <trkpt lat="46.15715700" lon="-74.68683600">
        <ele>233.600</ele>
      </trkpt>
      <trkpt lat="46.15715900" lon="-74.68711600">
        <ele>232.400</ele>
      </trkpt>
      <trkpt lat="46.15716100" lon="-74.68736700">
        <ele>230.600</ele>
      </trkpt>
      <trkpt lat="46.15716300" lon="-74.68777500">
        <ele>229.400</ele>
      </trkpt>
      <trkpt lat="46.15716700" lon="-74.68809800">
        <ele>229.000</ele>
      </trkpt>
      <trkpt lat="46.15716900" lon="-74.68835500">
        <ele>228.200</ele>
      </trkpt>
      <trkpt lat="46.15716800" lon="-74.68884900">
        <ele>226.400</ele>
      </trkpt>
      <trkpt lat="46.15717000" lon="-74.68908500">
        <ele>225.400</ele>
      </trkpt>
      <trkpt lat="46.15717200" lon="-74.68934300">
        <ele>224.000</ele>
      </trkpt>
      <trkpt lat="46.15717400" lon="-74.68985500">
        <ele>222.200</ele>
      </trkpt>
      <trkpt lat="46.15717500" lon="-74.69006500">
        <ele>221.600</ele>
      </trkpt>
      <trkpt lat="46.15717400" lon="-74.69031100">
        <ele>221.000</ele>
      </trkpt>
      <trkpt lat="46.15717800" lon="-74.69084400">
        <ele>219.400</ele>
      </trkpt>
      <trkpt lat="46.15717700" lon="-74.69132300">
        <ele>217.800</ele>
      </trkpt>
      <trkpt lat="46.15717600" lon="-74.69176200">
        <ele>216.800</ele>
      </trkpt>
      <trkpt lat="46.15717500" lon="-74.69257800">
        <ele>215.800</ele>
      </trkpt>
      <trkpt lat="46.15717500" lon="-74.69314500">
        <ele>214.800</ele>
      </trkpt>
      <trkpt lat="46.15717600" lon="-74.69333100">
        <ele>214.400</ele>
      </trkpt>
      <trkpt lat="46.15717800" lon="-74.69382200">
        <ele>213.600</ele>
      </trkpt>
      <trkpt lat="46.15717800" lon="-74.69402700">
        <ele>213.200</ele>
      </trkpt>
      <trkpt lat="46.15718700" lon="-74.69488400">
        <ele>213.000</ele>
      </trkpt>
      <trkpt lat="46.15719000" lon="-74.69500500">
        <ele>213.000</ele>
      </trkpt>
      <trkpt lat="46.15720800" lon="-74.69583700">
        <ele>213.200</ele>
      </trkpt>
      <trkpt lat="46.15721500" lon="-74.69644100">
        <ele>213.600</ele>
      </trkpt>
      <trkpt lat="46.15721600" lon="-74.69658500">
        <ele>214.800</ele>
      </trkpt>
      <trkpt lat="46.15721500" lon="-74.69678900">
        <ele>213.400</ele>
      </trkpt>
      <trkpt lat="46.15721300" lon="-74.69729100">
        <ele>211.000</ele>
      </trkpt>
      <trkpt lat="46.15722100" lon="-74.69767100">
        <ele>211.600</ele>
      </trkpt>
      <trkpt lat="46.15722400" lon="-74.69797600">
        <ele>213.200</ele>
      </trkpt>
      <trkpt lat="46.15722100" lon="-74.69816400">
        <ele>214.600</ele>
      </trkpt>
      <trkpt lat="46.15721600" lon="-74.69883600">
        <ele>214.200</ele>
      </trkpt>
      <trkpt lat="46.15721600" lon="-74.69962500">
        <ele>213.600</ele>
      </trkpt>
      <trkpt lat="46.15722000" lon="-74.70009600">
        <ele>213.800</ele>
      </trkpt>
      <trkpt lat="46.15722200" lon="-74.70023800">
        <ele>213.800</ele>
      </trkpt>
      <trkpt lat="46.15724400" lon="-74.70101600">
        <ele>213.600</ele>
      </trkpt>
      <trkpt lat="46.15725800" lon="-74.70117200">
        <ele>213.600</ele>
      </trkpt>
      <trkpt lat="46.15727300" lon="-74.70132500">
        <ele>213.600</ele>
      </trkpt>
      <trkpt lat="46.15740100" lon="-74.70212800">
        <ele>213.800</ele>
      </trkpt>
      <trkpt lat="46.15759500" lon="-74.70293900">
        <ele>213.600</ele>
      </trkpt>
      <trkpt lat="46.15768200" lon="-74.70317600">
        <ele>213.800</ele>
      </trkpt>
      <trkpt lat="46.15797700" lon="-74.70388100">
        <ele>214.200</ele>
      </trkpt>
      <trkpt lat="46.15803300" lon="-74.70399200">
        <ele>214.200</ele>
      </trkpt>
      <trkpt lat="46.15820200" lon="-74.70431800">
        <ele>214.800</ele>
      </trkpt>
      <trkpt lat="46.15851500" lon="-74.70479600">
        <ele>214.600</ele>
      </trkpt>
      <trkpt lat="46.15893600" lon="-74.70530200">
        <ele>215.000</ele>
      </trkpt>
      <trkpt lat="46.15939000" lon="-74.70573800">
        <ele>215.400</ele>
      </trkpt>
      <trkpt lat="46.15947300" lon="-74.70580700">
        <ele>215.600</ele>
      </trkpt>
      <trkpt lat="46.15971200" lon="-74.70598700">
        <ele>215.800</ele>
      </trkpt>
      <trkpt lat="46.16010900" lon="-74.70629200">
        <ele>215.800</ele>
      </trkpt>
      <trkpt lat="46.16066700" lon="-74.70671000">
        <ele>215.800</ele>
      </trkpt>
      <trkpt lat="46.16090700" lon="-74.70689300">
        <ele>215.800</ele>
      </trkpt>
      <trkpt lat="46.16140000" lon="-74.70725300">
        <ele>215.600</ele>
      </trkpt>
      <trkpt lat="46.16155500" lon="-74.70737000">
        <ele>217.200</ele>
      </trkpt>
      <trkpt lat="46.16171700" lon="-74.70749500">
        <ele>214.600</ele>
      </trkpt>
      <trkpt lat="46.16187700" lon="-74.70761200">
        <ele>215.800</ele>
      </trkpt>
      <trkpt lat="46.16233700" lon="-74.70795700">
        <ele>214.200</ele>
      </trkpt>
      <trkpt lat="46.16240600" lon="-74.70800600">
        <ele>213.200</ele>
      </trkpt>
      <trkpt lat="46.16249600" lon="-74.70806900">
        <ele>215.200</ele>
      </trkpt>
      <trkpt lat="46.16257300" lon="-74.70812500">
        <ele>218.800</ele>
      </trkpt>
      <trkpt lat="46.16269500" lon="-74.70821900">
        <ele>220.000</ele>
      </trkpt>
      <trkpt lat="46.16279300" lon="-74.70829300">
        <ele>221.600</ele>
      </trkpt>
      <trkpt lat="46.16294100" lon="-74.70840200">
        <ele>222.800</ele>
      </trkpt>
      <trkpt lat="46.16314900" lon="-74.70856300">
        <ele>221.200</ele>
      </trkpt>
      <trkpt lat="46.16321800" lon="-74.70861700">
        <ele>219.400</ele>
      </trkpt>
      <trkpt lat="46.16327600" lon="-74.70866300">
        <ele>218.400</ele>
      </trkpt>
      <trkpt lat="46.16334300" lon="-74.70871700">
        <ele>216.600</ele>
      </trkpt>
      <trkpt lat="46.16341500" lon="-74.70877300">
        <ele>215.000</ele>
      </trkpt>
      <trkpt lat="46.16374700" lon="-74.70904500">
        <ele>217.800</ele>
      </trkpt>
      <trkpt lat="46.16387600" lon="-74.70915800">
        <ele>219.800</ele>
      </trkpt>
      <trkpt lat="46.16393400" lon="-74.70921300">
        <ele>221.200</ele>
      </trkpt>
      <trkpt lat="46.16411900" lon="-74.70939200">
        <ele>220.600</ele>
      </trkpt>
      <trkpt lat="46.16417800" lon="-74.70945400">
        <ele>218.600</ele>
      </trkpt>
      <trkpt lat="46.16421900" lon="-74.70949800">
        <ele>217.000</ele>
      </trkpt>
      <trkpt lat="46.16439700" lon="-74.70968900">
        <ele>218.200</ele>
      </trkpt>
      <trkpt lat="46.16446600" lon="-74.70976300">
        <ele>216.400</ele>
      </trkpt>
      <trkpt lat="46.16451500" lon="-74.70981800">
        <ele>214.800</ele>
      </trkpt>
      <trkpt lat="46.16458600" lon="-74.70989900">
        <ele>215.400</ele>
      </trkpt>
      <trkpt lat="46.16463200" lon="-74.70995300">
        <ele>216.800</ele>
      </trkpt>
      <trkpt lat="46.16467500" lon="-74.71000100">
        <ele>215.600</ele>
      </trkpt>
      <trkpt lat="46.16499200" lon="-74.71039200">
        <ele>216.200</ele>
      </trkpt>
      <trkpt lat="46.16518300" lon="-74.71065200">
        <ele>216.600</ele>
      </trkpt>
      <trkpt lat="46.16537000" lon="-74.71091900">
        <ele>217.000</ele>
      </trkpt>
      <trkpt lat="46.16560000" lon="-74.71128500">
        <ele>217.600</ele>
      </trkpt>
      <trkpt lat="46.16570700" lon="-74.71143600">
        <ele>217.600</ele>
      </trkpt>
      <trkpt lat="46.16611600" lon="-74.71207300">
        <ele>218.400</ele>
      </trkpt>
      <trkpt lat="46.16639000" lon="-74.71250500">
        <ele>218.600</ele>
      </trkpt>
      <trkpt lat="46.16662700" lon="-74.71284100">
        <ele>218.600</ele>
      </trkpt>
      <trkpt lat="46.16707300" lon="-74.71344200">
        <ele>217.600</ele>
      </trkpt>
      <trkpt lat="46.16714400" lon="-74.71352800">
        <ele>217.400</ele>
      </trkpt>
      <trkpt lat="46.16759900" lon="-74.71405800">
        <ele>216.000</ele>
      </trkpt>
      <trkpt lat="46.16805400" lon="-74.71453400">
        <ele>214.600</ele>
      </trkpt>
      <trkpt lat="46.16831100" lon="-74.71477000">
        <ele>213.800</ele>
      </trkpt>
      <trkpt lat="46.16842200" lon="-74.71487200">
        <ele>213.400</ele>
      </trkpt>
      <trkpt lat="46.16894400" lon="-74.71538000">
        <ele>213.600</ele>
      </trkpt>
      <trkpt lat="46.16911000" lon="-74.71553500">
        <ele>213.800</ele>
      </trkpt>
      <trkpt lat="46.16951400" lon="-74.71591000">
        <ele>214.600</ele>
      </trkpt>
      <trkpt lat="46.16965400" lon="-74.71603800">
        <ele>215.000</ele>
      </trkpt>
      <trkpt lat="46.16988000" lon="-74.71625300">
        <ele>215.800</ele>
      </trkpt>
      <trkpt lat="46.17003200" lon="-74.71638700">
        <ele>217.000</ele>
      </trkpt>
      <trkpt lat="46.17009900" lon="-74.71645100">
        <ele>217.600</ele>
      </trkpt>
      <trkpt lat="46.17016400" lon="-74.71651100">
        <ele>218.200</ele>
      </trkpt>
      <trkpt lat="46.17029800" lon="-74.71663300">
        <ele>218.800</ele>
      </trkpt>
      <trkpt lat="46.17043600" lon="-74.71675600">
        <ele>219.400</ele>
      </trkpt>
      <trkpt lat="46.17076500" lon="-74.71706000">
        <ele>220.200</ele>
      </trkpt>
      <trkpt lat="46.17083100" lon="-74.71711800">
        <ele>220.400</ele>
      </trkpt>
      <trkpt lat="46.17110700" lon="-74.71737500">
        <ele>221.800</ele>
      </trkpt>
      <trkpt lat="46.17129400" lon="-74.71755300">
        <ele>222.200</ele>
      </trkpt>
      <trkpt lat="46.17163700" lon="-74.71787200">
        <ele>222.800</ele>
      </trkpt>
      <trkpt lat="46.17197600" lon="-74.71820500">
        <ele>223.600</ele>
      </trkpt>
      <trkpt lat="46.17249000" lon="-74.71870300">
        <ele>223.600</ele>
      </trkpt>
      <trkpt lat="46.17256200" lon="-74.71877500">
        <ele>223.600</ele>
      </trkpt>
      <trkpt lat="46.17306600" lon="-74.71934200">
        <ele>222.800</ele>
      </trkpt>
      <trkpt lat="46.17313800" lon="-74.71942600">
        <ele>222.800</ele>
      </trkpt>
      <trkpt lat="46.17356500" lon="-74.71995400">
        <ele>222.400</ele>
      </trkpt>
      <trkpt lat="46.17369900" lon="-74.72012500">
        <ele>222.600</ele>
      </trkpt>
      <trkpt lat="46.17414900" lon="-74.72074900">
        <ele>223.000</ele>
      </trkpt>
      <trkpt lat="46.17456400" lon="-74.72136000">
        <ele>224.000</ele>
      </trkpt>
      <trkpt lat="46.17468800" lon="-74.72155000">
        <ele>224.400</ele>
      </trkpt>
      <trkpt lat="46.17495700" lon="-74.72200100">
        <ele>225.200</ele>
      </trkpt>
      <trkpt lat="46.17517800" lon="-74.72233400">
        <ele>225.600</ele>
      </trkpt>
      <trkpt lat="46.17552200" lon="-74.72287200">
        <ele>226.200</ele>
      </trkpt>
      <trkpt lat="46.17563400" lon="-74.72305900">
        <ele>226.200</ele>
      </trkpt>
      <trkpt lat="46.17605600" lon="-74.72371300">
        <ele>226.200</ele>
      </trkpt>
      <trkpt lat="46.17635100" lon="-74.72421100">
        <ele>225.800</ele>
      </trkpt>
      <trkpt lat="46.17661800" lon="-74.72464100">
        <ele>225.200</ele>
      </trkpt>
      <trkpt lat="46.17684200" lon="-74.72495800">
        <ele>224.600</ele>
      </trkpt>
      <trkpt lat="46.17699500" lon="-74.72515300">
        <ele>224.000</ele>
      </trkpt>
      <trkpt lat="46.17733100" lon="-74.72555700">
        <ele>223.200</ele>
      </trkpt>
      <trkpt lat="46.17741300" lon="-74.72565000">
        <ele>223.000</ele>
      </trkpt>
      <trkpt lat="46.17778600" lon="-74.72604200">
        <ele>221.600</ele>
      </trkpt>
      <trkpt lat="46.17797700" lon="-74.72622000">
        <ele>221.000</ele>
      </trkpt>
      <trkpt lat="46.17809800" lon="-74.72632600">
        <ele>220.400</ele>
      </trkpt>
      <trkpt lat="46.17830200" lon="-74.72649800">
        <ele>219.400</ele>
      </trkpt>
      <trkpt lat="46.17862300" lon="-74.72675100">
        <ele>218.200</ele>
      </trkpt>
      <trkpt lat="46.17885200" lon="-74.72691600">
        <ele>217.400</ele>
      </trkpt>
      <trkpt lat="46.17894500" lon="-74.72698000">
        <ele>217.000</ele>
      </trkpt>
      <trkpt lat="46.17931000" lon="-74.72719600">
        <ele>215.800</ele>
      </trkpt>
      <trkpt lat="46.17961700" lon="-74.72735100">
        <ele>215.200</ele>
      </trkpt>
      <trkpt lat="46.17989600" lon="-74.72749400">
        <ele>214.600</ele>
      </trkpt>
      <trkpt lat="46.18044800" lon="-74.72778700">
        <ele>214.600</ele>
      </trkpt>
      <trkpt lat="46.18105200" lon="-74.72811800">
        <ele>214.800</ele>
      </trkpt>
      <trkpt lat="46.18116300" lon="-74.72817600">
        <ele>214.800</ele>
      </trkpt>
      <trkpt lat="46.18167600" lon="-74.72843700">
        <ele>214.800</ele>
      </trkpt>
      <trkpt lat="46.18228900" lon="-74.72873600">
        <ele>215.400</ele>
      </trkpt>
      <trkpt lat="46.18239400" lon="-74.72879000">
        <ele>215.600</ele>
      </trkpt>
      <trkpt lat="46.18249500" lon="-74.72884300">
        <ele>215.600</ele>
      </trkpt>
      <trkpt lat="46.18309700" lon="-74.72916100">
        <ele>216.000</ele>
      </trkpt>
      <trkpt lat="46.18319100" lon="-74.72921000">
        <ele>216.000</ele>
      </trkpt>
      <trkpt lat="46.18378000" lon="-74.72952200">
        <ele>216.000</ele>
      </trkpt>
      <trkpt lat="46.18388600" lon="-74.72957700">
        <ele>216.200</ele>
      </trkpt>
      <trkpt lat="46.18427400" lon="-74.72977700">
        <ele>216.600</ele>
      </trkpt>
      <trkpt lat="46.18485700" lon="-74.73004000">
        <ele>216.800</ele>
      </trkpt>
      <trkpt lat="46.18533800" lon="-74.73020500">
        <ele>217.000</ele>
      </trkpt>
      <trkpt lat="46.18572600" lon="-74.73030300">
        <ele>217.000</ele>
      </trkpt>
      <trkpt lat="46.18631800" lon="-74.73037800">
        <ele>217.000</ele>
      </trkpt>
      <trkpt lat="46.18652800" lon="-74.73038700">
        <ele>217.000</ele>
      </trkpt>
      <trkpt lat="46.18712700" lon="-74.73034900">
        <ele>216.600</ele>
      </trkpt>
      <trkpt lat="46.18731400" lon="-74.73031700">
        <ele>216.400</ele>
      </trkpt>
      <trkpt lat="46.18788100" lon="-74.73020700">
        <ele>216.200</ele>
      </trkpt>
      <trkpt lat="46.18825700" lon="-74.73012800">
        <ele>216.000</ele>
      </trkpt>
      <trkpt lat="46.18879700" lon="-74.73001600">
        <ele>216.400</ele>
      </trkpt>
      <trkpt lat="46.18904100" lon="-74.72997200">
        <ele>216.800</ele>
      </trkpt>
      <trkpt lat="46.18944600" lon="-74.72988600">
        <ele>217.800</ele>
      </trkpt>
      <trkpt lat="46.18973400" lon="-74.72983500">
        <ele>218.800</ele>
      </trkpt>
      <trkpt lat="46.18982100" lon="-74.72981900">
        <ele>219.200</ele>
      </trkpt>
      <trkpt lat="46.19018900" lon="-74.72973900">
        <ele>220.200</ele>
      </trkpt>
      <trkpt lat="46.19044800" lon="-74.72969600">
        <ele>221.000</ele>
      </trkpt>
      <trkpt lat="46.19070700" lon="-74.72965100">
        <ele>221.400</ele>
      </trkpt>
      <trkpt lat="46.19122800" lon="-74.72954100">
        <ele>222.400</ele>
      </trkpt>
      <trkpt lat="46.19176900" lon="-74.72942700">
        <ele>223.000</ele>
      </trkpt>
      <trkpt lat="46.19216900" lon="-74.72934400">
        <ele>223.200</ele>
      </trkpt>
      <trkpt lat="46.19232100" lon="-74.72931400">
        <ele>223.400</ele>
      </trkpt>
      <trkpt lat="46.19288900" lon="-74.72920100">
        <ele>223.600</ele>
      </trkpt>
      <trkpt lat="46.19296800" lon="-74.72918300">
        <ele>223.600</ele>
      </trkpt>
      <trkpt lat="46.19321000" lon="-74.72913800">
        <ele>222.200</ele>
      </trkpt>
      <trkpt lat="46.19355800" lon="-74.72904500">
        <ele>223.400</ele>
      </trkpt>
      <trkpt lat="46.19413900" lon="-74.72879600">
        <ele>223.000</ele>
      </trkpt>
      <trkpt lat="46.19429800" lon="-74.72872100">
        <ele>223.200</ele>
      </trkpt>
      <trkpt lat="46.19485500" lon="-74.72837500">
        <ele>223.400</ele>
      </trkpt>
      <trkpt lat="46.19540100" lon="-74.72797100">
        <ele>223.600</ele>
      </trkpt>
      <trkpt lat="46.19553600" lon="-74.72785900">
        <ele>223.600</ele>
      </trkpt>
      <trkpt lat="46.19603300" lon="-74.72736100">
        <ele>224.000</ele>
      </trkpt>
      <trkpt lat="46.19649200" lon="-74.72678000">
        <ele>224.200</ele>
      </trkpt>
      <trkpt lat="46.19660400" lon="-74.72662900">
        <ele>224.400</ele>
      </trkpt>
      <trkpt lat="46.19690200" lon="-74.72626100">
        <ele>225.400</ele>
      </trkpt>
      <trkpt lat="46.19696100" lon="-74.72618400">
        <ele>225.800</ele>
      </trkpt>
      <trkpt lat="46.19722600" lon="-74.72584300">
        <ele>226.800</ele>
      </trkpt>
      <trkpt lat="46.19740500" lon="-74.72562300">
        <ele>227.400</ele>
      </trkpt>
      <trkpt lat="46.19763200" lon="-74.72534000">
        <ele>228.000</ele>
      </trkpt>
      <trkpt lat="46.19790000" lon="-74.72498100">
        <ele>228.400</ele>
      </trkpt>
      <trkpt lat="46.19834600" lon="-74.72439700">
        <ele>228.400</ele>
      </trkpt>
      <trkpt lat="46.19839500" lon="-74.72433300">
        <ele>228.400</ele>
      </trkpt>
      <trkpt lat="46.19886900" lon="-74.72373100">
        <ele>227.800</ele>
      </trkpt>
      <trkpt lat="46.19904200" lon="-74.72350800">
        <ele>228.000</ele>
      </trkpt>
      <trkpt lat="46.19947700" lon="-74.72294500">
        <ele>229.200</ele>
      </trkpt>
      <trkpt lat="46.19965400" lon="-74.72272500">
        <ele>229.800</ele>
      </trkpt>
      <trkpt lat="46.20010700" lon="-74.72214200">
        <ele>230.000</ele>
      </trkpt>
      <trkpt lat="46.20023300" lon="-74.72198200">
        <ele>230.000</ele>
      </trkpt>
      <trkpt lat="46.20066000" lon="-74.72142500">
        <ele>229.600</ele>
      </trkpt>
      <trkpt lat="46.20073000" lon="-74.72133500">
        <ele>229.600</ele>
      </trkpt>
      <trkpt lat="46.20092700" lon="-74.72107600">
        <ele>227.800</ele>
      </trkpt>
      <trkpt lat="46.20107800" lon="-74.72087500">
        <ele>226.200</ele>
      </trkpt>
      <trkpt lat="46.20116200" lon="-74.72076300">
        <ele>225.200</ele>
      </trkpt>
      <trkpt lat="46.20123000" lon="-74.72067100">
        <ele>224.600</ele>
      </trkpt>
      <trkpt lat="46.20136000" lon="-74.72050300">
        <ele>224.800</ele>
      </trkpt>
      <trkpt lat="46.20153200" lon="-74.72027300">
        <ele>226.000</ele>
      </trkpt>
      <trkpt lat="46.20193800" lon="-74.71974800">
        <ele>226.600</ele>
      </trkpt>
      <trkpt lat="46.20203000" lon="-74.71963000">
        <ele>226.600</ele>
      </trkpt>
      <trkpt lat="46.20260000" lon="-74.71889100">
        <ele>226.800</ele>
      </trkpt>
      <trkpt lat="46.20279400" lon="-74.71864100">
        <ele>227.000</ele>
      </trkpt>
      <trkpt lat="46.20324400" lon="-74.71810900">
        <ele>227.800</ele>
      </trkpt>
      <trkpt lat="46.20362900" lon="-74.71774100">
        <ele>227.200</ele>
      </trkpt>
      <trkpt lat="46.20382600" lon="-74.71758000">
        <ele>228.200</ele>
      </trkpt>
      <trkpt lat="46.20410800" lon="-74.71734800">
        <ele>228.200</ele>
      </trkpt>
      <trkpt lat="46.20462900" lon="-74.71701900">
        <ele>228.600</ele>
      </trkpt>
      <trkpt lat="46.20507400" lon="-74.71673400">
        <ele>228.600</ele>
      </trkpt>
      <trkpt lat="46.20560300" lon="-74.71646000">
        <ele>228.600</ele>
      </trkpt>
      <trkpt lat="46.20573300" lon="-74.71640200">
        <ele>228.600</ele>
      </trkpt>
      <trkpt lat="46.20627800" lon="-74.71614500">
        <ele>228.600</ele>
      </trkpt>
      <trkpt lat="46.20652800" lon="-74.71601900">
        <ele>228.800</ele>
      </trkpt>
      <trkpt lat="46.20702500" lon="-74.71576600">
        <ele>229.200</ele>
      </trkpt>
      <trkpt lat="46.20736100" lon="-74.71558800">
        <ele>229.600</ele>
      </trkpt>
      <trkpt lat="46.20762000" lon="-74.71545500">
        <ele>231.000</ele>
      </trkpt>
      <trkpt lat="46.20770500" lon="-74.71541000">
        <ele>234.000</ele>
      </trkpt>
      <trkpt lat="46.20804400" lon="-74.71521500">
        <ele>234.200</ele>
      </trkpt>
      <trkpt lat="46.20821100" lon="-74.71511800">
        <ele>229.800</ele>
      </trkpt>
      <trkpt lat="46.20870500" lon="-74.71484000">
        <ele>230.200</ele>
      </trkpt>
      <trkpt lat="46.20895100" lon="-74.71468600">
        <ele>230.200</ele>
      </trkpt>
      <trkpt lat="46.20942800" lon="-74.71437900">
        <ele>230.200</ele>
      </trkpt>
      <trkpt lat="46.20997600" lon="-74.71404600">
        <ele>230.400</ele>
      </trkpt>
      <trkpt lat="46.21025100" lon="-74.71386900">
        <ele>230.400</ele>
      </trkpt>
      <trkpt lat="46.21086200" lon="-74.71347600">
        <ele>230.400</ele>
      </trkpt>
      <trkpt lat="46.21109800" lon="-74.71332900">
        <ele>230.600</ele>
      </trkpt>
      <trkpt lat="46.21166800" lon="-74.71297600">
        <ele>230.600</ele>
      </trkpt>
      <trkpt lat="46.21214400" lon="-74.71267200">
        <ele>230.800</ele>
      </trkpt>
      <trkpt lat="46.21261600" lon="-74.71238000">
        <ele>229.400</ele>
      </trkpt>
      <trkpt lat="46.21277600" lon="-74.71227700">
        <ele>229.400</ele>
      </trkpt>
      <trkpt lat="46.21308400" lon="-74.71207200">
        <ele>230.800</ele>
      </trkpt>
      <trkpt lat="46.21333300" lon="-74.71191300">
        <ele>230.400</ele>
      </trkpt>
      <trkpt lat="46.21391300" lon="-74.71156400">
        <ele>231.200</ele>
      </trkpt>
      <trkpt lat="46.21442600" lon="-74.71124900">
        <ele>231.200</ele>
      </trkpt>
      <trkpt lat="46.21466900" lon="-74.71109700">
        <ele>231.200</ele>
      </trkpt>
      <trkpt lat="46.21520300" lon="-74.71073900">
        <ele>231.200</ele>
      </trkpt>
      <trkpt lat="46.21577700" lon="-74.71042800">
        <ele>231.600</ele>
      </trkpt>
      <trkpt lat="46.21628900" lon="-74.71021000">
        <ele>231.600</ele>
      </trkpt>
      <trkpt lat="46.21689000" lon="-74.70997800">
        <ele>231.400</ele>
      </trkpt>
      <trkpt lat="46.21722600" lon="-74.70986100">
        <ele>231.400</ele>
      </trkpt>
      <trkpt lat="46.21731700" lon="-74.70983300">
        <ele>231.400</ele>
      </trkpt>
      <trkpt lat="46.21791300" lon="-74.70968900">
        <ele>231.800</ele>
      </trkpt>
      <trkpt lat="46.21816700" lon="-74.70964800">
        <ele>232.000</ele>
      </trkpt>
      <trkpt lat="46.21878900" lon="-74.70959700">
        <ele>232.000</ele>
      </trkpt>
      <trkpt lat="46.21922700" lon="-74.70959100">
        <ele>232.200</ele>
      </trkpt>
      <trkpt lat="46.21983800" lon="-74.70963200">
        <ele>232.200</ele>
      </trkpt>
      <trkpt lat="46.22001800" lon="-74.70965500">
        <ele>232.200</ele>
      </trkpt>
      <trkpt lat="46.22061900" lon="-74.70975700">
        <ele>232.400</ele>
      </trkpt>
      <trkpt lat="46.22113400" lon="-74.70991300">
        <ele>232.400</ele>
      </trkpt>
      <trkpt lat="46.22172300" lon="-74.71012300">
        <ele>232.600</ele>
      </trkpt>
      <trkpt lat="46.22196200" lon="-74.71023200">
        <ele>232.600</ele>
      </trkpt>
      <trkpt lat="46.22254000" lon="-74.71051200">
        <ele>232.600</ele>
      </trkpt>
      <trkpt lat="46.22283700" lon="-74.71068600">
        <ele>232.800</ele>
      </trkpt>
      <trkpt lat="46.22300900" lon="-74.71079800">
        <ele>233.000</ele>
      </trkpt>
      <trkpt lat="46.22348400" lon="-74.71111100">
        <ele>233.000</ele>
      </trkpt>
      <trkpt lat="46.22403300" lon="-74.71151100">
        <ele>233.000</ele>
      </trkpt>
      <trkpt lat="46.22441300" lon="-74.71181300">
        <ele>233.000</ele>
      </trkpt>
      <trkpt lat="46.22495200" lon="-74.71224400">
        <ele>233.400</ele>
      </trkpt>
      <trkpt lat="46.22525300" lon="-74.71249600">
        <ele>233.400</ele>
      </trkpt>
      <trkpt lat="46.22580200" lon="-74.71292700">
        <ele>233.400</ele>
      </trkpt>
      <trkpt lat="46.22618400" lon="-74.71323100">
        <ele>233.200</ele>
      </trkpt>
      <trkpt lat="46.22672700" lon="-74.71365300">
        <ele>233.200</ele>
      </trkpt>
      <trkpt lat="46.22688900" lon="-74.71377200">
        <ele>233.200</ele>
      </trkpt>
      <trkpt lat="46.22743300" lon="-74.71420400">
        <ele>232.800</ele>
      </trkpt>
      <trkpt lat="46.22751200" lon="-74.71426200">
        <ele>233.000</ele>
      </trkpt>
      <trkpt lat="46.22800600" lon="-74.71464600">
        <ele>232.600</ele>
      </trkpt>
      <trkpt lat="46.22825200" lon="-74.71481700">
        <ele>232.400</ele>
      </trkpt>
      <trkpt lat="46.22878000" lon="-74.71516200">
        <ele>232.000</ele>
      </trkpt>
      <trkpt lat="46.22896500" lon="-74.71526300">
        <ele>232.000</ele>
      </trkpt>
      <trkpt lat="46.22915100" lon="-74.71535600">
        <ele>231.800</ele>
      </trkpt>
      <trkpt lat="46.22969600" lon="-74.71556600">
        <ele>231.400</ele>
      </trkpt>
      <trkpt lat="46.23024700" lon="-74.71570800">
        <ele>231.200</ele>
      </trkpt>
      <trkpt lat="46.23071500" lon="-74.71581100">
        <ele>230.800</ele>
      </trkpt>
      <trkpt lat="46.23090400" lon="-74.71584000">
        <ele>230.800</ele>
      </trkpt>
      <trkpt lat="46.23146400" lon="-74.71589300">
        <ele>230.400</ele>
      </trkpt>
      <trkpt lat="46.23166400" lon="-74.71589600">
        <ele>230.400</ele>
      </trkpt>
      <trkpt lat="46.23222700" lon="-74.71586200">
        <ele>230.400</ele>
      </trkpt>
      <trkpt lat="46.23248300" lon="-74.71581600">
        <ele>230.400</ele>
      </trkpt>
      <trkpt lat="46.23303800" lon="-74.71569500">
        <ele>230.400</ele>
      </trkpt>
      <trkpt lat="46.23311400" lon="-74.71567400">
        <ele>230.400</ele>
      </trkpt>
      <trkpt lat="46.23368900" lon="-74.71551700">
        <ele>231.200</ele>
      </trkpt>
      <trkpt lat="46.23393600" lon="-74.71544800">
        <ele>231.800</ele>
      </trkpt>
      <trkpt lat="46.23401400" lon="-74.71542600">
        <ele>231.800</ele>
      </trkpt>
      <trkpt lat="46.23432300" lon="-74.71535700">
        <ele>232.400</ele>
      </trkpt>
      <trkpt lat="46.23454400" lon="-74.71529400">
        <ele>232.800</ele>
      </trkpt>
      <trkpt lat="46.23468900" lon="-74.71524400">
        <ele>233.000</ele>
      </trkpt>
      <trkpt lat="46.23475800" lon="-74.71522300">
        <ele>231.400</ele>
      </trkpt>
      <trkpt lat="46.23483000" lon="-74.71520300">
        <ele>232.600</ele>
      </trkpt>
      <trkpt lat="46.23505600" lon="-74.71514200">
        <ele>233.200</ele>
      </trkpt>
      <trkpt lat="46.23536200" lon="-74.71505700">
        <ele>234.400</ele>
      </trkpt>
      <trkpt lat="46.23558500" lon="-74.71499200">
        <ele>234.800</ele>
      </trkpt>
      <trkpt lat="46.23612200" lon="-74.71485400">
        <ele>234.400</ele>
      </trkpt>
      <trkpt lat="46.23628400" lon="-74.71481300">
        <ele>234.200</ele>
      </trkpt>
      <trkpt lat="46.23671300" lon="-74.71469200">
        <ele>233.400</ele>
      </trkpt>
      <trkpt lat="46.23697600" lon="-74.71460900">
        <ele>232.200</ele>
      </trkpt>
      <trkpt lat="46.23706500" lon="-74.71458100">
        <ele>232.000</ele>
      </trkpt>
      <trkpt lat="46.23752000" lon="-74.71442700">
        <ele>233.200</ele>
      </trkpt>
      <trkpt lat="46.23767000" lon="-74.71437700">
        <ele>233.200</ele>
      </trkpt>
      <trkpt lat="46.23789500" lon="-74.71430000">
        <ele>232.200</ele>
      </trkpt>
      <trkpt lat="46.23848700" lon="-74.71410800">
        <ele>231.800</ele>
      </trkpt>
      <trkpt lat="46.23858900" lon="-74.71407400">
        <ele>232.200</ele>
      </trkpt>
      <trkpt lat="46.23889400" lon="-74.71396900">
        <ele>230.800</ele>
      </trkpt>
      <trkpt lat="46.23911100" lon="-74.71389200">
        <ele>229.400</ele>
      </trkpt>
      <trkpt lat="46.23944100" lon="-74.71378000">
        <ele>228.200</ele>
      </trkpt>
      <trkpt lat="46.23965900" lon="-74.71370900">
        <ele>227.800</ele>
      </trkpt>
      <trkpt lat="46.23989900" lon="-74.71363900">
        <ele>227.000</ele>
      </trkpt>
      <trkpt lat="46.24024100" lon="-74.71355800">
        <ele>225.800</ele>
      </trkpt>
      <trkpt lat="46.24046700" lon="-74.71351000">
        <ele>224.800</ele>
      </trkpt>
      <trkpt lat="46.24072200" lon="-74.71346700">
        <ele>224.400</ele>
      </trkpt>
      <trkpt lat="46.24095300" lon="-74.71343500">
        <ele>223.400</ele>
      </trkpt>
      <trkpt lat="46.24132600" lon="-74.71342500">
        <ele>221.800</ele>
      </trkpt>
      <trkpt lat="46.24166000" lon="-74.71343700">
        <ele>220.600</ele>
      </trkpt>
      <trkpt lat="46.24210100" lon="-74.71347500">
        <ele>220.600</ele>
      </trkpt>
      <trkpt lat="46.24270200" lon="-74.71360000">
        <ele>221.600</ele>
      </trkpt>
      <trkpt lat="46.24279300" lon="-74.71362700">
        <ele>221.800</ele>
      </trkpt>
      <trkpt lat="46.24313800" lon="-74.71374700">
        <ele>222.600</ele>
      </trkpt>
      <trkpt lat="46.24316400" lon="-74.71376300">
        <ele>223.000</ele>
      </trkpt>
      <trkpt lat="46.24332100" lon="-74.71383000">
        <ele>224.000</ele>
      </trkpt>
      <trkpt lat="46.24387800" lon="-74.71403900">
        <ele>224.400</ele>
      </trkpt>
      <trkpt lat="46.24406500" lon="-74.71413400">
        <ele>225.200</ele>
      </trkpt>
      <trkpt lat="46.24421000" lon="-74.71420700">
        <ele>226.000</ele>
      </trkpt>
      <trkpt lat="46.24428000" lon="-74.71424400">
        <ele>226.400</ele>
      </trkpt>
      <trkpt lat="46.24454300" lon="-74.71440300">
        <ele>227.400</ele>
      </trkpt>
      <trkpt lat="46.24474600" lon="-74.71453800">
        <ele>228.000</ele>
      </trkpt>
      <trkpt lat="46.24527700" lon="-74.71492300">
        <ele>228.400</ele>
      </trkpt>
      <trkpt lat="46.24546500" lon="-74.71507000">
        <ele>228.600</ele>
      </trkpt>
      <trkpt lat="46.24599300" lon="-74.71548000">
        <ele>228.600</ele>
      </trkpt>
      <trkpt lat="46.24618200" lon="-74.71563300">
        <ele>229.000</ele>
      </trkpt>
      <trkpt lat="46.24669400" lon="-74.71602600">
        <ele>229.600</ele>
      </trkpt>
      <trkpt lat="46.24680900" lon="-74.71610400">
        <ele>229.800</ele>
      </trkpt>
      <trkpt lat="46.24695300" lon="-74.71620900">
        <ele>229.800</ele>
      </trkpt>
      <trkpt lat="46.24746400" lon="-74.71662800">
        <ele>230.400</ele>
      </trkpt>
      <trkpt lat="46.24753900" lon="-74.71668600">
        <ele>230.400</ele>
      </trkpt>
      <trkpt lat="46.24773400" lon="-74.71683700">
        <ele>230.600</ele>
      </trkpt>
      <trkpt lat="46.24826400" lon="-74.71722300">
        <ele>231.600</ele>
      </trkpt>
      <trkpt lat="46.24846000" lon="-74.71736000">
        <ele>231.800</ele>
      </trkpt>
      <trkpt lat="46.24878800" lon="-74.71761100">
        <ele>232.200</ele>
      </trkpt>
      <trkpt lat="46.24924300" lon="-74.71795500">
        <ele>232.800</ele>
      </trkpt>
      <trkpt lat="46.24937100" lon="-74.71806000">
        <ele>232.800</ele>
      </trkpt>
      <trkpt lat="46.24968000" lon="-74.71830400">
        <ele>233.600</ele>
      </trkpt>
      <trkpt lat="46.24981300" lon="-74.71840500">
        <ele>233.800</ele>
      </trkpt>
      <trkpt lat="46.25012200" lon="-74.71863500">
        <ele>234.400</ele>
      </trkpt>
      <trkpt lat="46.25033800" lon="-74.71881000">
        <ele>235.000</ele>
      </trkpt>
      <trkpt lat="46.25065700" lon="-74.71904900">
        <ele>235.600</ele>
      </trkpt>
      <trkpt lat="46.25102800" lon="-74.71933500">
        <ele>236.200</ele>
      </trkpt>
      <trkpt lat="46.25121900" lon="-74.71948200">
        <ele>236.600</ele>
      </trkpt>
      <trkpt lat="46.25157300" lon="-74.71974200">
        <ele>236.600</ele>
      </trkpt>
      <trkpt lat="46.25162300" lon="-74.71978800">
        <ele>236.600</ele>
      </trkpt>
      <trkpt lat="46.25179900" lon="-74.71993400">
        <ele>237.400</ele>
      </trkpt>
      <trkpt lat="46.25184200" lon="-74.71996800">
        <ele>237.600</ele>
      </trkpt>
      <trkpt lat="46.25223900" lon="-74.72028000">
        <ele>238.400</ele>
      </trkpt>
      <trkpt lat="46.25248400" lon="-74.72045700">
        <ele>239.600</ele>
      </trkpt>
      <trkpt lat="46.25269000" lon="-74.72060600">
        <ele>240.600</ele>
      </trkpt>
      <trkpt lat="46.25295900" lon="-74.72081800">
        <ele>241.800</ele>
      </trkpt>
      <trkpt lat="46.25327400" lon="-74.72108000">
        <ele>242.800</ele>
      </trkpt>
      <trkpt lat="46.25349000" lon="-74.72124300">
        <ele>243.600</ele>
      </trkpt>
      <trkpt lat="46.25371500" lon="-74.72141300">
        <ele>243.800</ele>
      </trkpt>
      <trkpt lat="46.25387000" lon="-74.72156000">
        <ele>244.200</ele>
      </trkpt>
      <trkpt lat="46.25424700" lon="-74.72188100">
        <ele>245.000</ele>
      </trkpt>
      <trkpt lat="46.25430300" lon="-74.72192600">
        <ele>245.200</ele>
      </trkpt>
      <trkpt lat="46.25447900" lon="-74.72208200">
        <ele>246.200</ele>
      </trkpt>
      <trkpt lat="46.25477100" lon="-74.72233800">
        <ele>247.200</ele>
      </trkpt>
      <trkpt lat="46.25525700" lon="-74.72275100">
        <ele>247.600</ele>
      </trkpt>
      <trkpt lat="46.25532800" lon="-74.72281100">
        <ele>247.600</ele>
      </trkpt>
      <trkpt lat="46.25579900" lon="-74.72320500">
        <ele>247.400</ele>
      </trkpt>
      <trkpt lat="46.25591700" lon="-74.72329600">
        <ele>247.400</ele>
      </trkpt>
      <trkpt lat="46.25645200" lon="-74.72369800">
        <ele>246.800</ele>
      </trkpt>
      <trkpt lat="46.25666800" lon="-74.72386600">
        <ele>246.600</ele>
      </trkpt>
      <trkpt lat="46.25696700" lon="-74.72410000">
        <ele>246.200</ele>
      </trkpt>
      <trkpt lat="46.25729100" lon="-74.72436700">
        <ele>245.600</ele>
      </trkpt>
      <trkpt lat="46.25761600" lon="-74.72462400">
        <ele>245.200</ele>
      </trkpt>
      <trkpt lat="46.25787000" lon="-74.72481700">
        <ele>243.400</ele>
      </trkpt>
      <trkpt lat="46.25804200" lon="-74.72494800">
        <ele>243.000</ele>
      </trkpt>
      <trkpt lat="46.25846300" lon="-74.72527100">
        <ele>243.600</ele>
      </trkpt>
      <trkpt lat="46.25880700" lon="-74.72553100">
        <ele>243.200</ele>
      </trkpt>
      <trkpt lat="46.25891000" lon="-74.72562300">
        <ele>243.200</ele>
      </trkpt>
      <trkpt lat="46.25942000" lon="-74.72601600">
        <ele>243.000</ele>
      </trkpt>
      <trkpt lat="46.25990100" lon="-74.72637400">
        <ele>243.000</ele>
      </trkpt>
      <trkpt lat="46.26020900" lon="-74.72659600">
        <ele>243.200</ele>
      </trkpt>
      <trkpt lat="46.26073100" lon="-74.72698600">
        <ele>243.800</ele>
      </trkpt>
      <trkpt lat="46.26093600" lon="-74.72715700">
        <ele>244.000</ele>
      </trkpt>
      <trkpt lat="46.26142400" lon="-74.72755100">
        <ele>244.200</ele>
      </trkpt>
      <trkpt lat="46.26156000" lon="-74.72765700">
        <ele>244.400</ele>
      </trkpt>
      <trkpt lat="46.26168500" lon="-74.72775800">
        <ele>244.600</ele>
      </trkpt>
      <trkpt lat="46.26187500" lon="-74.72791900">
        <ele>245.600</ele>
      </trkpt>
      <trkpt lat="46.26204800" lon="-74.72806100">
        <ele>246.400</ele>
      </trkpt>
      <trkpt lat="46.26216700" lon="-74.72816300">
        <ele>246.600</ele>
      </trkpt>
      <trkpt lat="46.26253600" lon="-74.72847600">
        <ele>247.400</ele>
      </trkpt>
      <trkpt lat="46.26263400" lon="-74.72855600">
        <ele>247.800</ele>
      </trkpt>
      <trkpt lat="46.26287300" lon="-74.72876800">
        <ele>248.800</ele>
      </trkpt>
      <trkpt lat="46.26297800" lon="-74.72885400">
        <ele>249.400</ele>
      </trkpt>
      <trkpt lat="46.26302600" lon="-74.72889200">
        <ele>250.000</ele>
      </trkpt>
      <trkpt lat="46.26312200" lon="-74.72897200">
        <ele>251.200</ele>
      </trkpt>
      <trkpt lat="46.26340100" lon="-74.72920900">
        <ele>252.200</ele>
      </trkpt>
      <trkpt lat="46.26353800" lon="-74.72932500">
        <ele>252.800</ele>
      </trkpt>
      <trkpt lat="46.26367600" lon="-74.72943900">
        <ele>253.400</ele>
      </trkpt>
      <trkpt lat="46.26381500" lon="-74.72955600">
        <ele>254.400</ele>
      </trkpt>
      <trkpt lat="46.26399900" lon="-74.72971400">
        <ele>255.800</ele>
      </trkpt>
      <trkpt lat="46.26404200" lon="-74.72975200">
        <ele>256.000</ele>
      </trkpt>
      <trkpt lat="46.26417300" lon="-74.72986900">
        <ele>256.800</ele>
      </trkpt>
      <trkpt lat="46.26437200" lon="-74.73008400">
        <ele>257.800</ele>
      </trkpt>
      <trkpt lat="46.26462000" lon="-74.73029700">
        <ele>259.000</ele>
      </trkpt>
      <trkpt lat="46.26467600" lon="-74.73034000">
        <ele>259.000</ele>
      </trkpt>
      <trkpt lat="46.26480600" lon="-74.73043900">
        <ele>259.800</ele>
      </trkpt>
      <trkpt lat="46.26488800" lon="-74.73052300">
        <ele>260.400</ele>
      </trkpt>
      <trkpt lat="46.26496900" lon="-74.73059900">
        <ele>261.000</ele>
      </trkpt>
      <trkpt lat="46.26505300" lon="-74.73067600">
        <ele>261.600</ele>
      </trkpt>
      <trkpt lat="46.26530100" lon="-74.73090300">
        <ele>263.000</ele>
      </trkpt>
      <trkpt lat="46.26534400" lon="-74.73094000">
        <ele>263.200</ele>
      </trkpt>
      <trkpt lat="46.26555200" lon="-74.73112900">
        <ele>264.000</ele>
      </trkpt>
      <trkpt lat="46.26579700" lon="-74.73134900">
        <ele>265.000</ele>
      </trkpt>
      <trkpt lat="46.26584400" lon="-74.73139000">
        <ele>265.400</ele>
      </trkpt>
      <trkpt lat="46.26606000" lon="-74.73158500">
        <ele>266.800</ele>
      </trkpt>
      <trkpt lat="46.26619500" lon="-74.73171000">
        <ele>267.400</ele>
      </trkpt>
      <trkpt lat="46.26632700" lon="-74.73183200">
        <ele>267.800</ele>
      </trkpt>
      <trkpt lat="46.26668300" lon="-74.73217200">
        <ele>268.600</ele>
      </trkpt>
      <trkpt lat="46.26672200" lon="-74.73221000">
        <ele>268.800</ele>
      </trkpt>
      <trkpt lat="46.26677300" lon="-74.73225900">
        <ele>268.800</ele>
      </trkpt>
      <trkpt lat="46.26700500" lon="-74.73247800">
        <ele>269.800</ele>
      </trkpt>
      <trkpt lat="46.26718300" lon="-74.73265300">
        <ele>270.200</ele>
      </trkpt>
      <trkpt lat="46.26743600" lon="-74.73288300">
        <ele>271.000</ele>
      </trkpt>
      <trkpt lat="46.26759400" lon="-74.73303300">
        <ele>271.000</ele>
      </trkpt>
      <trkpt lat="46.26807300" lon="-74.73349200">
        <ele>272.200</ele>
      </trkpt>
      <trkpt lat="46.26857600" lon="-74.73397800">
        <ele>272.600</ele>
      </trkpt>
      <trkpt lat="46.26892300" lon="-74.73433500">
        <ele>272.600</ele>
      </trkpt>
      <trkpt lat="46.26942100" lon="-74.73482100">
        <ele>272.200</ele>
      </trkpt>
      <trkpt lat="46.26948800" lon="-74.73488800">
        <ele>272.000</ele>
      </trkpt>
      <trkpt lat="46.26987400" lon="-74.73525100">
        <ele>271.400</ele>
      </trkpt>
      <trkpt lat="46.27037800" lon="-74.73576500">
        <ele>271.600</ele>
      </trkpt>
      <trkpt lat="46.27053600" lon="-74.73592900">
        <ele>271.000</ele>
      </trkpt>
      <trkpt lat="46.27095300" lon="-74.73631700">
        <ele>270.000</ele>
      </trkpt>
      <trkpt lat="46.27130000" lon="-74.73666300">
        <ele>268.000</ele>
      </trkpt>
      <trkpt lat="46.27157200" lon="-74.73693200">
        <ele>266.800</ele>
      </trkpt>
      <trkpt lat="46.27183800" lon="-74.73720100">
        <ele>265.800</ele>
      </trkpt>
      <trkpt lat="46.27213200" lon="-74.73749800">
        <ele>264.800</ele>
      </trkpt>
      <trkpt lat="46.27233200" lon="-74.73769900">
        <ele>263.600</ele>
      </trkpt>
      <trkpt lat="46.27253200" lon="-74.73790500">
        <ele>262.400</ele>
      </trkpt>
      <trkpt lat="46.27282900" lon="-74.73821600">
        <ele>260.400</ele>
      </trkpt>
      <trkpt lat="46.27300600" lon="-74.73840400">
        <ele>259.400</ele>
      </trkpt>
      <trkpt lat="46.27322700" lon="-74.73865100">
        <ele>258.600</ele>
      </trkpt>
      <trkpt lat="46.27333200" lon="-74.73877200">
        <ele>258.200</ele>
      </trkpt>
      <trkpt lat="46.27363800" lon="-74.73914300">
        <ele>256.800</ele>
      </trkpt>
      <trkpt lat="46.27383500" lon="-74.73939100">
        <ele>255.600</ele>
      </trkpt>
      <trkpt lat="46.27395500" lon="-74.73954700">
        <ele>254.600</ele>
      </trkpt>
      <trkpt lat="46.27406200" lon="-74.73968700">
        <ele>253.800</ele>
      </trkpt>
      <trkpt lat="46.27414500" lon="-74.73979400">
        <ele>253.200</ele>
      </trkpt>
      <trkpt lat="46.27435600" lon="-74.74009300">
        <ele>251.200</ele>
      </trkpt>
      <trkpt lat="46.27455900" lon="-74.74038100">
        <ele>249.400</ele>
      </trkpt>
      <trkpt lat="46.27475300" lon="-74.74067200">
        <ele>247.600</ele>
      </trkpt>
      <trkpt lat="46.27494500" lon="-74.74095900">
        <ele>246.400</ele>
      </trkpt>
      <trkpt lat="46.27511100" lon="-74.74122800">
        <ele>245.800</ele>
      </trkpt>
      <trkpt lat="46.27547400" lon="-74.74186700">
        <ele>245.200</ele>
      </trkpt>
      <trkpt lat="46.27562200" lon="-74.74213200">
        <ele>244.800</ele>
      </trkpt>
      <trkpt lat="46.27571800" lon="-74.74231100">
        <ele>244.600</ele>
      </trkpt>
      <trkpt lat="46.27607000" lon="-74.74301700">
        <ele>244.200</ele>
      </trkpt>
      <trkpt lat="46.27613400" lon="-74.74315300">
        <ele>244.200</ele>
      </trkpt>
      <trkpt lat="46.27644600" lon="-74.74383800">
        <ele>243.800</ele>
      </trkpt>
      <trkpt lat="46.27661100" lon="-74.74420800">
        <ele>243.600</ele>
      </trkpt>
      <trkpt lat="46.27683700" lon="-74.74470100">
        <ele>243.000</ele>
      </trkpt>
      <trkpt lat="46.27698600" lon="-74.74504800">
        <ele>241.600</ele>
      </trkpt>
      <trkpt lat="46.27724300" lon="-74.74564500">
        <ele>241.400</ele>
      </trkpt>
      <trkpt lat="46.27754000" lon="-74.74633100">
        <ele>242.200</ele>
      </trkpt>
      <trkpt lat="46.27765100" lon="-74.74660500">
        <ele>242.400</ele>
      </trkpt>
      <trkpt lat="46.27765900" lon="-74.74671200">
        <ele>242.600</ele>
      </trkpt>
      <trkpt lat="46.27763800" lon="-74.74670500">
        <ele>242.600</ele>
      </trkpt>
      <trkpt lat="46.27758600" lon="-74.74656100">
        <ele>242.800</ele>
      </trkpt>
      <trkpt lat="46.27755700" lon="-74.74649700">
        <ele>242.800</ele>
      </trkpt>
      <trkpt lat="46.27743000" lon="-74.74621700">
        <ele>243.000</ele>
      </trkpt>
      <trkpt lat="46.27731800" lon="-74.74597900">
        <ele>243.200</ele>
      </trkpt>
      <trkpt lat="46.27715500" lon="-74.74562200">
        <ele>243.400</ele>
      </trkpt>
      <trkpt lat="46.27703500" lon="-74.74534400">
        <ele>243.600</ele>
      </trkpt>
      <trkpt lat="46.27682500" lon="-74.74485700">
        <ele>243.600</ele>
      </trkpt>
      <trkpt lat="46.27665500" lon="-74.74447900">
        <ele>242.000</ele>
      </trkpt>
      <trkpt lat="46.27652700" lon="-74.74417900">
        <ele>242.000</ele>
      </trkpt>
      <trkpt lat="46.27634900" lon="-74.74377400">
        <ele>243.400</ele>
      </trkpt>
      <trkpt lat="46.27626900" lon="-74.74358800">
        <ele>243.400</ele>
      </trkpt>
      <trkpt lat="46.27613600" lon="-74.74329100">
        <ele>243.800</ele>
      </trkpt>
      <trkpt lat="46.27587000" lon="-74.74272800">
        <ele>244.200</ele>
      </trkpt>
      <trkpt lat="46.27577700" lon="-74.74253900">
        <ele>244.400</ele>
      </trkpt>
      <trkpt lat="46.27559900" lon="-74.74221100">
        <ele>244.600</ele>
      </trkpt>
      <trkpt lat="46.27522200" lon="-74.74153600">
        <ele>244.600</ele>
      </trkpt>
      <trkpt lat="46.27513200" lon="-74.74138300">
        <ele>244.800</ele>
      </trkpt>
      <trkpt lat="46.27508100" lon="-74.74129600">
        <ele>245.600</ele>
      </trkpt>
      <trkpt lat="46.27470900" lon="-74.74069900">
        <ele>246.000</ele>
      </trkpt>
      <trkpt lat="46.27453300" lon="-74.74043100">
        <ele>246.800</ele>
      </trkpt>
      <trkpt lat="46.27431800" lon="-74.74011900">
        <ele>247.600</ele>
      </trkpt>
      <trkpt lat="46.27424100" lon="-74.74000900">
        <ele>247.800</ele>
      </trkpt>
      <trkpt lat="46.27407600" lon="-74.73977700">
        <ele>249.000</ele>
      </trkpt>
      <trkpt lat="46.27396900" lon="-74.73962100">
        <ele>249.600</ele>
      </trkpt>
      <trkpt lat="46.27382400" lon="-74.73942500">
        <ele>250.000</ele>
      </trkpt>
      <trkpt lat="46.27370500" lon="-74.73926800">
        <ele>251.000</ele>
      </trkpt>
      <trkpt lat="46.27367700" lon="-74.73923200">
        <ele>251.400</ele>
      </trkpt>
      <trkpt lat="46.27354900" lon="-74.73907900">
        <ele>252.200</ele>
      </trkpt>
      <trkpt lat="46.27335000" lon="-74.73885700">
        <ele>253.400</ele>
      </trkpt>
      <trkpt lat="46.27330300" lon="-74.73880100">
        <ele>253.600</ele>
      </trkpt>
      <trkpt lat="46.27315500" lon="-74.73861300">
        <ele>254.600</ele>
      </trkpt>
      <trkpt lat="46.27305200" lon="-74.73848500">
        <ele>255.000</ele>
      </trkpt>
      <trkpt lat="46.27300400" lon="-74.73843600">
        <ele>255.400</ele>
      </trkpt>
      <trkpt lat="46.27296200" lon="-74.73839300">
        <ele>255.600</ele>
      </trkpt>
      <trkpt lat="46.27280600" lon="-74.73823400">
        <ele>256.800</ele>
      </trkpt>
      <trkpt lat="46.27260900" lon="-74.73803000">
        <ele>258.000</ele>
      </trkpt>
      <trkpt lat="46.27257500" lon="-74.73799500">
        <ele>258.200</ele>
      </trkpt>
      <trkpt lat="46.27233500" lon="-74.73774800">
        <ele>259.000</ele>
      </trkpt>
      <trkpt lat="46.27214300" lon="-74.73755300">
        <ele>260.400</ele>
      </trkpt>
      <trkpt lat="46.27211300" lon="-74.73752700">
        <ele>260.600</ele>
      </trkpt>
      <trkpt lat="46.27202200" lon="-74.73743700">
        <ele>261.400</ele>
      </trkpt>
      <trkpt lat="46.27186200" lon="-74.73727700">
        <ele>262.600</ele>
      </trkpt>
      <trkpt lat="46.27163000" lon="-74.73705700">
        <ele>263.600</ele>
      </trkpt>
      <trkpt lat="46.27153600" lon="-74.73696400">
        <ele>264.200</ele>
      </trkpt>
      <trkpt lat="46.27137200" lon="-74.73679700">
        <ele>264.800</ele>
      </trkpt>
      <trkpt lat="46.27112700" lon="-74.73655300">
        <ele>266.000</ele>
      </trkpt>
      <trkpt lat="46.27103500" lon="-74.73645900">
        <ele>266.600</ele>
      </trkpt>
      <trkpt lat="46.27091000" lon="-74.73633000">
        <ele>267.000</ele>
      </trkpt>
      <trkpt lat="46.27061500" lon="-74.73602800">
        <ele>268.000</ele>
      </trkpt>
      <trkpt lat="46.27028900" lon="-74.73568700">
        <ele>269.200</ele>
      </trkpt>
      <trkpt lat="46.27025100" lon="-74.73564900">
        <ele>269.400</ele>
      </trkpt>
      <trkpt lat="46.27009800" lon="-74.73549700">
        <ele>270.400</ele>
      </trkpt>
      <trkpt lat="46.26979500" lon="-74.73519400">
        <ele>271.000</ele>
      </trkpt>
      <trkpt lat="46.26968800" lon="-74.73508900">
        <ele>271.600</ele>
      </trkpt>
      <trkpt lat="46.26943200" lon="-74.73483700">
        <ele>272.200</ele>
      </trkpt>
      <trkpt lat="46.26930100" lon="-74.73470900">
        <ele>272.000</ele>
      </trkpt>
      <trkpt lat="46.26883700" lon="-74.73426900">
        <ele>272.400</ele>
      </trkpt>
      <trkpt lat="46.26864600" lon="-74.73408100">
        <ele>272.800</ele>
      </trkpt>
      <trkpt lat="46.26820800" lon="-74.73365100">
        <ele>272.800</ele>
      </trkpt>
      <trkpt lat="46.26779600" lon="-74.73325900">
        <ele>272.400</ele>
      </trkpt>
      <trkpt lat="46.26730500" lon="-74.73278700">
        <ele>272.400</ele>
      </trkpt>
      <trkpt lat="46.26706500" lon="-74.73256800">
        <ele>271.600</ele>
      </trkpt>
      <trkpt lat="46.26688200" lon="-74.73240100">
        <ele>268.800</ele>
      </trkpt>
      <trkpt lat="46.26663100" lon="-74.73216600">
        <ele>268.200</ele>
      </trkpt>
      <trkpt lat="46.26626800" lon="-74.73182700">
        <ele>267.800</ele>
      </trkpt>
      <trkpt lat="46.26598000" lon="-74.73157200">
        <ele>267.000</ele>
      </trkpt>
      <trkpt lat="46.26587100" lon="-74.73147500">
        <ele>266.600</ele>
      </trkpt>
      <trkpt lat="46.26559100" lon="-74.73122400">
        <ele>265.400</ele>
      </trkpt>
      <trkpt lat="46.26526100" lon="-74.73092600">
        <ele>263.600</ele>
      </trkpt>
      <trkpt lat="46.26493800" lon="-74.73063600">
        <ele>262.400</ele>
      </trkpt>
      <trkpt lat="46.26458400" lon="-74.73031500">
        <ele>260.800</ele>
      </trkpt>
      <trkpt lat="46.26446500" lon="-74.73021100">
        <ele>259.800</ele>
      </trkpt>
      <trkpt lat="46.26434400" lon="-74.73010300">
        <ele>259.200</ele>
      </trkpt>
      <trkpt lat="46.26411200" lon="-74.72990200">
        <ele>258.200</ele>
      </trkpt>
      <trkpt lat="46.26385300" lon="-74.72968300">
        <ele>257.000</ele>
      </trkpt>
      <trkpt lat="46.26360300" lon="-74.72946400">
        <ele>255.200</ele>
      </trkpt>
      <trkpt lat="46.26349300" lon="-74.72936800">
        <ele>254.800</ele>
      </trkpt>
      <trkpt lat="46.26324400" lon="-74.72915100">
        <ele>253.800</ele>
      </trkpt>
      <trkpt lat="46.26296400" lon="-74.72891500">
        <ele>252.400</ele>
      </trkpt>
      <trkpt lat="46.26272900" lon="-74.72871600">
        <ele>251.200</ele>
      </trkpt>
      <trkpt lat="46.26244500" lon="-74.72848100">
        <ele>249.800</ele>
      </trkpt>
      <trkpt lat="46.26231500" lon="-74.72837400">
        <ele>249.200</ele>
      </trkpt>
      <trkpt lat="46.26221200" lon="-74.72829100">
        <ele>248.400</ele>
      </trkpt>
      <trkpt lat="46.26178900" lon="-74.72793900">
        <ele>246.400</ele>
      </trkpt>
      <trkpt lat="46.26154000" lon="-74.72772300">
        <ele>244.800</ele>
      </trkpt>
      <trkpt lat="46.26127900" lon="-74.72750500">
        <ele>243.800</ele>
      </trkpt>
      <trkpt lat="46.26115500" lon="-74.72740600">
        <ele>243.200</ele>
      </trkpt>
      <trkpt lat="46.26090900" lon="-74.72721900">
        <ele>242.600</ele>
      </trkpt>
      <trkpt lat="46.26041900" lon="-74.72685000">
        <ele>242.200</ele>
      </trkpt>
      <trkpt lat="46.26031100" lon="-74.72676300">
        <ele>242.400</ele>
      </trkpt>
      <trkpt lat="46.25976900" lon="-74.72632800">
        <ele>242.200</ele>
      </trkpt>
      <trkpt lat="46.25954100" lon="-74.72615100">
        <ele>242.200</ele>
      </trkpt>
      <trkpt lat="46.25904400" lon="-74.72577600">
        <ele>242.000</ele>
      </trkpt>
      <trkpt lat="46.25875500" lon="-74.72555500">
        <ele>242.000</ele>
      </trkpt>
      <trkpt lat="46.25827000" lon="-74.72518700">
        <ele>242.200</ele>
      </trkpt>
      <trkpt lat="46.25798500" lon="-74.72496700">
        <ele>242.400</ele>
      </trkpt>
      <trkpt lat="46.25747400" lon="-74.72457100">
        <ele>243.400</ele>
      </trkpt>
      <trkpt lat="46.25740200" lon="-74.72451300">
        <ele>243.400</ele>
      </trkpt>
      <trkpt lat="46.25706600" lon="-74.72425300">
        <ele>243.600</ele>
      </trkpt>
      <trkpt lat="46.25667500" lon="-74.72394600">
        <ele>244.600</ele>
      </trkpt>
      <trkpt lat="46.25661500" lon="-74.72389200">
        <ele>244.800</ele>
      </trkpt>
      <trkpt lat="46.25624100" lon="-74.72360000">
        <ele>245.800</ele>
      </trkpt>
      <trkpt lat="46.25615900" lon="-74.72354300">
        <ele>246.000</ele>
      </trkpt>
      <trkpt lat="46.25560900" lon="-74.72313000">
        <ele>246.800</ele>
      </trkpt>
      <trkpt lat="46.25530500" lon="-74.72288400">
        <ele>247.000</ele>
      </trkpt>
      <trkpt lat="46.25477800" lon="-74.72244500">
        <ele>247.000</ele>
      </trkpt>
      <trkpt lat="46.25430000" lon="-74.72203400">
        <ele>247.000</ele>
      </trkpt>
      <trkpt lat="46.25395800" lon="-74.72174100">
        <ele>246.600</ele>
      </trkpt>
      <trkpt lat="46.25387800" lon="-74.72167500">
        <ele>246.400</ele>
      </trkpt>
      <trkpt lat="46.25352700" lon="-74.72137800">
        <ele>245.800</ele>
      </trkpt>
      <trkpt lat="46.25325700" lon="-74.72115600">
        <ele>245.200</ele>
      </trkpt>
      <trkpt lat="46.25308100" lon="-74.72100800">
        <ele>244.600</ele>
      </trkpt>
      <trkpt lat="46.25259400" lon="-74.72062600">
        <ele>243.600</ele>
      </trkpt>
      <trkpt lat="46.25252200" lon="-74.72057000">
        <ele>243.400</ele>
      </trkpt>
      <trkpt lat="46.25218100" lon="-74.72030400">
        <ele>242.200</ele>
      </trkpt>
      <trkpt lat="46.25199800" lon="-74.72016200">
        <ele>241.200</ele>
      </trkpt>
      <trkpt lat="46.25175500" lon="-74.71997700">
        <ele>240.200</ele>
      </trkpt>
      <trkpt lat="46.25164800" lon="-74.71989200">
        <ele>239.400</ele>
      </trkpt>
      <trkpt lat="46.25157200" lon="-74.71983500">
        <ele>239.000</ele>
      </trkpt>
      <trkpt lat="46.25132000" lon="-74.71964500">
        <ele>238.000</ele>
      </trkpt>
      <trkpt lat="46.25076800" lon="-74.71922400">
        <ele>236.800</ele>
      </trkpt>
      <trkpt lat="46.25033300" lon="-74.71888900">
        <ele>235.600</ele>
      </trkpt>
      <trkpt lat="46.24980800" lon="-74.71849000">
        <ele>234.800</ele>
      </trkpt>
      <trkpt lat="46.24967400" lon="-74.71838500">
        <ele>234.600</ele>
      </trkpt>
      <trkpt lat="46.24914100" lon="-74.71797600">
        <ele>233.600</ele>
      </trkpt>
      <trkpt lat="46.24858400" lon="-74.71755500">
        <ele>232.400</ele>
      </trkpt>
      <trkpt lat="46.24806300" lon="-74.71716100">
        <ele>231.600</ele>
      </trkpt>
      <trkpt lat="46.24781800" lon="-74.71697200">
        <ele>231.400</ele>
      </trkpt>
      <trkpt lat="46.24770900" lon="-74.71689000">
        <ele>230.200</ele>
      </trkpt>
      <trkpt lat="46.24761600" lon="-74.71681900">
        <ele>230.000</ele>
      </trkpt>
      <trkpt lat="46.24739200" lon="-74.71664500">
        <ele>229.000</ele>
      </trkpt>
      <trkpt lat="46.24719800" lon="-74.71648800">
        <ele>230.400</ele>
      </trkpt>
      <trkpt lat="46.24665700" lon="-74.71605400">
        <ele>229.400</ele>
      </trkpt>
      <trkpt lat="46.24655700" lon="-74.71597500">
        <ele>229.200</ele>
      </trkpt>
      <trkpt lat="46.24645000" lon="-74.71589800">
        <ele>229.000</ele>
      </trkpt>
      <trkpt lat="46.24593900" lon="-74.71553100">
        <ele>228.600</ele>
      </trkpt>
      <trkpt lat="46.24551300" lon="-74.71520600">
        <ele>228.200</ele>
      </trkpt>
      <trkpt lat="46.24529800" lon="-74.71504300">
        <ele>228.200</ele>
      </trkpt>
      <trkpt lat="46.24479500" lon="-74.71466500">
        <ele>227.400</ele>
      </trkpt>
      <trkpt lat="46.24459100" lon="-74.71452900">
        <ele>227.400</ele>
      </trkpt>
      <trkpt lat="46.24408900" lon="-74.71421000">
        <ele>227.000</ele>
      </trkpt>
      <trkpt lat="46.24368200" lon="-74.71399100">
        <ele>226.400</ele>
      </trkpt>
      <trkpt lat="46.24348100" lon="-74.71391400">
        <ele>226.000</ele>
      </trkpt>
      <trkpt lat="46.24292800" lon="-74.71372300">
        <ele>224.800</ele>
      </trkpt>
      <trkpt lat="46.24256700" lon="-74.71364700">
        <ele>223.800</ele>
      </trkpt>
      <trkpt lat="46.24223300" lon="-74.71358500">
        <ele>222.200</ele>
      </trkpt>
      <trkpt lat="46.24197200" lon="-74.71354400">
        <ele>221.200</ele>
      </trkpt>
      <trkpt lat="46.24137500" lon="-74.71350000">
        <ele>220.400</ele>
      </trkpt>
      <trkpt lat="46.24104300" lon="-74.71351000">
        <ele>220.200</ele>
      </trkpt>
      <trkpt lat="46.24071900" lon="-74.71353900">
        <ele>220.400</ele>
      </trkpt>
      <trkpt lat="46.24043900" lon="-74.71357600">
        <ele>221.200</ele>
      </trkpt>
      <trkpt lat="46.24016000" lon="-74.71363200">
        <ele>221.800</ele>
      </trkpt>
      <trkpt lat="46.23990500" lon="-74.71369600">
        <ele>222.600</ele>
      </trkpt>
      <trkpt lat="46.23967500" lon="-74.71377400">
        <ele>223.600</ele>
      </trkpt>
      <trkpt lat="46.23952900" lon="-74.71381500">
        <ele>224.800</ele>
      </trkpt>
      <trkpt lat="46.23932200" lon="-74.71386900">
        <ele>226.000</ele>
      </trkpt>
      <trkpt lat="46.23920100" lon="-74.71390800">
        <ele>226.600</ele>
      </trkpt>
      <trkpt lat="46.23899900" lon="-74.71397900">
        <ele>227.400</ele>
      </trkpt>
      <trkpt lat="46.23894300" lon="-74.71399600">
        <ele>225.400</ele>
      </trkpt>
      <trkpt lat="46.23887000" lon="-74.71401900">
        <ele>225.600</ele>
      </trkpt>
      <trkpt lat="46.23870200" lon="-74.71408300">
        <ele>226.400</ele>
      </trkpt>
      <trkpt lat="46.23851100" lon="-74.71415200">
        <ele>229.400</ele>
      </trkpt>
      <trkpt lat="46.23833000" lon="-74.71421600">
        <ele>230.000</ele>
      </trkpt>
      <trkpt lat="46.23822200" lon="-74.71425200">
        <ele>230.600</ele>
      </trkpt>
      <trkpt lat="46.23791300" lon="-74.71436500">
        <ele>231.600</ele>
      </trkpt>
      <trkpt lat="46.23773700" lon="-74.71442900">
        <ele>232.200</ele>
      </trkpt>
      <trkpt lat="46.23741700" lon="-74.71453100">
        <ele>232.800</ele>
      </trkpt>
      <trkpt lat="46.23735400" lon="-74.71455200">
        <ele>233.000</ele>
      </trkpt>
      <trkpt lat="46.23701000" lon="-74.71466200">
        <ele>233.400</ele>
      </trkpt>
      <trkpt lat="46.23643900" lon="-74.71482400">
        <ele>234.200</ele>
      </trkpt>
      <trkpt lat="46.23637400" lon="-74.71484000">
        <ele>234.400</ele>
      </trkpt>
      <trkpt lat="46.23611300" lon="-74.71491100">
        <ele>235.400</ele>
      </trkpt>
      <trkpt lat="46.23565400" lon="-74.71503500">
        <ele>235.600</ele>
      </trkpt>
      <trkpt lat="46.23506400" lon="-74.71518900">
        <ele>234.800</ele>
      </trkpt>
      <trkpt lat="46.23498600" lon="-74.71521200">
        <ele>234.800</ele>
      </trkpt>
      <trkpt lat="46.23483400" lon="-74.71525700">
        <ele>243.000</ele>
      </trkpt>
      <trkpt lat="46.23476000" lon="-74.71527800">
        <ele>242.000</ele>
      </trkpt>
      <trkpt lat="46.23430400" lon="-74.71539400">
        <ele>241.000</ele>
      </trkpt>
      <trkpt lat="46.23370700" lon="-74.71554500">
        <ele>239.800</ele>
      </trkpt>
      <trkpt lat="46.23350600" lon="-74.71560000">
        <ele>239.600</ele>
      </trkpt>
      <trkpt lat="46.23289700" lon="-74.71576400">
        <ele>239.000</ele>
      </trkpt>
      <trkpt lat="46.23257000" lon="-74.71584100">
        <ele>238.800</ele>
      </trkpt>
      <trkpt lat="46.23227300" lon="-74.71589600">
        <ele>238.800</ele>
      </trkpt>
      <trkpt lat="46.23163700" lon="-74.71595400">
        <ele>238.800</ele>
      </trkpt>
      <trkpt lat="46.23104800" lon="-74.71593400">
        <ele>239.000</ele>
      </trkpt>
      <trkpt lat="46.23047400" lon="-74.71584800">
        <ele>238.600</ele>
      </trkpt>
      <trkpt lat="46.23028200" lon="-74.71581200">
        <ele>239.000</ele>
      </trkpt>
      <trkpt lat="46.22972800" lon="-74.71566500">
        <ele>239.400</ele>
      </trkpt>
      <trkpt lat="46.22946500" lon="-74.71556300">
        <ele>239.600</ele>
      </trkpt>
      <trkpt lat="46.22885800" lon="-74.71528400">
        <ele>239.600</ele>
      </trkpt>
      <trkpt lat="46.22869100" lon="-74.71519300">
        <ele>239.600</ele>
      </trkpt>
      <trkpt lat="46.22852300" lon="-74.71509000">
        <ele>239.600</ele>
      </trkpt>
      <trkpt lat="46.22812900" lon="-74.71483700">
        <ele>239.600</ele>
      </trkpt>
      <trkpt lat="46.22759700" lon="-74.71442000">
        <ele>239.200</ele>
      </trkpt>
      <trkpt lat="46.22752200" lon="-74.71436100">
        <ele>239.200</ele>
      </trkpt>
      <trkpt lat="46.22701500" lon="-74.71395400">
        <ele>238.400</ele>
      </trkpt>
      <trkpt lat="46.22658300" lon="-74.71362200">
        <ele>238.000</ele>
      </trkpt>
      <trkpt lat="46.22642200" lon="-74.71350000">
        <ele>237.800</ele>
      </trkpt>
      <trkpt lat="46.22599500" lon="-74.71316700">
        <ele>237.400</ele>
      </trkpt>
      <trkpt lat="46.22553000" lon="-74.71279700">
        <ele>236.800</ele>
      </trkpt>
      <trkpt lat="46.22531400" lon="-74.71262600">
        <ele>235.600</ele>
      </trkpt>
      <trkpt lat="46.22523900" lon="-74.71256600">
        <ele>235.200</ele>
      </trkpt>
      <trkpt lat="46.22508200" lon="-74.71244100">
        <ele>234.400</ele>
      </trkpt>
      <trkpt lat="46.22462400" lon="-74.71207900">
        <ele>235.000</ele>
      </trkpt>
      <trkpt lat="46.22415300" lon="-74.71169300">
        <ele>235.000</ele>
      </trkpt>
      <trkpt lat="46.22406800" lon="-74.71162600">
        <ele>235.000</ele>
      </trkpt>
      <trkpt lat="46.22356700" lon="-74.71123900">
        <ele>235.200</ele>
      </trkpt>
      <trkpt lat="46.22304700" lon="-74.71087000">
        <ele>234.600</ele>
      </trkpt>
      <trkpt lat="46.22295600" lon="-74.71081000">
        <ele>234.600</ele>
      </trkpt>
      <trkpt lat="46.22242800" lon="-74.71050500">
        <ele>234.600</ele>
      </trkpt>
      <trkpt lat="46.22222400" lon="-74.71041500">
        <ele>234.400</ele>
      </trkpt>
      <trkpt lat="46.22166400" lon="-74.71016700">
        <ele>234.200</ele>
      </trkpt>
      <trkpt lat="46.22116500" lon="-74.70998900">
        <ele>234.000</ele>
      </trkpt>
      <trkpt lat="46.22056600" lon="-74.70982100">
        <ele>233.800</ele>
      </trkpt>
      <trkpt lat="46.22036400" lon="-74.70977500">
        <ele>233.800</ele>
      </trkpt>
      <trkpt lat="46.22026200" lon="-74.70975600">
        <ele>233.600</ele>
      </trkpt>
      <trkpt lat="46.21966600" lon="-74.70968000">
        <ele>233.400</ele>
      </trkpt>
      <trkpt lat="46.21916900" lon="-74.70965600">
        <ele>233.400</ele>
      </trkpt>
      <trkpt lat="46.21857000" lon="-74.70967800">
        <ele>233.600</ele>
      </trkpt>
      <trkpt lat="46.21809100" lon="-74.70972300">
        <ele>233.400</ele>
      </trkpt>
      <trkpt lat="46.21799700" lon="-74.70973400">
        <ele>233.400</ele>
      </trkpt>
      <trkpt lat="46.21742800" lon="-74.70984800">
        <ele>233.200</ele>
      </trkpt>
      <trkpt lat="46.21723500" lon="-74.70989500">
        <ele>233.200</ele>
      </trkpt>
      <trkpt lat="46.21667200" lon="-74.71008300">
        <ele>233.600</ele>
      </trkpt>
      <trkpt lat="46.21639700" lon="-74.71019500">
        <ele>233.400</ele>
      </trkpt>
      <trkpt lat="46.21584400" lon="-74.71044200">
        <ele>233.000</ele>
      </trkpt>
      <trkpt lat="46.21565700" lon="-74.71053600">
        <ele>233.000</ele>
      </trkpt>
      <trkpt lat="46.21511600" lon="-74.71086100">
        <ele>233.200</ele>
      </trkpt>
      <trkpt lat="46.21484700" lon="-74.71102800">
        <ele>233.000</ele>
      </trkpt>
      <trkpt lat="46.21431500" lon="-74.71135900">
        <ele>232.600</ele>
      </trkpt>
      <trkpt lat="46.21396600" lon="-74.71159400">
        <ele>232.600</ele>
      </trkpt>
      <trkpt lat="46.21345200" lon="-74.71192200">
        <ele>232.600</ele>
      </trkpt>
      <trkpt lat="46.21326000" lon="-74.71204800">
        <ele>232.600</ele>
      </trkpt>
      <trkpt lat="46.21274800" lon="-74.71236500">
        <ele>232.600</ele>
      </trkpt>
      <trkpt lat="46.21228900" lon="-74.71263400">
        <ele>232.600</ele>
      </trkpt>
      <trkpt lat="46.21176800" lon="-74.71296300">
        <ele>232.400</ele>
      </trkpt>
      <trkpt lat="46.21142300" lon="-74.71318700">
        <ele>232.400</ele>
      </trkpt>
      <trkpt lat="46.21089500" lon="-74.71352000">
        <ele>232.800</ele>
      </trkpt>
      <trkpt lat="46.21063800" lon="-74.71368700">
        <ele>232.600</ele>
      </trkpt>
      <trkpt lat="46.21010100" lon="-74.71403300">
        <ele>232.400</ele>
      </trkpt>
      <trkpt lat="46.20984400" lon="-74.71419200">
        <ele>232.200</ele>
      </trkpt>
      <trkpt lat="46.20958000" lon="-74.71435500">
        <ele>232.000</ele>
      </trkpt>
      <trkpt lat="46.20904500" lon="-74.71468600">
        <ele>232.400</ele>
      </trkpt>
      <trkpt lat="46.20887300" lon="-74.71479900">
        <ele>232.200</ele>
      </trkpt>
      <trkpt lat="46.20834900" lon="-74.71513100">
        <ele>232.200</ele>
      </trkpt>
      <trkpt lat="46.20781400" lon="-74.71543300">
        <ele>232.000</ele>
      </trkpt>
      <trkpt lat="46.20772600" lon="-74.71548100">
        <ele>232.000</ele>
      </trkpt>
      <trkpt lat="46.20720800" lon="-74.71574900">
        <ele>231.800</ele>
      </trkpt>
      <trkpt lat="46.20673000" lon="-74.71598800">
        <ele>231.400</ele>
      </trkpt>
      <trkpt lat="46.20664500" lon="-74.71603700">
        <ele>231.200</ele>
      </trkpt>
      <trkpt lat="46.20610000" lon="-74.71631300">
        <ele>231.000</ele>
      </trkpt>
      <trkpt lat="46.20555600" lon="-74.71658000">
        <ele>230.800</ele>
      </trkpt>
      <trkpt lat="46.20519500" lon="-74.71676800">
        <ele>231.200</ele>
      </trkpt>
      <trkpt lat="46.20466800" lon="-74.71705500">
        <ele>230.800</ele>
      </trkpt>
      <trkpt lat="46.20448100" lon="-74.71718400">
        <ele>230.800</ele>
      </trkpt>
      <trkpt lat="46.20395500" lon="-74.71758200">
        <ele>230.600</ele>
      </trkpt>
      <trkpt lat="46.20355300" lon="-74.71793500">
        <ele>230.600</ele>
      </trkpt>
      <trkpt lat="46.20316700" lon="-74.71832900">
        <ele>230.400</ele>
      </trkpt>
      <trkpt lat="46.20271500" lon="-74.71882600">
        <ele>230.200</ele>
      </trkpt>
      <trkpt lat="46.20234700" lon="-74.71926300">
        <ele>230.000</ele>
      </trkpt>
      <trkpt lat="46.20191900" lon="-74.71981400">
        <ele>229.800</ele>
      </trkpt>
      <trkpt lat="46.20170500" lon="-74.72008500">
        <ele>229.800</ele>
      </trkpt>
      <trkpt lat="46.20128200" lon="-74.72065000">
        <ele>229.600</ele>
      </trkpt>
      <trkpt lat="46.20100700" lon="-74.72099000">
        <ele>229.600</ele>
      </trkpt>
      <trkpt lat="46.20062400" lon="-74.72148600">
        <ele>230.400</ele>
      </trkpt>
      <trkpt lat="46.20034200" lon="-74.72183900">
        <ele>231.200</ele>
      </trkpt>
      <trkpt lat="46.20017000" lon="-74.72208300">
        <ele>231.800</ele>
      </trkpt>
      <trkpt lat="46.19994000" lon="-74.72239000">
        <ele>232.200</ele>
      </trkpt>
      <trkpt lat="46.19959300" lon="-74.72283700">
        <ele>232.800</ele>
      </trkpt>
      <trkpt lat="46.19915600" lon="-74.72340400">
        <ele>232.600</ele>
      </trkpt>
      <trkpt lat="46.19909600" lon="-74.72348700">
        <ele>232.400</ele>
      </trkpt>
      <trkpt lat="46.19865200" lon="-74.72406800">
        <ele>231.600</ele>
      </trkpt>
      <trkpt lat="46.19849600" lon="-74.72426400">
        <ele>231.200</ele>
      </trkpt>
      <trkpt lat="46.19803300" lon="-74.72486900">
        <ele>230.600</ele>
      </trkpt>
      <trkpt lat="46.19762300" lon="-74.72538000">
        <ele>231.200</ele>
      </trkpt>
      <trkpt lat="46.19740700" lon="-74.72565900">
        <ele>231.600</ele>
      </trkpt>
      <trkpt lat="46.19699100" lon="-74.72618800">
        <ele>230.600</ele>
      </trkpt>
      <trkpt lat="46.19674300" lon="-74.72651600">
        <ele>230.000</ele>
      </trkpt>
      <trkpt lat="46.19632200" lon="-74.72707200">
        <ele>229.000</ele>
      </trkpt>
      <trkpt lat="46.19616200" lon="-74.72727800">
        <ele>228.200</ele>
      </trkpt>
      <trkpt lat="46.19607300" lon="-74.72737800">
        <ele>227.800</ele>
      </trkpt>
      <trkpt lat="46.19572500" lon="-74.72773800">
        <ele>226.800</ele>
      </trkpt>
      <trkpt lat="46.19562300" lon="-74.72783000">
        <ele>226.600</ele>
      </trkpt>
      <trkpt lat="46.19508200" lon="-74.72829100">
        <ele>226.400</ele>
      </trkpt>
      <trkpt lat="46.19471000" lon="-74.72856800">
        <ele>226.200</ele>
      </trkpt>
      <trkpt lat="46.19395300" lon="-74.72897900">
        <ele>226.600</ele>
      </trkpt>
      <trkpt lat="46.19335000" lon="-74.72919500">
        <ele>226.600</ele>
      </trkpt>
      <trkpt lat="46.19324700" lon="-74.72922200">
        <ele>226.400</ele>
      </trkpt>
      <trkpt lat="46.19266400" lon="-74.72935200">
        <ele>226.400</ele>
      </trkpt>
      <trkpt lat="46.19216400" lon="-74.72944700">
        <ele>226.200</ele>
      </trkpt>
      <trkpt lat="46.19157400" lon="-74.72956300">
        <ele>226.000</ele>
      </trkpt>
      <trkpt lat="46.19128100" lon="-74.72961800">
        <ele>226.000</ele>
      </trkpt>
      <trkpt lat="46.19098200" lon="-74.72967400">
        <ele>225.800</ele>
      </trkpt>
      <trkpt lat="46.19039600" lon="-74.72978700">
        <ele>225.200</ele>
      </trkpt>
      <trkpt lat="46.19031000" lon="-74.72980700">
        <ele>225.000</ele>
      </trkpt>
      <trkpt lat="46.18998400" lon="-74.72987300">
        <ele>224.600</ele>
      </trkpt>
      <trkpt lat="46.18957200" lon="-74.72995300">
        <ele>223.600</ele>
      </trkpt>
      <trkpt lat="46.18948500" lon="-74.72996900">
        <ele>223.600</ele>
      </trkpt>
      <trkpt lat="46.18893100" lon="-74.73006900">
        <ele>222.600</ele>
      </trkpt>
      <trkpt lat="46.18871900" lon="-74.73011400">
        <ele>222.200</ele>
      </trkpt>
      <trkpt lat="46.18839200" lon="-74.73017400">
        <ele>221.200</ele>
      </trkpt>
      <trkpt lat="46.18807400" lon="-74.73024000">
        <ele>220.200</ele>
      </trkpt>
      <trkpt lat="46.18797300" lon="-74.73025800">
        <ele>219.800</ele>
      </trkpt>
      <trkpt lat="46.18735900" lon="-74.73038000">
        <ele>219.600</ele>
      </trkpt>
      <trkpt lat="46.18718300" lon="-74.73041000">
        <ele>219.400</ele>
      </trkpt>
      <trkpt lat="46.18662400" lon="-74.73045600">
        <ele>219.200</ele>
      </trkpt>
      <trkpt lat="46.18603300" lon="-74.73043500">
        <ele>220.400</ele>
      </trkpt>
      <trkpt lat="46.18595500" lon="-74.73042600">
        <ele>220.600</ele>
      </trkpt>
      <trkpt lat="46.18537900" lon="-74.73031000">
        <ele>220.800</ele>
      </trkpt>
      <trkpt lat="46.18530000" lon="-74.73028500">
        <ele>221.000</ele>
      </trkpt>
      <trkpt lat="46.18472800" lon="-74.73006700">
        <ele>221.000</ele>
      </trkpt>
      <trkpt lat="46.18455700" lon="-74.72999300">
        <ele>220.800</ele>
      </trkpt>
      <trkpt lat="46.18398000" lon="-74.72969600">
        <ele>220.800</ele>
      </trkpt>
      <trkpt lat="46.18372700" lon="-74.72956000">
        <ele>220.400</ele>
      </trkpt>
      <trkpt lat="46.18315600" lon="-74.72925800">
        <ele>220.200</ele>
      </trkpt>
      <trkpt lat="46.18280500" lon="-74.72907800">
        <ele>220.000</ele>
      </trkpt>
      <trkpt lat="46.18232300" lon="-74.72882200">
        <ele>218.800</ele>
      </trkpt>
      <trkpt lat="46.18224700" lon="-74.72878200">
        <ele>218.400</ele>
      </trkpt>
      <trkpt lat="46.18167700" lon="-74.72847300">
        <ele>219.200</ele>
      </trkpt>
      <trkpt lat="46.18116700" lon="-74.72820900">
        <ele>218.800</ele>
      </trkpt>
      <trkpt lat="46.18091400" lon="-74.72807700">
        <ele>218.600</ele>
      </trkpt>
      <trkpt lat="46.18049900" lon="-74.72786000">
        <ele>218.200</ele>
      </trkpt>
      <trkpt lat="46.17995900" lon="-74.72757800">
        <ele>218.200</ele>
      </trkpt>
      <trkpt lat="46.17972900" lon="-74.72745500">
        <ele>218.000</ele>
      </trkpt>
      <trkpt lat="46.17953600" lon="-74.72735400">
        <ele>218.000</ele>
      </trkpt>
      <trkpt lat="46.17899700" lon="-74.72704100">
        <ele>218.600</ele>
      </trkpt>
      <trkpt lat="46.17893500" lon="-74.72700000">
        <ele>218.800</ele>
      </trkpt>
      <trkpt lat="46.17853300" lon="-74.72672100">
        <ele>220.000</ele>
      </trkpt>
      <trkpt lat="46.17847800" lon="-74.72668100">
        <ele>220.200</ele>
      </trkpt>
      <trkpt lat="46.17829100" lon="-74.72652000">
        <ele>221.000</ele>
      </trkpt>
      <trkpt lat="46.17811600" lon="-74.72636900">
        <ele>221.600</ele>
      </trkpt>
      <trkpt lat="46.17787300" lon="-74.72614700">
        <ele>222.000</ele>
      </trkpt>
      <trkpt lat="46.17766100" lon="-74.72593700">
        <ele>223.000</ele>
      </trkpt>
      <trkpt lat="46.17760700" lon="-74.72588300">
        <ele>223.200</ele>
      </trkpt>
      <trkpt lat="46.17717700" lon="-74.72541600">
        <ele>224.000</ele>
      </trkpt>
      <trkpt lat="46.17711300" lon="-74.72534400">
        <ele>224.200</ele>
      </trkpt>
      <trkpt lat="46.17688500" lon="-74.72505100">
        <ele>224.800</ele>
      </trkpt>
      <trkpt lat="46.17683800" lon="-74.72498500">
        <ele>225.000</ele>
      </trkpt>
      <trkpt lat="46.17675100" lon="-74.72486000">
        <ele>225.400</ele>
      </trkpt>
      <trkpt lat="46.17652000" lon="-74.72454700">
        <ele>226.400</ele>
      </trkpt>
      <trkpt lat="46.17638500" lon="-74.72434400">
        <ele>226.800</ele>
      </trkpt>
      <trkpt lat="46.17621100" lon="-74.72407500">
        <ele>227.400</ele>
      </trkpt>
      <trkpt lat="46.17599400" lon="-74.72372100">
        <ele>227.600</ele>
      </trkpt>
      <trkpt lat="46.17568100" lon="-74.72321400">
        <ele>228.600</ele>
      </trkpt>
      <trkpt lat="46.17558400" lon="-74.72305800">
        <ele>228.600</ele>
      </trkpt>
      <trkpt lat="46.17535700" lon="-74.72268800">
        <ele>229.600</ele>
      </trkpt>
      <trkpt lat="46.17518500" lon="-74.72242600">
        <ele>230.000</ele>
      </trkpt>
      <trkpt lat="46.17480200" lon="-74.72183500">
        <ele>229.600</ele>
      </trkpt>
      <trkpt lat="46.17474300" lon="-74.72174100">
        <ele>229.400</ele>
      </trkpt>
      <trkpt lat="46.17439100" lon="-74.72119400">
        <ele>228.600</ele>
      </trkpt>
      <trkpt lat="46.17422900" lon="-74.72095100">
        <ele>228.000</ele>
      </trkpt>
      <trkpt lat="46.17382100" lon="-74.72037400">
        <ele>227.600</ele>
      </trkpt>
      <trkpt lat="46.17354500" lon="-74.72001100">
        <ele>226.600</ele>
      </trkpt>
      <trkpt lat="46.17333500" lon="-74.71974700">
        <ele>226.200</ele>
      </trkpt>
      <trkpt lat="46.17300400" lon="-74.71934300">
        <ele>226.200</ele>
      </trkpt>
      <trkpt lat="46.17293300" lon="-74.71926100">
        <ele>226.800</ele>
      </trkpt>
      <trkpt lat="46.17265100" lon="-74.71895200">
        <ele>225.200</ele>
      </trkpt>
      <trkpt lat="46.17251800" lon="-74.71880400">
        <ele>224.800</ele>
      </trkpt>
      <trkpt lat="46.17237600" lon="-74.71866000">
        <ele>226.200</ele>
      </trkpt>
      <trkpt lat="46.17188500" lon="-74.71816900">
        <ele>226.800</ele>
      </trkpt>
      <trkpt lat="46.17182900" lon="-74.71811800">
        <ele>226.800</ele>
      </trkpt>
      <trkpt lat="46.17137000" lon="-74.71769000">
        <ele>227.000</ele>
      </trkpt>
      <trkpt lat="46.17106000" lon="-74.71740400">
        <ele>227.000</ele>
      </trkpt>
      <trkpt lat="46.17059500" lon="-74.71697100">
        <ele>226.400</ele>
      </trkpt>
      <trkpt lat="46.17032900" lon="-74.71672600">
        <ele>225.800</ele>
      </trkpt>
      <trkpt lat="46.16979500" lon="-74.71623800">
        <ele>225.000</ele>
      </trkpt>
      <trkpt lat="46.16969200" lon="-74.71614300">
        <ele>224.600</ele>
      </trkpt>
      <trkpt lat="46.16959900" lon="-74.71605700">
        <ele>223.400</ele>
      </trkpt>
      <trkpt lat="46.16923500" lon="-74.71571800">
        <ele>222.400</ele>
      </trkpt>
      <trkpt lat="46.16886700" lon="-74.71537700">
        <ele>221.200</ele>
      </trkpt>
      <trkpt lat="46.16880400" lon="-74.71531700">
        <ele>221.200</ele>
      </trkpt>
      <trkpt lat="46.16834900" lon="-74.71489200">
        <ele>220.600</ele>
      </trkpt>
      <trkpt lat="46.16812600" lon="-74.71468600">
        <ele>220.800</ele>
      </trkpt>
      <trkpt lat="46.16767000" lon="-74.71422700">
        <ele>221.800</ele>
      </trkpt>
      <trkpt lat="46.16753200" lon="-74.71407900">
        <ele>222.400</ele>
      </trkpt>
      <trkpt lat="46.16728900" lon="-74.71380200">
        <ele>223.600</ele>
      </trkpt>
      <trkpt lat="46.16717300" lon="-74.71367200">
        <ele>224.000</ele>
      </trkpt>
      <trkpt lat="46.16702200" lon="-74.71348300">
        <ele>224.800</ele>
      </trkpt>
      <trkpt lat="46.16687700" lon="-74.71329500">
        <ele>225.800</ele>
      </trkpt>
      <trkpt lat="46.16671500" lon="-74.71307600">
        <ele>226.200</ele>
      </trkpt>
      <trkpt lat="46.16651100" lon="-74.71279300">
        <ele>226.800</ele>
      </trkpt>
      <trkpt lat="46.16626400" lon="-74.71242500">
        <ele>227.400</ele>
      </trkpt>
      <trkpt lat="46.16587400" lon="-74.71182900">
        <ele>227.600</ele>
      </trkpt>
      <trkpt lat="46.16569000" lon="-74.71153700">
        <ele>227.600</ele>
      </trkpt>
      <trkpt lat="46.16539600" lon="-74.71108000">
        <ele>227.800</ele>
      </trkpt>
      <trkpt lat="46.16520500" lon="-74.71079500">
        <ele>227.800</ele>
      </trkpt>
      <trkpt lat="46.16485900" lon="-74.71032000">
        <ele>227.800</ele>
      </trkpt>
      <trkpt lat="46.16439000" lon="-74.70975400">
        <ele>227.000</ele>
      </trkpt>
      <trkpt lat="46.16430900" lon="-74.70966600">
        <ele>226.600</ele>
      </trkpt>
      <trkpt lat="46.16415600" lon="-74.70950100">
        <ele>226.200</ele>
      </trkpt>
      <trkpt lat="46.16389700" lon="-74.70923900">
        <ele>225.600</ele>
      </trkpt>
      <trkpt lat="46.16371800" lon="-74.70907500">
        <ele>224.600</ele>
      </trkpt>
      <trkpt lat="46.16342700" lon="-74.70881700">
        <ele>223.600</ele>
      </trkpt>
      <trkpt lat="46.16305100" lon="-74.70851700">
        <ele>222.400</ele>
      </trkpt>
      <trkpt lat="46.16266600" lon="-74.70822900">
        <ele>221.400</ele>
      </trkpt>
      <trkpt lat="46.16209800" lon="-74.70780400">
        <ele>220.600</ele>
      </trkpt>
      <trkpt lat="46.16184000" lon="-74.70761300">
        <ele>220.600</ele>
      </trkpt>
      <trkpt lat="46.16158400" lon="-74.70741300">
        <ele>220.400</ele>
      </trkpt>
      <trkpt lat="46.16133400" lon="-74.70722900">
        <ele>220.400</ele>
      </trkpt>
      <trkpt lat="46.16082000" lon="-74.70684100">
        <ele>220.000</ele>
      </trkpt>
      <trkpt lat="46.16075500" lon="-74.70678800">
        <ele>219.600</ele>
      </trkpt>
      <trkpt lat="46.16066800" lon="-74.70671800">
        <ele>218.800</ele>
      </trkpt>
      <trkpt lat="46.16050700" lon="-74.70659200">
        <ele>217.800</ele>
      </trkpt>
      <trkpt lat="46.15994300" lon="-74.70616800">
        <ele>218.400</ele>
      </trkpt>
      <trkpt lat="46.15955000" lon="-74.70588500">
        <ele>218.200</ele>
      </trkpt>
      <trkpt lat="46.15949200" lon="-74.70583600">
        <ele>218.200</ele>
      </trkpt>
      <trkpt lat="46.15931900" lon="-74.70569400">
        <ele>218.800</ele>
      </trkpt>
      <trkpt lat="46.15910600" lon="-74.70549000">
        <ele>220.200</ele>
      </trkpt>
      <trkpt lat="46.15895700" lon="-74.70533700">
        <ele>221.000</ele>
      </trkpt>
      <trkpt lat="46.15889800" lon="-74.70527000">
        <ele>221.200</ele>
      </trkpt>
      <trkpt lat="46.15847800" lon="-74.70472700">
        <ele>221.000</ele>
      </trkpt>
      <trkpt lat="46.15829700" lon="-74.70445200">
        <ele>220.800</ele>
      </trkpt>
      <trkpt lat="46.15800000" lon="-74.70393600">
        <ele>220.800</ele>
      </trkpt>
      <trkpt lat="46.15771700" lon="-74.70327200">
        <ele>220.400</ele>
      </trkpt>
      <trkpt lat="46.15751100" lon="-74.70263700">
        <ele>220.200</ele>
      </trkpt>
      <trkpt lat="46.15745400" lon="-74.70241200">
        <ele>220.200</ele>
      </trkpt>
      <trkpt lat="46.15729000" lon="-74.70157200">
        <ele>219.600</ele>
      </trkpt>
      <trkpt lat="46.15725900" lon="-74.70132900">
        <ele>219.600</ele>
      </trkpt>
      <trkpt lat="46.15720500" lon="-74.70050800">
        <ele>219.600</ele>
      </trkpt>
      <trkpt lat="46.15720300" lon="-74.70027500">
        <ele>219.800</ele>
      </trkpt>
      <trkpt lat="46.15719400" lon="-74.69945400">
        <ele>219.400</ele>
      </trkpt>
      <trkpt lat="46.15719300" lon="-74.69921500">
        <ele>219.200</ele>
      </trkpt>
      <trkpt lat="46.15719300" lon="-74.69841900">
        <ele>219.600</ele>
      </trkpt>
      <trkpt lat="46.15720500" lon="-74.69779000">
        <ele>219.800</ele>
      </trkpt>
      <trkpt lat="46.15719800" lon="-74.69702700">
        <ele>220.400</ele>
      </trkpt>
      <trkpt lat="46.15719800" lon="-74.69614500">
        <ele>220.600</ele>
      </trkpt>
      <trkpt lat="46.15718800" lon="-74.69563100">
        <ele>220.600</ele>
      </trkpt>
      <trkpt lat="46.15718500" lon="-74.69482900">
        <ele>220.400</ele>
      </trkpt>
      <trkpt lat="46.15718300" lon="-74.69430500">
        <ele>220.200</ele>
      </trkpt>
      <trkpt lat="46.15717900" lon="-74.69348600">
        <ele>220.200</ele>
      </trkpt>
      <trkpt lat="46.15717700" lon="-74.69271700">
        <ele>220.000</ele>
      </trkpt>
      <trkpt lat="46.15717600" lon="-74.69187300">
        <ele>220.600</ele>
      </trkpt>
      <trkpt lat="46.15717500" lon="-74.69175900">
        <ele>220.800</ele>
      </trkpt>
      <trkpt lat="46.15717400" lon="-74.69139300">
        <ele>221.200</ele>
      </trkpt>
      <trkpt lat="46.15717800" lon="-74.69086600">
        <ele>222.400</ele>
      </trkpt>
      <trkpt lat="46.15717700" lon="-74.69033500">
        <ele>223.400</ele>
      </trkpt>
      <trkpt lat="46.15717700" lon="-74.69024500">
        <ele>223.600</ele>
      </trkpt>
      <trkpt lat="46.15717300" lon="-74.68999600">
        <ele>224.600</ele>
      </trkpt>
      <trkpt lat="46.15717500" lon="-74.68982700">
        <ele>225.400</ele>
      </trkpt>
      <trkpt lat="46.15717900" lon="-74.68968600">
        <ele>225.600</ele>
      </trkpt>
      <trkpt lat="46.15718500" lon="-74.68926700">
        <ele>226.800</ele>
      </trkpt>
      <trkpt lat="46.15718600" lon="-74.68904200">
        <ele>227.000</ele>
      </trkpt>
      <trkpt lat="46.15717600" lon="-74.68875000">
        <ele>228.000</ele>
      </trkpt>
      <trkpt lat="46.15717000" lon="-74.68851900">
        <ele>229.000</ele>
      </trkpt>
      <trkpt lat="46.15717200" lon="-74.68839000">
        <ele>229.800</ele>
      </trkpt>
      <trkpt lat="46.15717000" lon="-74.68831600">
        <ele>230.200</ele>
      </trkpt>
      <trkpt lat="46.15717400" lon="-74.68804500">
        <ele>231.200</ele>
      </trkpt>
      <trkpt lat="46.15717700" lon="-74.68777600">
        <ele>231.800</ele>
      </trkpt>
      <trkpt lat="46.15718000" lon="-74.68752400">
        <ele>232.400</ele>
      </trkpt>
      <trkpt lat="46.15717800" lon="-74.68723400">
        <ele>233.400</ele>
      </trkpt>
      <trkpt lat="46.15717600" lon="-74.68716500">
        <ele>233.800</ele>
      </trkpt>
      <trkpt lat="46.15716500" lon="-74.68697700">
        <ele>234.400</ele>
      </trkpt>
      <trkpt lat="46.15716300" lon="-74.68675500">
        <ele>235.600</ele>
      </trkpt>
      <trkpt lat="46.15716400" lon="-74.68668900">
        <ele>235.800</ele>
      </trkpt>
      <trkpt lat="46.15715900" lon="-74.68652100">
        <ele>236.600</ele>
      </trkpt>
      <trkpt lat="46.15716100" lon="-74.68627600">
        <ele>237.800</ele>
      </trkpt>
      <trkpt lat="46.15716200" lon="-74.68617100">
        <ele>238.200</ele>
      </trkpt>
      <trkpt lat="46.15716000" lon="-74.68598600">
        <ele>239.000</ele>
      </trkpt>
      <trkpt lat="46.15716000" lon="-74.68569200">
        <ele>240.200</ele>
      </trkpt>
      <trkpt lat="46.15715800" lon="-74.68553600">
        <ele>241.200</ele>
      </trkpt>
      <trkpt lat="46.15717000" lon="-74.68525300">
        <ele>242.400</ele>
      </trkpt>
      <trkpt lat="46.15717200" lon="-74.68504200">
        <ele>243.800</ele>
      </trkpt>
      <trkpt lat="46.15717100" lon="-74.68488600">
        <ele>244.600</ele>
      </trkpt>
      <trkpt lat="46.15717100" lon="-74.68483300">
        <ele>244.800</ele>
      </trkpt>
      <trkpt lat="46.15717100" lon="-74.68461700">
        <ele>246.200</ele>
      </trkpt>
      <trkpt lat="46.15717100" lon="-74.68440800">
        <ele>247.000</ele>
      </trkpt>
      <trkpt lat="46.15717000" lon="-74.68435700">
        <ele>247.200</ele>
      </trkpt>
      <trkpt lat="46.15716800" lon="-74.68414900">
        <ele>248.400</ele>
      </trkpt>
      <trkpt lat="46.15717300" lon="-74.68394400">
        <ele>249.800</ele>
      </trkpt>
      <trkpt lat="46.15717800" lon="-74.68373300">
        <ele>250.800</ele>
      </trkpt>
      <trkpt lat="46.15717500" lon="-74.68349000">
        <ele>251.800</ele>
      </trkpt>
      <trkpt lat="46.15717600" lon="-74.68343100">
        <ele>252.000</ele>
      </trkpt>
      <trkpt lat="46.15716900" lon="-74.68322400">
        <ele>252.800</ele>
      </trkpt>
      <trkpt lat="46.15717200" lon="-74.68310300">
        <ele>253.400</ele>
      </trkpt>
      <trkpt lat="46.15717300" lon="-74.68305100">
        <ele>254.000</ele>
      </trkpt>
      <trkpt lat="46.15717700" lon="-74.68274100">
        <ele>255.200</ele>
      </trkpt>
      <trkpt lat="46.15718000" lon="-74.68264500">
        <ele>255.800</ele>
      </trkpt>
      <trkpt lat="46.15718100" lon="-74.68258700">
        <ele>256.200</ele>
      </trkpt>
      <trkpt lat="46.15718300" lon="-74.68238300">
        <ele>257.200</ele>
      </trkpt>
      <trkpt lat="46.15718700" lon="-74.68218200">
        <ele>258.200</ele>
      </trkpt>
      <trkpt lat="46.15718900" lon="-74.68207800">
        <ele>258.800</ele>
      </trkpt>
      <trkpt lat="46.15719100" lon="-74.68192500">
        <ele>259.400</ele>
      </trkpt>
      <trkpt lat="46.15719800" lon="-74.68172900">
        <ele>260.600</ele>
      </trkpt>
      <trkpt lat="46.15719800" lon="-74.68157200">
        <ele>261.400</ele>
      </trkpt>
      <trkpt lat="46.15719700" lon="-74.68151300">
        <ele>261.800</ele>
      </trkpt>
      <trkpt lat="46.15719800" lon="-74.68136400">
        <ele>262.800</ele>
      </trkpt>
      <trkpt lat="46.15719700" lon="-74.68109800">
        <ele>264.000</ele>
      </trkpt>
      <trkpt lat="46.15719200" lon="-74.68094400">
        <ele>264.800</ele>
      </trkpt>
      <trkpt lat="46.15719100" lon="-74.68088000">
        <ele>265.000</ele>
      </trkpt>
      <trkpt lat="46.15719300" lon="-74.68067600">
        <ele>266.200</ele>
      </trkpt>
      <trkpt lat="46.15719400" lon="-74.68046200">
        <ele>267.200</ele>
      </trkpt>
      <trkpt lat="46.15719300" lon="-74.68040900">
        <ele>267.400</ele>
      </trkpt>
      <trkpt lat="46.15719800" lon="-74.68019200">
        <ele>268.400</ele>
      </trkpt>
      <trkpt lat="46.15720500" lon="-74.67992800">
        <ele>269.600</ele>
      </trkpt>
      <trkpt lat="46.15720600" lon="-74.67976900">
        <ele>270.800</ele>
      </trkpt>
      <trkpt lat="46.15720600" lon="-74.67961500">
        <ele>272.000</ele>
      </trkpt>
      <trkpt lat="46.15720500" lon="-74.67935000">
        <ele>273.200</ele>
      </trkpt>
      <trkpt lat="46.15720500" lon="-74.67930900">
        <ele>273.400</ele>
      </trkpt>
      <trkpt lat="46.15721000" lon="-74.67913100">
        <ele>274.200</ele>
      </trkpt>
      <trkpt lat="46.15721900" lon="-74.67897100">
        <ele>275.000</ele>
      </trkpt>
      <trkpt lat="46.15722200" lon="-74.67886500">
        <ele>275.600</ele>
      </trkpt>
      <trkpt lat="46.15722300" lon="-74.67864700">
        <ele>276.800</ele>
      </trkpt>
      <trkpt lat="46.15722400" lon="-74.67842300">
        <ele>278.000</ele>
      </trkpt>
      <trkpt lat="46.15721200" lon="-74.67814600">
        <ele>279.200</ele>
      </trkpt>
      <trkpt lat="46.15721300" lon="-74.67793100">
        <ele>280.200</ele>
      </trkpt>
      <trkpt lat="46.15721700" lon="-74.67766800">
        <ele>281.400</ele>
      </trkpt>
      <trkpt lat="46.15721200" lon="-74.67750400">
        <ele>282.600</ele>
      </trkpt>
      <trkpt lat="46.15721200" lon="-74.67730700">
        <ele>283.600</ele>
      </trkpt>
      <trkpt lat="46.15722400" lon="-74.67705000">
        <ele>285.000</ele>
      </trkpt>
      <trkpt lat="46.15722500" lon="-74.67696200">
        <ele>285.400</ele>
      </trkpt>
      <trkpt lat="46.15722900" lon="-74.67685100">
        <ele>286.000</ele>
      </trkpt>
      <trkpt lat="46.15723500" lon="-74.67662800">
        <ele>287.000</ele>
      </trkpt>
      <trkpt lat="46.15723600" lon="-74.67652000">
        <ele>287.200</ele>
      </trkpt>
      <trkpt lat="46.15723200" lon="-74.67635600">
        <ele>288.000</ele>
      </trkpt>
      <trkpt lat="46.15722800" lon="-74.67615100">
        <ele>289.200</ele>
      </trkpt>
      <trkpt lat="46.15723300" lon="-74.67599500">
        <ele>290.400</ele>
      </trkpt>
      <trkpt lat="46.15723500" lon="-74.67572800">
        <ele>291.600</ele>
      </trkpt>
      <trkpt lat="46.15723400" lon="-74.67561500">
        <ele>292.200</ele>
      </trkpt>
      <trkpt lat="46.15723700" lon="-74.67551000">
        <ele>292.800</ele>
      </trkpt>
      <trkpt lat="46.15723400" lon="-74.67522200">
        <ele>293.800</ele>
      </trkpt>
      <trkpt lat="46.15723100" lon="-74.67516900">
        <ele>294.200</ele>
      </trkpt>
      <trkpt lat="46.15723500" lon="-74.67493100">
        <ele>295.000</ele>
      </trkpt>
      <trkpt lat="46.15724000" lon="-74.67462500">
        <ele>296.200</ele>
      </trkpt>
      <trkpt lat="46.15725300" lon="-74.67427000">
        <ele>297.200</ele>
      </trkpt>
      <trkpt lat="46.15725100" lon="-74.67415400">
        <ele>297.800</ele>
      </trkpt>
      <trkpt lat="46.15723900" lon="-74.67395300">
        <ele>298.400</ele>
      </trkpt>
      <trkpt lat="46.15724600" lon="-74.67364500">
        <ele>299.400</ele>
      </trkpt>
      <trkpt lat="46.15725100" lon="-74.67320400">
        <ele>300.400</ele>
      </trkpt>
      <trkpt lat="46.15725000" lon="-74.67312600">
        <ele>300.600</ele>
      </trkpt>
      <trkpt lat="46.15726000" lon="-74.67277300">
        <ele>301.400</ele>
      </trkpt>
      <trkpt lat="46.15726400" lon="-74.67268200">
        <ele>301.600</ele>
      </trkpt>
      <trkpt lat="46.15727000" lon="-74.67216200">
        <ele>302.200</ele>
      </trkpt>
      <trkpt lat="46.15726600" lon="-74.67195800">
        <ele>302.600</ele>
      </trkpt>
      <trkpt lat="46.15726600" lon="-74.67177600">
        <ele>303.400</ele>
      </trkpt>
      <trkpt lat="46.15726400" lon="-74.67166400">
        <ele>303.800</ele>
      </trkpt>
      <trkpt lat="46.15727700" lon="-74.67139800">
        <ele>304.600</ele>
      </trkpt>
      <trkpt lat="46.15728700" lon="-74.67116000">
        <ele>305.000</ele>
      </trkpt>
      <trkpt lat="46.15729500" lon="-74.67073300">
        <ele>305.400</ele>
      </trkpt>
      <trkpt lat="46.15728800" lon="-74.67042900">
        <ele>306.000</ele>
      </trkpt>
      <trkpt lat="46.15727700" lon="-74.67012700">
        <ele>306.600</ele>
      </trkpt>
      <trkpt lat="46.15726200" lon="-74.66990500">
        <ele>307.000</ele>
      </trkpt>
      <trkpt lat="46.15723800" lon="-74.66958600">
        <ele>307.600</ele>
      </trkpt>
      <trkpt lat="46.15720200" lon="-74.66932000">
        <ele>308.200</ele>
      </trkpt>
      <trkpt lat="46.15715100" lon="-74.66897900">
        <ele>309.000</ele>
      </trkpt>
      <trkpt lat="46.15714000" lon="-74.66891400">
        <ele>309.200</ele>
      </trkpt>
      <trkpt lat="46.15705300" lon="-74.66840900">
        <ele>310.200</ele>
      </trkpt>
      <trkpt lat="46.15703500" lon="-74.66834100">
        <ele>310.600</ele>
      </trkpt>
      <trkpt lat="46.15698500" lon="-74.66808700">
        <ele>311.200</ele>
      </trkpt>
      <trkpt lat="46.15696400" lon="-74.66800800">
        <ele>311.400</ele>
      </trkpt>
      <trkpt lat="46.15690200" lon="-74.66778300">
        <ele>311.800</ele>
      </trkpt>
      <trkpt lat="46.15686100" lon="-74.66764000">
        <ele>312.400</ele>
      </trkpt>
      <trkpt lat="46.15671800" lon="-74.66717900">
        <ele>313.400</ele>
      </trkpt>
      <trkpt lat="46.15666800" lon="-74.66704300">
        <ele>313.600</ele>
      </trkpt>
      <trkpt lat="46.15652500" lon="-74.66666900">
        <ele>314.200</ele>
      </trkpt>
      <trkpt lat="46.15649200" lon="-74.66659400">
        <ele>314.400</ele>
      </trkpt>
      <trkpt lat="46.15636000" lon="-74.66631500">
        <ele>315.000</ele>
      </trkpt>
      <trkpt lat="46.15618300" lon="-74.66595800">
        <ele>315.600</ele>
      </trkpt>
      <trkpt lat="46.15607300" lon="-74.66576400">
        <ele>316.400</ele>
      </trkpt>
      <trkpt lat="46.15603600" lon="-74.66569400">
        <ele>316.600</ele>
      </trkpt>
      <trkpt lat="46.15591200" lon="-74.66548100">
        <ele>317.800</ele>
      </trkpt>
      <trkpt lat="46.15583100" lon="-74.66536000">
        <ele>318.200</ele>
      </trkpt>
      <trkpt lat="46.15538500" lon="-74.66479000">
        <ele>318.600</ele>
      </trkpt>
      <trkpt lat="46.15532100" lon="-74.66471800">
        <ele>319.000</ele>
      </trkpt>
      <trkpt lat="46.15485700" lon="-74.66426000">
        <ele>319.600</ele>
      </trkpt>
      <trkpt lat="46.15481100" lon="-74.66422200">
        <ele>319.600</ele>
      </trkpt>
      <trkpt lat="46.15430600" lon="-74.66384500">
        <ele>318.800</ele>
      </trkpt>
      <trkpt lat="46.15424500" lon="-74.66380700">
        <ele>318.800</ele>
      </trkpt>
      <trkpt lat="46.15367400" lon="-74.66349200">
        <ele>318.600</ele>
      </trkpt>
      <trkpt lat="46.15305400" lon="-74.66326600">
        <ele>318.000</ele>
      </trkpt>
      <trkpt lat="46.15260000" lon="-74.66310800">
        <ele>316.800</ele>
      </trkpt>
      <trkpt lat="46.15223700" lon="-74.66298000">
        <ele>316.000</ele>
      </trkpt>
      <trkpt lat="46.15194100" lon="-74.66287300">
        <ele>315.600</ele>
      </trkpt>
      <trkpt lat="46.15146200" lon="-74.66270300">
        <ele>315.000</ele>
      </trkpt>
      <trkpt lat="46.15089800" lon="-74.66245200">
        <ele>314.600</ele>
      </trkpt>
      <trkpt lat="46.15078000" lon="-74.66239500">
        <ele>314.600</ele>
      </trkpt>
      <trkpt lat="46.15058000" lon="-74.66228600">
        <ele>314.200</ele>
      </trkpt>
      <trkpt lat="46.15017800" lon="-74.66204900">
        <ele>313.400</ele>
      </trkpt>
      <trkpt lat="46.14979200" lon="-74.66179800">
        <ele>312.400</ele>
      </trkpt>
      <trkpt lat="46.14943600" lon="-74.66153800">
        <ele>311.000</ele>
      </trkpt>
      <trkpt lat="46.14923600" lon="-74.66137800">
        <ele>310.000</ele>
      </trkpt>
      <trkpt lat="46.14911400" lon="-74.66127400">
        <ele>309.200</ele>
      </trkpt>
      <trkpt lat="46.14898300" lon="-74.66116100">
        <ele>308.400</ele>
      </trkpt>
      <trkpt lat="46.14877000" lon="-74.66097400">
        <ele>307.000</ele>
      </trkpt>
      <trkpt lat="46.14853300" lon="-74.66073600">
        <ele>305.200</ele>
      </trkpt>
      <trkpt lat="46.14842400" lon="-74.66062000">
        <ele>304.600</ele>
      </trkpt>
      <trkpt lat="46.14831200" lon="-74.66050400">
        <ele>304.000</ele>
      </trkpt>
      <trkpt lat="46.14815200" lon="-74.66033700">
        <ele>303.000</ele>
      </trkpt>
      <trkpt lat="46.14802500" lon="-74.66019900">
        <ele>301.600</ele>
      </trkpt>
      <trkpt lat="46.14789500" lon="-74.66005600">
        <ele>300.200</ele>
      </trkpt>
      <trkpt lat="46.14777100" lon="-74.65991400">
        <ele>299.200</ele>
      </trkpt>
      <trkpt lat="46.14765200" lon="-74.65976900">
        <ele>298.200</ele>
      </trkpt>
      <trkpt lat="46.14753900" lon="-74.65962700">
        <ele>297.000</ele>
      </trkpt>
      <trkpt lat="46.14742000" lon="-74.65946800">
        <ele>295.800</ele>
      </trkpt>
      <trkpt lat="46.14728900" lon="-74.65928800">
        <ele>294.400</ele>
      </trkpt>
      <trkpt lat="46.14716800" lon="-74.65910900">
        <ele>295.600</ele>
      </trkpt>
      <trkpt lat="46.14705200" lon="-74.65893900">
        <ele>294.200</ele>
      </trkpt>
      <trkpt lat="46.14681900" lon="-74.65857600">
        <ele>292.400</ele>
      </trkpt>
      <trkpt lat="46.14670800" lon="-74.65840100">
        <ele>291.000</ele>
      </trkpt>
      <trkpt lat="46.14648500" lon="-74.65803500">
        <ele>288.400</ele>
      </trkpt>
      <trkpt lat="46.14637600" lon="-74.65784600">
        <ele>286.800</ele>
      </trkpt>
      <trkpt lat="46.14626500" lon="-74.65765500">
        <ele>285.000</ele>
      </trkpt>
      <trkpt lat="46.14606900" lon="-74.65728500">
        <ele>283.600</ele>
      </trkpt>
      <trkpt lat="46.14588300" lon="-74.65689400">
        <ele>282.000</ele>
      </trkpt>
      <trkpt lat="46.14581100" lon="-74.65673700">
        <ele>281.800</ele>
      </trkpt>
      <trkpt lat="46.14562900" lon="-74.65631500">
        <ele>281.000</ele>
      </trkpt>
      <trkpt lat="46.14549900" lon="-74.65600100">
        <ele>280.400</ele>
      </trkpt>
      <trkpt lat="46.14533900" lon="-74.65558900">
        <ele>280.400</ele>
      </trkpt>
      <trkpt lat="46.14515800" lon="-74.65510400">
        <ele>280.600</ele>
      </trkpt>
      <trkpt lat="46.14503400" lon="-74.65477000">
        <ele>281.000</ele>
      </trkpt>
      <trkpt lat="46.14488100" lon="-74.65435100">
        <ele>282.200</ele>
      </trkpt>
      <trkpt lat="46.14472300" lon="-74.65393200">
        <ele>283.000</ele>
      </trkpt>
      <trkpt lat="46.14466700" lon="-74.65379500">
        <ele>283.400</ele>
      </trkpt>
      <trkpt lat="46.14435800" lon="-74.65311100">
        <ele>284.200</ele>
      </trkpt>
      <trkpt lat="46.14428800" lon="-74.65297800">
        <ele>284.400</ele>
      </trkpt>
      <trkpt lat="46.14394400" lon="-74.65236100">
        <ele>285.200</ele>
      </trkpt>
      <trkpt lat="46.14376000" lon="-74.65208300">
        <ele>285.400</ele>
      </trkpt>
      <trkpt lat="46.14340000" lon="-74.65157400">
        <ele>286.400</ele>
      </trkpt>
      <trkpt lat="46.14332500" lon="-74.65147400">
        <ele>286.800</ele>
      </trkpt>
      <trkpt lat="46.14296900" lon="-74.65106300">
        <ele>287.400</ele>
      </trkpt>
      <trkpt lat="46.14276300" lon="-74.65085800">
        <ele>287.800</ele>
      </trkpt>
      <trkpt lat="46.14243700" lon="-74.65056600">
        <ele>288.000</ele>
      </trkpt>
      <trkpt lat="46.14188800" lon="-74.65008500">
        <ele>288.200</ele>
      </trkpt>
      <trkpt lat="46.14172800" lon="-74.64993900">
        <ele>288.000</ele>
      </trkpt>
      <trkpt lat="46.14126300" lon="-74.64952000">
        <ele>287.800</ele>
      </trkpt>
      <trkpt lat="46.14110800" lon="-74.64935500">
        <ele>288.000</ele>
      </trkpt>
      <trkpt lat="46.14067100" lon="-74.64882800">
        <ele>288.000</ele>
      </trkpt>
      <trkpt lat="46.14052700" lon="-74.64862000">
        <ele>287.800</ele>
      </trkpt>
      <trkpt lat="46.14017500" lon="-74.64801000">
        <ele>287.800</ele>
      </trkpt>
      <trkpt lat="46.13987200" lon="-74.64732000">
        <ele>287.000</ele>
      </trkpt>
      <trkpt lat="46.13982900" lon="-74.64719900">
        <ele>287.000</ele>
      </trkpt>
      <trkpt lat="46.13960900" lon="-74.64645100">
        <ele>287.400</ele>
      </trkpt>
      <trkpt lat="46.13945400" lon="-74.64568800">
        <ele>287.000</ele>
      </trkpt>
      <trkpt lat="46.13935700" lon="-74.64486100">
        <ele>287.200</ele>
      </trkpt>
      <trkpt lat="46.13934900" lon="-74.64471400">
        <ele>287.400</ele>
      </trkpt>
      <trkpt lat="46.13935000" lon="-74.64391800">
        <ele>287.600</ele>
      </trkpt>
      <trkpt lat="46.13935600" lon="-74.64377700">
        <ele>287.400</ele>
      </trkpt>
      <trkpt lat="46.13941900" lon="-74.64290700">
        <ele>287.800</ele>
      </trkpt>
      <trkpt lat="46.13944100" lon="-74.64263600">
        <ele>288.000</ele>
      </trkpt>
      <trkpt lat="46.13951600" lon="-74.64175600">
        <ele>288.800</ele>
      </trkpt>
      <trkpt lat="46.13952700" lon="-74.64164900">
        <ele>288.800</ele>
      </trkpt>
      <trkpt lat="46.13957800" lon="-74.64078300">
        <ele>288.200</ele>
      </trkpt>
      <trkpt lat="46.13958900" lon="-74.64031500">
        <ele>289.800</ele>
      </trkpt>
      <trkpt lat="46.13959200" lon="-74.64005500">
        <ele>290.200</ele>
      </trkpt>
      <trkpt lat="46.13958700" lon="-74.63969500">
        <ele>290.200</ele>
      </trkpt>
      <trkpt lat="46.13956000" lon="-74.63895900">
        <ele>291.000</ele>
      </trkpt>
      <trkpt lat="46.13952700" lon="-74.63846900">
        <ele>291.200</ele>
      </trkpt>
      <trkpt lat="46.13943700" lon="-74.63768500">
        <ele>291.400</ele>
      </trkpt>
      <trkpt lat="46.13939700" lon="-74.63738800">
        <ele>291.200</ele>
      </trkpt>
      <trkpt lat="46.13925700" lon="-74.63655400">
        <ele>290.400</ele>
      </trkpt>
      <trkpt lat="46.13922700" lon="-74.63639600">
        <ele>290.200</ele>
      </trkpt>
      <trkpt lat="46.13919500" lon="-74.63623900">
        <ele>290.000</ele>
      </trkpt>
      <trkpt lat="46.13905200" lon="-74.63563700">
        <ele>288.600</ele>
      </trkpt>
      <trkpt lat="46.13896500" lon="-74.63531500">
        <ele>288.000</ele>
      </trkpt>
      <trkpt lat="46.13892600" lon="-74.63518400">
        <ele>287.600</ele>
      </trkpt>
      <trkpt lat="46.13882000" lon="-74.63483300">
        <ele>286.400</ele>
      </trkpt>
      <trkpt lat="46.13866700" lon="-74.63434000">
        <ele>285.400</ele>
      </trkpt>
      <trkpt lat="46.13860800" lon="-74.63418000">
        <ele>284.600</ele>
      </trkpt>
      <trkpt lat="46.13849200" lon="-74.63387000">
        <ele>284.200</ele>
      </trkpt>
      <trkpt lat="46.13817300" lon="-74.63308100">
        <ele>283.000</ele>
      </trkpt>
      <trkpt lat="46.13804300" lon="-74.63278400">
        <ele>282.800</ele>
      </trkpt>
      <trkpt lat="46.13769200" lon="-74.63209000">
        <ele>282.400</ele>
      </trkpt>
      <trkpt lat="46.13753300" lon="-74.63178300">
        <ele>282.200</ele>
      </trkpt>
      <trkpt lat="46.13740200" lon="-74.63154200">
        <ele>282.000</ele>
      </trkpt>
      <trkpt lat="46.13713700" lon="-74.63108900">
        <ele>280.800</ele>
      </trkpt>
      <trkpt lat="46.13681900" lon="-74.63055200">
        <ele>279.600</ele>
      </trkpt>
      <trkpt lat="46.13674900" lon="-74.63043900">
        <ele>279.200</ele>
      </trkpt>
      <trkpt lat="46.13656400" lon="-74.63012600">
        <ele>278.400</ele>
      </trkpt>
      <trkpt lat="46.13642500" lon="-74.62988200">
        <ele>277.400</ele>
      </trkpt>
      <trkpt lat="46.13631500" lon="-74.62968600">
        <ele>276.800</ele>
      </trkpt>
      <trkpt lat="46.13616200" lon="-74.62936500">
        <ele>275.400</ele>
      </trkpt>
      <trkpt lat="46.13602000" lon="-74.62902500">
        <ele>274.200</ele>
      </trkpt>
      <trkpt lat="46.13588600" lon="-74.62867100">
        <ele>272.800</ele>
      </trkpt>
      <trkpt lat="46.13584100" lon="-74.62853300">
        <ele>272.400</ele>
      </trkpt>
      <trkpt lat="46.13578100" lon="-74.62833900">
        <ele>272.000</ele>
      </trkpt>
      <trkpt lat="46.13573900" lon="-74.62819600">
        <ele>271.600</ele>
      </trkpt>
      <trkpt lat="46.13562700" lon="-74.62776000">
        <ele>270.200</ele>
      </trkpt>
      <trkpt lat="46.13554600" lon="-74.62735900">
        <ele>268.800</ele>
      </trkpt>
      <trkpt lat="46.13544700" lon="-74.62676500">
        <ele>267.200</ele>
      </trkpt>
      <trkpt lat="46.13540100" lon="-74.62636300">
        <ele>265.400</ele>
      </trkpt>
      <trkpt lat="46.13538500" lon="-74.62619800">
        <ele>264.800</ele>
      </trkpt>
      <trkpt lat="46.13536800" lon="-74.62595200">
        <ele>263.800</ele>
      </trkpt>
      <trkpt lat="46.13535200" lon="-74.62563100">
        <ele>262.800</ele>
      </trkpt>
      <trkpt lat="46.13533800" lon="-74.62517400">
        <ele>261.800</ele>
      </trkpt>
      <trkpt lat="46.13534700" lon="-74.62482700">
        <ele>261.600</ele>
      </trkpt>
      <trkpt lat="46.13534200" lon="-74.62422500">
        <ele>261.000</ele>
      </trkpt>
      <trkpt lat="46.13534700" lon="-74.62384300">
        <ele>260.600</ele>
      </trkpt>
      <trkpt lat="46.13535100" lon="-74.62347100">
        <ele>258.800</ele>
      </trkpt>
      <trkpt lat="46.13534200" lon="-74.62308700">
        <ele>257.400</ele>
      </trkpt>
      <trkpt lat="46.13530800" lon="-74.62271000">
        <ele>256.400</ele>
      </trkpt>
      <trkpt lat="46.13527800" lon="-74.62231100">
        <ele>255.600</ele>
      </trkpt>
      <trkpt lat="46.13526100" lon="-74.62209300">
        <ele>255.000</ele>
      </trkpt>
      <trkpt lat="46.13520400" lon="-74.62166400">
        <ele>254.600</ele>
      </trkpt>
      <trkpt lat="46.13514300" lon="-74.62128400">
        <ele>253.600</ele>
      </trkpt>
      <trkpt lat="46.13503100" lon="-74.62065200">
        <ele>252.600</ele>
      </trkpt>
      <trkpt lat="46.13494100" lon="-74.62024800">
        <ele>251.600</ele>
      </trkpt>
      <trkpt lat="46.13490800" lon="-74.62011400">
        <ele>251.400</ele>
      </trkpt>
      <trkpt lat="46.13483700" lon="-74.61982400">
        <ele>250.600</ele>
      </trkpt>
      <trkpt lat="46.13470900" lon="-74.61939300">
        <ele>250.200</ele>
      </trkpt>
      <trkpt lat="46.13457300" lon="-74.61899400">
        <ele>249.400</ele>
      </trkpt>
      <trkpt lat="46.13441400" lon="-74.61857500">
        <ele>247.600</ele>
      </trkpt>
      <trkpt lat="46.13425300" lon="-74.61816600">
        <ele>245.800</ele>
      </trkpt>
      <trkpt lat="46.13416900" lon="-74.61794400">
        <ele>244.600</ele>
      </trkpt>
      <trkpt lat="46.13409200" lon="-74.61773200">
        <ele>243.400</ele>
      </trkpt>
      <trkpt lat="46.13394500" lon="-74.61732500">
        <ele>241.800</ele>
      </trkpt>
      <trkpt lat="46.13387200" lon="-74.61711600">
        <ele>240.600</ele>
      </trkpt>
      <trkpt lat="46.13375400" lon="-74.61676400">
        <ele>239.400</ele>
      </trkpt>
      <trkpt lat="46.13359400" lon="-74.61629600">
        <ele>238.200</ele>
      </trkpt>
      <trkpt lat="46.13354600" lon="-74.61615200">
        <ele>238.000</ele>
      </trkpt>
      <trkpt lat="46.13327900" lon="-74.61535400">
        <ele>237.800</ele>
      </trkpt>
      <trkpt lat="46.13317200" lon="-74.61503800">
        <ele>237.800</ele>
      </trkpt>
      <trkpt lat="46.13289400" lon="-74.61421400">
        <ele>238.600</ele>
      </trkpt>
      <trkpt lat="46.13284800" lon="-74.61408700">
        <ele>238.600</ele>
      </trkpt>
      <trkpt lat="46.13271700" lon="-74.61371600">
        <ele>239.200</ele>
      </trkpt>
      <trkpt lat="46.13249900" lon="-74.61312400">
        <ele>240.200</ele>
      </trkpt>
      <trkpt lat="46.13243500" lon="-74.61298000">
        <ele>240.400</ele>
      </trkpt>
      <trkpt lat="46.13210000" lon="-74.61237700">
        <ele>240.400</ele>
      </trkpt>
      <trkpt lat="46.13164100" lon="-74.61172300">
        <ele>239.600</ele>
      </trkpt>
      <trkpt lat="46.13155100" lon="-74.61162300">
        <ele>239.400</ele>
      </trkpt>
      <trkpt lat="46.13144900" lon="-74.61151200">
        <ele>239.200</ele>
      </trkpt>
      <trkpt lat="46.13096500" lon="-74.61107900">
        <ele>238.400</ele>
      </trkpt>
      <trkpt lat="46.13078600" lon="-74.61094800">
        <ele>238.200</ele>
      </trkpt>
      <trkpt lat="46.13028900" lon="-74.61067400">
        <ele>236.400</ele>
      </trkpt>
      <trkpt lat="46.13002400" lon="-74.61055400">
        <ele>234.400</ele>
      </trkpt>
      <trkpt lat="46.12976900" lon="-74.61043300">
        <ele>233.000</ele>
      </trkpt>
      <trkpt lat="46.12949500" lon="-74.61032300">
        <ele>231.200</ele>
      </trkpt>
      <trkpt lat="46.12908800" lon="-74.61015500">
        <ele>230.000</ele>
      </trkpt>
      <trkpt lat="46.12868900" lon="-74.60999500">
        <ele>228.600</ele>
      </trkpt>
      <trkpt lat="46.12843100" lon="-74.60988900">
        <ele>228.000</ele>
      </trkpt>
      <trkpt lat="46.12816400" lon="-74.60977600">
        <ele>227.600</ele>
      </trkpt>
      <trkpt lat="46.12753500" lon="-74.60951700">
        <ele>226.600</ele>
      </trkpt>
      <trkpt lat="46.12741000" lon="-74.60946400">
        <ele>226.400</ele>
      </trkpt>
      <trkpt lat="46.12684800" lon="-74.60923200">
        <ele>226.400</ele>
      </trkpt>
      <trkpt lat="46.12668100" lon="-74.60916300">
        <ele>226.400</ele>
      </trkpt>
      <trkpt lat="46.12633900" lon="-74.60901600">
        <ele>226.200</ele>
      </trkpt>
      <trkpt lat="46.12574300" lon="-74.60876800">
        <ele>226.000</ele>
      </trkpt>
      <trkpt lat="46.12514400" lon="-74.60851300">
        <ele>225.600</ele>
      </trkpt>
      <trkpt lat="46.12490700" lon="-74.60841900">
        <ele>225.400</ele>
      </trkpt>
      <trkpt lat="46.12430900" lon="-74.60815500">
        <ele>224.200</ele>
      </trkpt>
      <trkpt lat="46.12410200" lon="-74.60807200">
        <ele>223.400</ele>
      </trkpt>
      <trkpt lat="46.12393100" lon="-74.60800800">
        <ele>223.000</ele>
      </trkpt>
      <trkpt lat="46.12331400" lon="-74.60780500">
        <ele>222.200</ele>
      </trkpt>
      <trkpt lat="46.12318700" lon="-74.60777400">
        <ele>222.000</ele>
      </trkpt>
      <trkpt lat="46.12310800" lon="-74.60775600">
        <ele>221.800</ele>
      </trkpt>
      <trkpt lat="46.12244600" lon="-74.60765800">
        <ele>220.800</ele>
      </trkpt>
      <trkpt lat="46.12230600" lon="-74.60764600">
        <ele>220.400</ele>
      </trkpt>
      <trkpt lat="46.12178700" lon="-74.60760500">
        <ele>219.600</ele>
      </trkpt>
      <trkpt lat="46.12158100" lon="-74.60758100">
        <ele>219.200</ele>
      </trkpt>
      <trkpt lat="46.12128500" lon="-74.60753700">
        <ele>218.000</ele>
      </trkpt>
      <trkpt lat="46.12109200" lon="-74.60752200">
        <ele>216.200</ele>
      </trkpt>
      <trkpt lat="46.12091900" lon="-74.60751600">
        <ele>215.200</ele>
      </trkpt>
      <trkpt lat="46.12067200" lon="-74.60749800">
        <ele>213.800</ele>
      </trkpt>
      <trkpt lat="46.12014800" lon="-74.60744100">
        <ele>214.000</ele>
      </trkpt>
      <trkpt lat="46.11973800" lon="-74.60740300">
        <ele>213.000</ele>
      </trkpt>
      <trkpt lat="46.11959600" lon="-74.60739100">
        <ele>212.400</ele>
      </trkpt>
      <trkpt lat="46.11950400" lon="-74.60737800">
        <ele>212.400</ele>
      </trkpt>
      <trkpt lat="46.11916600" lon="-74.60732900">
        <ele>213.600</ele>
      </trkpt>
      <trkpt lat="46.11910400" lon="-74.60732500">
        <ele>214.000</ele>
      </trkpt>
      <trkpt lat="46.11902400" lon="-74.60731200">
        <ele>214.400</ele>
      </trkpt>
      <trkpt lat="46.11902300" lon="-74.60728700">
        <ele>214.600</ele>
      </trkpt>
      <trkpt lat="46.11902800" lon="-74.60722100">
        <ele>215.200</ele>
      </trkpt>
      <trkpt lat="46.11906500" lon="-74.60719400">
        <ele>215.200</ele>
      </trkpt>
      <trkpt lat="46.11921800" lon="-74.60719400">
        <ele>215.800</ele>
      </trkpt>
      <trkpt lat="46.11944400" lon="-74.60722200">
        <ele>216.000</ele>
      </trkpt>
      <trkpt lat="46.11964300" lon="-74.60724500">
        <ele>216.600</ele>
      </trkpt>
      <trkpt lat="46.11993100" lon="-74.60728700">
        <ele>216.600</ele>
      </trkpt>
      <trkpt lat="46.12004800" lon="-74.60730100">
        <ele>216.600</ele>
      </trkpt>
      <trkpt lat="46.12014000" lon="-74.60730500">
        <ele>216.600</ele>
      </trkpt>
      <trkpt lat="46.12053700" lon="-74.60726000">
        <ele>216.600</ele>
      </trkpt>
      <trkpt lat="46.12093000" lon="-74.60727100">
        <ele>216.000</ele>
      </trkpt>
      <trkpt lat="46.12131900" lon="-74.60731400">
        <ele>214.600</ele>
      </trkpt>
      <trkpt lat="46.12151200" lon="-74.60733700">
        <ele>215.000</ele>
      </trkpt>
      <trkpt lat="46.12168700" lon="-74.60734800">
        <ele>216.200</ele>
      </trkpt>
      <trkpt lat="46.12209700" lon="-74.60737800">
        <ele>217.000</ele>
      </trkpt>
      <trkpt lat="46.12224800" lon="-74.60739200">
        <ele>217.400</ele>
      </trkpt>
      <trkpt lat="46.12257600" lon="-74.60743700">
        <ele>217.800</ele>
      </trkpt>
      <trkpt lat="46.12311500" lon="-74.60754100">
        <ele>218.200</ele>
      </trkpt>
      <trkpt lat="46.12322900" lon="-74.60756400">
        <ele>218.600</ele>
      </trkpt>
      <trkpt lat="46.12373400" lon="-74.60770600">
        <ele>218.400</ele>
      </trkpt>
      <trkpt lat="46.12404300" lon="-74.60782500">
        <ele>219.800</ele>
      </trkpt>
      <trkpt lat="46.12416200" lon="-74.60787300">
        <ele>220.200</ele>
      </trkpt>
      <trkpt lat="46.12465100" lon="-74.60806600">
        <ele>220.800</ele>
      </trkpt>
      <trkpt lat="46.12482400" lon="-74.60814300">
        <ele>221.600</ele>
      </trkpt>
      <trkpt lat="46.12488600" lon="-74.60817200">
        <ele>222.000</ele>
      </trkpt>
      <trkpt lat="46.12541900" lon="-74.60840800">
        <ele>222.200</ele>
      </trkpt>
      <trkpt lat="46.12560000" lon="-74.60848000">
        <ele>223.000</ele>
      </trkpt>
      <trkpt lat="46.12629200" lon="-74.60875200">
        <ele>223.600</ele>
      </trkpt>
      <trkpt lat="46.12641500" lon="-74.60880900">
        <ele>224.000</ele>
      </trkpt>
      <trkpt lat="46.12660800" lon="-74.60889600">
        <ele>224.400</ele>
      </trkpt>
      <trkpt lat="46.12674600" lon="-74.60895200">
        <ele>224.600</ele>
      </trkpt>
      <trkpt lat="46.12716900" lon="-74.60910800">
        <ele>225.400</ele>
      </trkpt>
      <trkpt lat="46.12731200" lon="-74.60915600">
        <ele>226.200</ele>
      </trkpt>
      <trkpt lat="46.12738600" lon="-74.60917600">
        <ele>226.400</ele>
      </trkpt>
      <trkpt lat="46.12782200" lon="-74.60933300">
        <ele>226.400</ele>
      </trkpt>
      <trkpt lat="46.12789300" lon="-74.60936000">
        <ele>226.600</ele>
      </trkpt>
      <trkpt lat="46.12846800" lon="-74.60958500">
        <ele>226.600</ele>
      </trkpt>
      <trkpt lat="46.12854000" lon="-74.60961400">
        <ele>226.600</ele>
      </trkpt>
      <trkpt lat="46.12883100" lon="-74.60973400">
        <ele>226.600</ele>
      </trkpt>
      <trkpt lat="46.12941300" lon="-74.60997600">
        <ele>227.200</ele>
      </trkpt>
      <trkpt lat="46.12963200" lon="-74.61006100">
        <ele>227.600</ele>
      </trkpt>
      <trkpt lat="46.13013300" lon="-74.61027100">
        <ele>228.200</ele>
      </trkpt>
      <trkpt lat="46.13063600" lon="-74.61051500">
        <ele>228.600</ele>
      </trkpt>
      <trkpt lat="46.13090900" lon="-74.61065000">
        <ele>229.000</ele>
      </trkpt>
      <trkpt lat="46.13132400" lon="-74.61095700">
        <ele>229.600</ele>
      </trkpt>
      <trkpt lat="46.13160700" lon="-74.61123200">
        <ele>230.600</ele>
      </trkpt>
      <trkpt lat="46.13166300" lon="-74.61128900">
        <ele>230.800</ele>
      </trkpt>
      <trkpt lat="46.13211300" lon="-74.61182600">
        <ele>231.600</ele>
      </trkpt>
      <trkpt lat="46.13220500" lon="-74.61195800">
        <ele>231.800</ele>
      </trkpt>
      <trkpt lat="46.13236400" lon="-74.61224300">
        <ele>231.600</ele>
      </trkpt>
      <trkpt lat="46.13272000" lon="-74.61292100">
        <ele>232.400</ele>
      </trkpt>
      <trkpt lat="46.13274800" lon="-74.61298200">
        <ele>232.400</ele>
      </trkpt>
      <trkpt lat="46.13296500" lon="-74.61350000">
        <ele>232.400</ele>
      </trkpt>
      <trkpt lat="46.13301500" lon="-74.61355500">
        <ele>232.200</ele>
      </trkpt>
      <trkpt lat="46.13322400" lon="-74.61364400">
        <ele>232.400</ele>
      </trkpt>
      <trkpt lat="46.13333800" lon="-74.61364000">
        <ele>232.200</ele>
      </trkpt>
      <trkpt lat="46.13358000" lon="-74.61362800">
        <ele>232.000</ele>
      </trkpt>
      <trkpt lat="46.13379600" lon="-74.61362000">
        <ele>232.800</ele>
      </trkpt>
      <trkpt lat="46.13401800" lon="-74.61361600">
        <ele>234.000</ele>
      </trkpt>
      <trkpt lat="46.13439000" lon="-74.61361600">
        <ele>234.400</ele>
      </trkpt>
      <trkpt lat="46.13497600" lon="-74.61360400">
        <ele>234.000</ele>
      </trkpt>
      <trkpt lat="46.13515300" lon="-74.61360400">
        <ele>234.000</ele>
      </trkpt>
      <trkpt lat="46.13573400" lon="-74.61356600">
        <ele>234.200</ele>
      </trkpt>
      <trkpt lat="46.13599600" lon="-74.61352700">
        <ele>234.200</ele>
      </trkpt>
      <trkpt lat="46.13648200" lon="-74.61341400">
        <ele>235.000</ele>
      </trkpt>
      <trkpt lat="46.13663000" lon="-74.61336000">
        <ele>235.200</ele>
      </trkpt>
      <trkpt lat="46.13683600" lon="-74.61326700">
        <ele>235.600</ele>
      </trkpt>
      <trkpt lat="46.13705400" lon="-74.61315700">
        <ele>236.000</ele>
      </trkpt>
      <trkpt lat="46.13717700" lon="-74.61308600">
        <ele>236.400</ele>
      </trkpt>
      <trkpt lat="46.13736000" lon="-74.61296900">
        <ele>237.200</ele>
      </trkpt>
      <trkpt lat="46.13752300" lon="-74.61285300">
        <ele>238.200</ele>
      </trkpt>
      <trkpt lat="46.13757200" lon="-74.61281500">
        <ele>238.600</ele>
      </trkpt>
      <trkpt lat="46.13777800" lon="-74.61264700">
        <ele>239.600</ele>
      </trkpt>
      <trkpt lat="46.13796900" lon="-74.61248300">
        <ele>240.400</ele>
      </trkpt>
      <trkpt lat="46.13800900" lon="-74.61244800">
        <ele>240.600</ele>
      </trkpt>
      <trkpt lat="46.13830900" lon="-74.61220700">
        <ele>241.800</ele>
      </trkpt>
      <trkpt lat="46.13835200" lon="-74.61216900">
        <ele>242.200</ele>
      </trkpt>
      <trkpt lat="46.13839600" lon="-74.61213400">
        <ele>243.000</ele>
      </trkpt>
      <trkpt lat="46.13847700" lon="-74.61207200">
        <ele>244.000</ele>
      </trkpt>
      <trkpt lat="46.13856400" lon="-74.61200400">
        <ele>245.200</ele>
      </trkpt>
      <trkpt lat="46.13873200" lon="-74.61186800">
        <ele>246.400</ele>
      </trkpt>
      <trkpt lat="46.13876500" lon="-74.61184700">
        <ele>246.600</ele>
      </trkpt>
      <trkpt lat="46.13893900" lon="-74.61171600">
        <ele>247.400</ele>
      </trkpt>
      <trkpt lat="46.13910500" lon="-74.61161200">
        <ele>248.000</ele>
      </trkpt>
      <trkpt lat="46.13923900" lon="-74.61153300">
        <ele>248.600</ele>
      </trkpt>
      <trkpt lat="46.13932400" lon="-74.61148600">
        <ele>249.000</ele>
      </trkpt>
      <trkpt lat="46.13937000" lon="-74.61146700">
        <ele>249.400</ele>
      </trkpt>
      <trkpt lat="46.13941400" lon="-74.61144900">
        <ele>249.800</ele>
      </trkpt>
      <trkpt lat="46.13959700" lon="-74.61138700">
        <ele>251.000</ele>
      </trkpt>
      <trkpt lat="46.13974500" lon="-74.61134100">
        <ele>251.600</ele>
      </trkpt>
      <trkpt lat="46.13994500" lon="-74.61129100">
        <ele>252.000</ele>
      </trkpt>
      <trkpt lat="46.14009600" lon="-74.61128000">
        <ele>252.200</ele>
      </trkpt>
      <trkpt lat="46.14020000" lon="-74.61128400">
        <ele>252.400</ele>
      </trkpt>
      <trkpt lat="46.14030400" lon="-74.61128800">
        <ele>252.800</ele>
      </trkpt>
      <trkpt lat="46.14040700" lon="-74.61128500">
        <ele>253.000</ele>
      </trkpt>
      <trkpt lat="46.14081800" lon="-74.61135000">
        <ele>254.200</ele>
      </trkpt>
      <trkpt lat="46.14128100" lon="-74.61142400">
        <ele>254.600</ele>
      </trkpt>
      <trkpt lat="46.14186600" lon="-74.61150500">
        <ele>254.400</ele>
      </trkpt>
      <trkpt lat="46.14249800" lon="-74.61154000">
        <ele>254.600</ele>
      </trkpt>
      <trkpt lat="46.14306300" lon="-74.61149000">
        <ele>255.200</ele>
      </trkpt>
      <trkpt lat="46.14361700" lon="-74.61136100">
        <ele>254.800</ele>
      </trkpt>
      <trkpt lat="46.14371100" lon="-74.61133200">
        <ele>254.800</ele>
      </trkpt>
      <trkpt lat="46.14427900" lon="-74.61109500">
        <ele>253.800</ele>
      </trkpt>
      <trkpt lat="46.14437900" lon="-74.61104100">
        <ele>253.600</ele>
      </trkpt>
      <trkpt lat="46.14447300" lon="-74.61098800">
        <ele>253.200</ele>
      </trkpt>
      <trkpt lat="46.14478300" lon="-74.61081900">
        <ele>252.200</ele>
      </trkpt>
      <trkpt lat="46.14510500" lon="-74.61064100">
        <ele>251.000</ele>
      </trkpt>
      <trkpt lat="46.14533500" lon="-74.61051000">
        <ele>249.600</ele>
      </trkpt>
      <trkpt lat="46.14540800" lon="-74.61046900">
        <ele>249.200</ele>
      </trkpt>
      <trkpt lat="46.14567300" lon="-74.61032000">
        <ele>248.200</ele>
      </trkpt>
      <trkpt lat="46.14594200" lon="-74.61016900">
        <ele>246.600</ele>
      </trkpt>
      <trkpt lat="46.14616200" lon="-74.61004900">
        <ele>245.200</ele>
      </trkpt>
      <trkpt lat="46.14643200" lon="-74.60990100">
        <ele>243.600</ele>
      </trkpt>
      <trkpt lat="46.14657000" lon="-74.60982600">
        <ele>242.600</ele>
      </trkpt>
      <trkpt lat="46.14670700" lon="-74.60975600">
        <ele>241.600</ele>
      </trkpt>
      <trkpt lat="46.14681700" lon="-74.60969600">
        <ele>241.000</ele>
      </trkpt>
      <trkpt lat="46.14714400" lon="-74.60951400">
        <ele>239.200</ele>
      </trkpt>
      <trkpt lat="46.14752200" lon="-74.60930100">
        <ele>237.600</ele>
      </trkpt>
      <trkpt lat="46.14769500" lon="-74.60920200">
        <ele>237.400</ele>
      </trkpt>
      <trkpt lat="46.14783500" lon="-74.60912100">
        <ele>236.200</ele>
      </trkpt>
      <trkpt lat="46.14793700" lon="-74.60906700">
        <ele>235.200</ele>
      </trkpt>
      <trkpt lat="46.14809700" lon="-74.60897900">
        <ele>234.000</ele>
      </trkpt>
      <trkpt lat="46.14836700" lon="-74.60883100">
        <ele>232.400</ele>
      </trkpt>
      <trkpt lat="46.14847000" lon="-74.60877700">
        <ele>231.600</ele>
      </trkpt>
      <trkpt lat="46.14863100" lon="-74.60869300">
        <ele>231.400</ele>
      </trkpt>
      <trkpt lat="46.14924300" lon="-74.60837500">
        <ele>231.800</ele>
      </trkpt>
      <trkpt lat="46.14978500" lon="-74.60808200">
        <ele>232.400</ele>
      </trkpt>
      <trkpt lat="46.14985900" lon="-74.60804200">
        <ele>232.800</ele>
      </trkpt>
      <trkpt lat="46.15024700" lon="-74.60783600">
        <ele>233.600</ele>
      </trkpt>
      <trkpt lat="46.15043100" lon="-74.60773200">
        <ele>234.200</ele>
      </trkpt>
      <trkpt lat="46.15058000" lon="-74.60765000">
        <ele>234.800</ele>
      </trkpt>
      <trkpt lat="46.15089800" lon="-74.60747800">
        <ele>236.000</ele>
      </trkpt>
      <trkpt lat="46.15099800" lon="-74.60742100">
        <ele>236.200</ele>
      </trkpt>
      <trkpt lat="46.15122200" lon="-74.60729800">
        <ele>237.000</ele>
      </trkpt>
      <trkpt lat="46.15156700" lon="-74.60710300">
        <ele>237.600</ele>
      </trkpt>
      <trkpt lat="46.15183800" lon="-74.60694300">
        <ele>238.000</ele>
      </trkpt>
      <trkpt lat="46.15210400" lon="-74.60679700">
        <ele>238.800</ele>
      </trkpt>
      <trkpt lat="46.15217000" lon="-74.60675900">
        <ele>239.000</ele>
      </trkpt>
      <trkpt lat="46.15262600" lon="-74.60646000">
        <ele>240.000</ele>
      </trkpt>
      <trkpt lat="46.15269700" lon="-74.60640900">
        <ele>240.200</ele>
      </trkpt>
      <trkpt lat="46.15302500" lon="-74.60615000">
        <ele>244.200</ele>
      </trkpt>
      <trkpt lat="46.15334500" lon="-74.60585600">
        <ele>240.200</ele>
      </trkpt>
      <trkpt lat="46.15350700" lon="-74.60569900">
        <ele>240.000</ele>
      </trkpt>
      <trkpt lat="46.15372100" lon="-74.60546700">
        <ele>239.600</ele>
      </trkpt>
      <trkpt lat="46.15393200" lon="-74.60523800">
        <ele>239.000</ele>
      </trkpt>
      <trkpt lat="46.15439300" lon="-74.60470800">
        <ele>238.000</ele>
      </trkpt>
      <trkpt lat="46.15472600" lon="-74.60432300">
        <ele>236.800</ele>
      </trkpt>
      <trkpt lat="46.15498500" lon="-74.60407100">
        <ele>235.800</ele>
      </trkpt>
      <trkpt lat="46.15508400" lon="-74.60398200">
        <ele>235.400</ele>
      </trkpt>
      <trkpt lat="46.15545200" lon="-74.60372500">
        <ele>234.200</ele>
      </trkpt>
      <trkpt lat="46.15552600" lon="-74.60368600">
        <ele>234.200</ele>
      </trkpt>
      <trkpt lat="46.15605200" lon="-74.60345400">
        <ele>233.600</ele>
      </trkpt>
      <trkpt lat="46.15612800" lon="-74.60343600">
        <ele>233.600</ele>
      </trkpt>
      <trkpt lat="46.15667000" lon="-74.60334600">
        <ele>233.200</ele>
      </trkpt>
      <trkpt lat="46.15688000" lon="-74.60333800">
        <ele>233.200</ele>
      </trkpt>
      <trkpt lat="46.15742600" lon="-74.60339500">
        <ele>234.200</ele>
      </trkpt>
      <trkpt lat="46.15751600" lon="-74.60341500">
        <ele>234.200</ele>
      </trkpt>
      <trkpt lat="46.15796100" lon="-74.60359200">
        <ele>234.600</ele>
      </trkpt>
      <trkpt lat="46.15850800" lon="-74.60391500">
        <ele>233.800</ele>
      </trkpt>
      <trkpt lat="46.15888700" lon="-74.60415000">
        <ele>233.200</ele>
      </trkpt>
      <trkpt lat="46.15936600" lon="-74.60444100">
        <ele>232.400</ele>
      </trkpt>
      <trkpt lat="46.15956900" lon="-74.60456200">
        <ele>232.000</ele>
      </trkpt>
      <trkpt lat="46.15996200" lon="-74.60479300">
        <ele>230.800</ele>
      </trkpt>
      <trkpt lat="46.16017000" lon="-74.60492300">
        <ele>229.800</ele>
      </trkpt>
      <trkpt lat="46.16048800" lon="-74.60512400">
        <ele>228.600</ele>
      </trkpt>
      <trkpt lat="46.16080700" lon="-74.60530100">
        <ele>227.400</ele>
      </trkpt>
      <trkpt lat="46.16124800" lon="-74.60554400">
        <ele>225.800</ele>
      </trkpt>
      <trkpt lat="46.16146700" lon="-74.60566700">
        <ele>225.000</ele>
      </trkpt>
      <trkpt lat="46.16154100" lon="-74.60570800">
        <ele>224.600</ele>
      </trkpt>
      <trkpt lat="46.16190000" lon="-74.60588500">
        <ele>223.800</ele>
      </trkpt>
      <trkpt lat="46.16196700" lon="-74.60591500">
        <ele>223.600</ele>
      </trkpt>
      <trkpt lat="46.16223200" lon="-74.60603000">
        <ele>223.200</ele>
      </trkpt>
      <trkpt lat="46.16246900" lon="-74.60612000">
        <ele>222.600</ele>
      </trkpt>
      <trkpt lat="46.16282300" lon="-74.60625000">
        <ele>221.200</ele>
      </trkpt>
      <trkpt lat="46.16305100" lon="-74.60632500">
        <ele>220.800</ele>
      </trkpt>
      <trkpt lat="46.16360100" lon="-74.60646800">
        <ele>224.200</ele>
      </trkpt>
      <trkpt lat="46.16370800" lon="-74.60648600">
        <ele>223.800</ele>
      </trkpt>
      <trkpt lat="46.16405500" lon="-74.60654700">
        <ele>221.400</ele>
      </trkpt>
      <trkpt lat="46.16412700" lon="-74.60655900">
        <ele>219.600</ele>
      </trkpt>
      <trkpt lat="46.16447200" lon="-74.60662100">
        <ele>219.600</ele>
      </trkpt>
      <trkpt lat="46.16494500" lon="-74.60667900">
        <ele>219.200</ele>
      </trkpt>
      <trkpt lat="46.16506100" lon="-74.60669900">
        <ele>219.200</ele>
      </trkpt>
      <trkpt lat="46.16564200" lon="-74.60680100">
        <ele>218.800</ele>
      </trkpt>
      <trkpt lat="46.16602000" lon="-74.60686500">
        <ele>218.800</ele>
      </trkpt>
      <trkpt lat="46.16645400" lon="-74.60693400">
        <ele>218.600</ele>
      </trkpt>
      <trkpt lat="46.16674100" lon="-74.60697800">
        <ele>218.400</ele>
      </trkpt>
      <trkpt lat="46.16736500" lon="-74.60708200">
        <ele>218.600</ele>
      </trkpt>
      <trkpt lat="46.16744300" lon="-74.60709900">
        <ele>218.600</ele>
      </trkpt>
      <trkpt lat="46.16787200" lon="-74.60718900">
        <ele>218.000</ele>
      </trkpt>
      <trkpt lat="46.16814900" lon="-74.60722700">
        <ele>219.800</ele>
      </trkpt>
      <trkpt lat="46.16819700" lon="-74.60723500">
        <ele>220.200</ele>
      </trkpt>
      <trkpt lat="46.16830100" lon="-74.60724800">
        <ele>221.000</ele>
      </trkpt>
      <trkpt lat="46.16843400" lon="-74.60727300">
        <ele>222.400</ele>
      </trkpt>
      <trkpt lat="46.16852800" lon="-74.60728500">
        <ele>223.000</ele>
      </trkpt>
      <trkpt lat="46.16857700" lon="-74.60728800">
        <ele>223.400</ele>
      </trkpt>
      <trkpt lat="46.16871200" lon="-74.60730300">
        <ele>224.400</ele>
      </trkpt>
      <trkpt lat="46.16883800" lon="-74.60733100">
        <ele>225.600</ele>
      </trkpt>
      <trkpt lat="46.16899500" lon="-74.60736300">
        <ele>226.800</ele>
      </trkpt>
      <trkpt lat="46.16910600" lon="-74.60736600">
        <ele>227.400</ele>
      </trkpt>
      <trkpt lat="46.16919200" lon="-74.60737400">
        <ele>228.000</ele>
      </trkpt>
      <trkpt lat="46.16937800" lon="-74.60741500">
        <ele>229.000</ele>
      </trkpt>
      <trkpt lat="46.16940800" lon="-74.60742000">
        <ele>229.200</ele>
      </trkpt>
      <trkpt lat="46.16948000" lon="-74.60742900">
        <ele>230.000</ele>
      </trkpt>
      <trkpt lat="46.16956100" lon="-74.60743900">
        <ele>231.200</ele>
      </trkpt>
      <trkpt lat="46.16976800" lon="-74.60747000">
        <ele>232.200</ele>
      </trkpt>
      <trkpt lat="46.16983800" lon="-74.60748200">
        <ele>232.800</ele>
      </trkpt>
      <trkpt lat="46.16989900" lon="-74.60748800">
        <ele>233.200</ele>
      </trkpt>
      <trkpt lat="46.17012200" lon="-74.60750500">
        <ele>234.400</ele>
      </trkpt>
      <trkpt lat="46.17016500" lon="-74.60750700">
        <ele>234.600</ele>
      </trkpt>
      <trkpt lat="46.17030000" lon="-74.60751800">
        <ele>235.600</ele>
      </trkpt>
      <trkpt lat="46.17043800" lon="-74.60750800">
        <ele>236.800</ele>
      </trkpt>
      <trkpt lat="46.17047200" lon="-74.60750400">
        <ele>237.000</ele>
      </trkpt>
      <trkpt lat="46.17060800" lon="-74.60749900">
        <ele>237.800</ele>
      </trkpt>
      <trkpt lat="46.17077600" lon="-74.60746900">
        <ele>239.000</ele>
      </trkpt>
      <trkpt lat="46.17079900" lon="-74.60746900">
        <ele>239.200</ele>
      </trkpt>
      <trkpt lat="46.17101100" lon="-74.60742800">
        <ele>240.200</ele>
      </trkpt>
      <trkpt lat="46.17111600" lon="-74.60739800">
        <ele>241.200</ele>
      </trkpt>
      <trkpt lat="46.17114900" lon="-74.60739100">
        <ele>241.600</ele>
      </trkpt>
      <trkpt lat="46.17128800" lon="-74.60734800">
        <ele>242.600</ele>
      </trkpt>
      <trkpt lat="46.17142100" lon="-74.60730300">
        <ele>243.600</ele>
      </trkpt>
      <trkpt lat="46.17145000" lon="-74.60729400">
        <ele>243.800</ele>
      </trkpt>
      <trkpt lat="46.17165900" lon="-74.60721400">
        <ele>244.800</ele>
      </trkpt>
      <trkpt lat="46.17171900" lon="-74.60719000">
        <ele>245.000</ele>
      </trkpt>
      <trkpt lat="46.17185200" lon="-74.60712200">
        <ele>245.800</ele>
      </trkpt>
      <trkpt lat="46.17199000" lon="-74.60704500">
        <ele>246.600</ele>
      </trkpt>
      <trkpt lat="46.17202500" lon="-74.60702100">
        <ele>246.800</ele>
      </trkpt>
      <trkpt lat="46.17223700" lon="-74.60688700">
        <ele>247.800</ele>
      </trkpt>
      <trkpt lat="46.17231000" lon="-74.60683800">
        <ele>248.200</ele>
      </trkpt>
      <trkpt lat="46.17245600" lon="-74.60672800">
        <ele>249.000</ele>
      </trkpt>
      <trkpt lat="46.17255500" lon="-74.60664800">
        <ele>249.800</ele>
      </trkpt>
      <trkpt lat="46.17260500" lon="-74.60660500">
        <ele>250.200</ele>
      </trkpt>
      <trkpt lat="46.17286700" lon="-74.60637500">
        <ele>251.200</ele>
      </trkpt>
      <trkpt lat="46.17294700" lon="-74.60629000">
        <ele>251.400</ele>
      </trkpt>
      <trkpt lat="46.17328100" lon="-74.60595000">
        <ele>252.200</ele>
      </trkpt>
      <trkpt lat="46.17332600" lon="-74.60591000">
        <ele>252.200</ele>
      </trkpt>
      <trkpt lat="46.17353800" lon="-74.60568100">
        <ele>252.800</ele>
      </trkpt>
      <trkpt lat="46.17369500" lon="-74.60551100">
        <ele>253.200</ele>
      </trkpt>
      <trkpt lat="46.17396300" lon="-74.60518400">
        <ele>258.400</ele>
      </trkpt>
      <trkpt lat="46.17438500" lon="-74.60471900">
        <ele>258.800</ele>
      </trkpt>
      <trkpt lat="46.17484000" lon="-74.60429200">
        <ele>259.000</ele>
      </trkpt>
      <trkpt lat="46.17488100" lon="-74.60423900">
        <ele>259.000</ele>
      </trkpt>
      <trkpt lat="46.17492000" lon="-74.60416200">
        <ele>259.200</ele>
      </trkpt>
      <trkpt lat="46.17501300" lon="-74.60394800">
        <ele>259.400</ele>
      </trkpt>
      <trkpt lat="46.17519800" lon="-74.60385400">
        <ele>260.000</ele>
      </trkpt>
      <trkpt lat="46.17523900" lon="-74.60383800">
        <ele>260.200</ele>
      </trkpt>
      <trkpt lat="46.17536800" lon="-74.60375900">
        <ele>260.400</ele>
      </trkpt>
      <trkpt lat="46.17543100" lon="-74.60371200">
        <ele>260.400</ele>
      </trkpt>
      <trkpt lat="46.17554500" lon="-74.60362500">
        <ele>260.600</ele>
      </trkpt>
      <trkpt lat="46.17559200" lon="-74.60356800">
        <ele>260.800</ele>
      </trkpt>
      <trkpt lat="46.17576000" lon="-74.60344300">
        <ele>260.800</ele>
      </trkpt>
      <trkpt lat="46.17587000" lon="-74.60337000">
        <ele>261.600</ele>
      </trkpt>
      <trkpt lat="46.17590900" lon="-74.60332800">
        <ele>261.600</ele>
      </trkpt>
      <trkpt lat="46.17607100" lon="-74.60316700">
        <ele>261.800</ele>
      </trkpt>
      <trkpt lat="46.17638000" lon="-74.60283900">
        <ele>262.600</ele>
      </trkpt>
      <trkpt lat="46.17648900" lon="-74.60272700">
        <ele>263.000</ele>
      </trkpt>
      <trkpt lat="46.17692900" lon="-74.60231400">
        <ele>263.000</ele>
      </trkpt>
      <trkpt lat="46.17740000" lon="-74.60191200">
        <ele>262.800</ele>
      </trkpt>
      <trkpt lat="46.17791700" lon="-74.60152000">
        <ele>262.400</ele>
      </trkpt>
      <trkpt lat="46.17799200" lon="-74.60147700">
        <ele>262.400</ele>
      </trkpt>
      <trkpt lat="46.17852500" lon="-74.60116400">
        <ele>262.000</ele>
      </trkpt>
      <trkpt lat="46.17858300" lon="-74.60112800">
        <ele>262.200</ele>
      </trkpt>
      <trkpt lat="46.17872900" lon="-74.60105700">
        <ele>265.800</ele>
      </trkpt>
      <trkpt lat="46.17880100" lon="-74.60102700">
        <ele>259.000</ele>
      </trkpt>
      <trkpt lat="46.17887700" lon="-74.60099400">
        <ele>265.400</ele>
      </trkpt>
      <trkpt lat="46.17894700" lon="-74.60096500">
        <ele>267.400</ele>
      </trkpt>
      <trkpt lat="46.17908900" lon="-74.60090400">
        <ele>263.600</ele>
      </trkpt>
      <trkpt lat="46.17916500" lon="-74.60087600">
        <ele>270.200</ele>
      </trkpt>
      <trkpt lat="46.17923700" lon="-74.60084700">
        <ele>264.200</ele>
      </trkpt>
      <trkpt lat="46.17931900" lon="-74.60081700">
        <ele>262.000</ele>
      </trkpt>
      <trkpt lat="46.17976700" lon="-74.60064700">
        <ele>262.600</ele>
      </trkpt>
      <trkpt lat="46.18030700" lon="-74.60043300">
        <ele>262.800</ele>
      </trkpt>
      <trkpt lat="46.18038100" lon="-74.60040300">
        <ele>262.800</ele>
      </trkpt>
      <trkpt lat="46.18052800" lon="-74.60034500">
        <ele>263.200</ele>
      </trkpt>
      <trkpt lat="46.18060100" lon="-74.60031500">
        <ele>264.200</ele>
      </trkpt>
      <trkpt lat="46.18099800" lon="-74.60017600">
        <ele>263.200</ele>
      </trkpt>
      <trkpt lat="46.18106000" lon="-74.60013800">
        <ele>263.200</ele>
      </trkpt>
      <trkpt lat="46.18131400" lon="-74.60004400">
        <ele>263.600</ele>
      </trkpt>
      <trkpt lat="46.18186000" lon="-74.59982100">
        <ele>263.400</ele>
      </trkpt>
      <trkpt lat="46.18193300" lon="-74.59978500">
        <ele>263.400</ele>
      </trkpt>
      <trkpt lat="46.18248400" lon="-74.59951200">
        <ele>263.800</ele>
      </trkpt>
      <trkpt lat="46.18271900" lon="-74.59937300">
        <ele>264.200</ele>
      </trkpt>
      <trkpt lat="46.18300800" lon="-74.59919400">
        <ele>265.200</ele>
      </trkpt>
      <trkpt lat="46.18324000" lon="-74.59902900">
        <ele>265.000</ele>
      </trkpt>
      <trkpt lat="46.18376600" lon="-74.59862000">
        <ele>264.600</ele>
      </trkpt>
      <trkpt lat="46.18399000" lon="-74.59844900">
        <ele>264.200</ele>
      </trkpt>
      <trkpt lat="46.18427300" lon="-74.59820300">
        <ele>263.800</ele>
      </trkpt>
      <trkpt lat="46.18455500" lon="-74.59796800">
        <ele>263.000</ele>
      </trkpt>
      <trkpt lat="46.18475700" lon="-74.59779100">
        <ele>262.000</ele>
      </trkpt>
      <trkpt lat="46.18482800" lon="-74.59773400">
        <ele>262.000</ele>
      </trkpt>
      <trkpt lat="46.18530800" lon="-74.59731200">
        <ele>262.200</ele>
      </trkpt>
      <trkpt lat="46.18551000" lon="-74.59711600">
        <ele>261.600</ele>
      </trkpt>
      <trkpt lat="46.18573900" lon="-74.59685800">
        <ele>261.800</ele>
      </trkpt>
      <trkpt lat="46.18610000" lon="-74.59641500">
        <ele>263.200</ele>
      </trkpt>
      <trkpt lat="46.18616900" lon="-74.59633800">
        <ele>263.400</ele>
      </trkpt>
      <trkpt lat="46.18650500" lon="-74.59605900">
        <ele>264.000</ele>
      </trkpt>
      <trkpt lat="46.18657500" lon="-74.59601900">
        <ele>264.200</ele>
      </trkpt>
      <trkpt lat="46.18665500" lon="-74.59599500">
        <ele>264.400</ele>
      </trkpt>
      <trkpt lat="46.18680600" lon="-74.59594800">
        <ele>264.800</ele>
      </trkpt>
      <trkpt lat="46.18711500" lon="-74.59589700">
        <ele>265.800</ele>
      </trkpt>
      <trkpt lat="46.18727400" lon="-74.59588100">
        <ele>265.800</ele>
      </trkpt>
      <trkpt lat="46.18782200" lon="-74.59585400">
        <ele>265.200</ele>
      </trkpt>
      <trkpt lat="46.18789600" lon="-74.59585100">
        <ele>265.400</ele>
      </trkpt>
      <trkpt lat="46.18846600" lon="-74.59581600">
        <ele>265.400</ele>
      </trkpt>
      <trkpt lat="46.18854200" lon="-74.59580900">
        <ele>265.400</ele>
      </trkpt>
      <trkpt lat="46.18900900" lon="-74.59579700">
        <ele>265.000</ele>
      </trkpt>
      <trkpt lat="46.18916300" lon="-74.59580400">
        <ele>264.800</ele>
      </trkpt>
      <trkpt lat="46.18938700" lon="-74.59582100">
        <ele>266.000</ele>
      </trkpt>
      <trkpt lat="46.18946600" lon="-74.59582400">
        <ele>266.000</ele>
      </trkpt>
      <trkpt lat="46.18994500" lon="-74.59590500">
        <ele>265.800</ele>
      </trkpt>
      <trkpt lat="46.19040200" lon="-74.59598800">
        <ele>265.400</ele>
      </trkpt>
      <trkpt lat="46.19046300" lon="-74.59599500">
        <ele>265.000</ele>
      </trkpt>
      <trkpt lat="46.19075400" lon="-74.59607100">
        <ele>263.800</ele>
      </trkpt>
      <trkpt lat="46.19082200" lon="-74.59607400">
        <ele>263.800</ele>
      </trkpt>
      <trkpt lat="46.19106700" lon="-74.59612400">
        <ele>262.600</ele>
      </trkpt>
      <trkpt lat="46.19140500" lon="-74.59618100">
        <ele>261.600</ele>
      </trkpt>
      <trkpt lat="46.19150000" lon="-74.59619700">
        <ele>261.400</ele>
      </trkpt>
      <trkpt lat="46.19171700" lon="-74.59623300">
        <ele>259.600</ele>
      </trkpt>
      <trkpt lat="46.19192600" lon="-74.59626300">
        <ele>258.600</ele>
      </trkpt>
      <trkpt lat="46.19204300" lon="-74.59627200">
        <ele>257.200</ele>
      </trkpt>
      <trkpt lat="46.19217300" lon="-74.59628400">
        <ele>256.000</ele>
      </trkpt>
      <trkpt lat="46.19241700" lon="-74.59629700">
        <ele>254.600</ele>
      </trkpt>
      <trkpt lat="46.19254300" lon="-74.59629800">
        <ele>253.000</ele>
      </trkpt>
      <trkpt lat="46.19266800" lon="-74.59630100">
        <ele>252.200</ele>
      </trkpt>
      <trkpt lat="46.19281200" lon="-74.59630300">
        <ele>250.800</ele>
      </trkpt>
      <trkpt lat="46.19309300" lon="-74.59630900">
        <ele>248.200</ele>
      </trkpt>
      <trkpt lat="46.19321900" lon="-74.59631300">
        <ele>246.600</ele>
      </trkpt>
      <trkpt lat="46.19336600" lon="-74.59631500">
        <ele>245.000</ele>
      </trkpt>
      <trkpt lat="46.19349800" lon="-74.59631700">
        <ele>244.600</ele>
      </trkpt>
      <trkpt lat="46.19362000" lon="-74.59632100">
        <ele>243.600</ele>
      </trkpt>
      <trkpt lat="46.19387000" lon="-74.59633300">
        <ele>243.400</ele>
      </trkpt>
      <trkpt lat="46.19419500" lon="-74.59634100">
        <ele>242.000</ele>
      </trkpt>
      <trkpt lat="46.19468900" lon="-74.59634400">
        <ele>242.800</ele>
      </trkpt>
      <trkpt lat="46.19477600" lon="-74.59634200">
        <ele>243.400</ele>
      </trkpt>
      <trkpt lat="46.19498300" lon="-74.59632900">
        <ele>244.400</ele>
      </trkpt>
      <trkpt lat="46.19504800" lon="-74.59632200">
        <ele>244.600</ele>
      </trkpt>
      <trkpt lat="46.19510400" lon="-74.59631800">
        <ele>245.600</ele>
      </trkpt>
      <trkpt lat="46.19519600" lon="-74.59630500">
        <ele>247.400</ele>
      </trkpt>
      <trkpt lat="46.19523800" lon="-74.59629700">
        <ele>248.000</ele>
      </trkpt>
      <trkpt lat="46.19528600" lon="-74.59629400">
        <ele>249.000</ele>
      </trkpt>
      <trkpt lat="46.19536500" lon="-74.59628600">
        <ele>250.400</ele>
      </trkpt>
      <trkpt lat="46.19552200" lon="-74.59626000">
        <ele>251.800</ele>
      </trkpt>
      <trkpt lat="46.19563600" lon="-74.59625000">
        <ele>252.800</ele>
      </trkpt>
      <trkpt lat="46.19574400" lon="-74.59622800">
        <ele>254.200</ele>
      </trkpt>
      <trkpt lat="46.19584700" lon="-74.59621300">
        <ele>255.200</ele>
      </trkpt>
      <trkpt lat="46.19595700" lon="-74.59619600">
        <ele>256.200</ele>
      </trkpt>
      <trkpt lat="46.19606700" lon="-74.59616900">
        <ele>257.200</ele>
      </trkpt>
      <trkpt lat="46.19614100" lon="-74.59615500">
        <ele>257.400</ele>
      </trkpt>
      <trkpt lat="46.19631500" lon="-74.59610800">
        <ele>258.600</ele>
      </trkpt>
      <trkpt lat="46.19635800" lon="-74.59609000">
        <ele>258.600</ele>
      </trkpt>
      <trkpt lat="46.19649400" lon="-74.59605100">
        <ele>259.800</ele>
      </trkpt>
      <trkpt lat="46.19659600" lon="-74.59600600">
        <ele>260.600</ele>
      </trkpt>
      <trkpt lat="46.19662900" lon="-74.59598600">
        <ele>261.000</ele>
      </trkpt>
      <trkpt lat="46.19689600" lon="-74.59587800">
        <ele>261.800</ele>
      </trkpt>
      <trkpt lat="46.19701600" lon="-74.59582500">
        <ele>262.200</ele>
      </trkpt>
      <trkpt lat="46.19717800" lon="-74.59576900">
        <ele>262.800</ele>
      </trkpt>
      <trkpt lat="46.19725900" lon="-74.59574900">
        <ele>263.400</ele>
      </trkpt>
      <trkpt lat="46.19735000" lon="-74.59572600">
        <ele>263.600</ele>
      </trkpt>
      <trkpt lat="46.19746300" lon="-74.59568700">
        <ele>264.200</ele>
      </trkpt>
      <trkpt lat="46.19751100" lon="-74.59566600">
        <ele>264.400</ele>
      </trkpt>
      <trkpt lat="46.19766800" lon="-74.59561800">
        <ele>265.600</ele>
      </trkpt>
      <trkpt lat="46.19779100" lon="-74.59558900">
        <ele>266.400</ele>
      </trkpt>
      <trkpt lat="46.19788300" lon="-74.59557200">
        <ele>266.600</ele>
      </trkpt>
      <trkpt lat="46.19806600" lon="-74.59554500">
        <ele>267.400</ele>
      </trkpt>
      <trkpt lat="46.19810900" lon="-74.59554400">
        <ele>267.800</ele>
      </trkpt>
      <trkpt lat="46.19834300" lon="-74.59555000">
        <ele>268.800</ele>
      </trkpt>
      <trkpt lat="46.19840500" lon="-74.59556100">
        <ele>268.800</ele>
      </trkpt>
      <trkpt lat="46.19868700" lon="-74.59562300">
        <ele>268.000</ele>
      </trkpt>
      <trkpt lat="46.19875600" lon="-74.59565100">
        <ele>267.800</ele>
      </trkpt>
      <trkpt lat="46.19892500" lon="-74.59569700">
        <ele>267.600</ele>
      </trkpt>
      <trkpt lat="46.19910900" lon="-74.59576000">
        <ele>267.000</ele>
      </trkpt>
      <trkpt lat="46.19949000" lon="-74.59589200">
        <ele>267.200</ele>
      </trkpt>
      <trkpt lat="46.20002400" lon="-74.59605900">
        <ele>266.600</ele>
      </trkpt>
      <trkpt lat="46.20019000" lon="-74.59609200">
        <ele>265.200</ele>
      </trkpt>
      <trkpt lat="46.20034800" lon="-74.59610500">
        <ele>264.200</ele>
      </trkpt>
      <trkpt lat="46.20057100" lon="-74.59609600">
        <ele>263.800</ele>
      </trkpt>
      <trkpt lat="46.20102600" lon="-74.59605200">
        <ele>264.000</ele>
      </trkpt>
      <trkpt lat="46.20110400" lon="-74.59602800">
        <ele>264.400</ele>
      </trkpt>
      <trkpt lat="46.20119800" lon="-74.59599700">
        <ele>266.000</ele>
      </trkpt>
      <trkpt lat="46.20174700" lon="-74.59579500">
        <ele>266.000</ele>
      </trkpt>
      <trkpt lat="46.20223700" lon="-74.59552500">
        <ele>265.600</ele>
      </trkpt>
      <trkpt lat="46.20268900" lon="-74.59523900">
        <ele>265.400</ele>
      </trkpt>
      <trkpt lat="46.20310900" lon="-74.59493900">
        <ele>265.000</ele>
      </trkpt>
      <trkpt lat="46.20364600" lon="-74.59450800">
        <ele>264.200</ele>
      </trkpt>
      <trkpt lat="46.20370700" lon="-74.59445300">
        <ele>263.600</ele>
      </trkpt>
      <trkpt lat="46.20410700" lon="-74.59412300">
        <ele>263.200</ele>
      </trkpt>
      <trkpt lat="46.20425900" lon="-74.59399600">
        <ele>262.600</ele>
      </trkpt>
      <trkpt lat="46.20453100" lon="-74.59381500">
        <ele>262.200</ele>
      </trkpt>
      <trkpt lat="46.20474800" lon="-74.59375100">
        <ele>262.000</ele>
      </trkpt>
      <trkpt lat="46.20485300" lon="-74.59373000">
        <ele>261.000</ele>
      </trkpt>
      <trkpt lat="46.20495300" lon="-74.59371800">
        <ele>261.000</ele>
      </trkpt>
      <trkpt lat="46.20515400" lon="-74.59371000">
        <ele>261.200</ele>
      </trkpt>
      <trkpt lat="46.20525100" lon="-74.59371900">
        <ele>261.400</ele>
      </trkpt>
      <trkpt lat="46.20535700" lon="-74.59373100">
        <ele>262.000</ele>
      </trkpt>
      <trkpt lat="46.20577600" lon="-74.59377700">
        <ele>261.800</ele>
      </trkpt>
      <trkpt lat="46.20588600" lon="-74.59382100">
        <ele>261.400</ele>
      </trkpt>
      <trkpt lat="46.20609200" lon="-74.59390800">
        <ele>261.000</ele>
      </trkpt>
      <trkpt lat="46.20639500" lon="-74.59403800">
        <ele>260.200</ele>
      </trkpt>
      <trkpt lat="46.20654800" lon="-74.59409000">
        <ele>259.200</ele>
      </trkpt>
      <trkpt lat="46.20665600" lon="-74.59412500">
        <ele>258.200</ele>
      </trkpt>
      <trkpt lat="46.20675500" lon="-74.59411900">
        <ele>256.800</ele>
      </trkpt>
      <trkpt lat="46.20685100" lon="-74.59407900">
        <ele>255.200</ele>
      </trkpt>
      <trkpt lat="46.20701100" lon="-74.59392600">
        <ele>254.600</ele>
      </trkpt>
      <trkpt lat="46.20712200" lon="-74.59369600">
        <ele>254.400</ele>
      </trkpt>
      <trkpt lat="46.20716400" lon="-74.59355100">
        <ele>254.000</ele>
      </trkpt>
      <trkpt lat="46.20719800" lon="-74.59342500">
        <ele>254.000</ele>
      </trkpt>
      <trkpt lat="46.20722800" lon="-74.59331000">
        <ele>253.400</ele>
      </trkpt>
      <trkpt lat="46.20731300" lon="-74.59300000">
        <ele>254.600</ele>
      </trkpt>
      <trkpt lat="46.20734100" lon="-74.59289000">
        <ele>255.200</ele>
      </trkpt>
      <trkpt lat="46.20738900" lon="-74.59270400">
        <ele>255.800</ele>
      </trkpt>
      <trkpt lat="46.20741400" lon="-74.59261000">
        <ele>256.200</ele>
      </trkpt>
      <trkpt lat="46.20758900" lon="-74.59203200">
        <ele>257.400</ele>
      </trkpt>
      <trkpt lat="46.20764200" lon="-74.59180100">
        <ele>257.400</ele>
      </trkpt>
      <trkpt lat="46.20770300" lon="-74.59125300">
        <ele>256.400</ele>
      </trkpt>
      <trkpt lat="46.20770900" lon="-74.59111800">
        <ele>256.200</ele>
      </trkpt>
      <trkpt lat="46.20770100" lon="-74.59080500">
        <ele>255.000</ele>
      </trkpt>
      <trkpt lat="46.20768500" lon="-74.59063000">
        <ele>254.400</ele>
      </trkpt>
      <trkpt lat="46.20765500" lon="-74.59044700">
        <ele>253.800</ele>
      </trkpt>
      <trkpt lat="46.20758400" lon="-74.59010800">
        <ele>252.400</ele>
      </trkpt>
      <trkpt lat="46.20747300" lon="-74.58979900">
        <ele>251.400</ele>
      </trkpt>
      <trkpt lat="46.20741000" lon="-74.58965600">
        <ele>250.600</ele>
      </trkpt>
      <trkpt lat="46.20734500" lon="-74.58951800">
        <ele>249.600</ele>
      </trkpt>
      <trkpt lat="46.20715000" lon="-74.58913500">
        <ele>248.600</ele>
      </trkpt>
      <trkpt lat="46.20688600" lon="-74.58861200">
        <ele>247.800</ele>
      </trkpt>
      <trkpt lat="46.20675200" lon="-74.58835500">
        <ele>247.200</ele>
      </trkpt>
      <trkpt lat="46.20637800" lon="-74.58760000">
        <ele>246.200</ele>
      </trkpt>
      <trkpt lat="46.20631900" lon="-74.58747500">
        <ele>246.000</ele>
      </trkpt>
      <trkpt lat="46.20594500" lon="-74.58673000">
        <ele>245.200</ele>
      </trkpt>
      <trkpt lat="46.20582600" lon="-74.58649100">
        <ele>245.200</ele>
      </trkpt>
      <trkpt lat="46.20565400" lon="-74.58614200">
        <ele>245.200</ele>
      </trkpt>
      <trkpt lat="46.20545100" lon="-74.58562500">
        <ele>245.200</ele>
      </trkpt>
      <trkpt lat="46.20512600" lon="-74.58489300">
        <ele>245.200</ele>
      </trkpt>
      <trkpt lat="46.20480000" lon="-74.58425100">
        <ele>245.400</ele>
      </trkpt>
      <trkpt lat="46.20459800" lon="-74.58376400">
        <ele>247.200</ele>
      </trkpt>
      <trkpt lat="46.20457700" lon="-74.58365000">
        <ele>247.600</ele>
      </trkpt>
      <trkpt lat="46.20452900" lon="-74.58333800">
        <ele>248.200</ele>
      </trkpt>
      <trkpt lat="46.20450000" lon="-74.58299400">
        <ele>248.600</ele>
      </trkpt>
      <trkpt lat="46.20441400" lon="-74.58240700">
        <ele>249.200</ele>
      </trkpt>
      <trkpt lat="46.20439500" lon="-74.58229300">
        <ele>249.400</ele>
      </trkpt>
      <trkpt lat="46.20436600" lon="-74.58220900">
        <ele>249.600</ele>
      </trkpt>
      <trkpt lat="46.20431800" lon="-74.58205500">
        <ele>250.200</ele>
      </trkpt>
      <trkpt lat="46.20428100" lon="-74.58196500">
        <ele>250.600</ele>
      </trkpt>
      <trkpt lat="46.20422800" lon="-74.58182900">
        <ele>251.600</ele>
      </trkpt>
      <trkpt lat="46.20410000" lon="-74.58160500">
        <ele>252.800</ele>
      </trkpt>
      <trkpt lat="46.20394200" lon="-74.58138900">
        <ele>254.000</ele>
      </trkpt>
      <trkpt lat="46.20380600" lon="-74.58123400">
        <ele>255.200</ele>
      </trkpt>
      <trkpt lat="46.20372200" lon="-74.58114500">
        <ele>256.200</ele>
      </trkpt>
      <trkpt lat="46.20359800" lon="-74.58103900">
        <ele>257.400</ele>
      </trkpt>
      <trkpt lat="46.20352100" lon="-74.58098500">
        <ele>258.000</ele>
      </trkpt>
      <trkpt lat="46.20343700" lon="-74.58093300">
        <ele>258.600</ele>
      </trkpt>
      <trkpt lat="46.20329200" lon="-74.58084200">
        <ele>260.000</ele>
      </trkpt>
      <trkpt lat="46.20325200" lon="-74.58082300">
        <ele>260.400</ele>
      </trkpt>
      <trkpt lat="46.20314900" lon="-74.58076800">
        <ele>261.400</ele>
      </trkpt>
      <trkpt lat="46.20299600" lon="-74.58068100">
        <ele>262.200</ele>
      </trkpt>
      <trkpt lat="46.20274600" lon="-74.58052000">
        <ele>261.800</ele>
      </trkpt>
      <trkpt lat="46.20268100" lon="-74.58046000">
        <ele>261.600</ele>
      </trkpt>
      <trkpt lat="46.20248900" lon="-74.58018400">
        <ele>260.600</ele>
      </trkpt>
      <trkpt lat="46.20240400" lon="-74.57996000">
        <ele>260.000</ele>
      </trkpt>
      <trkpt lat="46.20237100" lon="-74.57985900">
        <ele>259.600</ele>
      </trkpt>
      <trkpt lat="46.20232500" lon="-74.57970400">
        <ele>259.200</ele>
      </trkpt>
      <trkpt lat="46.20229200" lon="-74.57958000">
        <ele>258.800</ele>
      </trkpt>
      <trkpt lat="46.20211600" lon="-74.57902000">
        <ele>258.600</ele>
      </trkpt>
      <trkpt lat="46.20185400" lon="-74.57855700">
        <ele>259.400</ele>
      </trkpt>
      <trkpt lat="46.20141600" lon="-74.57795800">
        <ele>259.200</ele>
      </trkpt>
      <trkpt lat="46.20136200" lon="-74.57788400">
        <ele>259.200</ele>
      </trkpt>
      <trkpt lat="46.20118000" lon="-74.57764200">
        <ele>260.000</ele>
      </trkpt>
      <trkpt lat="46.20109200" lon="-74.57751500">
        <ele>260.600</ele>
      </trkpt>
      <trkpt lat="46.20105500" lon="-74.57746000">
        <ele>261.000</ele>
      </trkpt>
      <trkpt lat="46.20096700" lon="-74.57734400">
        <ele>262.400</ele>
      </trkpt>
      <trkpt lat="46.20090400" lon="-74.57727600">
        <ele>263.600</ele>
      </trkpt>
      <trkpt lat="46.20083400" lon="-74.57717500">
        <ele>264.800</ele>
      </trkpt>
      <trkpt lat="46.20080700" lon="-74.57713400">
        <ele>265.200</ele>
      </trkpt>
      <trkpt lat="46.20075600" lon="-74.57705700">
        <ele>266.400</ele>
      </trkpt>
      <trkpt lat="46.20067200" lon="-74.57697100">
        <ele>267.600</ele>
      </trkpt>
      <trkpt lat="46.20059800" lon="-74.57690400">
        <ele>268.400</ele>
      </trkpt>
      <trkpt lat="46.20056300" lon="-74.57686500">
        <ele>268.600</ele>
      </trkpt>
      <trkpt lat="46.20041200" lon="-74.57673600">
        <ele>269.800</ele>
      </trkpt>
      <trkpt lat="46.20037500" lon="-74.57670900">
        <ele>270.200</ele>
      </trkpt>
      <trkpt lat="46.20022700" lon="-74.57659800">
        <ele>270.800</ele>
      </trkpt>
      <trkpt lat="46.20008100" lon="-74.57649100">
        <ele>271.200</ele>
      </trkpt>
      <trkpt lat="46.19969900" lon="-74.57623500">
        <ele>271.800</ele>
      </trkpt>
      <trkpt lat="46.19953600" lon="-74.57612400">
        <ele>272.000</ele>
      </trkpt>
      <trkpt lat="46.19921900" lon="-74.57585800">
        <ele>272.200</ele>
      </trkpt>
      <trkpt lat="46.19911300" lon="-74.57574000">
        <ele>272.600</ele>
      </trkpt>
      <trkpt lat="46.19901700" lon="-74.57562500">
        <ele>272.800</ele>
      </trkpt>
      <trkpt lat="46.19876400" lon="-74.57533700">
        <ele>272.600</ele>
      </trkpt>
      <trkpt lat="46.19858500" lon="-74.57527300">
        <ele>271.600</ele>
      </trkpt>
      <trkpt lat="46.19853000" lon="-74.57522300">
        <ele>271.200</ele>
      </trkpt>
      <trkpt lat="46.19839200" lon="-74.57498000">
        <ele>270.600</ele>
      </trkpt>
      <trkpt lat="46.19833700" lon="-74.57490200">
        <ele>270.600</ele>
      </trkpt>
      <trkpt lat="46.19815400" lon="-74.57469900">
        <ele>270.400</ele>
      </trkpt>
      <trkpt lat="46.19777700" lon="-74.57427300">
        <ele>269.600</ele>
      </trkpt>
      <trkpt lat="46.19763500" lon="-74.57412600">
        <ele>269.000</ele>
      </trkpt>
      <trkpt lat="46.19716500" lon="-74.57371700">
        <ele>268.400</ele>
      </trkpt>
      <trkpt lat="46.19666600" lon="-74.57337400">
        <ele>268.200</ele>
      </trkpt>
      <trkpt lat="46.19656200" lon="-74.57329300">
        <ele>268.600</ele>
      </trkpt>
      <trkpt lat="46.19627500" lon="-74.57304100">
        <ele>269.600</ele>
      </trkpt>
      <trkpt lat="46.19604900" lon="-74.57283200">
        <ele>269.600</ele>
      </trkpt>
      <trkpt lat="46.19562700" lon="-74.57244600">
        <ele>268.400</ele>
      </trkpt>
      <trkpt lat="46.19538800" lon="-74.57221000">
        <ele>267.200</ele>
      </trkpt>
      <trkpt lat="46.19509600" lon="-74.57185100">
        <ele>265.200</ele>
      </trkpt>
      <trkpt lat="46.19488400" lon="-74.57154000">
        <ele>263.800</ele>
      </trkpt>
      <trkpt lat="46.19469400" lon="-74.57121600">
        <ele>261.800</ele>
      </trkpt>
      <trkpt lat="46.19434900" lon="-74.57041200">
        <ele>260.000</ele>
      </trkpt>
      <trkpt lat="46.19428000" lon="-74.57021400">
        <ele>258.600</ele>
      </trkpt>
      <trkpt lat="46.19423600" lon="-74.57001800">
        <ele>256.800</ele>
      </trkpt>
      <trkpt lat="46.19407800" lon="-74.56950000">
        <ele>256.400</ele>
      </trkpt>
      <trkpt lat="46.19385800" lon="-74.56896100">
        <ele>256.200</ele>
      </trkpt>
      <trkpt lat="46.19379700" lon="-74.56885600">
        <ele>256.400</ele>
      </trkpt>
      <trkpt lat="46.19351800" lon="-74.56842300">
        <ele>255.800</ele>
      </trkpt>
      <trkpt lat="46.19337300" lon="-74.56817000">
        <ele>256.600</ele>
      </trkpt>
      <trkpt lat="46.19306900" lon="-74.56750500">
        <ele>257.000</ele>
      </trkpt>
      <trkpt lat="46.19292700" lon="-74.56712000">
        <ele>257.800</ele>
      </trkpt>
      <trkpt lat="46.19276800" lon="-74.56672800">
        <ele>258.400</ele>
      </trkpt>
      <trkpt lat="46.19242900" lon="-74.56606200">
        <ele>257.000</ele>
      </trkpt>
      <trkpt lat="46.19236400" lon="-74.56593900">
        <ele>256.600</ele>
      </trkpt>
      <trkpt lat="46.19206200" lon="-74.56535800">
        <ele>256.400</ele>
      </trkpt>
      <trkpt lat="46.19192800" lon="-74.56499800">
        <ele>256.800</ele>
      </trkpt>
      <trkpt lat="46.19190300" lon="-74.56489500">
        <ele>256.800</ele>
      </trkpt>
      <trkpt lat="46.19183400" lon="-74.56437300">
        <ele>257.600</ele>
      </trkpt>
      <trkpt lat="46.19183700" lon="-74.56419100">
        <ele>257.600</ele>
      </trkpt>
      <trkpt lat="46.19185000" lon="-74.56407100">
        <ele>257.800</ele>
      </trkpt>
      <trkpt lat="46.19188600" lon="-74.56383600">
        <ele>257.200</ele>
      </trkpt>
      <trkpt lat="46.19204700" lon="-74.56317400">
        <ele>256.800</ele>
      </trkpt>
      <trkpt lat="46.19208100" lon="-74.56304900">
        <ele>256.600</ele>
      </trkpt>
      <trkpt lat="46.19220400" lon="-74.56241700">
        <ele>256.000</ele>
      </trkpt>
      <trkpt lat="46.19220700" lon="-74.56231700">
        <ele>256.000</ele>
      </trkpt>
      <trkpt lat="46.19219900" lon="-74.56191700">
        <ele>256.200</ele>
      </trkpt>
      <trkpt lat="46.19215900" lon="-74.56168000">
        <ele>256.200</ele>
      </trkpt>
      <trkpt lat="46.19205300" lon="-74.56120700">
        <ele>255.800</ele>
      </trkpt>
      <trkpt lat="46.19200300" lon="-74.56098100">
        <ele>255.600</ele>
      </trkpt>
      <trkpt lat="46.19184500" lon="-74.56013000">
        <ele>255.200</ele>
      </trkpt>
      <trkpt lat="46.19182600" lon="-74.56000800">
        <ele>255.200</ele>
      </trkpt>
      <trkpt lat="46.19175800" lon="-74.55936800">
        <ele>255.600</ele>
      </trkpt>
      <trkpt lat="46.19173400" lon="-74.55905800">
        <ele>257.400</ele>
      </trkpt>
      <trkpt lat="46.19173300" lon="-74.55899600">
        <ele>258.000</ele>
      </trkpt>
      <trkpt lat="46.19173000" lon="-74.55894600">
        <ele>258.400</ele>
      </trkpt>
      <trkpt lat="46.19172500" lon="-74.55878600">
        <ele>260.000</ele>
      </trkpt>
      <trkpt lat="46.19171700" lon="-74.55863300">
        <ele>261.000</ele>
      </trkpt>
      <trkpt lat="46.19171500" lon="-74.55858100">
        <ele>261.400</ele>
      </trkpt>
      <trkpt lat="46.19170500" lon="-74.55842100">
        <ele>262.800</ele>
      </trkpt>
      <trkpt lat="46.19167800" lon="-74.55825900">
        <ele>263.800</ele>
      </trkpt>
      <trkpt lat="46.19160400" lon="-74.55792900">
        <ele>265.000</ele>
      </trkpt>
      <trkpt lat="46.19156700" lon="-74.55776200">
        <ele>265.400</ele>
      </trkpt>
      <trkpt lat="46.19151600" lon="-74.55759900">
        <ele>266.000</ele>
      </trkpt>
      <trkpt lat="46.19145200" lon="-74.55739900">
        <ele>267.000</ele>
      </trkpt>
      <trkpt lat="46.19136600" lon="-74.55714400">
        <ele>268.200</ele>
      </trkpt>
      <trkpt lat="46.19132100" lon="-74.55700800">
        <ele>268.600</ele>
      </trkpt>
      <trkpt lat="46.19125800" lon="-74.55680800">
        <ele>269.200</ele>
      </trkpt>
      <trkpt lat="46.19117500" lon="-74.55654500">
        <ele>269.800</ele>
      </trkpt>
      <trkpt lat="46.19107200" lon="-74.55621100">
        <ele>270.200</ele>
      </trkpt>
      <trkpt lat="46.19103000" lon="-74.55606000">
        <ele>270.400</ele>
      </trkpt>
      <trkpt lat="46.19089600" lon="-74.55552700">
        <ele>270.400</ele>
      </trkpt>
      <trkpt lat="46.19077400" lon="-74.55500200">
        <ele>269.200</ele>
      </trkpt>
      <trkpt lat="46.19074900" lon="-74.55492600">
        <ele>268.800</ele>
      </trkpt>
      <trkpt lat="46.19070300" lon="-74.55479700">
        <ele>268.600</ele>
      </trkpt>
      <trkpt lat="46.19045800" lon="-74.55433000">
        <ele>268.000</ele>
      </trkpt>
      <trkpt lat="46.19009700" lon="-74.55386700">
        <ele>268.200</ele>
      </trkpt>
      <trkpt lat="46.18952300" lon="-74.55341800">
        <ele>268.400</ele>
      </trkpt>
      <trkpt lat="46.18911700" lon="-74.55298200">
        <ele>268.600</ele>
      </trkpt>
      <trkpt lat="46.18885500" lon="-74.55253500">
        <ele>268.400</ele>
      </trkpt>
      <trkpt lat="46.18868300" lon="-74.55214500">
        <ele>268.400</ele>
      </trkpt>
      <trkpt lat="46.18840200" lon="-74.55145200">
        <ele>269.800</ele>
      </trkpt>
      <trkpt lat="46.18837700" lon="-74.55138100">
        <ele>269.800</ele>
      </trkpt>
      <trkpt lat="46.18834100" lon="-74.55126600">
        <ele>270.000</ele>
      </trkpt>
      <trkpt lat="46.18821600" lon="-74.55078400">
        <ele>271.200</ele>
      </trkpt>
      <trkpt lat="46.18818200" lon="-74.55061800">
        <ele>271.800</ele>
      </trkpt>
      <trkpt lat="46.18813500" lon="-74.55040100">
        <ele>272.600</ele>
      </trkpt>
      <trkpt lat="46.18807400" lon="-74.54987300">
        <ele>273.000</ele>
      </trkpt>
      <trkpt lat="46.18810700" lon="-74.54943500">
        <ele>272.600</ele>
      </trkpt>
      <trkpt lat="46.18821700" lon="-74.54892100">
        <ele>273.400</ele>
      </trkpt>
      <trkpt lat="46.18823300" lon="-74.54885900">
        <ele>273.800</ele>
      </trkpt>
      <trkpt lat="46.18828300" lon="-74.54866100">
        <ele>275.200</ele>
      </trkpt>
      <trkpt lat="46.18831100" lon="-74.54854500">
        <ele>276.000</ele>
      </trkpt>
      <trkpt lat="46.18832000" lon="-74.54850200">
        <ele>276.200</ele>
      </trkpt>
      <trkpt lat="46.18837300" lon="-74.54817700">
        <ele>277.400</ele>
      </trkpt>
      <trkpt lat="46.18838100" lon="-74.54806100">
        <ele>277.800</ele>
      </trkpt>
      <trkpt lat="46.18839200" lon="-74.54785400">
        <ele>278.600</ele>
      </trkpt>
      <trkpt lat="46.18839500" lon="-74.54773100">
        <ele>279.400</ele>
      </trkpt>
      <trkpt lat="46.18839400" lon="-74.54766400">
        <ele>279.800</ele>
      </trkpt>
      <trkpt lat="46.18838500" lon="-74.54753100">
        <ele>281.400</ele>
      </trkpt>
      <trkpt lat="46.18838300" lon="-74.54749900">
        <ele>281.600</ele>
      </trkpt>
      <trkpt lat="46.18838000" lon="-74.54741500">
        <ele>282.600</ele>
      </trkpt>
      <trkpt lat="46.18836400" lon="-74.54729600">
        <ele>283.800</ele>
      </trkpt>
      <trkpt lat="46.18836500" lon="-74.54718600">
        <ele>285.000</ele>
      </trkpt>
      <trkpt lat="46.18836200" lon="-74.54705500">
        <ele>285.800</ele>
      </trkpt>
      <trkpt lat="46.18836500" lon="-74.54702300">
        <ele>286.000</ele>
      </trkpt>
      <trkpt lat="46.18838200" lon="-74.54687700">
        <ele>287.200</ele>
      </trkpt>
      <trkpt lat="46.18839100" lon="-74.54682600">
        <ele>287.600</ele>
      </trkpt>
      <trkpt lat="46.18840700" lon="-74.54675400">
        <ele>288.600</ele>
      </trkpt>
      <trkpt lat="46.18843700" lon="-74.54659600">
        <ele>289.600</ele>
      </trkpt>
      <trkpt lat="46.18845100" lon="-74.54651500">
        <ele>290.000</ele>
      </trkpt>
      <trkpt lat="46.18849300" lon="-74.54636000">
        <ele>291.000</ele>
      </trkpt>
      <trkpt lat="46.18851200" lon="-74.54625000">
        <ele>291.600</ele>
      </trkpt>
      <trkpt lat="46.18852000" lon="-74.54620300">
        <ele>292.000</ele>
      </trkpt>
      <trkpt lat="46.18855000" lon="-74.54602900">
        <ele>293.000</ele>
      </trkpt>
      <trkpt lat="46.18857300" lon="-74.54589700">
        <ele>293.800</ele>
      </trkpt>
      <trkpt lat="46.18857600" lon="-74.54586300">
        <ele>294.000</ele>
      </trkpt>
      <trkpt lat="46.18858800" lon="-74.54568900">
        <ele>295.200</ele>
      </trkpt>
      <trkpt lat="46.18858800" lon="-74.54565000">
        <ele>295.400</ele>
      </trkpt>
      <trkpt lat="46.18858400" lon="-74.54549800">
        <ele>296.400</ele>
      </trkpt>
      <trkpt lat="46.18857900" lon="-74.54542900">
        <ele>297.200</ele>
      </trkpt>
      <trkpt lat="46.18857500" lon="-74.54539800">
        <ele>298.000</ele>
      </trkpt>
      <trkpt lat="46.18856900" lon="-74.54532900">
        <ele>299.000</ele>
      </trkpt>
      <trkpt lat="46.18855100" lon="-74.54524000">
        <ele>300.200</ele>
      </trkpt>
      <trkpt lat="46.18854700" lon="-74.54521000">
        <ele>300.600</ele>
      </trkpt>
      <trkpt lat="46.18852400" lon="-74.54511800">
        <ele>301.400</ele>
      </trkpt>
      <trkpt lat="46.18849200" lon="-74.54500800">
        <ele>302.000</ele>
      </trkpt>
      <trkpt lat="46.18847100" lon="-74.54493400">
        <ele>302.400</ele>
      </trkpt>
      <trkpt lat="46.18842500" lon="-74.54477800">
        <ele>303.400</ele>
      </trkpt>
      <trkpt lat="46.18841400" lon="-74.54474300">
        <ele>303.400</ele>
      </trkpt>
      <trkpt lat="46.18835300" lon="-74.54456600">
        <ele>304.400</ele>
      </trkpt>
      <trkpt lat="46.18830900" lon="-74.54437400">
        <ele>305.200</ele>
      </trkpt>
      <trkpt lat="46.18828500" lon="-74.54425900">
        <ele>305.400</ele>
      </trkpt>
      <trkpt lat="46.18823900" lon="-74.54402400">
        <ele>305.600</ele>
      </trkpt>
      <trkpt lat="46.18819800" lon="-74.54360400">
        <ele>305.600</ele>
      </trkpt>
      <trkpt lat="46.18817700" lon="-74.54304100">
        <ele>305.800</ele>
      </trkpt>
      <trkpt lat="46.18818100" lon="-74.54288700">
        <ele>306.600</ele>
      </trkpt>
      <trkpt lat="46.18818600" lon="-74.54281300">
        <ele>307.200</ele>
      </trkpt>
      <trkpt lat="46.18819600" lon="-74.54272900">
        <ele>307.800</ele>
      </trkpt>
      <trkpt lat="46.18822000" lon="-74.54262200">
        <ele>309.200</ele>
      </trkpt>
      <trkpt lat="46.18823300" lon="-74.54253800">
        <ele>310.400</ele>
      </trkpt>
      <trkpt lat="46.18825100" lon="-74.54244800">
        <ele>311.600</ele>
      </trkpt>
      <trkpt lat="46.18826700" lon="-74.54237200">
        <ele>312.400</ele>
      </trkpt>
      <trkpt lat="46.18827600" lon="-74.54233400">
        <ele>312.600</ele>
      </trkpt>
      <trkpt lat="46.18830400" lon="-74.54220200">
        <ele>314.000</ele>
      </trkpt>
      <trkpt lat="46.18833900" lon="-74.54201300">
        <ele>315.000</ele>
      </trkpt>
      <trkpt lat="46.18835100" lon="-74.54190400">
        <ele>315.400</ele>
      </trkpt>
      <trkpt lat="46.18836200" lon="-74.54166000">
        <ele>316.000</ele>
      </trkpt>
      <trkpt lat="46.18836100" lon="-74.54158100">
        <ele>316.200</ele>
      </trkpt>
      <trkpt lat="46.18836100" lon="-74.54150700">
        <ele>316.400</ele>
      </trkpt>
      <trkpt lat="46.18833600" lon="-74.54109100">
        <ele>316.800</ele>
      </trkpt>
      <trkpt lat="46.18826700" lon="-74.54041600">
        <ele>317.200</ele>
      </trkpt>
      <trkpt lat="46.18821700" lon="-74.54001000">
        <ele>317.400</ele>
      </trkpt>
      <trkpt lat="46.18818200" lon="-74.53979200">
        <ele>318.000</ele>
      </trkpt>
      <trkpt lat="46.18812500" lon="-74.53950900">
        <ele>318.400</ele>
      </trkpt>
      <trkpt lat="46.18805900" lon="-74.53913900">
        <ele>318.400</ele>
      </trkpt>
      <trkpt lat="46.18795700" lon="-74.53861300">
        <ele>317.800</ele>
      </trkpt>
      <trkpt lat="46.18784000" lon="-74.53820300">
        <ele>317.400</ele>
      </trkpt>
      <trkpt lat="46.18779100" lon="-74.53806400">
        <ele>317.000</ele>
      </trkpt>
      <trkpt lat="46.18772900" lon="-74.53789300">
        <ele>316.200</ele>
      </trkpt>
      <trkpt lat="46.18761700" lon="-74.53759100">
        <ele>314.200</ele>
      </trkpt>
      <trkpt lat="46.18748800" lon="-74.53727700">
        <ele>312.200</ele>
      </trkpt>
      <trkpt lat="46.18742300" lon="-74.53712000">
        <ele>311.000</ele>
      </trkpt>
      <trkpt lat="46.18731700" lon="-74.53688300">
        <ele>309.800</ele>
      </trkpt>
      <trkpt lat="46.18717500" lon="-74.53657500">
        <ele>309.400</ele>
      </trkpt>
      <trkpt lat="46.18686700" lon="-74.53594700">
        <ele>311.000</ele>
      </trkpt>
      <trkpt lat="46.18670700" lon="-74.53549300">
        <ele>310.200</ele>
      </trkpt>
      <trkpt lat="46.18666700" lon="-74.53531900">
        <ele>309.800</ele>
      </trkpt>
      <trkpt lat="46.18661600" lon="-74.53494400">
        <ele>308.200</ele>
      </trkpt>
      <trkpt lat="46.18660800" lon="-74.53476000">
        <ele>307.200</ele>
      </trkpt>
      <trkpt lat="46.18661200" lon="-74.53459100">
        <ele>306.800</ele>
      </trkpt>
      <trkpt lat="46.18661400" lon="-74.53445400">
        <ele>306.400</ele>
      </trkpt>
      <trkpt lat="46.18663100" lon="-74.53405100">
        <ele>305.400</ele>
      </trkpt>
      <trkpt lat="46.18668300" lon="-74.53333400">
        <ele>305.200</ele>
      </trkpt>
      <trkpt lat="46.18670500" lon="-74.53309900">
        <ele>306.200</ele>
      </trkpt>
      <trkpt lat="46.18671400" lon="-74.53300800">
        <ele>307.200</ele>
      </trkpt>
      <trkpt lat="46.18672200" lon="-74.53291300">
        <ele>308.200</ele>
      </trkpt>
      <trkpt lat="46.18673400" lon="-74.53278500">
        <ele>309.600</ele>
      </trkpt>
      <trkpt lat="46.18674000" lon="-74.53272500">
        <ele>310.600</ele>
      </trkpt>
      <trkpt lat="46.18674600" lon="-74.53266900">
        <ele>311.600</ele>
      </trkpt>
      <trkpt lat="46.18675300" lon="-74.53256700">
        <ele>313.600</ele>
      </trkpt>
      <trkpt lat="46.18675700" lon="-74.53252100">
        <ele>314.600</ele>
      </trkpt>
      <trkpt lat="46.18677600" lon="-74.53236800">
        <ele>316.200</ele>
      </trkpt>
      <trkpt lat="46.18678300" lon="-74.53231500">
        <ele>316.800</ele>
      </trkpt>
      <trkpt lat="46.18679800" lon="-74.53223000">
        <ele>317.400</ele>
      </trkpt>
      <trkpt lat="46.18682200" lon="-74.53207900">
        <ele>318.200</ele>
      </trkpt>
      <trkpt lat="46.18683100" lon="-74.53202900">
        <ele>318.600</ele>
      </trkpt>
      <trkpt lat="46.18686000" lon="-74.53186000">
        <ele>319.600</ele>
      </trkpt>
      <trkpt lat="46.18687300" lon="-74.53179300">
        <ele>320.200</ele>
      </trkpt>
      <trkpt lat="46.18688200" lon="-74.53174700">
        <ele>320.800</ele>
      </trkpt>
      <trkpt lat="46.18690900" lon="-74.53159400">
        <ele>322.000</ele>
      </trkpt>
      <trkpt lat="46.18692600" lon="-74.53152900">
        <ele>322.800</ele>
      </trkpt>
      <trkpt lat="46.18693900" lon="-74.53145400">
        <ele>323.600</ele>
      </trkpt>
      <trkpt lat="46.18696100" lon="-74.53134400">
        <ele>324.400</ele>
      </trkpt>
      <trkpt lat="46.18697000" lon="-74.53129600">
        <ele>324.600</ele>
      </trkpt>
      <trkpt lat="46.18699500" lon="-74.53103800">
        <ele>325.800</ele>
      </trkpt>
      <trkpt lat="46.18700000" lon="-74.53095500">
        <ele>326.200</ele>
      </trkpt>
      <trkpt lat="46.18700200" lon="-74.53085400">
        <ele>327.000</ele>
      </trkpt>
      <trkpt lat="46.18699900" lon="-74.53070400">
        <ele>328.000</ele>
      </trkpt>
      <trkpt lat="46.18699900" lon="-74.53066700">
        <ele>328.400</ele>
      </trkpt>
      <trkpt lat="46.18699900" lon="-74.53057700">
        <ele>329.200</ele>
      </trkpt>
      <trkpt lat="46.18699800" lon="-74.53047900">
        <ele>330.000</ele>
      </trkpt>
      <trkpt lat="46.18699700" lon="-74.53041300">
        <ele>330.400</ele>
      </trkpt>
      <trkpt lat="46.18699100" lon="-74.53029000">
        <ele>331.800</ele>
      </trkpt>
      <trkpt lat="46.18698800" lon="-74.53023100">
        <ele>332.800</ele>
      </trkpt>
      <trkpt lat="46.18699300" lon="-74.53018200">
        <ele>333.200</ele>
      </trkpt>
      <trkpt lat="46.18699700" lon="-74.53009600">
        <ele>334.400</ele>
      </trkpt>
      <trkpt lat="46.18700400" lon="-74.53003100">
        <ele>335.000</ele>
      </trkpt>
      <trkpt lat="46.18700800" lon="-74.52999700">
        <ele>335.600</ele>
      </trkpt>
      <trkpt lat="46.18702400" lon="-74.52983300">
        <ele>336.800</ele>
      </trkpt>
      <trkpt lat="46.18703500" lon="-74.52972400">
        <ele>337.800</ele>
      </trkpt>
      <trkpt lat="46.18706500" lon="-74.52958900">
        <ele>339.000</ele>
      </trkpt>
      <trkpt lat="46.18708900" lon="-74.52949300">
        <ele>339.800</ele>
      </trkpt>
      <trkpt lat="46.18711300" lon="-74.52939400">
        <ele>340.200</ele>
      </trkpt>
      <trkpt lat="46.18716000" lon="-74.52923400">
        <ele>340.600</ele>
      </trkpt>
      <trkpt lat="46.18722400" lon="-74.52894500">
        <ele>340.600</ele>
      </trkpt>
      <trkpt lat="46.18728200" lon="-74.52852800">
        <ele>340.800</ele>
      </trkpt>
      <trkpt lat="46.18728400" lon="-74.52824400">
        <ele>340.800</ele>
      </trkpt>
      <trkpt lat="46.18724800" lon="-74.52797800">
        <ele>340.800</ele>
      </trkpt>
      <trkpt lat="46.18711200" lon="-74.52722400">
        <ele>340.400</ele>
      </trkpt>
      <trkpt lat="46.18710300" lon="-74.52712500">
        <ele>340.400</ele>
      </trkpt>
      <trkpt lat="46.18710200" lon="-74.52646800">
        <ele>340.400</ele>
      </trkpt>
      <trkpt lat="46.18709400" lon="-74.52612300">
        <ele>340.200</ele>
      </trkpt>
      <trkpt lat="46.18703700" lon="-74.52582700">
        <ele>339.200</ele>
      </trkpt>
      <trkpt lat="46.18692000" lon="-74.52557900">
        <ele>337.800</ele>
      </trkpt>
      <trkpt lat="46.18681300" lon="-74.52542600">
        <ele>336.800</ele>
      </trkpt>
      <trkpt lat="46.18671700" lon="-74.52530700">
        <ele>335.400</ele>
      </trkpt>
      <trkpt lat="46.18660300" lon="-74.52516800">
        <ele>334.000</ele>
      </trkpt>
      <trkpt lat="46.18653100" lon="-74.52507400">
        <ele>332.800</ele>
      </trkpt>
      <trkpt lat="46.18639500" lon="-74.52489300">
        <ele>331.000</ele>
      </trkpt>
      <trkpt lat="46.18629200" lon="-74.52473600">
        <ele>329.200</ele>
      </trkpt>
      <trkpt lat="46.18620500" lon="-74.52458400">
        <ele>327.000</ele>
      </trkpt>
      <trkpt lat="46.18612900" lon="-74.52443600">
        <ele>326.000</ele>
      </trkpt>
      <trkpt lat="46.18603400" lon="-74.52420100">
        <ele>324.400</ele>
      </trkpt>
      <trkpt lat="46.18598000" lon="-74.52399400">
        <ele>322.000</ele>
      </trkpt>
      <trkpt lat="46.18594400" lon="-74.52375800">
        <ele>320.200</ele>
      </trkpt>
      <trkpt lat="46.18590800" lon="-74.52331700">
        <ele>317.400</ele>
      </trkpt>
      <trkpt lat="46.18589300" lon="-74.52308800">
        <ele>315.400</ele>
      </trkpt>
      <trkpt lat="46.18587700" lon="-74.52286500">
        <ele>314.400</ele>
      </trkpt>
      <trkpt lat="46.18583900" lon="-74.52245300">
        <ele>312.800</ele>
      </trkpt>
      <trkpt lat="46.18581200" lon="-74.52224200">
        <ele>311.800</ele>
      </trkpt>
      <trkpt lat="46.18575700" lon="-74.52187100">
        <ele>311.400</ele>
      </trkpt>
      <trkpt lat="46.18568300" lon="-74.52146500">
        <ele>310.400</ele>
      </trkpt>
      <trkpt lat="46.18559800" lon="-74.52093000">
        <ele>309.000</ele>
      </trkpt>
      <trkpt lat="46.18557900" lon="-74.52058600">
        <ele>308.600</ele>
      </trkpt>
      <trkpt lat="46.18559100" lon="-74.52041000">
        <ele>309.400</ele>
      </trkpt>
      <trkpt lat="46.18562500" lon="-74.52022100">
        <ele>310.000</ele>
      </trkpt>
      <trkpt lat="46.18575600" lon="-74.51989500">
        <ele>310.400</ele>
      </trkpt>
      <trkpt lat="46.18596700" lon="-74.51953700">
        <ele>310.800</ele>
      </trkpt>
      <trkpt lat="46.18603900" lon="-74.51942100">
        <ele>311.800</ele>
      </trkpt>
      <trkpt lat="46.18614200" lon="-74.51923400">
        <ele>313.200</ele>
      </trkpt>
      <trkpt lat="46.18623100" lon="-74.51906100">
        <ele>314.400</ele>
      </trkpt>
      <trkpt lat="46.18636200" lon="-74.51870700">
        <ele>315.200</ele>
      </trkpt>
      <trkpt lat="46.18639500" lon="-74.51860700">
        <ele>315.800</ele>
      </trkpt>
      <trkpt lat="46.18650100" lon="-74.51830000">
        <ele>317.400</ele>
      </trkpt>
      <trkpt lat="46.18661500" lon="-74.51803700">
        <ele>318.400</ele>
      </trkpt>
      <trkpt lat="46.18675100" lon="-74.51780500">
        <ele>319.000</ele>
      </trkpt>
      <trkpt lat="46.18681500" lon="-74.51771300">
        <ele>319.600</ele>
      </trkpt>
      <trkpt lat="46.18688600" lon="-74.51762700">
        <ele>319.800</ele>
      </trkpt>
      <trkpt lat="46.18693000" lon="-74.51758300">
        <ele>319.800</ele>
      </trkpt>
      <trkpt lat="46.18728600" lon="-74.51726400">
        <ele>319.600</ele>
      </trkpt>
      <trkpt lat="46.18782100" lon="-74.51683000">
        <ele>320.200</ele>
      </trkpt>
      <trkpt lat="46.18788700" lon="-74.51678700">
        <ele>320.400</ele>
      </trkpt>
      <trkpt lat="46.18835900" lon="-74.51654200">
        <ele>320.200</ele>
      </trkpt>
      <trkpt lat="46.18865600" lon="-74.51647000">
        <ele>320.200</ele>
      </trkpt>
      <trkpt lat="46.18879500" lon="-74.51647400">
        <ele>320.600</ele>
      </trkpt>
      <trkpt lat="46.18910400" lon="-74.51653900">
        <ele>321.600</ele>
      </trkpt>
      <trkpt lat="46.18916200" lon="-74.51655200">
        <ele>322.000</ele>
      </trkpt>
      <trkpt lat="46.18955800" lon="-74.51664600">
        <ele>322.800</ele>
      </trkpt>
      <trkpt lat="46.18980800" lon="-74.51671000">
        <ele>323.000</ele>
      </trkpt>
      <trkpt lat="46.18996300" lon="-74.51675500">
        <ele>323.800</ele>
      </trkpt>
      <trkpt lat="46.19001000" lon="-74.51677000">
        <ele>324.000</ele>
      </trkpt>
      <trkpt lat="46.19015400" lon="-74.51681900">
        <ele>325.000</ele>
      </trkpt>
      <trkpt lat="46.19019400" lon="-74.51683700">
        <ele>325.400</ele>
      </trkpt>
      <trkpt lat="46.19030900" lon="-74.51687200">
        <ele>326.400</ele>
      </trkpt>
      <trkpt lat="46.19039200" lon="-74.51690600">
        <ele>327.200</ele>
      </trkpt>
      <trkpt lat="46.19042400" lon="-74.51691900">
        <ele>327.600</ele>
      </trkpt>
      <trkpt lat="46.19059300" lon="-74.51698600">
        <ele>328.400</ele>
      </trkpt>
      <trkpt lat="46.19079700" lon="-74.51707200">
        <ele>329.000</ele>
      </trkpt>
      <trkpt lat="46.19096500" lon="-74.51714100">
        <ele>330.000</ele>
      </trkpt>
      <trkpt lat="46.19140700" lon="-74.51726500">
        <ele>330.800</ele>
      </trkpt>
      <trkpt lat="46.19168100" lon="-74.51728700">
        <ele>330.800</ele>
      </trkpt>
      <trkpt lat="46.19181300" lon="-74.51726100">
        <ele>330.800</ele>
      </trkpt>
      <trkpt lat="46.19200600" lon="-74.51717900">
        <ele>331.200</ele>
      </trkpt>
      <trkpt lat="46.19222400" lon="-74.51702500">
        <ele>331.200</ele>
      </trkpt>
      <trkpt lat="46.19254800" lon="-74.51667100">
        <ele>330.000</ele>
      </trkpt>
      <trkpt lat="46.19260300" lon="-74.51660600">
        <ele>330.000</ele>
      </trkpt>
      <trkpt lat="46.19271400" lon="-74.51650100">
        <ele>330.200</ele>
      </trkpt>
      <trkpt lat="46.19286800" lon="-74.51637400">
        <ele>330.800</ele>
      </trkpt>
      <trkpt lat="46.19291200" lon="-74.51633800">
        <ele>331.000</ele>
      </trkpt>
      <trkpt lat="46.19296000" lon="-74.51631400">
        <ele>331.400</ele>
      </trkpt>
      <trkpt lat="46.19308900" lon="-74.51624900">
        <ele>332.200</ele>
      </trkpt>
      <trkpt lat="46.19316600" lon="-74.51621000">
        <ele>333.200</ele>
      </trkpt>
      <trkpt lat="46.19331400" lon="-74.51619700">
        <ele>334.600</ele>
      </trkpt>
      <trkpt lat="46.19337600" lon="-74.51620200">
        <ele>335.400</ele>
      </trkpt>
      <trkpt lat="46.19341200" lon="-74.51620900">
        <ele>336.000</ele>
      </trkpt>
      <trkpt lat="46.19353400" lon="-74.51624500">
        <ele>337.400</ele>
      </trkpt>
      <trkpt lat="46.19368000" lon="-74.51631100">
        <ele>338.600</ele>
      </trkpt>
      <trkpt lat="46.19374500" lon="-74.51635500">
        <ele>339.200</ele>
      </trkpt>
      <trkpt lat="46.19383800" lon="-74.51639900">
        <ele>340.000</ele>
      </trkpt>
      <trkpt lat="46.19399400" lon="-74.51648100">
        <ele>340.400</ele>
      </trkpt>
      <trkpt lat="46.19428300" lon="-74.51667100">
        <ele>339.400</ele>
      </trkpt>
      <trkpt lat="46.19441300" lon="-74.51679000">
        <ele>338.600</ele>
      </trkpt>
      <trkpt lat="46.19462500" lon="-74.51700000">
        <ele>337.400</ele>
      </trkpt>
      <trkpt lat="46.19466900" lon="-74.51705300">
        <ele>337.400</ele>
      </trkpt>
      <trkpt lat="46.19502400" lon="-74.51747600">
        <ele>338.600</ele>
      </trkpt>
      <trkpt lat="46.19515100" lon="-74.51759000">
        <ele>338.400</ele>
      </trkpt>
      <trkpt lat="46.19522600" lon="-74.51764000">
        <ele>338.400</ele>
      </trkpt>
      <trkpt lat="46.19538000" lon="-74.51771200">
        <ele>338.400</ele>
      </trkpt>
      <trkpt lat="46.19550500" lon="-74.51777600">
        <ele>339.800</ele>
      </trkpt>
      <trkpt lat="46.19559300" lon="-74.51780800">
        <ele>341.200</ele>
      </trkpt>
      <trkpt lat="46.19582700" lon="-74.51786800">
        <ele>342.600</ele>
      </trkpt>
      <trkpt lat="46.19584800" lon="-74.51787300">
        <ele>343.000</ele>
      </trkpt>
      <trkpt lat="46.19590200" lon="-74.51787900">
        <ele>343.600</ele>
      </trkpt>
      <trkpt lat="46.19603800" lon="-74.51790000">
        <ele>344.400</ele>
      </trkpt>
      <trkpt lat="46.19606000" lon="-74.51790200">
        <ele>344.800</ele>
      </trkpt>
      <trkpt lat="46.19615300" lon="-74.51791900">
        <ele>346.000</ele>
      </trkpt>
      <trkpt lat="46.19622500" lon="-74.51792900">
        <ele>347.000</ele>
      </trkpt>
      <trkpt lat="46.19625800" lon="-74.51793200">
        <ele>347.400</ele>
      </trkpt>
      <trkpt lat="46.19638100" lon="-74.51794900">
        <ele>348.800</ele>
      </trkpt>
      <trkpt lat="46.19642500" lon="-74.51795800">
        <ele>349.200</ele>
      </trkpt>
      <trkpt lat="46.19671600" lon="-74.51801700">
        <ele>349.600</ele>
      </trkpt>
      <trkpt lat="46.19722200" lon="-74.51805600">
        <ele>348.200</ele>
      </trkpt>
      <trkpt lat="46.19762100" lon="-74.51798100">
        <ele>348.600</ele>
      </trkpt>
      <trkpt lat="46.19790300" lon="-74.51788900">
        <ele>350.200</ele>
      </trkpt>
      <trkpt lat="46.19800000" lon="-74.51785100">
        <ele>351.200</ele>
      </trkpt>
      <trkpt lat="46.19813200" lon="-74.51779200">
        <ele>352.200</ele>
      </trkpt>
      <trkpt lat="46.19822700" lon="-74.51774300">
        <ele>352.800</ele>
      </trkpt>
      <trkpt lat="46.19828900" lon="-74.51772200">
        <ele>352.800</ele>
      </trkpt>
      <trkpt lat="46.19850100" lon="-74.51764600">
        <ele>353.400</ele>
      </trkpt>
      <trkpt lat="46.19855200" lon="-74.51762000">
        <ele>353.600</ele>
      </trkpt>
      <trkpt lat="46.19879900" lon="-74.51750100">
        <ele>354.600</ele>
      </trkpt>
      <trkpt lat="46.19889000" lon="-74.51746500">
        <ele>354.800</ele>
      </trkpt>
      <trkpt lat="46.19903400" lon="-74.51740700">
        <ele>355.600</ele>
      </trkpt>
      <trkpt lat="46.19928800" lon="-74.51730700">
        <ele>356.200</ele>
      </trkpt>
      <trkpt lat="46.19936200" lon="-74.51724800">
        <ele>354.800</ele>
      </trkpt>
      <trkpt lat="46.19942600" lon="-74.51723200">
        <ele>354.800</ele>
      </trkpt>
      <trkpt lat="46.19981800" lon="-74.51716300">
        <ele>356.000</ele>
      </trkpt>
      <trkpt lat="46.20016700" lon="-74.51721900">
        <ele>355.800</ele>
      </trkpt>
      <trkpt lat="46.20062100" lon="-74.51739300">
        <ele>355.800</ele>
      </trkpt>
      <trkpt lat="46.20092000" lon="-74.51754000">
        <ele>355.200</ele>
      </trkpt>
      <trkpt lat="46.20122500" lon="-74.51761100">
        <ele>355.200</ele>
      </trkpt>
      <trkpt lat="46.20129100" lon="-74.51761500">
        <ele>355.400</ele>
      </trkpt>
      <trkpt lat="46.20140900" lon="-74.51761300">
        <ele>356.200</ele>
      </trkpt>
      <trkpt lat="46.20146500" lon="-74.51760900">
        <ele>356.800</ele>
      </trkpt>
      <trkpt lat="46.20151900" lon="-74.51760700">
        <ele>357.200</ele>
      </trkpt>
      <trkpt lat="46.20161200" lon="-74.51759600">
        <ele>358.400</ele>
      </trkpt>
      <trkpt lat="46.20185500" lon="-74.51754700">
        <ele>359.800</ele>
      </trkpt>
      <trkpt lat="46.20207400" lon="-74.51754700">
        <ele>360.600</ele>
      </trkpt>
      <trkpt lat="46.20211000" lon="-74.51755000">
        <ele>361.000</ele>
      </trkpt>
      <trkpt lat="46.20230700" lon="-74.51758200">
        <ele>362.600</ele>
      </trkpt>
      <trkpt lat="46.20247100" lon="-74.51762000">
        <ele>363.600</ele>
      </trkpt>
      <trkpt lat="46.20257100" lon="-74.51763200">
        <ele>364.200</ele>
      </trkpt>
      <trkpt lat="46.20289900" lon="-74.51763500">
        <ele>364.000</ele>
      </trkpt>
      <trkpt lat="46.20306400" lon="-74.51759900">
        <ele>363.600</ele>
      </trkpt>
      <trkpt lat="46.20319600" lon="-74.51753300">
        <ele>363.200</ele>
      </trkpt>
      <trkpt lat="46.20335200" lon="-74.51742200">
        <ele>362.800</ele>
      </trkpt>
      <trkpt lat="46.20343600" lon="-74.51736200">
        <ele>362.600</ele>
      </trkpt>
      <trkpt lat="46.20350300" lon="-74.51731000">
        <ele>362.200</ele>
      </trkpt>
      <trkpt lat="46.20367300" lon="-74.51718600">
        <ele>361.400</ele>
      </trkpt>
      <trkpt lat="46.20399800" lon="-74.51693300">
        <ele>360.400</ele>
      </trkpt>
      <trkpt lat="46.20412600" lon="-74.51678800">
        <ele>360.200</ele>
      </trkpt>
      <trkpt lat="46.20451300" lon="-74.51626100">
        <ele>360.000</ele>
      </trkpt>
      <trkpt lat="46.20485000" lon="-74.51592000">
        <ele>360.400</ele>
      </trkpt>
      <trkpt lat="46.20497900" lon="-74.51580200">
        <ele>360.600</ele>
      </trkpt>
      <trkpt lat="46.20504600" lon="-74.51575300">
        <ele>366.200</ele>
      </trkpt>
      <trkpt lat="46.20519000" lon="-74.51565600">
        <ele>366.400</ele>
      </trkpt>
      <trkpt lat="46.20543700" lon="-74.51548500">
        <ele>360.600</ele>
      </trkpt>
      <trkpt lat="46.20562700" lon="-74.51539300">
        <ele>359.600</ele>
      </trkpt>
      <trkpt lat="46.20583900" lon="-74.51534600">
        <ele>358.400</ele>
      </trkpt>
      <trkpt lat="46.20594200" lon="-74.51534900">
        <ele>358.600</ele>
      </trkpt>
      <trkpt lat="46.20618900" lon="-74.51542800">
        <ele>359.800</ele>
      </trkpt>
      <trkpt lat="46.20628700" lon="-74.51547300">
        <ele>359.600</ele>
      </trkpt>
      <trkpt lat="46.20656700" lon="-74.51558900">
        <ele>358.200</ele>
      </trkpt>
      <trkpt lat="46.20677300" lon="-74.51565900">
        <ele>356.600</ele>
      </trkpt>
      <trkpt lat="46.20687400" lon="-74.51568200">
        <ele>356.200</ele>
      </trkpt>
      <trkpt lat="46.20718100" lon="-74.51568800">
        <ele>356.000</ele>
      </trkpt>
      <trkpt lat="46.20727300" lon="-74.51567100">
        <ele>356.000</ele>
      </trkpt>
      <trkpt lat="46.20734300" lon="-74.51564800">
        <ele>355.800</ele>
      </trkpt>
      <trkpt lat="46.20744100" lon="-74.51561300">
        <ele>355.400</ele>
      </trkpt>
      <trkpt lat="46.20750800" lon="-74.51558800">
        <ele>355.200</ele>
      </trkpt>
      <trkpt lat="46.20764400" lon="-74.51552600">
        <ele>354.800</ele>
      </trkpt>
      <trkpt lat="46.20768300" lon="-74.51552600">
        <ele>356.200</ele>
      </trkpt>
      <trkpt lat="46.20769200" lon="-74.51553500">
        <ele>356.800</ele>
      </trkpt>
      <trkpt lat="46.20762600" lon="-74.51556800">
        <ele>357.600</ele>
      </trkpt>
      <trkpt lat="46.20744000" lon="-74.51567100">
        <ele>357.800</ele>
      </trkpt>
      <trkpt lat="46.20738300" lon="-74.51569400">
        <ele>357.800</ele>
      </trkpt>
      <trkpt lat="46.20731100" lon="-74.51570500">
        <ele>357.800</ele>
      </trkpt>
      <trkpt lat="46.20708600" lon="-74.51575300">
        <ele>357.000</ele>
      </trkpt>
      <trkpt lat="46.20671100" lon="-74.51570500">
        <ele>356.000</ele>
      </trkpt>
      <trkpt lat="46.20664300" lon="-74.51568300">
        <ele>355.800</ele>
      </trkpt>
      <trkpt lat="46.20628400" lon="-74.51553400">
        <ele>356.800</ele>
      </trkpt>
      <trkpt lat="46.20616700" lon="-74.51548300">
        <ele>356.800</ele>
      </trkpt>
      <trkpt lat="46.20609500" lon="-74.51545400">
        <ele>357.000</ele>
      </trkpt>
      <trkpt lat="46.20598600" lon="-74.51542500">
        <ele>357.200</ele>
      </trkpt>
      <trkpt lat="46.20588100" lon="-74.51540500">
        <ele>358.000</ele>
      </trkpt>
      <trkpt lat="46.20580700" lon="-74.51541700">
        <ele>358.800</ele>
      </trkpt>
      <trkpt lat="46.20574300" lon="-74.51543000">
        <ele>359.200</ele>
      </trkpt>
      <trkpt lat="46.20566700" lon="-74.51545600">
        <ele>359.600</ele>
      </trkpt>
      <trkpt lat="46.20543500" lon="-74.51556900">
        <ele>360.000</ele>
      </trkpt>
      <trkpt lat="46.20535500" lon="-74.51562200">
        <ele>359.400</ele>
      </trkpt>
      <trkpt lat="46.20506100" lon="-74.51583700">
        <ele>358.600</ele>
      </trkpt>
      <trkpt lat="46.20482100" lon="-74.51603900">
        <ele>360.800</ele>
      </trkpt>
      <trkpt lat="46.20469600" lon="-74.51615500">
        <ele>361.000</ele>
      </trkpt>
      <trkpt lat="46.20429900" lon="-74.51664100">
        <ele>360.600</ele>
      </trkpt>
      <trkpt lat="46.20393100" lon="-74.51704800">
        <ele>360.000</ele>
      </trkpt>
      <trkpt lat="46.20346000" lon="-74.51737500">
        <ele>360.000</ele>
      </trkpt>
      <trkpt lat="46.20313500" lon="-74.51759200">
        <ele>361.200</ele>
      </trkpt>
      <trkpt lat="46.20307200" lon="-74.51761300">
        <ele>361.600</ele>
      </trkpt>
      <trkpt lat="46.20301600" lon="-74.51762700">
        <ele>362.000</ele>
      </trkpt>
      <trkpt lat="46.20276700" lon="-74.51765400">
        <ele>363.200</ele>
      </trkpt>
      <trkpt lat="46.20272400" lon="-74.51765300">
        <ele>363.200</ele>
      </trkpt>
      <trkpt lat="46.20233900" lon="-74.51759000">
        <ele>364.200</ele>
      </trkpt>
      <trkpt lat="46.20203800" lon="-74.51754600">
        <ele>364.400</ele>
      </trkpt>
      <trkpt lat="46.20175100" lon="-74.51758000">
        <ele>363.200</ele>
      </trkpt>
      <trkpt lat="46.20156000" lon="-74.51761200">
        <ele>361.600</ele>
      </trkpt>
      <trkpt lat="46.20136400" lon="-74.51762800">
        <ele>360.400</ele>
      </trkpt>
      <trkpt lat="46.20114300" lon="-74.51761800">
        <ele>359.200</ele>
      </trkpt>
      <trkpt lat="46.20107100" lon="-74.51760600">
        <ele>358.600</ele>
      </trkpt>
      <trkpt lat="46.20092800" lon="-74.51757000">
        <ele>358.000</ele>
      </trkpt>
      <trkpt lat="46.20081200" lon="-74.51752100">
        <ele>357.200</ele>
      </trkpt>
      <trkpt lat="46.20071000" lon="-74.51747100">
        <ele>356.400</ele>
      </trkpt>
      <trkpt lat="46.20064100" lon="-74.51743300">
        <ele>356.000</ele>
      </trkpt>
      <trkpt lat="46.20041200" lon="-74.51731600">
        <ele>354.800</ele>
      </trkpt>
      <trkpt lat="46.20011600" lon="-74.51721900">
        <ele>354.600</ele>
      </trkpt>
      <trkpt lat="46.19973000" lon="-74.51717700">
        <ele>355.200</ele>
      </trkpt>
      <trkpt lat="46.19963500" lon="-74.51719300">
        <ele>355.400</ele>
      </trkpt>
      <trkpt lat="46.19926800" lon="-74.51731900">
        <ele>355.800</ele>
      </trkpt>
      <trkpt lat="46.19917200" lon="-74.51735800">
        <ele>355.800</ele>
      </trkpt>
      <trkpt lat="46.19860500" lon="-74.51760800">
        <ele>354.800</ele>
      </trkpt>
      <trkpt lat="46.19851400" lon="-74.51765000">
        <ele>354.400</ele>
      </trkpt>
      <trkpt lat="46.19834100" lon="-74.51772500">
        <ele>353.800</ele>
      </trkpt>
      <trkpt lat="46.19800800" lon="-74.51786300">
        <ele>352.200</ele>
      </trkpt>
      <trkpt lat="46.19779100" lon="-74.51794100">
        <ele>351.400</ele>
      </trkpt>
      <trkpt lat="46.19767700" lon="-74.51798200">
        <ele>351.000</ele>
      </trkpt>
      <trkpt lat="46.19732500" lon="-74.51806800">
        <ele>350.000</ele>
      </trkpt>
      <trkpt lat="46.19724800" lon="-74.51807300">
        <ele>349.200</ele>
      </trkpt>
      <trkpt lat="46.19710800" lon="-74.51807300">
        <ele>348.800</ele>
      </trkpt>
      <trkpt lat="46.19676500" lon="-74.51804400">
        <ele>347.600</ele>
      </trkpt>
      <trkpt lat="46.19665500" lon="-74.51802800">
        <ele>347.400</ele>
      </trkpt>
      <trkpt lat="46.19616700" lon="-74.51794000">
        <ele>348.200</ele>
      </trkpt>
      <trkpt lat="46.19594100" lon="-74.51789800">
        <ele>348.800</ele>
      </trkpt>
      <trkpt lat="46.19566200" lon="-74.51782500">
        <ele>348.000</ele>
      </trkpt>
      <trkpt lat="46.19553100" lon="-74.51778000">
        <ele>346.600</ele>
      </trkpt>
      <trkpt lat="46.19540400" lon="-74.51772200">
        <ele>345.000</ele>
      </trkpt>
      <trkpt lat="46.19519000" lon="-74.51759000">
        <ele>344.000</ele>
      </trkpt>
      <trkpt lat="46.19496800" lon="-74.51741900">
        <ele>342.400</ele>
      </trkpt>
      <trkpt lat="46.19485300" lon="-74.51731700">
        <ele>341.000</ele>
      </trkpt>
      <trkpt lat="46.19475800" lon="-74.51718200">
        <ele>339.400</ele>
      </trkpt>
      <trkpt lat="46.19466400" lon="-74.51707100">
        <ele>338.200</ele>
      </trkpt>
      <trkpt lat="46.19446300" lon="-74.51684500">
        <ele>336.800</ele>
      </trkpt>
      <trkpt lat="46.19435500" lon="-74.51674800">
        <ele>336.400</ele>
      </trkpt>
      <trkpt lat="46.19424500" lon="-74.51665500">
        <ele>336.400</ele>
      </trkpt>
      <trkpt lat="46.19386300" lon="-74.51640600">
        <ele>336.600</ele>
      </trkpt>
      <trkpt lat="46.19361900" lon="-74.51629200">
        <ele>338.400</ele>
      </trkpt>
      <trkpt lat="46.19353400" lon="-74.51625600">
        <ele>339.000</ele>
      </trkpt>
      <trkpt lat="46.19342900" lon="-74.51623300">
        <ele>340.000</ele>
      </trkpt>
      <trkpt lat="46.19320600" lon="-74.51623100">
        <ele>340.200</ele>
      </trkpt>
      <trkpt lat="46.19295700" lon="-74.51633100">
        <ele>338.600</ele>
      </trkpt>
      <trkpt lat="46.19283100" lon="-74.51639900">
        <ele>337.000</ele>
      </trkpt>
      <trkpt lat="46.19271500" lon="-74.51652100">
        <ele>335.000</ele>
      </trkpt>
      <trkpt lat="46.19261400" lon="-74.51662200">
        <ele>334.000</ele>
      </trkpt>
      <trkpt lat="46.19250400" lon="-74.51673800">
        <ele>331.800</ele>
      </trkpt>
      <trkpt lat="46.19239800" lon="-74.51685000">
        <ele>330.600</ele>
      </trkpt>
      <trkpt lat="46.19218200" lon="-74.51707400">
        <ele>329.600</ele>
      </trkpt>
      <trkpt lat="46.19207600" lon="-74.51716300">
        <ele>329.400</ele>
      </trkpt>
      <trkpt lat="46.19198700" lon="-74.51720600">
        <ele>329.000</ele>
      </trkpt>
      <trkpt lat="46.19167100" lon="-74.51729600">
        <ele>329.000</ele>
      </trkpt>
      <trkpt lat="46.19136200" lon="-74.51726500">
        <ele>330.000</ele>
      </trkpt>
      <trkpt lat="46.19115300" lon="-74.51722700">
        <ele>330.200</ele>
      </trkpt>
      <trkpt lat="46.19095500" lon="-74.51716300">
        <ele>330.000</ele>
      </trkpt>
      <trkpt lat="46.19076600" lon="-74.51708200">
        <ele>330.000</ele>
      </trkpt>
      <trkpt lat="46.19037400" lon="-74.51691600">
        <ele>330.400</ele>
      </trkpt>
      <trkpt lat="46.19004200" lon="-74.51681700">
        <ele>329.800</ele>
      </trkpt>
      <trkpt lat="46.18992200" lon="-74.51678100">
        <ele>329.200</ele>
      </trkpt>
      <trkpt lat="46.18965500" lon="-74.51671700">
        <ele>327.400</ele>
      </trkpt>
      <trkpt lat="46.18952400" lon="-74.51668500">
        <ele>325.800</ele>
      </trkpt>
      <trkpt lat="46.18926400" lon="-74.51661900">
        <ele>324.400</ele>
      </trkpt>
      <trkpt lat="46.18901600" lon="-74.51656600">
        <ele>323.000</ele>
      </trkpt>
      <trkpt lat="46.18889600" lon="-74.51654400">
        <ele>322.600</ele>
      </trkpt>
      <trkpt lat="46.18864900" lon="-74.51651900">
        <ele>322.200</ele>
      </trkpt>
      <trkpt lat="46.18852300" lon="-74.51651700">
        <ele>322.200</ele>
      </trkpt>
      <trkpt lat="46.18839400" lon="-74.51655700">
        <ele>321.800</ele>
      </trkpt>
      <trkpt lat="46.18815600" lon="-74.51665400">
        <ele>321.000</ele>
      </trkpt>
      <trkpt lat="46.18804100" lon="-74.51671700">
        <ele>320.400</ele>
      </trkpt>
      <trkpt lat="46.18781700" lon="-74.51686100">
        <ele>319.400</ele>
      </trkpt>
      <trkpt lat="46.18761500" lon="-74.51701700">
        <ele>319.200</ele>
      </trkpt>
      <trkpt lat="46.18713400" lon="-74.51745100">
        <ele>319.800</ele>
      </trkpt>
      <trkpt lat="46.18703700" lon="-74.51754500">
        <ele>319.600</ele>
      </trkpt>
      <trkpt lat="46.18685600" lon="-74.51773500">
        <ele>319.200</ele>
      </trkpt>
      <trkpt lat="46.18664000" lon="-74.51804800">
        <ele>318.600</ele>
      </trkpt>
      <trkpt lat="46.18660800" lon="-74.51812100">
        <ele>318.600</ele>
      </trkpt>
      <trkpt lat="46.18653000" lon="-74.51830200">
        <ele>318.400</ele>
      </trkpt>
      <trkpt lat="46.18643600" lon="-74.51856100">
        <ele>318.600</ele>
      </trkpt>
      <trkpt lat="46.18616500" lon="-74.51929200">
        <ele>319.000</ele>
      </trkpt>
      <trkpt lat="46.18608200" lon="-74.51942600">
        <ele>318.400</ele>
      </trkpt>
      <trkpt lat="46.18590000" lon="-74.51972200">
        <ele>316.600</ele>
      </trkpt>
      <trkpt lat="46.18583400" lon="-74.51983400">
        <ele>315.800</ele>
      </trkpt>
      <trkpt lat="46.18575400" lon="-74.51997800">
        <ele>315.000</ele>
      </trkpt>
      <trkpt lat="46.18563800" lon="-74.52027100">
        <ele>314.000</ele>
      </trkpt>
      <trkpt lat="46.18561000" lon="-74.52041200">
        <ele>313.600</ele>
      </trkpt>
      <trkpt lat="46.18561600" lon="-74.52088900">
        <ele>313.200</ele>
      </trkpt>
      <trkpt lat="46.18563300" lon="-74.52101100">
        <ele>313.600</ele>
      </trkpt>
      <trkpt lat="46.18572400" lon="-74.52155000">
        <ele>315.000</ele>
      </trkpt>
      <trkpt lat="46.18575500" lon="-74.52170500">
        <ele>315.000</ele>
      </trkpt>
      <trkpt lat="46.18587200" lon="-74.52246800">
        <ele>315.200</ele>
      </trkpt>
      <trkpt lat="46.18588400" lon="-74.52257200">
        <ele>315.400</ele>
      </trkpt>
      <trkpt lat="46.18595200" lon="-74.52340400">
        <ele>315.400</ele>
      </trkpt>
      <trkpt lat="46.18597200" lon="-74.52370600">
        <ele>317.400</ele>
      </trkpt>
      <trkpt lat="46.18598100" lon="-74.52379000">
        <ele>314.400</ele>
      </trkpt>
      <trkpt lat="46.18599300" lon="-74.52386700">
        <ele>315.200</ele>
      </trkpt>
      <trkpt lat="46.18600900" lon="-74.52396100">
        <ele>315.800</ele>
      </trkpt>
      <trkpt lat="46.18604300" lon="-74.52411900">
        <ele>317.200</ele>
      </trkpt>
      <trkpt lat="46.18605600" lon="-74.52416000">
        <ele>317.400</ele>
      </trkpt>
      <trkpt lat="46.18608500" lon="-74.52424500">
        <ele>317.800</ele>
      </trkpt>
      <trkpt lat="46.18610500" lon="-74.52430000">
        <ele>318.400</ele>
      </trkpt>
      <trkpt lat="46.18614400" lon="-74.52438900">
        <ele>319.400</ele>
      </trkpt>
      <trkpt lat="46.18618900" lon="-74.52447500">
        <ele>320.400</ele>
      </trkpt>
      <trkpt lat="46.18620900" lon="-74.52451800">
        <ele>320.600</ele>
      </trkpt>
      <trkpt lat="46.18626400" lon="-74.52463100">
        <ele>321.600</ele>
      </trkpt>
      <trkpt lat="46.18632500" lon="-74.52475200">
        <ele>322.600</ele>
      </trkpt>
      <trkpt lat="46.18634900" lon="-74.52478700">
        <ele>323.000</ele>
      </trkpt>
      <trkpt lat="46.18641500" lon="-74.52489200">
        <ele>324.200</ele>
      </trkpt>
      <trkpt lat="46.18645800" lon="-74.52494800">
        <ele>325.200</ele>
      </trkpt>
      <trkpt lat="46.18647600" lon="-74.52496900">
        <ele>325.600</ele>
      </trkpt>
      <trkpt lat="46.18656300" lon="-74.52509400">
        <ele>326.800</ele>
      </trkpt>
      <trkpt lat="46.18663600" lon="-74.52518900">
        <ele>327.800</ele>
      </trkpt>
      <trkpt lat="46.18665600" lon="-74.52521300">
        <ele>328.000</ele>
      </trkpt>
      <trkpt lat="46.18676800" lon="-74.52533700">
        <ele>329.200</ele>
      </trkpt>
      <trkpt lat="46.18682600" lon="-74.52539500">
        <ele>330.200</ele>
      </trkpt>
      <trkpt lat="46.18683900" lon="-74.52542800">
        <ele>330.600</ele>
      </trkpt>
      <trkpt lat="46.18688400" lon="-74.52546200">
        <ele>331.200</ele>
      </trkpt>
      <trkpt lat="46.18692900" lon="-74.52549800">
        <ele>331.800</ele>
      </trkpt>
      <trkpt lat="46.18696400" lon="-74.52554400">
        <ele>332.400</ele>
      </trkpt>
      <trkpt lat="46.18698100" lon="-74.52556000">
        <ele>332.800</ele>
      </trkpt>
      <trkpt lat="46.18701800" lon="-74.52560500">
        <ele>333.600</ele>
      </trkpt>
      <trkpt lat="46.18704900" lon="-74.52568400">
        <ele>334.800</ele>
      </trkpt>
      <trkpt lat="46.18709800" lon="-74.52578800">
        <ele>335.800</ele>
      </trkpt>
      <trkpt lat="46.18711900" lon="-74.52584400">
        <ele>336.400</ele>
      </trkpt>
      <trkpt lat="46.18714600" lon="-74.52589900">
        <ele>337.000</ele>
      </trkpt>
      <trkpt lat="46.18715500" lon="-74.52601500">
        <ele>337.800</ele>
      </trkpt>
      <trkpt lat="46.18715200" lon="-74.52606800">
        <ele>338.000</ele>
      </trkpt>
      <trkpt lat="46.18715600" lon="-74.52615000">
        <ele>338.400</ele>
      </trkpt>
      <trkpt lat="46.18716000" lon="-74.52624400">
        <ele>338.600</ele>
      </trkpt>
      <trkpt lat="46.18715800" lon="-74.52634500">
        <ele>339.200</ele>
      </trkpt>
      <trkpt lat="46.18715300" lon="-74.52655000">
        <ele>340.400</ele>
      </trkpt>
      <trkpt lat="46.18714700" lon="-74.52660400">
        <ele>340.400</ele>
      </trkpt>
      <trkpt lat="46.18713300" lon="-74.52700000">
        <ele>341.400</ele>
      </trkpt>
      <trkpt lat="46.18713400" lon="-74.52706500">
        <ele>341.400</ele>
      </trkpt>
      <trkpt lat="46.18714100" lon="-74.52720700">
        <ele>341.600</ele>
      </trkpt>
      <trkpt lat="46.18718900" lon="-74.52749400">
        <ele>341.600</ele>
      </trkpt>
      <trkpt lat="46.18729800" lon="-74.52804400">
        <ele>341.600</ele>
      </trkpt>
      <trkpt lat="46.18730800" lon="-74.52812900">
        <ele>341.800</ele>
      </trkpt>
      <trkpt lat="46.18731000" lon="-74.52818300">
        <ele>341.800</ele>
      </trkpt>
      <trkpt lat="46.18730500" lon="-74.52848200">
        <ele>342.000</ele>
      </trkpt>
      <trkpt lat="46.18728900" lon="-74.52865700">
        <ele>342.000</ele>
      </trkpt>
      <trkpt lat="46.18727200" lon="-74.52875300">
        <ele>342.000</ele>
      </trkpt>
      <trkpt lat="46.18719400" lon="-74.52910400">
        <ele>342.000</ele>
      </trkpt>
      <trkpt lat="46.18705800" lon="-74.52959900">
        <ele>342.000</ele>
      </trkpt>
      <trkpt lat="46.18701000" lon="-74.52985700">
        <ele>341.600</ele>
      </trkpt>
      <trkpt lat="46.18698800" lon="-74.53015500">
        <ele>340.800</ele>
      </trkpt>
      <trkpt lat="46.18698900" lon="-74.53029400">
        <ele>339.400</ele>
      </trkpt>
      <trkpt lat="46.18699500" lon="-74.53051900">
        <ele>338.000</ele>
      </trkpt>
      <trkpt lat="46.18700000" lon="-74.53090600">
        <ele>338.800</ele>
      </trkpt>
      <trkpt lat="46.18696000" lon="-74.53132100">
        <ele>336.000</ele>
      </trkpt>
      <trkpt lat="46.18692400" lon="-74.53153300">
        <ele>334.000</ele>
      </trkpt>
      <trkpt lat="46.18689000" lon="-74.53172700">
        <ele>332.800</ele>
      </trkpt>
      <trkpt lat="46.18685600" lon="-74.53190400">
        <ele>331.600</ele>
      </trkpt>
      <trkpt lat="46.18681100" lon="-74.53216000">
        <ele>330.400</ele>
      </trkpt>
      <trkpt lat="46.18678200" lon="-74.53235900">
        <ele>329.200</ele>
      </trkpt>
      <trkpt lat="46.18674700" lon="-74.53260300">
        <ele>328.800</ele>
      </trkpt>
      <trkpt lat="46.18672900" lon="-74.53280100">
        <ele>326.800</ele>
      </trkpt>
      <trkpt lat="46.18670700" lon="-74.53307700">
        <ele>325.600</ele>
      </trkpt>
      <trkpt lat="46.18668700" lon="-74.53332000">
        <ele>323.400</ele>
      </trkpt>
      <trkpt lat="46.18666700" lon="-74.53357300">
        <ele>322.800</ele>
      </trkpt>
      <trkpt lat="46.18665000" lon="-74.53379200">
        <ele>320.200</ele>
      </trkpt>
      <trkpt lat="46.18663200" lon="-74.53408000">
        <ele>318.800</ele>
      </trkpt>
      <trkpt lat="46.18661800" lon="-74.53433000">
        <ele>317.000</ele>
      </trkpt>
      <trkpt lat="46.18661500" lon="-74.53477000">
        <ele>315.200</ele>
      </trkpt>
      <trkpt lat="46.18663000" lon="-74.53505200">
        <ele>314.400</ele>
      </trkpt>
      <trkpt lat="46.18665400" lon="-74.53523500">
        <ele>313.400</ele>
      </trkpt>
      <trkpt lat="46.18669300" lon="-74.53544000">
        <ele>313.200</ele>
      </trkpt>
      <trkpt lat="46.18673700" lon="-74.53559900">
        <ele>313.400</ele>
      </trkpt>
      <trkpt lat="46.18692200" lon="-74.53606600">
        <ele>314.200</ele>
      </trkpt>
      <trkpt lat="46.18697600" lon="-74.53617200">
        <ele>313.200</ele>
      </trkpt>
      <trkpt lat="46.18709800" lon="-74.53640900">
        <ele>312.800</ele>
      </trkpt>
      <trkpt lat="46.18728200" lon="-74.53674500">
        <ele>312.600</ele>
      </trkpt>
      <trkpt lat="46.18734300" lon="-74.53686000">
        <ele>312.200</ele>
      </trkpt>
      <trkpt lat="46.18744900" lon="-74.53708200">
        <ele>310.600</ele>
      </trkpt>
      <trkpt lat="46.18751300" lon="-74.53723400">
        <ele>309.600</ele>
      </trkpt>
      <trkpt lat="46.18756600" lon="-74.53736300">
        <ele>309.200</ele>
      </trkpt>
      <trkpt lat="46.18776900" lon="-74.53785600">
        <ele>309.200</ele>
      </trkpt>
      <trkpt lat="46.18783700" lon="-74.53804500">
        <ele>310.200</ele>
      </trkpt>
      <trkpt lat="46.18790000" lon="-74.53824400">
        <ele>311.200</ele>
      </trkpt>
      <trkpt lat="46.18791500" lon="-74.53832800">
        <ele>312.000</ele>
      </trkpt>
      <trkpt lat="46.18794700" lon="-74.53847800">
        <ele>313.800</ele>
      </trkpt>
      <trkpt lat="46.18796400" lon="-74.53853700">
        <ele>314.800</ele>
      </trkpt>
      <trkpt lat="46.18801200" lon="-74.53868300">
        <ele>316.200</ele>
      </trkpt>
      <trkpt lat="46.18802700" lon="-74.53875600">
        <ele>316.800</ele>
      </trkpt>
      <trkpt lat="46.18804400" lon="-74.53882400">
        <ele>317.200</ele>
      </trkpt>
      <trkpt lat="46.18806800" lon="-74.53896900">
        <ele>318.200</ele>
      </trkpt>
      <trkpt lat="46.18808600" lon="-74.53904500">
        <ele>318.600</ele>
      </trkpt>
      <trkpt lat="46.18814700" lon="-74.53936400">
        <ele>319.600</ele>
      </trkpt>
      <trkpt lat="46.18822500" lon="-74.53989100">
        <ele>320.800</ele>
      </trkpt>
      <trkpt lat="46.18830300" lon="-74.54047900">
        <ele>321.000</ele>
      </trkpt>
      <trkpt lat="46.18836300" lon="-74.54112100">
        <ele>319.600</ele>
      </trkpt>
      <trkpt lat="46.18838700" lon="-74.54147400">
        <ele>319.000</ele>
      </trkpt>
      <trkpt lat="46.18835500" lon="-74.54205000">
        <ele>318.800</ele>
      </trkpt>
      <trkpt lat="46.18831400" lon="-74.54226000">
        <ele>318.800</ele>
      </trkpt>
      <trkpt lat="46.18825500" lon="-74.54255900">
        <ele>318.200</ele>
      </trkpt>
      <trkpt lat="46.18823300" lon="-74.54269800">
        <ele>317.400</ele>
      </trkpt>
      <trkpt lat="46.18821600" lon="-74.54285000">
        <ele>316.400</ele>
      </trkpt>
      <trkpt lat="46.18820400" lon="-74.54305900">
        <ele>314.400</ele>
      </trkpt>
      <trkpt lat="46.18820500" lon="-74.54326300">
        <ele>312.400</ele>
      </trkpt>
      <trkpt lat="46.18821400" lon="-74.54345000">
        <ele>309.800</ele>
      </trkpt>
      <trkpt lat="46.18822400" lon="-74.54358000">
        <ele>308.200</ele>
      </trkpt>
      <trkpt lat="46.18826100" lon="-74.54397900">
        <ele>305.800</ele>
      </trkpt>
      <trkpt lat="46.18831400" lon="-74.54426500">
        <ele>304.200</ele>
      </trkpt>
      <trkpt lat="46.18840400" lon="-74.54461000">
        <ele>304.000</ele>
      </trkpt>
      <trkpt lat="46.18856300" lon="-74.54519900">
        <ele>304.600</ele>
      </trkpt>
      <trkpt lat="46.18861400" lon="-74.54552400">
        <ele>302.400</ele>
      </trkpt>
      <trkpt lat="46.18861900" lon="-74.54575600">
        <ele>301.000</ele>
      </trkpt>
      <trkpt lat="46.18860000" lon="-74.54596200">
        <ele>298.600</ele>
      </trkpt>
      <trkpt lat="46.18857400" lon="-74.54614200">
        <ele>297.400</ele>
      </trkpt>
      <trkpt lat="46.18854400" lon="-74.54631300">
        <ele>295.200</ele>
      </trkpt>
      <trkpt lat="46.18849300" lon="-74.54657500">
        <ele>293.800</ele>
      </trkpt>
      <trkpt lat="46.18845600" lon="-74.54677000">
        <ele>291.200</ele>
      </trkpt>
      <trkpt lat="46.18842400" lon="-74.54697900">
        <ele>289.600</ele>
      </trkpt>
      <trkpt lat="46.18841500" lon="-74.54713000">
        <ele>287.200</ele>
      </trkpt>
      <trkpt lat="46.18840700" lon="-74.54739400">
        <ele>285.400</ele>
      </trkpt>
      <trkpt lat="46.18840200" lon="-74.54761800">
        <ele>283.600</ele>
      </trkpt>
      <trkpt lat="46.18839500" lon="-74.54783400">
        <ele>281.600</ele>
      </trkpt>
      <trkpt lat="46.18838800" lon="-74.54801800">
        <ele>280.600</ele>
      </trkpt>
      <trkpt lat="46.18836300" lon="-74.54827500">
        <ele>278.800</ele>
      </trkpt>
      <trkpt lat="46.18832400" lon="-74.54851300">
        <ele>277.200</ele>
      </trkpt>
      <trkpt lat="46.18828200" lon="-74.54871900">
        <ele>278.600</ele>
      </trkpt>
      <trkpt lat="46.18817800" lon="-74.54913800">
        <ele>277.000</ele>
      </trkpt>
      <trkpt lat="46.18809000" lon="-74.54953800">
        <ele>275.000</ele>
      </trkpt>
      <trkpt lat="46.18807300" lon="-74.54969800">
        <ele>274.400</ele>
      </trkpt>
      <trkpt lat="46.18806200" lon="-74.54994500">
        <ele>273.400</ele>
      </trkpt>
      <trkpt lat="46.18809700" lon="-74.55034700">
        <ele>272.000</ele>
      </trkpt>
      <trkpt lat="46.18816100" lon="-74.55071300">
        <ele>272.200</ele>
      </trkpt>
      <trkpt lat="46.18819600" lon="-74.55088600">
        <ele>272.400</ele>
      </trkpt>
      <trkpt lat="46.18822900" lon="-74.55105600">
        <ele>272.400</ele>
      </trkpt>
      <trkpt lat="46.18827400" lon="-74.55127800">
        <ele>272.400</ele>
      </trkpt>
      <trkpt lat="46.18826200" lon="-74.55118000">
        <ele>272.200</ele>
      </trkpt>
      <trkpt lat="46.18839100" lon="-74.55156200">
        <ele>272.200</ele>
      </trkpt>
      <trkpt lat="46.18848300" lon="-74.55178500">
        <ele>271.800</ele>
      </trkpt>
      <trkpt lat="46.18855000" lon="-74.55194200">
        <ele>270.800</ele>
      </trkpt>
      <trkpt lat="46.18868700" lon="-74.55224800">
        <ele>269.800</ele>
      </trkpt>
      <trkpt lat="46.18900100" lon="-74.55283100">
        <ele>268.400</ele>
      </trkpt>
      <trkpt lat="46.18909900" lon="-74.55296200">
        <ele>266.600</ele>
      </trkpt>
      <trkpt lat="46.18919500" lon="-74.55308700">
        <ele>265.600</ele>
      </trkpt>
      <trkpt lat="46.18939800" lon="-74.55331000">
        <ele>264.000</ele>
      </trkpt>
      <trkpt lat="46.18980400" lon="-74.55363700">
        <ele>263.200</ele>
      </trkpt>
      <trkpt lat="46.18990700" lon="-74.55370900">
        <ele>263.000</ele>
      </trkpt>
      <trkpt lat="46.19027600" lon="-74.55405700">
        <ele>262.400</ele>
      </trkpt>
      <trkpt lat="46.19043400" lon="-74.55427700">
        <ele>261.800</ele>
      </trkpt>
      <trkpt lat="46.19058600" lon="-74.55451900">
        <ele>260.600</ele>
      </trkpt>
      <trkpt lat="46.19080600" lon="-74.55503800">
        <ele>260.000</ele>
      </trkpt>
      <trkpt lat="46.19096500" lon="-74.55570300">
        <ele>261.200</ele>
      </trkpt>
      <trkpt lat="46.19113500" lon="-74.55633200">
        <ele>261.600</ele>
      </trkpt>
      <trkpt lat="46.19120800" lon="-74.55657900">
        <ele>264.200</ele>
      </trkpt>
      <trkpt lat="46.19144800" lon="-74.55734600">
        <ele>264.400</ele>
      </trkpt>
      <trkpt lat="46.19148700" lon="-74.55746500">
        <ele>264.200</ele>
      </trkpt>
      <trkpt lat="46.19167600" lon="-74.55815800">
        <ele>263.600</ele>
      </trkpt>
      <trkpt lat="46.19171900" lon="-74.55848100">
        <ele>263.000</ele>
      </trkpt>
      <trkpt lat="46.19175600" lon="-74.55894500">
        <ele>261.600</ele>
      </trkpt>
      <trkpt lat="46.19178100" lon="-74.55936700">
        <ele>260.400</ele>
      </trkpt>
      <trkpt lat="46.19180700" lon="-74.55972500">
        <ele>258.400</ele>
      </trkpt>
      <trkpt lat="46.19183100" lon="-74.55996200">
        <ele>257.000</ele>
      </trkpt>
      <trkpt lat="46.19186500" lon="-74.56018400">
        <ele>258.200</ele>
      </trkpt>
      <trkpt lat="46.19192700" lon="-74.56052700">
        <ele>257.000</ele>
      </trkpt>
      <trkpt lat="46.19204200" lon="-74.56111500">
        <ele>256.000</ele>
      </trkpt>
      <trkpt lat="46.19216300" lon="-74.56163500">
        <ele>255.800</ele>
      </trkpt>
      <trkpt lat="46.19222900" lon="-74.56212900">
        <ele>255.600</ele>
      </trkpt>
      <trkpt lat="46.19223400" lon="-74.56228100">
        <ele>255.600</ele>
      </trkpt>
      <trkpt lat="46.19222400" lon="-74.56261800">
        <ele>255.800</ele>
      </trkpt>
      <trkpt lat="46.19216700" lon="-74.56293000">
        <ele>256.200</ele>
      </trkpt>
      <trkpt lat="46.19196900" lon="-74.56368900">
        <ele>255.000</ele>
      </trkpt>
      <trkpt lat="46.19193700" lon="-74.56382900">
        <ele>255.000</ele>
      </trkpt>
      <trkpt lat="46.19186400" lon="-74.56442100">
        <ele>254.800</ele>
      </trkpt>
      <trkpt lat="46.19187200" lon="-74.56457100">
        <ele>254.800</ele>
      </trkpt>
      <trkpt lat="46.19191500" lon="-74.56482400">
        <ele>255.400</ele>
      </trkpt>
      <trkpt lat="46.19204200" lon="-74.56526100">
        <ele>255.200</ele>
      </trkpt>
      <trkpt lat="46.19207600" lon="-74.56535100">
        <ele>255.200</ele>
      </trkpt>
      <trkpt lat="46.19245600" lon="-74.56608200">
        <ele>254.600</ele>
      </trkpt>
      <trkpt lat="46.19265100" lon="-74.56643800">
        <ele>253.400</ele>
      </trkpt>
      <trkpt lat="46.19275300" lon="-74.56664200">
        <ele>253.200</ele>
      </trkpt>
      <trkpt lat="46.19295500" lon="-74.56711100">
        <ele>254.200</ele>
      </trkpt>
      <trkpt lat="46.19301000" lon="-74.56724200">
        <ele>254.600</ele>
      </trkpt>
      <trkpt lat="46.19309100" lon="-74.56744000">
        <ele>255.600</ele>
      </trkpt>
      <trkpt lat="46.19322100" lon="-74.56773900">
        <ele>256.600</ele>
      </trkpt>
      <trkpt lat="46.19326900" lon="-74.56784000">
        <ele>256.800</ele>
      </trkpt>
      <trkpt lat="46.19352200" lon="-74.56832400">
        <ele>257.000</ele>
      </trkpt>
      <trkpt lat="46.19389000" lon="-74.56891500">
        <ele>256.000</ele>
      </trkpt>
      <trkpt lat="46.19394400" lon="-74.56901300">
        <ele>256.200</ele>
      </trkpt>
      <trkpt lat="46.19416300" lon="-74.56952600">
        <ele>256.400</ele>
      </trkpt>
      <trkpt lat="46.19433300" lon="-74.57011600">
        <ele>256.600</ele>
      </trkpt>
      <trkpt lat="46.19456500" lon="-74.57081600">
        <ele>256.200</ele>
      </trkpt>
      <trkpt lat="46.19465100" lon="-74.57103200">
        <ele>255.600</ele>
      </trkpt>
      <trkpt lat="46.19476900" lon="-74.57126400">
        <ele>255.400</ele>
      </trkpt>
      <trkpt lat="46.19486900" lon="-74.57141700">
        <ele>257.200</ele>
      </trkpt>
      <trkpt lat="46.19488000" lon="-74.57144300">
        <ele>257.800</ele>
      </trkpt>
      <trkpt lat="46.19490800" lon="-74.57147700">
        <ele>258.200</ele>
      </trkpt>
      <trkpt lat="46.19495400" lon="-74.57153000">
        <ele>259.400</ele>
      </trkpt>
      <trkpt lat="46.19496700" lon="-74.57155300">
        <ele>259.800</ele>
      </trkpt>
      <trkpt lat="46.19501200" lon="-74.57162000">
        <ele>260.600</ele>
      </trkpt>
      <trkpt lat="46.19507700" lon="-74.57170300">
        <ele>261.600</ele>
      </trkpt>
      <trkpt lat="46.19511400" lon="-74.57175700">
        <ele>263.000</ele>
      </trkpt>
      <trkpt lat="46.19513000" lon="-74.57177700">
        <ele>263.400</ele>
      </trkpt>
      <trkpt lat="46.19517800" lon="-74.57184800">
        <ele>264.600</ele>
      </trkpt>
      <trkpt lat="46.19521300" lon="-74.57190200">
        <ele>265.600</ele>
      </trkpt>
      <trkpt lat="46.19524500" lon="-74.57193300">
        <ele>266.000</ele>
      </trkpt>
      <trkpt lat="46.19531700" lon="-74.57200600">
        <ele>267.200</ele>
      </trkpt>
      <trkpt lat="46.19537800" lon="-74.57206300">
        <ele>267.800</ele>
      </trkpt>
      <trkpt lat="46.19540400" lon="-74.57209600">
        <ele>268.200</ele>
      </trkpt>
      <trkpt lat="46.19552900" lon="-74.57222900">
        <ele>269.200</ele>
      </trkpt>
      <trkpt lat="46.19572800" lon="-74.57241400">
        <ele>270.200</ele>
      </trkpt>
      <trkpt lat="46.19584900" lon="-74.57254100">
        <ele>270.800</ele>
      </trkpt>
      <trkpt lat="46.19588800" lon="-74.57257600">
        <ele>271.200</ele>
      </trkpt>
      <trkpt lat="46.19604000" lon="-74.57274200">
        <ele>272.000</ele>
      </trkpt>
      <trkpt lat="46.19610400" lon="-74.57280200">
        <ele>272.200</ele>
      </trkpt>
      <trkpt lat="46.19627000" lon="-74.57296100">
        <ele>273.600</ele>
      </trkpt>
      <trkpt lat="46.19641700" lon="-74.57310500">
        <ele>274.200</ele>
      </trkpt>
      <trkpt lat="46.19654400" lon="-74.57321400">
        <ele>274.800</ele>
      </trkpt>
      <trkpt lat="46.19672400" lon="-74.57336900">
        <ele>275.200</ele>
      </trkpt>
      <trkpt lat="46.19716200" lon="-74.57366300">
        <ele>275.200</ele>
      </trkpt>
      <trkpt lat="46.19754600" lon="-74.57399400">
        <ele>275.600</ele>
      </trkpt>
      <trkpt lat="46.19769400" lon="-74.57415100">
        <ele>275.800</ele>
      </trkpt>
      <trkpt lat="46.19796200" lon="-74.57444700">
        <ele>276.200</ele>
      </trkpt>
      <trkpt lat="46.19841900" lon="-74.57486700">
        <ele>277.200</ele>
      </trkpt>
      <trkpt lat="46.19860300" lon="-74.57491700">
        <ele>277.600</ele>
      </trkpt>
      <trkpt lat="46.19877700" lon="-74.57508400">
        <ele>277.400</ele>
      </trkpt>
      <trkpt lat="46.19879800" lon="-74.57518700">
        <ele>277.600</ele>
      </trkpt>
      <trkpt lat="46.19883100" lon="-74.57528500">
        <ele>277.800</ele>
      </trkpt>
      <trkpt lat="46.19902400" lon="-74.57562900">
        <ele>277.400</ele>
      </trkpt>
      <trkpt lat="46.19937000" lon="-74.57601000">
        <ele>278.200</ele>
      </trkpt>
      <trkpt lat="46.19972300" lon="-74.57626900">
        <ele>277.800</ele>
      </trkpt>
      <trkpt lat="46.20026100" lon="-74.57663100">
        <ele>276.800</ele>
      </trkpt>
      <trkpt lat="46.20040200" lon="-74.57673300">
        <ele>275.400</ele>
      </trkpt>
      <trkpt lat="46.20054400" lon="-74.57684800">
        <ele>274.400</ele>
      </trkpt>
      <trkpt lat="46.20067800" lon="-74.57697700">
        <ele>273.800</ele>
      </trkpt>
      <trkpt lat="46.20099200" lon="-74.57736400">
        <ele>275.000</ele>
      </trkpt>
      <trkpt lat="46.20125200" lon="-74.57771100">
        <ele>271.800</ele>
      </trkpt>
      <trkpt lat="46.20136700" lon="-74.57786000">
        <ele>270.200</ele>
      </trkpt>
      <trkpt lat="46.20147200" lon="-74.57799700">
        <ele>268.600</ele>
      </trkpt>
      <trkpt lat="46.20156800" lon="-74.57812700">
        <ele>267.000</ele>
      </trkpt>
      <trkpt lat="46.20164400" lon="-74.57823400">
        <ele>265.800</ele>
      </trkpt>
      <trkpt lat="46.20183500" lon="-74.57852300">
        <ele>264.600</ele>
      </trkpt>
      <trkpt lat="46.20191900" lon="-74.57865300">
        <ele>264.400</ele>
      </trkpt>
      <trkpt lat="46.20218600" lon="-74.57920300">
        <ele>264.400</ele>
      </trkpt>
      <trkpt lat="46.20240400" lon="-74.57992500">
        <ele>264.600</ele>
      </trkpt>
      <trkpt lat="46.20251200" lon="-74.58021800">
        <ele>264.400</ele>
      </trkpt>
      <trkpt lat="46.20273800" lon="-74.58052500">
        <ele>264.200</ele>
      </trkpt>
      <trkpt lat="46.20289800" lon="-74.58065100">
        <ele>264.400</ele>
      </trkpt>
      <trkpt lat="46.20303900" lon="-74.58073800">
        <ele>265.200</ele>
      </trkpt>
      <trkpt lat="46.20311700" lon="-74.58078200">
        <ele>266.200</ele>
      </trkpt>
      <trkpt lat="46.20327500" lon="-74.58086400">
        <ele>267.400</ele>
      </trkpt>
      <trkpt lat="46.20344700" lon="-74.58097000">
        <ele>268.000</ele>
      </trkpt>
      <trkpt lat="46.20380700" lon="-74.58127100">
        <ele>265.800</ele>
      </trkpt>
      <trkpt lat="46.20389600" lon="-74.58136200">
        <ele>265.200</ele>
      </trkpt>
      <trkpt lat="46.20398800" lon="-74.58147600">
        <ele>264.600</ele>
      </trkpt>
      <trkpt lat="46.20414800" lon="-74.58171800">
        <ele>263.400</ele>
      </trkpt>
      <trkpt lat="46.20421700" lon="-74.58183800">
        <ele>262.400</ele>
      </trkpt>
      <trkpt lat="46.20435800" lon="-74.58215300">
        <ele>261.000</ele>
      </trkpt>
      <trkpt lat="46.20441100" lon="-74.58232000">
        <ele>260.200</ele>
      </trkpt>
      <trkpt lat="46.20445600" lon="-74.58248400">
        <ele>259.400</ele>
      </trkpt>
      <trkpt lat="46.20452200" lon="-74.58284200">
        <ele>257.600</ele>
      </trkpt>
      <trkpt lat="46.20455000" lon="-74.58302100">
        <ele>257.200</ele>
      </trkpt>
      <trkpt lat="46.20456200" lon="-74.58317600">
        <ele>256.400</ele>
      </trkpt>
      <trkpt lat="46.20460900" lon="-74.58355700">
        <ele>255.400</ele>
      </trkpt>
      <trkpt lat="46.20467600" lon="-74.58388300">
        <ele>254.800</ele>
      </trkpt>
      <trkpt lat="46.20475100" lon="-74.58408800">
        <ele>254.200</ele>
      </trkpt>
      <trkpt lat="46.20485700" lon="-74.58432300">
        <ele>253.800</ele>
      </trkpt>
      <trkpt lat="46.20501800" lon="-74.58464600">
        <ele>253.200</ele>
      </trkpt>
      <trkpt lat="46.20525800" lon="-74.58517600">
        <ele>252.000</ele>
      </trkpt>
      <trkpt lat="46.20537000" lon="-74.58541300">
        <ele>250.200</ele>
      </trkpt>
      <trkpt lat="46.20546700" lon="-74.58562000">
        <ele>248.200</ele>
      </trkpt>
      <trkpt lat="46.20557300" lon="-74.58578800">
        <ele>247.000</ele>
      </trkpt>
      <trkpt lat="46.20563700" lon="-74.58581000">
        <ele>247.200</ele>
      </trkpt>
      <trkpt lat="46.20578000" lon="-74.58572100">
        <ele>248.200</ele>
      </trkpt>
      <trkpt lat="46.20588600" lon="-74.58559300">
        <ele>248.800</ele>
      </trkpt>
      <trkpt lat="46.20600500" lon="-74.58543000">
        <ele>249.400</ele>
      </trkpt>
      <trkpt lat="46.20609300" lon="-74.58528800">
        <ele>250.000</ele>
      </trkpt>
      <trkpt lat="46.20619600" lon="-74.58510500">
        <ele>250.600</ele>
      </trkpt>
      <trkpt lat="46.20633200" lon="-74.58484700">
        <ele>250.400</ele>
      </trkpt>
      <trkpt lat="46.20664500" lon="-74.58433900">
        <ele>250.400</ele>
      </trkpt>
      <trkpt lat="46.20669200" lon="-74.58428400">
        <ele>250.000</ele>
      </trkpt>
      <trkpt lat="46.20681800" lon="-74.58415700">
        <ele>249.400</ele>
      </trkpt>
      <trkpt lat="46.20706700" lon="-74.58397200">
        <ele>249.800</ele>
      </trkpt>
      <trkpt lat="46.20726500" lon="-74.58387700">
        <ele>250.400</ele>
      </trkpt>
      <trkpt lat="46.20746800" lon="-74.58381900">
        <ele>251.000</ele>
      </trkpt>
      <trkpt lat="46.20787700" lon="-74.58383100">
        <ele>251.000</ele>
      </trkpt>
      <trkpt lat="46.20816100" lon="-74.58388300">
        <ele>251.600</ele>
      </trkpt>
      <trkpt lat="46.20842700" lon="-74.58395900">
        <ele>251.400</ele>
      </trkpt>
      <trkpt lat="46.20882400" lon="-74.58416100">
        <ele>251.800</ele>
      </trkpt>
      <trkpt lat="46.20895500" lon="-74.58429100">
        <ele>252.400</ele>
      </trkpt>
      <trkpt lat="46.20895800" lon="-74.58430100">
        <ele>252.600</ele>
      </trkpt>
    </trkseg>
  </trk>
</gpx>