<?xml version="1.0" encoding="UTF-8"?>
<gpx creator="StravaGPX" version="1.1" xmlns="http://www.topografix.com/GPX/1/1" xmlns:xsi="http://www.w3.org/2001/XMLSchema-instance" xsi:schemaLocation="http://www.topografix.com/GPX/1/1 http://www.topografix.com/GPX/1/1/gpx.xsd">
 <metadata>
  <name>IRONMAN 70.3 Boulder - ZOOT Bike Course</name>
  <author>
   <name>IRONMAN North America Admin</name>
   <link href="https://www.strava.com/athletes/152522621"/>
  </author>
  <copyright author="OpenStreetMap contributors">
   <year>2020</year>
   <license>https://www.openstreetmap.org/copyright</license>
  </copyright>
  <link href="https://www.strava.com/routes/3316561559530498028"/>
 </metadata>
 <trk>
  <name>IRONMAN 70.3 Boulder - ZOOT Bike Course</name>
  <link href="https://www.strava.com/routes/3316561559530498028"/>
  <type>cycling</type>
  <trkseg>
   <trkpt lat="40.06991" lon="-105.22216">
    <ele>1587.4</ele>
   </trkpt>
   <trkpt lat="40.07002000000001" lon="-105.22248">
    <ele>1587.8300000000002</ele>
   </trkpt>
   <trkpt lat="40.070060000000005" lon="-105.22279">
    <ele>1587.8300000000002</ele>
   </trkpt>
   <trkpt lat="40.069975004568676" lon="-105.22382000118844">
    <ele>1588.84</ele>
   </trkpt>
   <trkpt lat="40.06989" lon="-105.22485">
    <ele>1589.8500000000001</ele>
   </trkpt>
   <trkpt lat="40.06992" lon="-105.22519000000001">
    <ele>1589.7500000000002</ele>
   </trkpt>
   <trkpt lat="40.069970000000005" lon="-105.22534">
    <ele>1589.71</ele>
   </trkpt>
   <trkpt lat="40.07001" lon="-105.22543">
    <ele>1589.6000000000001</ele>
   </trkpt>
   <trkpt lat="40.07043000201912" lon="-105.22610999585764">
    <ele>1586.8000000000002</ele>
   </trkpt>
   <trkpt lat="40.07085" lon="-105.22679000000001">
    <ele>1584.39</ele>
   </trkpt>
   <trkpt lat="40.070910000000005" lon="-105.22692">
    <ele>1584.3200000000002</ele>
   </trkpt>
   <trkpt lat="40.07097" lon="-105.22713">
    <ele>1584.3700000000001</ele>
   </trkpt>
   <trkpt lat="40.07108" lon="-105.22771">
    <ele>1584.8000000000002</ele>
   </trkpt>
   <trkpt lat="40.0711" lon="-105.22809000000001">
    <ele>1584.8000000000002</ele>
   </trkpt>
   <trkpt lat="40.071090000000005" lon="-105.22834">
    <ele>1584.93</ele>
   </trkpt>
   <trkpt lat="40.07106" lon="-105.22852">
    <ele>1584.93</ele>
   </trkpt>
   <trkpt lat="40.071000000000005" lon="-105.2287">
    <ele>1585.13</ele>
   </trkpt>
   <trkpt lat="40.07094" lon="-105.22878000000001">
    <ele>1585.13</ele>
   </trkpt>
   <trkpt lat="40.07094" lon="-105.22879">
    <ele>1585.14</ele>
   </trkpt>
   <trkpt lat="40.071000000000005" lon="-105.2287">
    <ele>1585.14</ele>
   </trkpt>
   <trkpt lat="40.07106" lon="-105.22852">
    <ele>1584.93</ele>
   </trkpt>
   <trkpt lat="40.071090000000005" lon="-105.22834">
    <ele>1584.93</ele>
   </trkpt>
   <trkpt lat="40.0711" lon="-105.22809000000001">
    <ele>1584.8000000000002</ele>
   </trkpt>
   <trkpt lat="40.07108" lon="-105.22771">
    <ele>1584.8000000000002</ele>
   </trkpt>
   <trkpt lat="40.07097" lon="-105.22713">
    <ele>1584.3700000000001</ele>
   </trkpt>
   <trkpt lat="40.070910000000005" lon="-105.22692">
    <ele>1584.3200000000002</ele>
   </trkpt>
   <trkpt lat="40.07085" lon="-105.22679000000001">
    <ele>1584.39</ele>
   </trkpt>
   <trkpt lat="40.07041000221802" lon="-105.22606499524805">
    <ele>1586.8000000000002</ele>
   </trkpt>
   <trkpt lat="40.069970000000005" lon="-105.22534">
    <ele>1589.71</ele>
   </trkpt>
   <trkpt lat="40.06992" lon="-105.22519000000001">
    <ele>1589.7500000000002</ele>
   </trkpt>
   <trkpt lat="40.06989" lon="-105.22485">
    <ele>1589.8500000000001</ele>
   </trkpt>
   <trkpt lat="40.06997500455268" lon="-105.22382000138226">
    <ele>1588.84</ele>
   </trkpt>
   <trkpt lat="40.070060000000005" lon="-105.22279">
    <ele>1587.8300000000002</ele>
   </trkpt>
   <trkpt lat="40.07002000000001" lon="-105.22248">
    <ele>1587.8300000000002</ele>
   </trkpt>
   <trkpt lat="40.069900000000004" lon="-105.22213">
    <ele>1587.1200000000001</ele>
   </trkpt>
   <trkpt lat="40.0698" lon="-105.22198">
    <ele>1587.1200000000001</ele>
   </trkpt>
   <trkpt lat="40.06962" lon="-105.22154">
    <ele>1586.8200000000002</ele>
   </trkpt>
   <trkpt lat="40.069590000000005" lon="-105.22127">
    <ele>1586.65</ele>
   </trkpt>
   <trkpt lat="40.06958" lon="-105.22088000000001">
    <ele>1586.0800000000002</ele>
   </trkpt>
   <trkpt lat="40.069630000000004" lon="-105.22073">
    <ele>1586.0800000000002</ele>
   </trkpt>
   <trkpt lat="40.0698" lon="-105.22035000000001">
    <ele>1585.38</ele>
   </trkpt>
   <trkpt lat="40.069750000000006" lon="-105.2197">
    <ele>1584.4900000000002</ele>
   </trkpt>
   <trkpt lat="40.06962" lon="-105.21863">
    <ele>1582.5800000000002</ele>
   </trkpt>
   <trkpt lat="40.069660003796756" lon="-105.21769000059254">
    <ele>1580.27</ele>
   </trkpt>
   <trkpt lat="40.069700000000005" lon="-105.21675">
    <ele>1578.74</ele>
   </trkpt>
   <trkpt lat="40.06977000473841" lon="-105.21570000109551">
    <ele>1574.21</ele>
   </trkpt>
   <trkpt lat="40.069840000000006" lon="-105.21465">
    <ele>1574.21</ele>
   </trkpt>
   <trkpt lat="40.069990000000004" lon="-105.21433">
    <ele>1575.23</ele>
   </trkpt>
   <trkpt lat="40.07011000000001" lon="-105.21415">
    <ele>1575.68</ele>
   </trkpt>
   <trkpt lat="40.06967500217649" lon="-105.21344499556221">
    <ele>1574.9400000000003</ele>
   </trkpt>
   <trkpt lat="40.06924" lon="-105.21274000000001">
    <ele>1576.15</ele>
   </trkpt>
   <trkpt lat="40.06858002708919" lon="-105.21346469962947">
    <ele>1577.02</ele>
   </trkpt>
   <trkpt lat="40.067920049663066" lon="-105.21418938521597">
    <ele>1579.0600000000002</ele>
   </trkpt>
   <trkpt lat="40.067260067721804" lon="-105.21491405676007">
    <ele>1582.13</ele>
   </trkpt>
   <trkpt lat="40.066600081265605" lon="-105.21563871426223">
    <ele>1585.01</ele>
   </trkpt>
   <trkpt lat="40.06594009029468" lon="-105.21636335772295">
    <ele>1585.77</ele>
   </trkpt>
   <trkpt lat="40.06528009480921" lon="-105.21708798714279">
    <ele>1586.0900000000001</ele>
   </trkpt>
   <trkpt lat="40.06462009480938" lon="-105.21781260252222">
    <ele>1586.6000000000001</ele>
   </trkpt>
   <trkpt lat="40.063960090295375" lon="-105.21853720386171">
    <ele>1587.01</ele>
   </trkpt>
   <trkpt lat="40.063300081267414" lon="-105.21926179116184">
    <ele>1587.7800000000002</ele>
   </trkpt>
   <trkpt lat="40.062640067725674" lon="-105.21998636442305">
    <ele>1589.13</ele>
   </trkpt>
   <trkpt lat="40.061980049670346" lon="-105.22071092364588">
    <ele>1590.8000000000002</ele>
   </trkpt>
   <trkpt lat="40.06132002710163" lon="-105.2214354688308">
    <ele>1592.44</ele>
   </trkpt>
   <trkpt lat="40.060660000000006" lon="-105.22216">
    <ele>1593.14</ele>
   </trkpt>
   <trkpt lat="40.060320000803465" lon="-105.22258500208696">
    <ele>1593.53</ele>
   </trkpt>
   <trkpt lat="40.05998" lon="-105.22301">
    <ele>1594.1000000000001</ele>
   </trkpt>
   <trkpt lat="40.059520004468254" lon="-105.2237300097034">
    <ele>1595.08</ele>
   </trkpt>
   <trkpt lat="40.05906000447967" lon="-105.22445000968541">
    <ele>1596.1100000000001</ele>
   </trkpt>
   <trkpt lat="40.058600000000006" lon="-105.22517">
    <ele>1597.3000000000002</ele>
   </trkpt>
   <trkpt lat="40.05836" lon="-105.22551000000001">
    <ele>1597.66</ele>
   </trkpt>
   <trkpt lat="40.057860000000005" lon="-105.22615">
    <ele>1598.88</ele>
   </trkpt>
   <trkpt lat="40.05748500061085" lon="-105.2265500022833">
    <ele>1599.53</ele>
   </trkpt>
   <trkpt lat="40.05711" lon="-105.22695">
    <ele>1599.7700000000002</ele>
   </trkpt>
   <trkpt lat="40.05664" lon="-105.22736">
    <ele>1600.0100000000002</ele>
   </trkpt>
   <trkpt lat="40.05611000113934" lon="-105.22786000382762">
    <ele>1600.21</ele>
   </trkpt>
   <trkpt lat="40.055580000000006" lon="-105.22836000000001">
    <ele>1600.68</ele>
   </trkpt>
   <trkpt lat="40.054990000000004" lon="-105.22901">
    <ele>1601.11</ele>
   </trkpt>
   <trkpt lat="40.05456500115429" lon="-105.22952500319441">
    <ele>1601.67</ele>
   </trkpt>
   <trkpt lat="40.054140000000004" lon="-105.23004">
    <ele>1602.8600000000001</ele>
   </trkpt>
   <trkpt lat="40.053540000000005" lon="-105.23082000000001">
    <ele>1606.18</ele>
   </trkpt>
   <trkpt lat="40.05303000000001" lon="-105.23166">
    <ele>1607.7100000000003</ele>
   </trkpt>
   <trkpt lat="40.05259000269519" lon="-105.2324450049851">
    <ele>1608.5300000000002</ele>
   </trkpt>
   <trkpt lat="40.052150000000005" lon="-105.23323">
    <ele>1609.0300000000002</ele>
   </trkpt>
   <trkpt lat="40.05183" lon="-105.23371">
    <ele>1609.25</ele>
   </trkpt>
   <trkpt lat="40.05134" lon="-105.23434">
    <ele>1610.2900000000002</ele>
   </trkpt>
   <trkpt lat="40.051080000000006" lon="-105.23459000000001">
    <ele>1610.5800000000002</ele>
   </trkpt>
   <trkpt lat="40.051080053047016" lon="-105.23576100000477">
    <ele>1611.7100000000003</ele>
   </trkpt>
   <trkpt lat="40.05108009430581" lon="-105.23693200001114">
    <ele>1612.9700000000003</ele>
   </trkpt>
   <trkpt lat="40.05108012377638" lon="-105.23810300001874">
    <ele>1615.3500000000001</ele>
   </trkpt>
   <trkpt lat="40.05108014145872" lon="-105.23927400002715">
    <ele>1616.5900000000001</ele>
   </trkpt>
   <trkpt lat="40.05108014735283" lon="-105.24044500003596">
    <ele>1617.9800000000002</ele>
   </trkpt>
   <trkpt lat="40.05108014145872" lon="-105.24161600004476">
    <ele>1618.94</ele>
   </trkpt>
   <trkpt lat="40.05108012377638" lon="-105.24278700005316">
    <ele>1621.1700000000003</ele>
   </trkpt>
   <trkpt lat="40.05108009430581" lon="-105.24395800006074">
    <ele>1622.5800000000002</ele>
   </trkpt>
   <trkpt lat="40.05108005304703" lon="-105.24512900006712">
    <ele>1624.0100000000002</ele>
   </trkpt>
   <trkpt lat="40.051080000000006" lon="-105.2463">
    <ele>1625.3400000000001</ele>
   </trkpt>
   <trkpt lat="40.051090004474446" lon="-105.24732000009638">
    <ele>1626.3</ele>
   </trkpt>
   <trkpt lat="40.051100000000005" lon="-105.24834000000001">
    <ele>1628.19</ele>
   </trkpt>
   <trkpt lat="40.05110000392023" lon="-105.24929500021116">
    <ele>1629.73</ele>
   </trkpt>
   <trkpt lat="40.051100000000005" lon="-105.25025000000001">
    <ele>1631.16</ele>
   </trkpt>
   <trkpt lat="40.05108835591313" lon="-105.2512750008887">
    <ele>1633.0300000000002</ele>
   </trkpt>
   <trkpt lat="40.05107670279428" lon="-105.25230000142705">
    <ele>1634.8500000000001</ele>
   </trkpt>
   <trkpt lat="40.051065040643444" lon="-105.25332500161477">
    <ele>1635.63</ele>
   </trkpt>
   <trkpt lat="40.051053369460654" lon="-105.25435000145158">
    <ele>1636.9300000000003</ele>
   </trkpt>
   <trkpt lat="40.0510416892459" lon="-105.25537500093724">
    <ele>1637.7800000000002</ele>
   </trkpt>
   <trkpt lat="40.051030000000004" lon="-105.25640000000001">
    <ele>1638.9300000000003</ele>
   </trkpt>
   <trkpt lat="40.05103001117235" lon="-105.25753999996502">
    <ele>1639.8100000000002</ele>
   </trkpt>
   <trkpt lat="40.05103001117235" lon="-105.2586799999302">
    <ele>1641.24</ele>
   </trkpt>
   <trkpt lat="40.051030000000004" lon="-105.25982">
    <ele>1643.15</ele>
   </trkpt>
   <trkpt lat="40.05111" lon="-105.26004">
    <ele>1643.3500000000001</ele>
   </trkpt>
   <trkpt lat="40.051210000000005" lon="-105.26021000000001">
    <ele>1644.4900000000002</ele>
   </trkpt>
   <trkpt lat="40.05165" lon="-105.26063">
    <ele>1645.0800000000002</ele>
   </trkpt>
   <trkpt lat="40.05198" lon="-105.26098">
    <ele>1645.88</ele>
   </trkpt>
   <trkpt lat="40.05203" lon="-105.26108">
    <ele>1645.88</ele>
   </trkpt>
   <trkpt lat="40.052600000000005" lon="-105.26181000000001">
    <ele>1647.07</ele>
   </trkpt>
   <trkpt lat="40.05297" lon="-105.26234000000001">
    <ele>1648.2500000000002</ele>
   </trkpt>
   <trkpt lat="40.05347500860665" lon="-105.26315748180902">
    <ele>1649.75</ele>
   </trkpt>
   <trkpt lat="40.053980011468106" lon="-105.26397497573295">
    <ele>1651.49</ele>
   </trkpt>
   <trkpt lat="40.05448500858421" lon="-105.26479248177212">
    <ele>1653.04</ele>
   </trkpt>
   <trkpt lat="40.054990000000004" lon="-105.26561000000001">
    <ele>1655.0</ele>
   </trkpt>
   <trkpt lat="40.05529500113549" lon="-105.26608499813209">
    <ele>1656.7500000000002</ele>
   </trkpt>
   <trkpt lat="40.055600000000005" lon="-105.26656000000001">
    <ele>1657.14</ele>
   </trkpt>
   <trkpt lat="40.056122012486796" lon="-105.26741197390386">
    <ele>1659.15</ele>
   </trkpt>
   <trkpt lat="40.05664401873325" lon="-105.26826396086014">
    <ele>1661.21</ele>
   </trkpt>
   <trkpt lat="40.057166018739174" lon="-105.26911596086919">
    <ele>1663.34</ele>
   </trkpt>
   <trkpt lat="40.05768801250435" lon="-105.26996797393126">
    <ele>1665.52</ele>
   </trkpt>
   <trkpt lat="40.05821" lon="-105.27082000000001">
    <ele>1667.28</ele>
   </trkpt>
   <trkpt lat="40.058738589752025" lon="-105.27166281791526">
    <ele>1669.17</ele>
   </trkpt>
   <trkpt lat="40.05926717339703" lon="-105.27250564890656">
    <ele>1670.64</ele>
   </trkpt>
   <trkpt lat="40.0597957509348" lon="-105.27334849297429">
    <ele>1673.65</ele>
   </trkpt>
   <trkpt lat="40.060324322365155" lon="-105.2741913501187">
    <ele>1674.8100000000002</ele>
   </trkpt>
   <trkpt lat="40.060852887687844" lon="-105.2750342203401">
    <ele>1678.0100000000002</ele>
   </trkpt>
   <trkpt lat="40.061381446902686" lon="-105.27587710363882">
    <ele>1680.2</ele>
   </trkpt>
   <trkpt lat="40.061910000000005" lon="-105.27672000000001">
    <ele>1682.5700000000002</ele>
   </trkpt>
   <trkpt lat="40.062430000000006" lon="-105.27758000000001">
    <ele>1684.5400000000002</ele>
   </trkpt>
   <trkpt lat="40.06294667249595" lon="-105.27840332084787">
    <ele>1687.18</ele>
   </trkpt>
   <trkpt lat="40.06346333916401" lon="-105.27922665418325">
    <ele>1689.7400000000002</ele>
   </trkpt>
   <trkpt lat="40.06398" lon="-105.28005">
    <ele>1692.47</ele>
   </trkpt>
   <trkpt lat="40.0645" lon="-105.28067000000001">
    <ele>1694.2100000000003</ele>
   </trkpt>
   <trkpt lat="40.06485" lon="-105.28104">
    <ele>1694.5800000000002</ele>
   </trkpt>
   <trkpt lat="40.06524" lon="-105.28142000000001">
    <ele>1695.65</ele>
   </trkpt>
   <trkpt lat="40.065540000000006" lon="-105.28166">
    <ele>1695.47</ele>
   </trkpt>
   <trkpt lat="40.066120000000005" lon="-105.28206000000002">
    <ele>1695.04</ele>
   </trkpt>
   <trkpt lat="40.06645" lon="-105.28226000000001">
    <ele>1694.3400000000001</ele>
   </trkpt>
   <trkpt lat="40.06676" lon="-105.28251">
    <ele>1693.5200000000002</ele>
   </trkpt>
   <trkpt lat="40.06702000000001" lon="-105.28261">
    <ele>1693.0200000000002</ele>
   </trkpt>
   <trkpt lat="40.06765000045609" lon="-105.28282332940923">
    <ele>1691.63</ele>
   </trkpt>
   <trkpt lat="40.068280000520915" lon="-105.28303666276446">
    <ele>1690.63</ele>
   </trkpt>
   <trkpt lat="40.06891" lon="-105.28325000000001">
    <ele>1690.4</ele>
   </trkpt>
   <trkpt lat="40.06973800110187" lon="-105.28350198774943">
    <ele>1689.9100000000003</ele>
   </trkpt>
   <trkpt lat="40.070566001657774" lon="-105.28375398162534">
    <ele>1689.8200000000002</ele>
   </trkpt>
   <trkpt lat="40.07139400166769" lon="-105.28400598162803">
    <ele>1689.46</ele>
   </trkpt>
   <trkpt lat="40.07222200113161" lon="-105.28425798775784">
    <ele>1688.3400000000001</ele>
   </trkpt>
   <trkpt lat="40.07305" lon="-105.28451000000001">
    <ele>1685.7600000000002</ele>
   </trkpt>
   <trkpt lat="40.07356" lon="-105.28466">
    <ele>1684.5100000000002</ele>
   </trkpt>
   <trkpt lat="40.074090000000005" lon="-105.28467">
    <ele>1680.97</ele>
   </trkpt>
   <trkpt lat="40.074400000000004" lon="-105.28466">
    <ele>1679.8400000000001</ele>
   </trkpt>
   <trkpt lat="40.07477" lon="-105.28457">
    <ele>1677.99</ele>
   </trkpt>
   <trkpt lat="40.074980000000004" lon="-105.28449">
    <ele>1676.9600000000003</ele>
   </trkpt>
   <trkpt lat="40.075660000000006" lon="-105.28418">
    <ele>1673.61</ele>
   </trkpt>
   <trkpt lat="40.07644500197604" lon="-105.28378501367854">
    <ele>1669.58</ele>
   </trkpt>
   <trkpt lat="40.077230002610605" lon="-105.2833900182505">
    <ele>1667.52</ele>
   </trkpt>
   <trkpt lat="40.07801500190365" lon="-105.28299501371546">
    <ele>1668.9600000000003</ele>
   </trkpt>
   <trkpt lat="40.0788" lon="-105.2826">
    <ele>1673.99</ele>
   </trkpt>
   <trkpt lat="40.079170000000005" lon="-105.28242">
    <ele>1675.3500000000001</ele>
   </trkpt>
   <trkpt lat="40.07958" lon="-105.28229">
    <ele>1677.8700000000001</ele>
   </trkpt>
   <trkpt lat="40.07992" lon="-105.28221">
    <ele>1678.77</ele>
   </trkpt>
   <trkpt lat="40.08044999991427" lon="-105.28218500019878">
    <ele>1680.44</ele>
   </trkpt>
   <trkpt lat="40.080980000000004" lon="-105.28216">
    <ele>1681.37</ele>
   </trkpt>
   <trkpt lat="40.08187666666522" lon="-105.28215944456885">
    <ele>1684.8700000000001</ele>
   </trkpt>
   <trkpt lat="40.08277333333042" lon="-105.28215888912305">
    <ele>1687.5900000000001</ele>
   </trkpt>
   <trkpt lat="40.08366999999564" lon="-105.28215833366265">
    <ele>1689.96</ele>
   </trkpt>
   <trkpt lat="40.08456666666085" lon="-105.2821577781876">
    <ele>1690.74</ele>
   </trkpt>
   <trkpt lat="40.08546333332606" lon="-105.28215722269792">
    <ele>1689.99</ele>
   </trkpt>
   <trkpt lat="40.086359999991274" lon="-105.28215666719358">
    <ele>1688.8700000000001</ele>
   </trkpt>
   <trkpt lat="40.087256666656465" lon="-105.28215611167464">
    <ele>1687.8600000000001</ele>
   </trkpt>
   <trkpt lat="40.088153333321664" lon="-105.28215555614103">
    <ele>1687.54</ele>
   </trkpt>
   <trkpt lat="40.08904999998686" lon="-105.28215500059282">
    <ele>1688.5</ele>
   </trkpt>
   <trkpt lat="40.08994666665205" lon="-105.28215444502996">
    <ele>1689.9100000000003</ele>
   </trkpt>
   <trkpt lat="40.09084333331724" lon="-105.28215388945245">
    <ele>1689.64</ele>
   </trkpt>
   <trkpt lat="40.09173999998243" lon="-105.28215333386032">
    <ele>1689.48</ele>
   </trkpt>
   <trkpt lat="40.092636666647614" lon="-105.28215277825355">
    <ele>1689.54</ele>
   </trkpt>
   <trkpt lat="40.093533333312784" lon="-105.28215222263212">
    <ele>1690.22</ele>
   </trkpt>
   <trkpt lat="40.09442999997797" lon="-105.28215166699607">
    <ele>1690.8</ele>
   </trkpt>
   <trkpt lat="40.09532666664315" lon="-105.28215111134536">
    <ele>1690.0600000000002</ele>
   </trkpt>
   <trkpt lat="40.09622333330832" lon="-105.28215055568002">
    <ele>1687.93</ele>
   </trkpt>
   <trkpt lat="40.097120000000004" lon="-105.28215000000002">
    <ele>1684.66</ele>
   </trkpt>
   <trkpt lat="40.097914999991275" lon="-105.28211250131567">
    <ele>1682.17</ele>
   </trkpt>
   <trkpt lat="40.09870999997045" lon="-105.2820750017551">
    <ele>1681.69</ele>
   </trkpt>
   <trkpt lat="40.09950499993755" lon="-105.28203750131824">
    <ele>1682.92</ele>
   </trkpt>
   <trkpt lat="40.100300000000004" lon="-105.28200000000001">
    <ele>1683.68</ele>
   </trkpt>
   <trkpt lat="40.100970000000004" lon="-105.28200000000001">
    <ele>1683.51</ele>
   </trkpt>
   <trkpt lat="40.10177600003061" lon="-105.2820399981047">
    <ele>1681.17</ele>
   </trkpt>
   <trkpt lat="40.102582000047455" lon="-105.28207999715704">
    <ele>1676.7800000000002</ele>
   </trkpt>
   <trkpt lat="40.103388000050536" lon="-105.28211999715714">
    <ele>1675.49</ele>
   </trkpt>
   <trkpt lat="40.10419400003987" lon="-105.28215999810503">
    <ele>1676.3600000000001</ele>
   </trkpt>
   <trkpt lat="40.105000000000004" lon="-105.2822">
    <ele>1679.24</ele>
   </trkpt>
   <trkpt lat="40.105489999862435" lon="-105.28218000014974">
    <ele>1681.5700000000002</ele>
   </trkpt>
   <trkpt lat="40.10598" lon="-105.28216">
    <ele>1683.34</ele>
   </trkpt>
   <trkpt lat="40.106677500112255" lon="-105.28208000245748">
    <ele>1687.0900000000001</ele>
   </trkpt>
   <trkpt lat="40.10737500016948" lon="-105.28200000327443">
    <ele>1691.45</ele>
   </trkpt>
   <trkpt lat="40.108072500171666" lon="-105.28192000245075">
    <ele>1694.2400000000002</ele>
   </trkpt>
   <trkpt lat="40.10877" lon="-105.28184">
    <ele>1695.6000000000001</ele>
   </trkpt>
   <trkpt lat="40.1096" lon="-105.28182000000001">
    <ele>1695.8400000000001</ele>
   </trkpt>
   <trkpt lat="40.110370000115566" lon="-105.28191999660197">
    <ele>1696.05</ele>
   </trkpt>
   <trkpt lat="40.111140000145134" lon="-105.28201999546806">
    <ele>1696.3500000000001</ele>
   </trkpt>
   <trkpt lat="40.11191000008872" lon="-105.28211999659837">
    <ele>1697.8400000000001</ele>
   </trkpt>
   <trkpt lat="40.112680000000005" lon="-105.28222000000001">
    <ele>1698.8500000000001</ele>
   </trkpt>
   <trkpt lat="40.1131" lon="-105.28226000000001">
    <ele>1699.2900000000002</ele>
   </trkpt>
   <trkpt lat="40.113310000000006" lon="-105.28227000000001">
    <ele>1699.5700000000002</ele>
   </trkpt>
   <trkpt lat="40.11419200000252" lon="-105.282277999585">
    <ele>1699.68</ele>
   </trkpt>
   <trkpt lat="40.11507400000448" lon="-105.28228599937749">
    <ele>1699.5200000000002</ele>
   </trkpt>
   <trkpt lat="40.1159560000059" lon="-105.28229399937749">
    <ele>1699.39</ele>
   </trkpt>
   <trkpt lat="40.11683800000677" lon="-105.282301999585">
    <ele>1699.0600000000002</ele>
   </trkpt>
   <trkpt lat="40.117720000000006" lon="-105.28231000000001">
    <ele>1698.9900000000002</ele>
   </trkpt>
   <trkpt lat="40.11861230769261" lon="-105.28231076910963">
    <ele>1698.83</ele>
   </trkpt>
   <trkpt lat="40.119504615385196" lon="-105.28231153823945">
    <ele>1698.73</ele>
   </trkpt>
   <trkpt lat="40.1203969230778" lon="-105.28231230738943">
    <ele>1700.64</ele>
   </trkpt>
   <trkpt lat="40.12128923077039" lon="-105.28231307655962">
    <ele>1702.32</ele>
   </trkpt>
   <trkpt lat="40.12218153846297" lon="-105.28231384575001">
    <ele>1703.04</ele>
   </trkpt>
   <trkpt lat="40.12307384615554" lon="-105.28231461496058">
    <ele>1702.35</ele>
   </trkpt>
   <trkpt lat="40.123966153848116" lon="-105.28231538419135">
    <ele>1702.8200000000002</ele>
   </trkpt>
   <trkpt lat="40.12485846154069" lon="-105.2823161534423">
    <ele>1704.44</ele>
   </trkpt>
   <trkpt lat="40.12575076923325" lon="-105.28231692271345">
    <ele>1704.9900000000002</ele>
   </trkpt>
   <trkpt lat="40.1266430769258" lon="-105.2823176920048">
    <ele>1704.0400000000002</ele>
   </trkpt>
   <trkpt lat="40.127535384618355" lon="-105.28231846131634">
    <ele>1701.9</ele>
   </trkpt>
   <trkpt lat="40.1284276923109" lon="-105.28231923064807">
    <ele>1701.3500000000001</ele>
   </trkpt>
   <trkpt lat="40.12932" lon="-105.28232000000001">
    <ele>1700.95</ele>
   </trkpt>
   <trkpt lat="40.130099999931694" lon="-105.28230666697391">
    <ele>1700.3300000000002</ele>
   </trkpt>
   <trkpt lat="40.130879999861854" lon="-105.28229333364179">
    <ele>1699.5800000000002</ele>
   </trkpt>
   <trkpt lat="40.131660000000004" lon="-105.28228000000001">
    <ele>1700.3100000000002</ele>
   </trkpt>
   <trkpt lat="40.13177" lon="-105.28228000000001">
    <ele>1700.39</ele>
   </trkpt>
   <trkpt lat="40.131910000000005" lon="-105.28222000000001">
    <ele>1700.39</ele>
   </trkpt>
   <trkpt lat="40.132380000000005" lon="-105.28219000000001">
    <ele>1701.66</ele>
   </trkpt>
   <trkpt lat="40.13306666664795" lon="-105.28219000000001">
    <ele>1703.5600000000002</ele>
   </trkpt>
   <trkpt lat="40.133753333295886" lon="-105.28219000000001">
    <ele>1706.7</ele>
   </trkpt>
   <trkpt lat="40.134440000000005" lon="-105.28219000000001">
    <ele>1708.59</ele>
   </trkpt>
   <trkpt lat="40.135160000000006" lon="-105.28224">
    <ele>1712.5</ele>
   </trkpt>
   <trkpt lat="40.13541" lon="-105.28229">
    <ele>1712.5</ele>
   </trkpt>
   <trkpt lat="40.1362140000013" lon="-105.28228200037863">
    <ele>1715.91</ele>
   </trkpt>
   <trkpt lat="40.13701800000206" lon="-105.28227400056794">
    <ele>1719.6200000000001</ele>
   </trkpt>
   <trkpt lat="40.137822000002274" lon="-105.28226600056796">
    <ele>1722.3400000000001</ele>
   </trkpt>
   <trkpt lat="40.13862600000192" lon="-105.28225800037865">
    <ele>1723.3400000000001</ele>
   </trkpt>
   <trkpt lat="40.139430000000004" lon="-105.28225">
    <ele>1723.3100000000002</ele>
   </trkpt>
   <trkpt lat="40.1402266666592" lon="-105.28225999976539">
    <ele>1723.0700000000002</ele>
   </trkpt>
   <trkpt lat="40.141023333317555" lon="-105.28226999976528">
    <ele>1722.7</ele>
   </trkpt>
   <trkpt lat="40.14182" lon="-105.28228000000001">
    <ele>1722.39</ele>
   </trkpt>
   <trkpt lat="40.14260500002269" lon="-105.2822725002598">
    <ele>1721.81</ele>
   </trkpt>
   <trkpt lat="40.14339000004489" lon="-105.28226500034626">
    <ele>1721.7000000000003</ele>
   </trkpt>
   <trkpt lat="40.1441750000666" lon="-105.28225750025938">
    <ele>1722.02</ele>
   </trkpt>
   <trkpt lat="40.144960000000005" lon="-105.28225">
    <ele>1722.22</ele>
   </trkpt>
   <trkpt lat="40.1457550000081" lon="-105.28224999999999">
    <ele>1722.67</ele>
   </trkpt>
   <trkpt lat="40.1465500000162" lon="-105.28224999999999">
    <ele>1722.42</ele>
   </trkpt>
   <trkpt lat="40.147345000024295" lon="-105.28224999999999">
    <ele>1723.2600000000002</ele>
   </trkpt>
   <trkpt lat="40.148140000000005" lon="-105.28225">
    <ele>1726.02</ele>
   </trkpt>
   <trkpt lat="40.148970000000006" lon="-105.28221">
    <ele>1730.5100000000002</ele>
   </trkpt>
   <trkpt lat="40.14934" lon="-105.28216">
    <ele>1731.7300000000002</ele>
   </trkpt>
   <trkpt lat="40.15006" lon="-105.28194">
    <ele>1733.5</ele>
   </trkpt>
   <trkpt lat="40.15048" lon="-105.28175">
    <ele>1734.3300000000002</ele>
   </trkpt>
   <trkpt lat="40.15072" lon="-105.28159000000001">
    <ele>1734.3300000000002</ele>
   </trkpt>
   <trkpt lat="40.1512" lon="-105.28126">
    <ele>1735.23</ele>
   </trkpt>
   <trkpt lat="40.151590000000006" lon="-105.28092000000001">
    <ele>1736.2400000000002</ele>
   </trkpt>
   <trkpt lat="40.15225126407632" lon="-105.28023629660115">
    <ele>1736.8700000000001</ele>
   </trkpt>
   <trkpt lat="40.15291252413154" lon="-105.27955257988827">
    <ele>1735.95</ele>
   </trkpt>
   <trkpt lat="40.15357378016551" lon="-105.2788688498609">
    <ele>1735.45</ele>
   </trkpt>
   <trkpt lat="40.15423503217805" lon="-105.2781851065185">
    <ele>1734.5800000000002</ele>
   </trkpt>
   <trkpt lat="40.15489628016898" lon="-105.27750134986066">
    <ele>1734.01</ele>
   </trkpt>
   <trkpt lat="40.15555752413813" lon="-105.27681757988681">
    <ele>1733.51</ele>
   </trkpt>
   <trkpt lat="40.15621876408533" lon="-105.2761337965965">
    <ele>1732.4800000000002</ele>
   </trkpt>
   <trkpt lat="40.15688" lon="-105.27545">
    <ele>1729.27</ele>
   </trkpt>
   <trkpt lat="40.157520000000005" lon="-105.27477">
    <ele>1727.57</ele>
   </trkpt>
   <trkpt lat="40.15804" lon="-105.27414">
    <ele>1727.96</ele>
   </trkpt>
   <trkpt lat="40.158466669875025" lon="-105.27353334089744">
    <ele>1729.4300000000003</ele>
   </trkpt>
   <trkpt lat="40.15889333658403" lon="-105.27292667417065">
    <ele>1731.9</ele>
   </trkpt>
   <trkpt lat="40.15932" lon="-105.27232000000001">
    <ele>1733.0100000000002</ele>
   </trkpt>
   <trkpt lat="40.159600000000005" lon="-105.27201000000001">
    <ele>1733.64</ele>
   </trkpt>
   <trkpt lat="40.15983000000001" lon="-105.27179000000001">
    <ele>1733.81</ele>
   </trkpt>
   <trkpt lat="40.16013" lon="-105.27154">
    <ele>1733.65</ele>
   </trkpt>
   <trkpt lat="40.160790000000006" lon="-105.27114">
    <ele>1732.02</ele>
   </trkpt>
   <trkpt lat="40.16144500061091" lon="-105.27092750614119">
    <ele>1730.5400000000002</ele>
   </trkpt>
   <trkpt lat="40.16210000083338" lon="-105.27071500818226">
    <ele>1726.94</ele>
   </trkpt>
   <trkpt lat="40.162755000667374" lon="-105.27050250612307">
    <ele>1725.51</ele>
   </trkpt>
   <trkpt lat="40.163410000000006" lon="-105.27029">
    <ele>1725.78</ele>
   </trkpt>
   <trkpt lat="40.16362" lon="-105.27021">
    <ele>1725.78</ele>
   </trkpt>
   <trkpt lat="40.164080000000006" lon="-105.26998">
    <ele>1726.96</ele>
   </trkpt>
   <trkpt lat="40.16434" lon="-105.2698">
    <ele>1727.69</ele>
   </trkpt>
   <trkpt lat="40.16461" lon="-105.26957">
    <ele>1727.84</ele>
   </trkpt>
   <trkpt lat="40.16480000000001" lon="-105.26937000000001">
    <ele>1727.88</ele>
   </trkpt>
   <trkpt lat="40.16544000253758" lon="-105.26860000727477">
    <ele>1726.8100000000002</ele>
   </trkpt>
   <trkpt lat="40.16608" lon="-105.26783">
    <ele>1723.6000000000001</ele>
   </trkpt>
   <trkpt lat="40.16637" lon="-105.26756">
    <ele>1721.4600000000003</ele>
   </trkpt>
   <trkpt lat="40.167030000000004" lon="-105.26701000000001">
    <ele>1717.23</ele>
   </trkpt>
   <trkpt lat="40.16769750337096" lon="-105.26649751513376">
    <ele>1711.2200000000003</ele>
   </trkpt>
   <trkpt lat="40.16836500448242" lon="-105.26598502018804">
    <ele>1706.8400000000001</ele>
   </trkpt>
   <trkpt lat="40.1690325033343" lon="-105.26547251516239">
    <ele>1703.42</ele>
   </trkpt>
   <trkpt lat="40.169700000000006" lon="-105.26496">
    <ele>1702.29</ele>
   </trkpt>
   <trkpt lat="40.17037000828114" lon="-105.26434003058974">
    <ele>1702.7800000000002</ele>
   </trkpt>
   <trkpt lat="40.17104001325557" lon="-105.26372004893905">
    <ele>1704.76</ele>
   </trkpt>
   <trkpt lat="40.171710014923164" lon="-105.26310005504747">
    <ele>1706.0100000000002</ele>
   </trkpt>
   <trkpt lat="40.17238001328377" lon="-105.26248004891458">
    <ele>1705.3300000000002</ele>
   </trkpt>
   <trkpt lat="40.17305000833723" lon="-105.26186003053986">
    <ele>1702.53</ele>
   </trkpt>
   <trkpt lat="40.17372" lon="-105.26124000000002">
    <ele>1699.3400000000001</ele>
   </trkpt>
   <trkpt lat="40.174020000000006" lon="-105.26094">
    <ele>1697.5700000000002</ele>
   </trkpt>
   <trkpt lat="40.17434" lon="-105.26058">
    <ele>1693.38</ele>
   </trkpt>
   <trkpt lat="40.17467500100776" lon="-105.26008500251191">
    <ele>1690.7900000000002</ele>
   </trkpt>
   <trkpt lat="40.17501" lon="-105.25959">
    <ele>1687.03</ele>
   </trkpt>
   <trkpt lat="40.17550667213557" lon="-105.25879001177036">
    <ele>1682.91</ele>
   </trkpt>
   <trkpt lat="40.17600333876519" lon="-105.25799001183022">
    <ele>1681.4</ele>
   </trkpt>
   <trkpt lat="40.176500000000004" lon="-105.25719000000001">
    <ele>1681.8200000000002</ele>
   </trkpt>
   <trkpt lat="40.1769" lon="-105.2566">
    <ele>1682.26</ele>
   </trkpt>
   <trkpt lat="40.177245000823966" lon="-105.25615000234944">
    <ele>1682.46</ele>
   </trkpt>
   <trkpt lat="40.17759" lon="-105.2557">
    <ele>1682.0800000000002</ele>
   </trkpt>
   <trkpt lat="40.178050000000006" lon="-105.25516">
    <ele>1680.8</ele>
   </trkpt>
   <trkpt lat="40.17835" lon="-105.25489">
    <ele>1679.5000000000002</ele>
   </trkpt>
   <trkpt lat="40.178670000000004" lon="-105.25462">
    <ele>1678.93</ele>
   </trkpt>
   <trkpt lat="40.17931" lon="-105.25419000000001">
    <ele>1677.34</ele>
   </trkpt>
   <trkpt lat="40.17969" lon="-105.254">
    <ele>1676.2700000000002</ele>
   </trkpt>
   <trkpt lat="40.18041800109632" lon="-105.25375001072295">
    <ele>1674.9600000000003</ele>
   </trkpt>
   <trkpt lat="40.18114600165497" lon="-105.25350001608108">
    <ele>1675.07</ele>
   </trkpt>
   <trkpt lat="40.181874001675915" lon="-105.25325001607416">
    <ele>1676.16</ele>
   </trkpt>
   <trkpt lat="40.18260200115912" lon="-105.25300001070191">
    <ele>1677.7600000000002</ele>
   </trkpt>
   <trkpt lat="40.183330000000005" lon="-105.25275">
    <ele>1677.96</ele>
   </trkpt>
   <trkpt lat="40.18395" lon="-105.25261">
    <ele>1677.3600000000001</ele>
   </trkpt>
   <trkpt lat="40.18432000000001" lon="-105.25257">
    <ele>1676.91</ele>
   </trkpt>
   <trkpt lat="40.18508666667465" lon="-105.25255333370994">
    <ele>1675.95</ele>
   </trkpt>
   <trkpt lat="40.1858533333469" lon="-105.25253666704317">
    <ele>1674.7900000000002</ele>
   </trkpt>
   <trkpt lat="40.186620000000005" lon="-105.25252">
    <ele>1672.8400000000001</ele>
   </trkpt>
   <trkpt lat="40.18726" lon="-105.25243">
    <ele>1670.6100000000001</ele>
   </trkpt>
   <trkpt lat="40.187720000000006" lon="-105.25225">
    <ele>1667.72</ele>
   </trkpt>
   <trkpt lat="40.188250000000004" lon="-105.25199">
    <ele>1665.1000000000001</ele>
   </trkpt>
   <trkpt lat="40.18869999999161" lon="-105.25178500144627">
    <ele>1659.95</ele>
   </trkpt>
   <trkpt lat="40.189150000000005" lon="-105.25158">
    <ele>1658.39</ele>
   </trkpt>
   <trkpt lat="40.18909" lon="-105.25126">
    <ele>1656.2</ele>
   </trkpt>
   <trkpt lat="40.189" lon="-105.2506">
    <ele>1649.68</ele>
   </trkpt>
   <trkpt lat="40.18896" lon="-105.25019">
    <ele>1645.39</ele>
   </trkpt>
   <trkpt lat="40.18894" lon="-105.24976000000001">
    <ele>1642.9600000000003</ele>
   </trkpt>
   <trkpt lat="40.18893717515271" lon="-105.24864142829011">
    <ele>1638.0500000000002</ele>
   </trkpt>
   <trkpt lat="40.18893433954023" lon="-105.24752285667356">
    <ele>1634.65</ele>
   </trkpt>
   <trkpt lat="40.188931493162556" lon="-105.2464042851507">
    <ele>1631.94</ele>
   </trkpt>
   <trkpt lat="40.1889286360197" lon="-105.24528571372191">
    <ele>1631.14</ele>
   </trkpt>
   <trkpt lat="40.18892576811165" lon="-105.24416714238754">
    <ele>1624.2</ele>
   </trkpt>
   <trkpt lat="40.18892288943843" lon="-105.24304857114794">
    <ele>1618.15</ele>
   </trkpt>
   <trkpt lat="40.18892" lon="-105.24193000000001">
    <ele>1614.8200000000002</ele>
   </trkpt>
   <trkpt lat="40.188930005690715" lon="-105.24111666697613">
    <ele>1612.3200000000002</ele>
   </trkpt>
   <trkpt lat="40.18894000568986" lon="-105.24030333371233">
    <ele>1609.66</ele>
   </trkpt>
   <trkpt lat="40.188950000000006" lon="-105.23949">
    <ele>1607.41</ele>
   </trkpt>
   <trkpt lat="40.1889250056409" lon="-105.23834499962105">
    <ele>1604.13</ele>
   </trkpt>
   <trkpt lat="40.188900000000004" lon="-105.23720000000002">
    <ele>1601.79</ele>
   </trkpt>
   <trkpt lat="40.188860000000005" lon="-105.23673000000001">
    <ele>1601.5700000000002</ele>
   </trkpt>
   <trkpt lat="40.18885671359924" lon="-105.2355622217646">
    <ele>1599.89</ele>
   </trkpt>
   <trkpt lat="40.188853415465346" lon="-105.23439444364251">
    <ele>1598.81</ele>
   </trkpt>
   <trkpt lat="40.18885010559829" lon="-105.23322666563423">
    <ele>1597.29</ele>
   </trkpt>
   <trkpt lat="40.18884678399809" lon="-105.23205888774014">
    <ele>1595.5700000000002</ele>
   </trkpt>
   <trkpt lat="40.18884345066474" lon="-105.2308911099606">
    <ele>1593.42</ele>
   </trkpt>
   <trkpt lat="40.18884010559827" lon="-105.22972333229603">
    <ele>1592.27</ele>
   </trkpt>
   <trkpt lat="40.188836748798636" lon="-105.22855555474686">
    <ele>1590.94</ele>
   </trkpt>
   <trkpt lat="40.18883338026588" lon="-105.2273877773135">
    <ele>1589.66</ele>
   </trkpt>
   <trkpt lat="40.18883" lon="-105.22622000000001">
    <ele>1588.9</ele>
   </trkpt>
   <trkpt lat="40.18885" lon="-105.22606">
    <ele>1588.75</ele>
   </trkpt>
   <trkpt lat="40.18889" lon="-105.22592">
    <ele>1588.75</ele>
   </trkpt>
   <trkpt lat="40.189020000000006" lon="-105.22561">
    <ele>1588.5800000000002</ele>
   </trkpt>
   <trkpt lat="40.18918" lon="-105.22534">
    <ele>1588.3200000000002</ele>
   </trkpt>
   <trkpt lat="40.18945" lon="-105.22498">
    <ele>1587.8100000000002</ele>
   </trkpt>
   <trkpt lat="40.189550000000004" lon="-105.22467">
    <ele>1587.18</ele>
   </trkpt>
   <trkpt lat="40.18961251140373" lon="-105.22373000259708">
    <ele>1585.62</ele>
   </trkpt>
   <trkpt lat="40.18967501520506" lon="-105.22279000346155">
    <ele>1583.77</ele>
   </trkpt>
   <trkpt lat="40.189737511403976" lon="-105.22185000259361">
    <ele>1581.14</ele>
   </trkpt>
   <trkpt lat="40.189800000000005" lon="-105.22091">
    <ele>1577.08</ele>
   </trkpt>
   <trkpt lat="40.18979" lon="-105.22078">
    <ele>1576.3500000000001</ele>
   </trkpt>
   <trkpt lat="40.18968" lon="-105.22025000000001">
    <ele>1575.01</ele>
   </trkpt>
   <trkpt lat="40.18958000000001" lon="-105.22002">
    <ele>1574.7000000000003</ele>
   </trkpt>
   <trkpt lat="40.18924500191883" lon="-105.21934499658302">
    <ele>1573.47</ele>
   </trkpt>
   <trkpt lat="40.18891" lon="-105.21867">
    <ele>1572.88</ele>
   </trkpt>
   <trkpt lat="40.18883" lon="-105.2184">
    <ele>1573.0300000000002</ele>
   </trkpt>
   <trkpt lat="40.1888" lon="-105.21814">
    <ele>1573.0300000000002</ele>
   </trkpt>
   <trkpt lat="40.18880500483376" lon="-105.21708000005627">
    <ele>1573.17</ele>
   </trkpt>
   <trkpt lat="40.188810000000004" lon="-105.21602000000001">
    <ele>1572.72</ele>
   </trkpt>
   <trkpt lat="40.188808019774854" lon="-105.21494799986621">
    <ele>1571.17</ele>
   </trkpt>
   <trkpt lat="40.18880602966227" lon="-105.21387599979518">
    <ele>1570.3</ele>
   </trkpt>
   <trkpt lat="40.188804029662236" lon="-105.21280399978718">
    <ele>1569.6200000000001</ele>
   </trkpt>
   <trkpt lat="40.1888020197748" lon="-105.21173199984257">
    <ele>1569.18</ele>
   </trkpt>
   <trkpt lat="40.1888" lon="-105.21066">
    <ele>1568.7000000000003</ele>
   </trkpt>
   <trkpt lat="40.188790005065194" lon="-105.20957499993169">
    <ele>1567.9</ele>
   </trkpt>
   <trkpt lat="40.18878" lon="-105.20849000000001">
    <ele>1567.23</ele>
   </trkpt>
   <trkpt lat="40.1887790508482" lon="-105.20734399985136">
    <ele>1566.57</ele>
   </trkpt>
   <trkpt lat="40.18877809039679" lon="-105.20619799973501">
    <ele>1566.3</ele>
   </trkpt>
   <trkpt lat="40.18877711864578" lon="-105.20505199965129">
    <ele>1565.93</ele>
   </trkpt>
   <trkpt lat="40.188776135595184" lon="-105.2039059996006">
    <ele>1565.3100000000002</ele>
   </trkpt>
   <trkpt lat="40.188775141244975" lon="-105.20275999958331">
    <ele>1564.3500000000001</ele>
   </trkpt>
   <trkpt lat="40.188774135595175" lon="-105.20161399959983">
    <ele>1563.32</ele>
   </trkpt>
   <trkpt lat="40.188773118645784" lon="-105.20046799965051">
    <ele>1562.01</ele>
   </trkpt>
   <trkpt lat="40.188772090396796" lon="-105.19932199973576">
    <ele>1561.5500000000002</ele>
   </trkpt>
   <trkpt lat="40.18877105084821" lon="-105.19817599985592">
    <ele>1562.6200000000001</ele>
   </trkpt>
   <trkpt lat="40.188770000000005" lon="-105.19703000000001">
    <ele>1562.66</ele>
   </trkpt>
   <trkpt lat="40.18876448701773" lon="-105.19591777705023">
    <ele>1560.5900000000001</ele>
   </trkpt>
   <trkpt lat="40.1887589633921" lon="-105.19480555428144">
    <ele>1559.08</ele>
   </trkpt>
   <trkpt lat="40.18875342912317" lon="-105.19369333169396">
    <ele>1558.9</ele>
   </trkpt>
   <trkpt lat="40.188747884210905" lon="-105.19258110928816">
    <ele>1558.38</ele>
   </trkpt>
   <trkpt lat="40.18874232865534" lon="-105.19146888706439">
    <ele>1557.68</ele>
   </trkpt>
   <trkpt lat="40.18873676245645" lon="-105.19035666502297">
    <ele>1557.3000000000002</ele>
   </trkpt>
   <trkpt lat="40.188731185614266" lon="-105.1892444431643">
    <ele>1557.02</ele>
   </trkpt>
   <trkpt lat="40.188725598128784" lon="-105.18813222148869">
    <ele>1556.55</ele>
   </trkpt>
   <trkpt lat="40.18872" lon="-105.18702">
    <ele>1556.07</ele>
   </trkpt>
   <trkpt lat="40.18871668753586" lon="-105.18603499975117">
    <ele>1555.46</ele>
   </trkpt>
   <trkpt lat="40.18871336672403" lon="-105.18504999959863">
    <ele>1554.67</ele>
   </trkpt>
   <trkpt lat="40.188710037564505" lon="-105.1840649995427">
    <ele>1554.37</ele>
   </trkpt>
   <trkpt lat="40.18870670005731" lon="-105.18307999958357">
    <ele>1553.8500000000001</ele>
   </trkpt>
   <trkpt lat="40.18870335420243" lon="-105.1820949997215">
    <ele>1553.91</ele>
   </trkpt>
   <trkpt lat="40.188700000000004" lon="-105.18111">
    <ele>1553.98</ele>
   </trkpt>
   <trkpt lat="40.18863" lon="-105.18062">
    <ele>1553.95</ele>
   </trkpt>
   <trkpt lat="40.188410000000005" lon="-105.18">
    <ele>1553.94</ele>
   </trkpt>
   <trkpt lat="40.18810000237934" lon="-105.1792549965751">
    <ele>1553.1800000000003</ele>
   </trkpt>
   <trkpt lat="40.18779000000001" lon="-105.17851">
    <ele>1551.46</ele>
   </trkpt>
   <trkpt lat="40.18775" lon="-105.17833">
    <ele>1551.5100000000002</ele>
   </trkpt>
   <trkpt lat="40.18773" lon="-105.17814000000001">
    <ele>1551.5100000000002</ele>
   </trkpt>
   <trkpt lat="40.18685583333234" lon="-105.17814500070878">
    <ele>1549.8600000000001</ele>
   </trkpt>
   <trkpt lat="40.18598166666446" lon="-105.17815000128866">
    <ele>1549.7800000000002</ele>
   </trkpt>
   <trkpt lat="40.18510749999637" lon="-105.17815500173965">
    <ele>1549.43</ele>
   </trkpt>
   <trkpt lat="40.18423333332804" lon="-105.17816000206177">
    <ele>1549.14</ele>
   </trkpt>
   <trkpt lat="40.18335916665952" lon="-105.17816500225503">
    <ele>1548.88</ele>
   </trkpt>
   <trkpt lat="40.182484999990784" lon="-105.17817000231943">
    <ele>1548.8000000000002</ele>
   </trkpt>
   <trkpt lat="40.18161083332183" lon="-105.17817500225496">
    <ele>1548.76</ele>
   </trkpt>
   <trkpt lat="40.18073666665265" lon="-105.17818000206167">
    <ele>1548.63</ele>
   </trkpt>
   <trkpt lat="40.179862499983265" lon="-105.17818500173952">
    <ele>1548.18</ele>
   </trkpt>
   <trkpt lat="40.17898833331366" lon="-105.17819000128854">
    <ele>1547.66</ele>
   </trkpt>
   <trkpt lat="40.17811416664385" lon="-105.17819500070875">
    <ele>1548.1</ele>
   </trkpt>
   <trkpt lat="40.177240000000005" lon="-105.1782">
    <ele>1548.95</ele>
   </trkpt>
   <trkpt lat="40.17659666668285" lon="-105.17821333358584">
    <ele>1549.4500000000003</ele>
   </trkpt>
   <trkpt lat="40.175953333364156" lon="-105.17822666691887">
    <ele>1550.73</ele>
   </trkpt>
   <trkpt lat="40.17531" lon="-105.17824">
    <ele>1551.26</ele>
   </trkpt>
   <trkpt lat="40.174774999729316" lon="-105.17822499987415">
    <ele>1551.0000000000002</ele>
   </trkpt>
   <trkpt lat="40.174240000000005" lon="-105.17821">
    <ele>1550.7900000000002</ele>
   </trkpt>
   <trkpt lat="40.173500000000004" lon="-105.17823000000001">
    <ele>1550.6000000000001</ele>
   </trkpt>
   <trkpt lat="40.17263199999571" lon="-105.17823400046046">
    <ele>1549.63</ele>
   </trkpt>
   <trkpt lat="40.17176399999127" lon="-105.17823800081855">
    <ele>1548.99</ele>
   </trkpt>
   <trkpt lat="40.17089599998669" lon="-105.17824200107435">
    <ele>1548.5700000000002</ele>
   </trkpt>
   <trkpt lat="40.17002799998199" lon="-105.1782460012278">
    <ele>1547.9600000000003</ele>
   </trkpt>
   <trkpt lat="40.16915999997714" lon="-105.17825000127897">
    <ele>1547.7800000000002</ele>
   </trkpt>
   <trkpt lat="40.16829199997215" lon="-105.1782540012278">
    <ele>1547.76</ele>
   </trkpt>
   <trkpt lat="40.16742399996703" lon="-105.17825800107435">
    <ele>1547.9600000000003</ele>
   </trkpt>
   <trkpt lat="40.166555999961766" lon="-105.1782620008186">
    <ele>1548.03</ele>
   </trkpt>
   <trkpt lat="40.16568799995637" lon="-105.17826600046057">
    <ele>1548.21</ele>
   </trkpt>
   <trkpt lat="40.164820000000006" lon="-105.17827000000001">
    <ele>1548.21</ele>
   </trkpt>
   <trkpt lat="40.16397099999523" lon="-105.1782730003377">
    <ele>1548.04</ele>
   </trkpt>
   <trkpt lat="40.16312199999038" lon="-105.17827600060029">
    <ele>1547.8</ele>
   </trkpt>
   <trkpt lat="40.16227299998544" lon="-105.1782790007879">
    <ele>1547.7500000000002</ele>
   </trkpt>
   <trkpt lat="40.16142399998044" lon="-105.17828200090042">
    <ele>1547.5400000000002</ele>
   </trkpt>
   <trkpt lat="40.160574999975346" lon="-105.17828500093795">
    <ele>1546.9400000000003</ele>
   </trkpt>
   <trkpt lat="40.15972599997019" lon="-105.17828800090044">
    <ele>1546.16</ele>
   </trkpt>
   <trkpt lat="40.15887699996495" lon="-105.17829100078791">
    <ele>1548.1</ele>
   </trkpt>
   <trkpt lat="40.15802799995964" lon="-105.17829400060033">
    <ele>1552.5700000000002</ele>
   </trkpt>
   <trkpt lat="40.15717899995425" lon="-105.17829700033776">
    <ele>1552.64</ele>
   </trkpt>
   <trkpt lat="40.156330000000004" lon="-105.17830000000001">
    <ele>1551.6000000000001</ele>
   </trkpt>
   <trkpt lat="40.155524000005926" lon="-105.17829399971521">
    <ele>1550.5900000000001</ele>
   </trkpt>
   <trkpt lat="40.15471800001154" lon="-105.17828799957282">
    <ele>1551.13</ele>
   </trkpt>
   <trkpt lat="40.15391200001685" lon="-105.17828199957289">
    <ele>1551.92</ele>
   </trkpt>
   <trkpt lat="40.15310600002185" lon="-105.17827599971535">
    <ele>1551.41</ele>
   </trkpt>
   <trkpt lat="40.152300000000004" lon="-105.17827000000001">
    <ele>1551.3700000000001</ele>
   </trkpt>
   <trkpt lat="40.15161666664577" lon="-105.17829000040317">
    <ele>1551.23</ele>
   </trkpt>
   <trkpt lat="40.15093333328812" lon="-105.17831000040387">
    <ele>1548.45</ele>
   </trkpt>
   <trkpt lat="40.15025" lon="-105.17833">
    <ele>1545.1200000000001</ele>
   </trkpt>
   <trkpt lat="40.14936214285631" lon="-105.17833357203543">
    <ele>1542.04</ele>
   </trkpt>
   <trkpt lat="40.1484742857125" lon="-105.17833714397747">
    <ele>1544.19</ele>
   </trkpt>
   <trkpt lat="40.1475864285686" lon="-105.17834071582617">
    <ele>1547.6900000000003</ele>
   </trkpt>
   <trkpt lat="40.14669857142458" lon="-105.17834428758145">
    <ele>1550.19</ele>
   </trkpt>
   <trkpt lat="40.14581071428046" lon="-105.17834785924337">
    <ele>1552.1</ele>
   </trkpt>
   <trkpt lat="40.14492285713621" lon="-105.17835143081196">
    <ele>1551.41</ele>
   </trkpt>
   <trkpt lat="40.14403499999187" lon="-105.17835500228716">
    <ele>1547.39</ele>
   </trkpt>
   <trkpt lat="40.14314714284742" lon="-105.17835857366902">
    <ele>1544.76</ele>
   </trkpt>
   <trkpt lat="40.14225928570285" lon="-105.17836214495752">
    <ele>1543.3300000000002</ele>
   </trkpt>
   <trkpt lat="40.14137142855817" lon="-105.1783657161527">
    <ele>1544.21</ele>
   </trkpt>
   <trkpt lat="40.14048357141339" lon="-105.17836928725454">
    <ele>1545.39</ele>
   </trkpt>
   <trkpt lat="40.139595714268495" lon="-105.17837285826305">
    <ele>1545.7800000000002</ele>
   </trkpt>
   <trkpt lat="40.13870785712349" lon="-105.17837642917823">
    <ele>1546.2</ele>
   </trkpt>
   <trkpt lat="40.137820000000005" lon="-105.17838">
    <ele>1546.9700000000003</ele>
   </trkpt>
   <trkpt lat="40.13718" lon="-105.17840000000001">
    <ele>1547.32</ele>
   </trkpt>
   <trkpt lat="40.13630666667769" lon="-105.1784033335475">
    <ele>1547.8100000000002</ele>
   </trkpt>
   <trkpt lat="40.135433333355266" lon="-105.1784066670093">
    <ele>1548.24</ele>
   </trkpt>
   <trkpt lat="40.134560000032764" lon="-105.17841000038543">
    <ele>1548.3200000000002</ele>
   </trkpt>
   <trkpt lat="40.13368666671016" lon="-105.17841333367588">
    <ele>1548.1100000000001</ele>
   </trkpt>
   <trkpt lat="40.13281333338746" lon="-105.17841666688065">
    <ele>1551.8400000000001</ele>
   </trkpt>
   <trkpt lat="40.13194" lon="-105.17842">
    <ele>1556.44</ele>
   </trkpt>
   <trkpt lat="40.13146000020909" lon="-105.17842500003314">
    <ele>1557.3600000000001</ele>
   </trkpt>
   <trkpt lat="40.13098" lon="-105.17843">
    <ele>1558.38</ele>
   </trkpt>
   <trkpt lat="40.130790000000005" lon="-105.17857000000001">
    <ele>1558.6000000000001</ele>
   </trkpt>
   <trkpt lat="40.13073" lon="-105.17869">
    <ele>1558.6000000000001</ele>
   </trkpt>
   <trkpt lat="40.13069" lon="-105.17883">
    <ele>1559.0700000000002</ele>
   </trkpt>
   <trkpt lat="40.130660000000006" lon="-105.17955">
    <ele>1559.8200000000002</ele>
   </trkpt>
   <trkpt lat="40.130590000000005" lon="-105.17981">
    <ele>1559.97</ele>
   </trkpt>
   <trkpt lat="40.130480000000006" lon="-105.17999">
    <ele>1560.2300000000002</ele>
   </trkpt>
   <trkpt lat="40.12985667130227" lon="-105.18072668021601">
    <ele>1560.5300000000002</ele>
   </trkpt>
   <trkpt lat="40.12923333793698" lon="-105.18146334692024">
    <ele>1561.47</ele>
   </trkpt>
   <trkpt lat="40.12861" lon="-105.18220000000001">
    <ele>1562.88</ele>
   </trkpt>
   <trkpt lat="40.12823500080029" lon="-105.18262500231805">
    <ele>1563.38</ele>
   </trkpt>
   <trkpt lat="40.127860000000005" lon="-105.18305000000001">
    <ele>1564.31</ele>
   </trkpt>
   <trkpt lat="40.12771" lon="-105.18318000000001">
    <ele>1564.65</ele>
   </trkpt>
   <trkpt lat="40.127390000000005" lon="-105.1833">
    <ele>1564.7900000000002</ele>
   </trkpt>
   <trkpt lat="40.12709" lon="-105.18329000000001">
    <ele>1564.64</ele>
   </trkpt>
   <trkpt lat="40.12626249997797" lon="-105.18327499945178">
    <ele>1564.22</ele>
   </trkpt>
   <trkpt lat="40.12543499995399" lon="-105.18325999926874">
    <ele>1564.6200000000001</ele>
   </trkpt>
   <trkpt lat="40.124607499928075" lon="-105.18324499945089">
    <ele>1564.8600000000001</ele>
   </trkpt>
   <trkpt lat="40.123780000000004" lon="-105.18323000000001">
    <ele>1564.45</ele>
   </trkpt>
   <trkpt lat="40.122883999999345" lon="-105.1832289998814">
    <ele>1556.0800000000002</ele>
   </trkpt>
   <trkpt lat="40.12198799999869" lon="-105.18322799978915">
    <ele>1550.07</ele>
   </trkpt>
   <trkpt lat="40.12109199999802" lon="-105.18322699972327">
    <ele>1548.37</ele>
   </trkpt>
   <trkpt lat="40.120195999997335" lon="-105.18322599968373">
    <ele>1549.6000000000001</ele>
   </trkpt>
   <trkpt lat="40.119299999996656" lon="-105.18322499967056">
    <ele>1550.51</ele>
   </trkpt>
   <trkpt lat="40.11840399999595" lon="-105.18322399968373">
    <ele>1550.88</ele>
   </trkpt>
   <trkpt lat="40.11750799999524" lon="-105.18322299972328">
    <ele>1550.92</ele>
   </trkpt>
   <trkpt lat="40.116611999994525" lon="-105.18322199978917">
    <ele>1550.89</ele>
   </trkpt>
   <trkpt lat="40.11571599999381" lon="-105.18322099988141">
    <ele>1550.8000000000002</ele>
   </trkpt>
   <trkpt lat="40.11482" lon="-105.18322">
    <ele>1551.47</ele>
   </trkpt>
   <trkpt lat="40.114053333352246" lon="-105.18323000022524">
    <ele>1551.9</ele>
   </trkpt>
   <trkpt lat="40.11328666670363" lon="-105.183240000225">
    <ele>1552.63</ele>
   </trkpt>
   <trkpt lat="40.11252" lon="-105.18325000000002">
    <ele>1553.3400000000001</ele>
   </trkpt>
   <trkpt lat="40.11163300000556" lon="-105.18323899870896">
    <ele>1554.0600000000002</ele>
   </trkpt>
   <trkpt lat="40.110746000010074" lon="-105.18322799770486">
    <ele>1555.02</ele>
   </trkpt>
   <trkpt lat="40.10985900001356" lon="-105.18321699698767">
    <ele>1555.6100000000001</ele>
   </trkpt>
   <trkpt lat="40.10897200001599" lon="-105.18320599655742">
    <ele>1556.19</ele>
   </trkpt>
   <trkpt lat="40.10808500001738" lon="-105.18319499641406">
    <ele>1556.75</ele>
   </trkpt>
   <trkpt lat="40.10719800001774" lon="-105.18318399655757">
    <ele>1556.9</ele>
   </trkpt>
   <trkpt lat="40.10631100001706" lon="-105.18317299698795">
    <ele>1557.6200000000001</ele>
   </trkpt>
   <trkpt lat="40.105424000015326" lon="-105.18316199770518">
    <ele>1559.0100000000002</ele>
   </trkpt>
   <trkpt lat="40.104537000012556" lon="-105.18315099870924">
    <ele>1559.93</ele>
   </trkpt>
   <trkpt lat="40.10365" lon="-105.18314000000001">
    <ele>1560.6700000000003</ele>
   </trkpt>
   <trkpt lat="40.10297999985487" lon="-105.18312499984901">
    <ele>1561.13</ele>
   </trkpt>
   <trkpt lat="40.10231" lon="-105.18311000000001">
    <ele>1561.74</ele>
   </trkpt>
   <trkpt lat="40.10173" lon="-105.18312">
    <ele>1562.15</ele>
   </trkpt>
   <trkpt lat="40.10172000181346" lon="-105.18377000030095">
    <ele>1561.66</ele>
   </trkpt>
   <trkpt lat="40.101710000000004" lon="-105.18442">
    <ele>1561.53</ele>
   </trkpt>
   <trkpt lat="40.10165000000001" lon="-105.1847">
    <ele>1561.53</ele>
   </trkpt>
   <trkpt lat="40.10155" lon="-105.18491">
    <ele>1561.49</ele>
   </trkpt>
   <trkpt lat="40.101470000000006" lon="-105.18505">
    <ele>1561.49</ele>
   </trkpt>
   <trkpt lat="40.10079333836458" lon="-105.18581668194238">
    <ele>1561.69</ele>
   </trkpt>
   <trkpt lat="40.10011667167455" lon="-105.18658334863525">
    <ele>1562.22</ele>
   </trkpt>
   <trkpt lat="40.09944" lon="-105.18735000000001">
    <ele>1563.67</ele>
   </trkpt>
   <trkpt lat="40.09913" lon="-105.18764">
    <ele>1565.2800000000002</ele>
   </trkpt>
   <trkpt lat="40.099030000000006" lon="-105.1877">
    <ele>1565.2800000000002</ele>
   </trkpt>
   <trkpt lat="40.098760000000006" lon="-105.18778">
    <ele>1565.76</ele>
   </trkpt>
   <trkpt lat="40.097964999999895" lon="-105.18778250008762">
    <ele>1566.3200000000002</ele>
   </trkpt>
   <trkpt lat="40.09716999999972" lon="-105.18778500011682">
    <ele>1567.0100000000002</ele>
   </trkpt>
   <trkpt lat="40.096374999999504" lon="-105.18778750008762">
    <ele>1567.53</ele>
   </trkpt>
   <trkpt lat="40.095580000000005" lon="-105.18779">
    <ele>1567.46</ele>
   </trkpt>
   <trkpt lat="40.09497000005947" lon="-105.18782500031064">
    <ele>1567.5500000000002</ele>
   </trkpt>
   <trkpt lat="40.09436" lon="-105.18786000000001">
    <ele>1568.72</ele>
   </trkpt>
   <trkpt lat="40.094362779124914" lon="-105.18895818137216">
    <ele>1568.7700000000002</ele>
   </trkpt>
   <trkpt lat="40.094365547879384" lon="-105.1900563628338">
    <ele>1569.5400000000002</ele>
   </trkpt>
   <trkpt lat="40.09436830626342" lon="-105.19115454438466">
    <ele>1570.5900000000001</ele>
   </trkpt>
   <trkpt lat="40.09437105427702" lon="-105.19225272602435">
    <ele>1571.74</ele>
   </trkpt>
   <trkpt lat="40.09437379192019" lon="-105.1933509077526">
    <ele>1572.5800000000002</ele>
   </trkpt>
   <trkpt lat="40.09437651919292" lon="-105.194449089569">
    <ele>1573.13</ele>
   </trkpt>
   <trkpt lat="40.09437923609521" lon="-105.19554727147329">
    <ele>1573.92</ele>
   </trkpt>
   <trkpt lat="40.09438194262705" lon="-105.19664545346505">
    <ele>1574.81</ele>
   </trkpt>
   <trkpt lat="40.09438463878845" lon="-105.19774363554401">
    <ele>1575.8400000000001</ele>
   </trkpt>
   <trkpt lat="40.09438732457941" lon="-105.19884181770983">
    <ele>1576.99</ele>
   </trkpt>
   <trkpt lat="40.094390000000004" lon="-105.19994000000001">
    <ele>1577.7500000000002</ele>
   </trkpt>
   <trkpt lat="40.09440000198974" lon="-105.20062000001136">
    <ele>1578.42</ele>
   </trkpt>
   <trkpt lat="40.09441" lon="-105.2013">
    <ele>1579.18</ele>
   </trkpt>
   <trkpt lat="40.09440000198646" lon="-105.2019800002112">
    <ele>1579.96</ele>
   </trkpt>
   <trkpt lat="40.094390000000004" lon="-105.20266000000001">
    <ele>1580.4</ele>
   </trkpt>
   <trkpt lat="40.094392514424456" lon="-105.20371749986143">
    <ele>1581.3000000000002</ele>
   </trkpt>
   <trkpt lat="40.094395019232564" lon="-105.20477499980083">
    <ele>1581.92</ele>
   </trkpt>
   <trkpt lat="40.09439751442435" lon="-105.20583249981796">
    <ele>1582.57</ele>
   </trkpt>
   <trkpt lat="40.0944" lon="-105.20689000000002">
    <ele>1584.39</ele>
   </trkpt>
   <trkpt lat="40.0944" lon="-105.2069">
    <ele>1584.4</ele>
   </trkpt>
   <trkpt lat="40.09354899999759" lon="-105.20690100011252">
    <ele>1584.57</ele>
   </trkpt>
   <trkpt lat="40.09269799999517" lon="-105.20690200020006">
    <ele>1584.7300000000002</ele>
   </trkpt>
   <trkpt lat="40.09184699999273" lon="-105.20690300026259">
    <ele>1584.57</ele>
   </trkpt>
   <trkpt lat="40.09099599999029" lon="-105.20690400030009">
    <ele>1584.47</ele>
   </trkpt>
   <trkpt lat="40.09014499998785" lon="-105.2069050003126">
    <ele>1584.2900000000002</ele>
   </trkpt>
   <trkpt lat="40.089293999985394" lon="-105.20690600030008">
    <ele>1584.0200000000002</ele>
   </trkpt>
   <trkpt lat="40.08844299998293" lon="-105.20690700026259">
    <ele>1583.67</ele>
   </trkpt>
   <trkpt lat="40.08759199998047" lon="-105.20690800020006">
    <ele>1583.66</ele>
   </trkpt>
   <trkpt lat="40.086740999977984" lon="-105.20690900011256">
    <ele>1583.6000000000001</ele>
   </trkpt>
   <trkpt lat="40.085890000000006" lon="-105.20691000000001">
    <ele>1583.13</ele>
   </trkpt>
   <trkpt lat="40.08504200000231" lon="-105.20690499943952">
    <ele>1582.68</ele>
   </trkpt>
   <trkpt lat="40.0841940000044" lon="-105.20689999900357">
    <ele>1579.98</ele>
   </trkpt>
   <trkpt lat="40.08334600000627" lon="-105.2068949986922">
    <ele>1577.18</ele>
   </trkpt>
   <trkpt lat="40.08249800000793" lon="-105.20688999850542">
    <ele>1575.8400000000001</ele>
   </trkpt>
   <trkpt lat="40.08165000000938" lon="-105.20688499844317">
    <ele>1573.64</ele>
   </trkpt>
   <trkpt lat="40.08080200001061" lon="-105.2068799985055">
    <ele>1568.47</ele>
   </trkpt>
   <trkpt lat="40.07995400001162" lon="-105.20687499869233">
    <ele>1566.8500000000001</ele>
   </trkpt>
   <trkpt lat="40.07910600001243" lon="-105.20686999900373">
    <ele>1568.6000000000001</ele>
   </trkpt>
   <trkpt lat="40.07825800001301" lon="-105.20686499943965">
    <ele>1572.6100000000001</ele>
   </trkpt>
   <trkpt lat="40.07741" lon="-105.20686">
    <ele>1577.5100000000002</ele>
   </trkpt>
   <trkpt lat="40.07663000003067" lon="-105.20691000057144">
    <ele>1579.35</ele>
   </trkpt>
   <trkpt lat="40.07585" lon="-105.20696000000001">
    <ele>1578.1100000000001</ele>
   </trkpt>
   <trkpt lat="40.075230000000005" lon="-105.20716">
    <ele>1575.66</ele>
   </trkpt>
   <trkpt lat="40.075010000000006" lon="-105.2073">
    <ele>1575.3600000000001</ele>
   </trkpt>
   <trkpt lat="40.074650000000005" lon="-105.20761">
    <ele>1574.98</ele>
   </trkpt>
   <trkpt lat="40.07443000000001" lon="-105.20774000000002">
    <ele>1574.92</ele>
   </trkpt>
   <trkpt lat="40.07388" lon="-105.20821000000001">
    <ele>1573.77</ele>
   </trkpt>
   <trkpt lat="40.07322500100892" lon="-105.20872000498994">
    <ele>1573.38</ele>
   </trkpt>
   <trkpt lat="40.072570000000006" lon="-105.20923">
    <ele>1573.38</ele>
   </trkpt>
   <trkpt lat="40.07224" lon="-105.20951000000001">
    <ele>1573.5700000000002</ele>
   </trkpt>
   <trkpt lat="40.07155" lon="-105.21021">
    <ele>1574.16</ele>
   </trkpt>
   <trkpt lat="40.07086941097423" lon="-105.21095698694056">
    <ele>1574.7900000000002</ele>
   </trkpt>
   <trkpt lat="40.0701888171511" lon="-105.21170395895295">
    <ele>1575.23</ele>
   </trkpt>
   <trkpt lat="40.06950821853078" lon="-105.2124509160377">
    <ele>1575.63</ele>
   </trkpt>
   <trkpt lat="40.06882761511352" lon="-105.21319785819539">
    <ele>1576.81</ele>
   </trkpt>
   <trkpt lat="40.068147006899494" lon="-105.21394478542655">
    <ele>1578.1600000000003</ele>
   </trkpt>
   <trkpt lat="40.06746639388895" lon="-105.21469169773177">
    <ele>1581.1200000000001</ele>
   </trkpt>
   <trkpt lat="40.06678577608208" lon="-105.21543859511155">
    <ele>1584.3600000000001</ele>
   </trkpt>
   <trkpt lat="40.066105153479086" lon="-105.21618547756648">
    <ele>1585.77</ele>
   </trkpt>
   <trkpt lat="40.06542452608019" lon="-105.21693234509712">
    <ele>1586.0900000000001</ele>
   </trkpt>
   <trkpt lat="40.06474389388562" lon="-105.21767919770402">
    <ele>1586.6000000000001</ele>
   </trkpt>
   <trkpt lat="40.06406325689557" lon="-105.2184260353877">
    <ele>1586.8600000000001</ele>
   </trkpt>
   <trkpt lat="40.06338261511025" lon="-105.21917285814872">
    <ele>1587.7800000000002</ele>
   </trkpt>
   <trkpt lat="40.062701968529865" lon="-105.21991966598769">
    <ele>1589.13</ele>
   </trkpt>
   <trkpt lat="40.06202131715465" lon="-105.22066645890509">
    <ele>1590.8000000000002</ele>
   </trkpt>
   <trkpt lat="40.061340660984804" lon="-105.22141323690151">
    <ele>1592.44</ele>
   </trkpt>
   <trkpt lat="40.060660000000006" lon="-105.22216">
    <ele>1593.14</ele>
   </trkpt>
   <trkpt lat="40.060320000803465" lon="-105.22258500208696">
    <ele>1593.53</ele>
   </trkpt>
   <trkpt lat="40.05998" lon="-105.22301">
    <ele>1594.1000000000001</ele>
   </trkpt>
   <trkpt lat="40.059520004468254" lon="-105.2237300097034">
    <ele>1595.08</ele>
   </trkpt>
   <trkpt lat="40.05906000447967" lon="-105.22445000968541">
    <ele>1596.1100000000001</ele>
   </trkpt>
   <trkpt lat="40.058600000000006" lon="-105.22517">
    <ele>1597.3000000000002</ele>
   </trkpt>
   <trkpt lat="40.05836" lon="-105.22551000000001">
    <ele>1598.06</ele>
   </trkpt>
   <trkpt lat="40.057860000000005" lon="-105.22615">
    <ele>1598.88</ele>
   </trkpt>
   <trkpt lat="40.05748500061085" lon="-105.2265500022833">
    <ele>1599.53</ele>
   </trkpt>
   <trkpt lat="40.05711" lon="-105.22695">
    <ele>1599.7700000000002</ele>
   </trkpt>
   <trkpt lat="40.05664" lon="-105.22736">
    <ele>1600.0100000000002</ele>
   </trkpt>
   <trkpt lat="40.05611000113934" lon="-105.22786000382762">
    <ele>1600.2800000000002</ele>
   </trkpt>
   <trkpt lat="40.055580000000006" lon="-105.22836000000001">
    <ele>1600.68</ele>
   </trkpt>
   <trkpt lat="40.054990000000004" lon="-105.22901">
    <ele>1601.11</ele>
   </trkpt>
   <trkpt lat="40.05456500115429" lon="-105.22952500319441">
    <ele>1601.67</ele>
   </trkpt>
   <trkpt lat="40.054140000000004" lon="-105.23004">
    <ele>1602.8600000000001</ele>
   </trkpt>
   <trkpt lat="40.053540000000005" lon="-105.23082000000001">
    <ele>1606.18</ele>
   </trkpt>
   <trkpt lat="40.05303000000001" lon="-105.23166">
    <ele>1607.7100000000003</ele>
   </trkpt>
   <trkpt lat="40.05259000269519" lon="-105.2324450049851">
    <ele>1608.5300000000002</ele>
   </trkpt>
   <trkpt lat="40.052150000000005" lon="-105.23323">
    <ele>1609.0300000000002</ele>
   </trkpt>
   <trkpt lat="40.05183" lon="-105.23371">
    <ele>1609.25</ele>
   </trkpt>
   <trkpt lat="40.05134" lon="-105.23434">
    <ele>1610.2900000000002</ele>
   </trkpt>
   <trkpt lat="40.051080000000006" lon="-105.23459000000001">
    <ele>1610.5800000000002</ele>
   </trkpt>
   <trkpt lat="40.051080053047016" lon="-105.23576100000477">
    <ele>1611.7100000000003</ele>
   </trkpt>
   <trkpt lat="40.05108009430581" lon="-105.23693200001114">
    <ele>1612.9700000000003</ele>
   </trkpt>
   <trkpt lat="40.05108012377638" lon="-105.23810300001874">
    <ele>1615.3500000000001</ele>
   </trkpt>
   <trkpt lat="40.05108014145872" lon="-105.23927400002715">
    <ele>1616.5900000000001</ele>
   </trkpt>
   <trkpt lat="40.05108014735283" lon="-105.24044500003596">
    <ele>1617.9800000000002</ele>
   </trkpt>
   <trkpt lat="40.05108014145872" lon="-105.24161600004476">
    <ele>1618.94</ele>
   </trkpt>
   <trkpt lat="40.05108012377638" lon="-105.24278700005316">
    <ele>1621.1700000000003</ele>
   </trkpt>
   <trkpt lat="40.05108009430581" lon="-105.24395800006074">
    <ele>1622.5800000000002</ele>
   </trkpt>
   <trkpt lat="40.05108005304703" lon="-105.24512900006712">
    <ele>1624.0100000000002</ele>
   </trkpt>
   <trkpt lat="40.051080000000006" lon="-105.2463">
    <ele>1625.3400000000001</ele>
   </trkpt>
   <trkpt lat="40.051090004474446" lon="-105.24732000009638">
    <ele>1626.3</ele>
   </trkpt>
   <trkpt lat="40.051100000000005" lon="-105.24834000000001">
    <ele>1628.19</ele>
   </trkpt>
   <trkpt lat="40.05110000392023" lon="-105.24929500021116">
    <ele>1629.73</ele>
   </trkpt>
   <trkpt lat="40.051100000000005" lon="-105.25025000000001">
    <ele>1631.16</ele>
   </trkpt>
   <trkpt lat="40.05108835591313" lon="-105.2512750008887">
    <ele>1633.0300000000002</ele>
   </trkpt>
   <trkpt lat="40.05107670279428" lon="-105.25230000142705">
    <ele>1634.8500000000001</ele>
   </trkpt>
   <trkpt lat="40.051065040643444" lon="-105.25332500161477">
    <ele>1635.63</ele>
   </trkpt>
   <trkpt lat="40.051053369460654" lon="-105.25435000145158">
    <ele>1636.9300000000003</ele>
   </trkpt>
   <trkpt lat="40.0510416892459" lon="-105.25537500093724">
    <ele>1637.7800000000002</ele>
   </trkpt>
   <trkpt lat="40.051030000000004" lon="-105.25640000000001">
    <ele>1638.9300000000003</ele>
   </trkpt>
   <trkpt lat="40.05103001117235" lon="-105.25753999996502">
    <ele>1639.8100000000002</ele>
   </trkpt>
   <trkpt lat="40.05103001117235" lon="-105.2586799999302">
    <ele>1641.24</ele>
   </trkpt>
   <trkpt lat="40.051030000000004" lon="-105.25982">
    <ele>1643.15</ele>
   </trkpt>
   <trkpt lat="40.05111" lon="-105.26004">
    <ele>1643.3500000000001</ele>
   </trkpt>
   <trkpt lat="40.051210000000005" lon="-105.26021000000001">
    <ele>1644.4900000000002</ele>
   </trkpt>
   <trkpt lat="40.05165" lon="-105.26063">
    <ele>1645.0800000000002</ele>
   </trkpt>
   <trkpt lat="40.05198" lon="-105.26098">
    <ele>1645.88</ele>
   </trkpt>
   <trkpt lat="40.05203" lon="-105.26108">
    <ele>1645.88</ele>
   </trkpt>
   <trkpt lat="40.052600000000005" lon="-105.26181000000001">
    <ele>1647.07</ele>
   </trkpt>
   <trkpt lat="40.05297" lon="-105.26234000000001">
    <ele>1648.2500000000002</ele>
   </trkpt>
   <trkpt lat="40.05347500860665" lon="-105.26315748180902">
    <ele>1649.75</ele>
   </trkpt>
   <trkpt lat="40.053980011468106" lon="-105.26397497573295">
    <ele>1651.49</ele>
   </trkpt>
   <trkpt lat="40.05448500858421" lon="-105.26479248177212">
    <ele>1653.04</ele>
   </trkpt>
   <trkpt lat="40.054990000000004" lon="-105.26561000000001">
    <ele>1655.0</ele>
   </trkpt>
   <trkpt lat="40.05529500113549" lon="-105.26608499813209">
    <ele>1656.7500000000002</ele>
   </trkpt>
   <trkpt lat="40.055600000000005" lon="-105.26656000000001">
    <ele>1657.14</ele>
   </trkpt>
   <trkpt lat="40.056122012486796" lon="-105.26741197390386">
    <ele>1659.15</ele>
   </trkpt>
   <trkpt lat="40.05664401873325" lon="-105.26826396086014">
    <ele>1661.21</ele>
   </trkpt>
   <trkpt lat="40.057166018739174" lon="-105.26911596086919">
    <ele>1663.34</ele>
   </trkpt>
   <trkpt lat="40.05768801250435" lon="-105.26996797393126">
    <ele>1665.52</ele>
   </trkpt>
   <trkpt lat="40.05821" lon="-105.27082000000001">
    <ele>1667.28</ele>
   </trkpt>
   <trkpt lat="40.058738589752025" lon="-105.27166281791526">
    <ele>1669.17</ele>
   </trkpt>
   <trkpt lat="40.05926717339703" lon="-105.27250564890656">
    <ele>1670.64</ele>
   </trkpt>
   <trkpt lat="40.0597957509348" lon="-105.27334849297429">
    <ele>1673.65</ele>
   </trkpt>
   <trkpt lat="40.060324322365155" lon="-105.2741913501187">
    <ele>1674.8100000000002</ele>
   </trkpt>
   <trkpt lat="40.060852887687844" lon="-105.2750342203401">
    <ele>1678.0100000000002</ele>
   </trkpt>
   <trkpt lat="40.061381446902686" lon="-105.27587710363882">
    <ele>1680.2</ele>
   </trkpt>
   <trkpt lat="40.061910000000005" lon="-105.27672000000001">
    <ele>1682.5700000000002</ele>
   </trkpt>
   <trkpt lat="40.062430000000006" lon="-105.27758000000001">
    <ele>1684.5400000000002</ele>
   </trkpt>
   <trkpt lat="40.06294667249595" lon="-105.27840332084787">
    <ele>1687.18</ele>
   </trkpt>
   <trkpt lat="40.06346333916401" lon="-105.27922665418325">
    <ele>1689.7400000000002</ele>
   </trkpt>
   <trkpt lat="40.06398" lon="-105.28005">
    <ele>1692.47</ele>
   </trkpt>
   <trkpt lat="40.0645" lon="-105.28067000000001">
    <ele>1694.2100000000003</ele>
   </trkpt>
   <trkpt lat="40.06485" lon="-105.28104">
    <ele>1694.5800000000002</ele>
   </trkpt>
   <trkpt lat="40.06524" lon="-105.28142000000001">
    <ele>1695.65</ele>
   </trkpt>
   <trkpt lat="40.06555" lon="-105.28166">
    <ele>1695.4000000000003</ele>
   </trkpt>
   <trkpt lat="40.066120000000005" lon="-105.28206000000002">
    <ele>1694.86</ele>
   </trkpt>
   <trkpt lat="40.06645" lon="-105.28226000000001">
    <ele>1694.3400000000001</ele>
   </trkpt>
   <trkpt lat="40.06676" lon="-105.28251">
    <ele>1693.5200000000002</ele>
   </trkpt>
   <trkpt lat="40.067476667211764" lon="-105.28275666148397">
    <ele>1692.0600000000002</ele>
   </trkpt>
   <trkpt lat="40.06819333390041" lon="-105.28300332815813">
    <ele>1690.92</ele>
   </trkpt>
   <trkpt lat="40.06891" lon="-105.28325000000001">
    <ele>1690.4</ele>
   </trkpt>
   <trkpt lat="40.06973800110187" lon="-105.28350198774943">
    <ele>1689.9100000000003</ele>
   </trkpt>
   <trkpt lat="40.070566001657774" lon="-105.28375398162534">
    <ele>1689.8200000000002</ele>
   </trkpt>
   <trkpt lat="40.07139400166769" lon="-105.28400598162803">
    <ele>1689.46</ele>
   </trkpt>
   <trkpt lat="40.07222200113161" lon="-105.28425798775784">
    <ele>1688.3400000000001</ele>
   </trkpt>
   <trkpt lat="40.07305" lon="-105.28451000000001">
    <ele>1685.7600000000002</ele>
   </trkpt>
   <trkpt lat="40.07356" lon="-105.28466">
    <ele>1684.5100000000002</ele>
   </trkpt>
   <trkpt lat="40.074090000000005" lon="-105.28467">
    <ele>1680.97</ele>
   </trkpt>
   <trkpt lat="40.074400000000004" lon="-105.28466">
    <ele>1679.8400000000001</ele>
   </trkpt>
   <trkpt lat="40.07477" lon="-105.28457">
    <ele>1677.99</ele>
   </trkpt>
   <trkpt lat="40.074980000000004" lon="-105.28449">
    <ele>1676.9600000000003</ele>
   </trkpt>
   <trkpt lat="40.075660000000006" lon="-105.28418">
    <ele>1673.61</ele>
   </trkpt>
   <trkpt lat="40.07644500197604" lon="-105.28378501367854">
    <ele>1669.58</ele>
   </trkpt>
   <trkpt lat="40.077230002610605" lon="-105.2833900182505">
    <ele>1667.52</ele>
   </trkpt>
   <trkpt lat="40.07801500190365" lon="-105.28299501371546">
    <ele>1668.9600000000003</ele>
   </trkpt>
   <trkpt lat="40.0788" lon="-105.2826">
    <ele>1673.99</ele>
   </trkpt>
   <trkpt lat="40.079170000000005" lon="-105.28242">
    <ele>1675.3500000000001</ele>
   </trkpt>
   <trkpt lat="40.07958" lon="-105.28229">
    <ele>1677.8700000000001</ele>
   </trkpt>
   <trkpt lat="40.07992" lon="-105.28221">
    <ele>1678.77</ele>
   </trkpt>
   <trkpt lat="40.08044999991427" lon="-105.28218500019878">
    <ele>1680.44</ele>
   </trkpt>
   <trkpt lat="40.080980000000004" lon="-105.28216">
    <ele>1681.37</ele>
   </trkpt>
   <trkpt lat="40.08187666666522" lon="-105.28215944456885">
    <ele>1684.8700000000001</ele>
   </trkpt>
   <trkpt lat="40.08277333333042" lon="-105.28215888912305">
    <ele>1687.5900000000001</ele>
   </trkpt>
   <trkpt lat="40.08366999999564" lon="-105.28215833366265">
    <ele>1689.96</ele>
   </trkpt>
   <trkpt lat="40.08456666666085" lon="-105.2821577781876">
    <ele>1690.74</ele>
   </trkpt>
   <trkpt lat="40.08546333332606" lon="-105.28215722269792">
    <ele>1689.99</ele>
   </trkpt>
   <trkpt lat="40.086359999991274" lon="-105.28215666719358">
    <ele>1688.8700000000001</ele>
   </trkpt>
   <trkpt lat="40.087256666656465" lon="-105.28215611167464">
    <ele>1687.8600000000001</ele>
   </trkpt>
   <trkpt lat="40.088153333321664" lon="-105.28215555614103">
    <ele>1687.45</ele>
   </trkpt>
   <trkpt lat="40.08904999998686" lon="-105.28215500059282">
    <ele>1688.5</ele>
   </trkpt>
   <trkpt lat="40.08994666665205" lon="-105.28215444502996">
    <ele>1689.9100000000003</ele>
   </trkpt>
   <trkpt lat="40.09084333331724" lon="-105.28215388945245">
    <ele>1689.64</ele>
   </trkpt>
   <trkpt lat="40.09173999998243" lon="-105.28215333386032">
    <ele>1689.48</ele>
   </trkpt>
   <trkpt lat="40.092636666647614" lon="-105.28215277825355">
    <ele>1689.54</ele>
   </trkpt>
   <trkpt lat="40.093533333312784" lon="-105.28215222263212">
    <ele>1690.22</ele>
   </trkpt>
   <trkpt lat="40.09442999997797" lon="-105.28215166699607">
    <ele>1690.8</ele>
   </trkpt>
   <trkpt lat="40.09532666664315" lon="-105.28215111134536">
    <ele>1690.0600000000002</ele>
   </trkpt>
   <trkpt lat="40.09622333330832" lon="-105.28215055568002">
    <ele>1687.93</ele>
   </trkpt>
   <trkpt lat="40.097120000000004" lon="-105.28215000000002">
    <ele>1684.66</ele>
   </trkpt>
   <trkpt lat="40.097914999991275" lon="-105.28211250131567">
    <ele>1682.17</ele>
   </trkpt>
   <trkpt lat="40.09870999997045" lon="-105.2820750017551">
    <ele>1681.69</ele>
   </trkpt>
   <trkpt lat="40.09950499993755" lon="-105.28203750131824">
    <ele>1682.92</ele>
   </trkpt>
   <trkpt lat="40.100300000000004" lon="-105.28200000000001">
    <ele>1683.68</ele>
   </trkpt>
   <trkpt lat="40.100970000000004" lon="-105.28200000000001">
    <ele>1683.51</ele>
   </trkpt>
   <trkpt lat="40.10177600003061" lon="-105.2820399981047">
    <ele>1681.17</ele>
   </trkpt>
   <trkpt lat="40.102582000047455" lon="-105.28207999715704">
    <ele>1677.1</ele>
   </trkpt>
   <trkpt lat="40.103388000050536" lon="-105.28211999715714">
    <ele>1675.49</ele>
   </trkpt>
   <trkpt lat="40.10419400003987" lon="-105.28215999810503">
    <ele>1676.0900000000001</ele>
   </trkpt>
   <trkpt lat="40.105000000000004" lon="-105.2822">
    <ele>1679.24</ele>
   </trkpt>
   <trkpt lat="40.105489999862435" lon="-105.28218000014974">
    <ele>1681.5700000000002</ele>
   </trkpt>
   <trkpt lat="40.10598" lon="-105.28216">
    <ele>1683.34</ele>
   </trkpt>
   <trkpt lat="40.106677500112255" lon="-105.28208000245748">
    <ele>1687.0900000000001</ele>
   </trkpt>
   <trkpt lat="40.10737500016948" lon="-105.28200000327443">
    <ele>1691.45</ele>
   </trkpt>
   <trkpt lat="40.108072500171666" lon="-105.28192000245075">
    <ele>1694.2400000000002</ele>
   </trkpt>
   <trkpt lat="40.10877" lon="-105.28184">
    <ele>1695.6000000000001</ele>
   </trkpt>
   <trkpt lat="40.1096" lon="-105.28182000000001">
    <ele>1695.8400000000001</ele>
   </trkpt>
   <trkpt lat="40.110370000115566" lon="-105.28191999660197">
    <ele>1696.05</ele>
   </trkpt>
   <trkpt lat="40.111140000145134" lon="-105.28201999546806">
    <ele>1696.3500000000001</ele>
   </trkpt>
   <trkpt lat="40.11191000008872" lon="-105.28211999659837">
    <ele>1697.8400000000001</ele>
   </trkpt>
   <trkpt lat="40.112680000000005" lon="-105.28222000000001">
    <ele>1698.8500000000001</ele>
   </trkpt>
   <trkpt lat="40.1131" lon="-105.28226000000001">
    <ele>1699.2900000000002</ele>
   </trkpt>
   <trkpt lat="40.113310000000006" lon="-105.28227000000001">
    <ele>1699.5700000000002</ele>
   </trkpt>
   <trkpt lat="40.11419200000252" lon="-105.282277999585">
    <ele>1699.68</ele>
   </trkpt>
   <trkpt lat="40.11507400000448" lon="-105.28228599937749">
    <ele>1699.5200000000002</ele>
   </trkpt>
   <trkpt lat="40.1159560000059" lon="-105.28229399937749">
    <ele>1699.39</ele>
   </trkpt>
   <trkpt lat="40.11683800000677" lon="-105.282301999585">
    <ele>1699.0600000000002</ele>
   </trkpt>
   <trkpt lat="40.117720000000006" lon="-105.28231000000001">
    <ele>1698.9900000000002</ele>
   </trkpt>
   <trkpt lat="40.11861230769261" lon="-105.28231076910963">
    <ele>1698.83</ele>
   </trkpt>
   <trkpt lat="40.119504615385196" lon="-105.28231153823945">
    <ele>1698.73</ele>
   </trkpt>
   <trkpt lat="40.1203969230778" lon="-105.28231230738943">
    <ele>1700.64</ele>
   </trkpt>
   <trkpt lat="40.12128923077039" lon="-105.28231307655962">
    <ele>1702.32</ele>
   </trkpt>
   <trkpt lat="40.12218153846297" lon="-105.28231384575001">
    <ele>1703.04</ele>
   </trkpt>
   <trkpt lat="40.12307384615554" lon="-105.28231461496058">
    <ele>1702.35</ele>
   </trkpt>
   <trkpt lat="40.123966153848116" lon="-105.28231538419135">
    <ele>1702.8200000000002</ele>
   </trkpt>
   <trkpt lat="40.12485846154069" lon="-105.2823161534423">
    <ele>1704.44</ele>
   </trkpt>
   <trkpt lat="40.12575076923325" lon="-105.28231692271345">
    <ele>1704.9900000000002</ele>
   </trkpt>
   <trkpt lat="40.1266430769258" lon="-105.2823176920048">
    <ele>1704.0400000000002</ele>
   </trkpt>
   <trkpt lat="40.127535384618355" lon="-105.28231846131634">
    <ele>1701.9</ele>
   </trkpt>
   <trkpt lat="40.1284276923109" lon="-105.28231923064807">
    <ele>1701.3500000000001</ele>
   </trkpt>
   <trkpt lat="40.12932" lon="-105.28232000000001">
    <ele>1700.95</ele>
   </trkpt>
   <trkpt lat="40.130099999931694" lon="-105.28230666697391">
    <ele>1700.3300000000002</ele>
   </trkpt>
   <trkpt lat="40.130879999861854" lon="-105.28229333364179">
    <ele>1699.5800000000002</ele>
   </trkpt>
   <trkpt lat="40.131660000000004" lon="-105.28228000000001">
    <ele>1700.3100000000002</ele>
   </trkpt>
   <trkpt lat="40.13177" lon="-105.28228000000001">
    <ele>1700.3100000000002</ele>
   </trkpt>
   <trkpt lat="40.131910000000005" lon="-105.28222000000001">
    <ele>1700.39</ele>
   </trkpt>
   <trkpt lat="40.132380000000005" lon="-105.28219000000001">
    <ele>1701.66</ele>
   </trkpt>
   <trkpt lat="40.13306666664795" lon="-105.28219000000001">
    <ele>1703.5600000000002</ele>
   </trkpt>
   <trkpt lat="40.133753333295886" lon="-105.28219000000001">
    <ele>1706.7</ele>
   </trkpt>
   <trkpt lat="40.134440000000005" lon="-105.28219000000001">
    <ele>1708.59</ele>
   </trkpt>
   <trkpt lat="40.135160000000006" lon="-105.28224">
    <ele>1712.5</ele>
   </trkpt>
   <trkpt lat="40.13541" lon="-105.28229">
    <ele>1712.5</ele>
   </trkpt>
   <trkpt lat="40.1362140000013" lon="-105.28228200037863">
    <ele>1715.91</ele>
   </trkpt>
   <trkpt lat="40.13701800000206" lon="-105.28227400056794">
    <ele>1719.6200000000001</ele>
   </trkpt>
   <trkpt lat="40.137822000002274" lon="-105.28226600056796">
    <ele>1722.3400000000001</ele>
   </trkpt>
   <trkpt lat="40.13862600000192" lon="-105.28225800037865">
    <ele>1723.3400000000001</ele>
   </trkpt>
   <trkpt lat="40.139430000000004" lon="-105.28225">
    <ele>1723.3100000000002</ele>
   </trkpt>
   <trkpt lat="40.1402266666592" lon="-105.28225999976539">
    <ele>1723.0700000000002</ele>
   </trkpt>
   <trkpt lat="40.141023333317555" lon="-105.28226999976528">
    <ele>1722.7</ele>
   </trkpt>
   <trkpt lat="40.14182" lon="-105.28228000000001">
    <ele>1722.39</ele>
   </trkpt>
   <trkpt lat="40.14260500002269" lon="-105.2822725002598">
    <ele>1721.81</ele>
   </trkpt>
   <trkpt lat="40.14339000004489" lon="-105.28226500034626">
    <ele>1721.7000000000003</ele>
   </trkpt>
   <trkpt lat="40.1441750000666" lon="-105.28225750025938">
    <ele>1722.02</ele>
   </trkpt>
   <trkpt lat="40.144960000000005" lon="-105.28225">
    <ele>1722.22</ele>
   </trkpt>
   <trkpt lat="40.1457550000081" lon="-105.28224999999999">
    <ele>1722.67</ele>
   </trkpt>
   <trkpt lat="40.1465500000162" lon="-105.28224999999999">
    <ele>1722.42</ele>
   </trkpt>
   <trkpt lat="40.147345000024295" lon="-105.28224999999999">
    <ele>1723.2600000000002</ele>
   </trkpt>
   <trkpt lat="40.148140000000005" lon="-105.28225">
    <ele>1726.02</ele>
   </trkpt>
   <trkpt lat="40.148970000000006" lon="-105.28221">
    <ele>1730.5100000000002</ele>
   </trkpt>
   <trkpt lat="40.14934" lon="-105.28216">
    <ele>1731.7300000000002</ele>
   </trkpt>
   <trkpt lat="40.15006" lon="-105.28194">
    <ele>1733.5</ele>
   </trkpt>
   <trkpt lat="40.15048" lon="-105.28175">
    <ele>1734.3300000000002</ele>
   </trkpt>
   <trkpt lat="40.15072" lon="-105.28159000000001">
    <ele>1734.3300000000002</ele>
   </trkpt>
   <trkpt lat="40.1512" lon="-105.28126">
    <ele>1735.23</ele>
   </trkpt>
   <trkpt lat="40.151590000000006" lon="-105.28092000000001">
    <ele>1736.2400000000002</ele>
   </trkpt>
   <trkpt lat="40.15225126407632" lon="-105.28023629660115">
    <ele>1736.8700000000001</ele>
   </trkpt>
   <trkpt lat="40.15291252413154" lon="-105.27955257988827">
    <ele>1735.95</ele>
   </trkpt>
   <trkpt lat="40.15357378016551" lon="-105.2788688498609">
    <ele>1735.45</ele>
   </trkpt>
   <trkpt lat="40.15423503217805" lon="-105.2781851065185">
    <ele>1734.5800000000002</ele>
   </trkpt>
   <trkpt lat="40.15489628016898" lon="-105.27750134986066">
    <ele>1734.01</ele>
   </trkpt>
   <trkpt lat="40.15555752413813" lon="-105.27681757988681">
    <ele>1733.51</ele>
   </trkpt>
   <trkpt lat="40.15621876408533" lon="-105.2761337965965">
    <ele>1732.4800000000002</ele>
   </trkpt>
   <trkpt lat="40.15688" lon="-105.27545">
    <ele>1729.27</ele>
   </trkpt>
   <trkpt lat="40.157520000000005" lon="-105.27477">
    <ele>1727.57</ele>
   </trkpt>
   <trkpt lat="40.15804" lon="-105.27414">
    <ele>1727.96</ele>
   </trkpt>
   <trkpt lat="40.158466669875025" lon="-105.27353334089744">
    <ele>1729.4300000000003</ele>
   </trkpt>
   <trkpt lat="40.15889333658403" lon="-105.27292667417065">
    <ele>1731.9</ele>
   </trkpt>
   <trkpt lat="40.15932" lon="-105.27232000000001">
    <ele>1733.0100000000002</ele>
   </trkpt>
   <trkpt lat="40.159600000000005" lon="-105.27201000000001">
    <ele>1733.64</ele>
   </trkpt>
   <trkpt lat="40.15983000000001" lon="-105.27179000000001">
    <ele>1733.81</ele>
   </trkpt>
   <trkpt lat="40.16013" lon="-105.27154">
    <ele>1733.65</ele>
   </trkpt>
   <trkpt lat="40.160790000000006" lon="-105.27114">
    <ele>1732.02</ele>
   </trkpt>
   <trkpt lat="40.16144500061091" lon="-105.27092750614119">
    <ele>1730.5400000000002</ele>
   </trkpt>
   <trkpt lat="40.16210000083338" lon="-105.27071500818226">
    <ele>1726.94</ele>
   </trkpt>
   <trkpt lat="40.162755000667374" lon="-105.27050250612307">
    <ele>1725.51</ele>
   </trkpt>
   <trkpt lat="40.163410000000006" lon="-105.27029">
    <ele>1725.78</ele>
   </trkpt>
   <trkpt lat="40.16362" lon="-105.27021">
    <ele>1725.78</ele>
   </trkpt>
   <trkpt lat="40.164080000000006" lon="-105.26998">
    <ele>1726.96</ele>
   </trkpt>
   <trkpt lat="40.16434" lon="-105.2698">
    <ele>1727.69</ele>
   </trkpt>
   <trkpt lat="40.16461" lon="-105.26957">
    <ele>1727.84</ele>
   </trkpt>
   <trkpt lat="40.16480000000001" lon="-105.26937000000001">
    <ele>1727.88</ele>
   </trkpt>
   <trkpt lat="40.16544000253758" lon="-105.26860000727477">
    <ele>1726.8100000000002</ele>
   </trkpt>
   <trkpt lat="40.16608" lon="-105.26783">
    <ele>1723.6000000000001</ele>
   </trkpt>
   <trkpt lat="40.16637" lon="-105.26756">
    <ele>1721.4600000000003</ele>
   </trkpt>
   <trkpt lat="40.167030000000004" lon="-105.26701000000001">
    <ele>1717.23</ele>
   </trkpt>
   <trkpt lat="40.16769750337096" lon="-105.26649751513376">
    <ele>1711.2200000000003</ele>
   </trkpt>
   <trkpt lat="40.16836500448242" lon="-105.26598502018804">
    <ele>1706.8400000000001</ele>
   </trkpt>
   <trkpt lat="40.1690325033343" lon="-105.26547251516239">
    <ele>1703.42</ele>
   </trkpt>
   <trkpt lat="40.169700000000006" lon="-105.26496">
    <ele>1702.29</ele>
   </trkpt>
   <trkpt lat="40.17037000828114" lon="-105.26434003058974">
    <ele>1702.7800000000002</ele>
   </trkpt>
   <trkpt lat="40.17104001325557" lon="-105.26372004893905">
    <ele>1704.76</ele>
   </trkpt>
   <trkpt lat="40.171710014923164" lon="-105.26310005504747">
    <ele>1706.0100000000002</ele>
   </trkpt>
   <trkpt lat="40.17238001328377" lon="-105.26248004891458">
    <ele>1705.3300000000002</ele>
   </trkpt>
   <trkpt lat="40.17305000833723" lon="-105.26186003053986">
    <ele>1702.53</ele>
   </trkpt>
   <trkpt lat="40.17372" lon="-105.26124000000002">
    <ele>1699.3400000000001</ele>
   </trkpt>
   <trkpt lat="40.174020000000006" lon="-105.26094">
    <ele>1697.5700000000002</ele>
   </trkpt>
   <trkpt lat="40.17434" lon="-105.26058">
    <ele>1693.38</ele>
   </trkpt>
   <trkpt lat="40.17467500100776" lon="-105.26008500251191">
    <ele>1690.7900000000002</ele>
   </trkpt>
   <trkpt lat="40.17501" lon="-105.25959">
    <ele>1687.03</ele>
   </trkpt>
   <trkpt lat="40.17550667213557" lon="-105.25879001177036">
    <ele>1682.91</ele>
   </trkpt>
   <trkpt lat="40.17600333876519" lon="-105.25799001183022">
    <ele>1681.4</ele>
   </trkpt>
   <trkpt lat="40.176500000000004" lon="-105.25719000000001">
    <ele>1681.8200000000002</ele>
   </trkpt>
   <trkpt lat="40.1769" lon="-105.2566">
    <ele>1682.26</ele>
   </trkpt>
   <trkpt lat="40.177245000823966" lon="-105.25615000234944">
    <ele>1682.46</ele>
   </trkpt>
   <trkpt lat="40.17759" lon="-105.2557">
    <ele>1682.0800000000002</ele>
   </trkpt>
   <trkpt lat="40.178050000000006" lon="-105.25516">
    <ele>1680.8</ele>
   </trkpt>
   <trkpt lat="40.17835" lon="-105.25489">
    <ele>1679.5000000000002</ele>
   </trkpt>
   <trkpt lat="40.178670000000004" lon="-105.25462">
    <ele>1678.93</ele>
   </trkpt>
   <trkpt lat="40.17931" lon="-105.25419000000001">
    <ele>1677.34</ele>
   </trkpt>
   <trkpt lat="40.17969" lon="-105.254">
    <ele>1676.2700000000002</ele>
   </trkpt>
   <trkpt lat="40.18041800109632" lon="-105.25375001072295">
    <ele>1674.9600000000003</ele>
   </trkpt>
   <trkpt lat="40.18114600165497" lon="-105.25350001608108">
    <ele>1675.07</ele>
   </trkpt>
   <trkpt lat="40.181874001675915" lon="-105.25325001607416">
    <ele>1676.16</ele>
   </trkpt>
   <trkpt lat="40.18260200115912" lon="-105.25300001070191">
    <ele>1677.7600000000002</ele>
   </trkpt>
   <trkpt lat="40.183330000000005" lon="-105.25275">
    <ele>1677.96</ele>
   </trkpt>
   <trkpt lat="40.18395" lon="-105.25261">
    <ele>1677.3600000000001</ele>
   </trkpt>
   <trkpt lat="40.18432000000001" lon="-105.25257">
    <ele>1676.91</ele>
   </trkpt>
   <trkpt lat="40.18508666667465" lon="-105.25255333370994">
    <ele>1675.95</ele>
   </trkpt>
   <trkpt lat="40.1858533333469" lon="-105.25253666704317">
    <ele>1674.7900000000002</ele>
   </trkpt>
   <trkpt lat="40.186620000000005" lon="-105.25252">
    <ele>1672.8400000000001</ele>
   </trkpt>
   <trkpt lat="40.18726" lon="-105.25243">
    <ele>1670.6100000000001</ele>
   </trkpt>
   <trkpt lat="40.187720000000006" lon="-105.25225">
    <ele>1667.72</ele>
   </trkpt>
   <trkpt lat="40.188250000000004" lon="-105.25199">
    <ele>1665.1000000000001</ele>
   </trkpt>
   <trkpt lat="40.18869999999161" lon="-105.25178500144627">
    <ele>1659.95</ele>
   </trkpt>
   <trkpt lat="40.189150000000005" lon="-105.25158">
    <ele>1658.39</ele>
   </trkpt>
   <trkpt lat="40.18909" lon="-105.25126">
    <ele>1656.2</ele>
   </trkpt>
   <trkpt lat="40.189" lon="-105.2506">
    <ele>1649.68</ele>
   </trkpt>
   <trkpt lat="40.18896" lon="-105.25019">
    <ele>1645.39</ele>
   </trkpt>
   <trkpt lat="40.18894" lon="-105.24976000000001">
    <ele>1642.9600000000003</ele>
   </trkpt>
   <trkpt lat="40.18893717515271" lon="-105.24864142829011">
    <ele>1638.0500000000002</ele>
   </trkpt>
   <trkpt lat="40.18893433954023" lon="-105.24752285667356">
    <ele>1634.65</ele>
   </trkpt>
   <trkpt lat="40.188931493162556" lon="-105.2464042851507">
    <ele>1631.94</ele>
   </trkpt>
   <trkpt lat="40.1889286360197" lon="-105.24528571372191">
    <ele>1631.14</ele>
   </trkpt>
   <trkpt lat="40.18892576811165" lon="-105.24416714238754">
    <ele>1624.2</ele>
   </trkpt>
   <trkpt lat="40.18892288943843" lon="-105.24304857114794">
    <ele>1618.15</ele>
   </trkpt>
   <trkpt lat="40.18892" lon="-105.24193000000001">
    <ele>1614.8200000000002</ele>
   </trkpt>
   <trkpt lat="40.188930005690715" lon="-105.24111666697613">
    <ele>1612.3200000000002</ele>
   </trkpt>
   <trkpt lat="40.18894000568986" lon="-105.24030333371233">
    <ele>1609.66</ele>
   </trkpt>
   <trkpt lat="40.188950000000006" lon="-105.23949">
    <ele>1607.41</ele>
   </trkpt>
   <trkpt lat="40.1889250056409" lon="-105.23834499962105">
    <ele>1604.13</ele>
   </trkpt>
   <trkpt lat="40.188900000000004" lon="-105.23720000000002">
    <ele>1601.79</ele>
   </trkpt>
   <trkpt lat="40.188860000000005" lon="-105.23673000000001">
    <ele>1601.5700000000002</ele>
   </trkpt>
   <trkpt lat="40.18885671359924" lon="-105.2355622217646">
    <ele>1599.89</ele>
   </trkpt>
   <trkpt lat="40.188853415465346" lon="-105.23439444364251">
    <ele>1598.81</ele>
   </trkpt>
   <trkpt lat="40.18885010559829" lon="-105.23322666563423">
    <ele>1597.29</ele>
   </trkpt>
   <trkpt lat="40.18884678399809" lon="-105.23205888774014">
    <ele>1595.5700000000002</ele>
   </trkpt>
   <trkpt lat="40.18884345066474" lon="-105.2308911099606">
    <ele>1593.42</ele>
   </trkpt>
   <trkpt lat="40.18884010559827" lon="-105.22972333229603">
    <ele>1592.27</ele>
   </trkpt>
   <trkpt lat="40.188836748798636" lon="-105.22855555474686">
    <ele>1590.94</ele>
   </trkpt>
   <trkpt lat="40.18883338026588" lon="-105.2273877773135">
    <ele>1589.66</ele>
   </trkpt>
   <trkpt lat="40.18883" lon="-105.22622000000001">
    <ele>1588.9</ele>
   </trkpt>
   <trkpt lat="40.18885" lon="-105.22606">
    <ele>1588.75</ele>
   </trkpt>
   <trkpt lat="40.18889" lon="-105.22592">
    <ele>1588.75</ele>
   </trkpt>
   <trkpt lat="40.189020000000006" lon="-105.22561">
    <ele>1588.5800000000002</ele>
   </trkpt>
   <trkpt lat="40.18918" lon="-105.22534">
    <ele>1588.3200000000002</ele>
   </trkpt>
   <trkpt lat="40.18945" lon="-105.22498">
    <ele>1587.8100000000002</ele>
   </trkpt>
   <trkpt lat="40.189550000000004" lon="-105.22467">
    <ele>1587.18</ele>
   </trkpt>
   <trkpt lat="40.18961251140373" lon="-105.22373000259708">
    <ele>1585.62</ele>
   </trkpt>
   <trkpt lat="40.18967501520506" lon="-105.22279000346155">
    <ele>1583.77</ele>
   </trkpt>
   <trkpt lat="40.189737511403976" lon="-105.22185000259361">
    <ele>1581.14</ele>
   </trkpt>
   <trkpt lat="40.189800000000005" lon="-105.22091">
    <ele>1577.08</ele>
   </trkpt>
   <trkpt lat="40.18979" lon="-105.22078">
    <ele>1576.3500000000001</ele>
   </trkpt>
   <trkpt lat="40.18968" lon="-105.22025000000001">
    <ele>1575.01</ele>
   </trkpt>
   <trkpt lat="40.18958000000001" lon="-105.22002">
    <ele>1574.7000000000003</ele>
   </trkpt>
   <trkpt lat="40.18924500191883" lon="-105.21934499658302">
    <ele>1573.47</ele>
   </trkpt>
   <trkpt lat="40.18891" lon="-105.21867">
    <ele>1572.88</ele>
   </trkpt>
   <trkpt lat="40.18883" lon="-105.2184">
    <ele>1573.0300000000002</ele>
   </trkpt>
   <trkpt lat="40.1888" lon="-105.21814">
    <ele>1573.0300000000002</ele>
   </trkpt>
   <trkpt lat="40.18880500483376" lon="-105.21708000005627">
    <ele>1573.17</ele>
   </trkpt>
   <trkpt lat="40.188810000000004" lon="-105.21602000000001">
    <ele>1572.72</ele>
   </trkpt>
   <trkpt lat="40.188808019774854" lon="-105.21494799986621">
    <ele>1571.17</ele>
   </trkpt>
   <trkpt lat="40.18880602966227" lon="-105.21387599979518">
    <ele>1570.3</ele>
   </trkpt>
   <trkpt lat="40.188804029662236" lon="-105.21280399978718">
    <ele>1569.6200000000001</ele>
   </trkpt>
   <trkpt lat="40.1888020197748" lon="-105.21173199984257">
    <ele>1569.18</ele>
   </trkpt>
   <trkpt lat="40.1888" lon="-105.21066">
    <ele>1568.7000000000003</ele>
   </trkpt>
   <trkpt lat="40.188790005065194" lon="-105.20957499993169">
    <ele>1567.9</ele>
   </trkpt>
   <trkpt lat="40.18878" lon="-105.20849000000001">
    <ele>1567.23</ele>
   </trkpt>
   <trkpt lat="40.1887790508482" lon="-105.20734399985136">
    <ele>1566.57</ele>
   </trkpt>
   <trkpt lat="40.18877809039679" lon="-105.20619799973501">
    <ele>1566.3</ele>
   </trkpt>
   <trkpt lat="40.18877711864578" lon="-105.20505199965129">
    <ele>1565.93</ele>
   </trkpt>
   <trkpt lat="40.188776135595184" lon="-105.2039059996006">
    <ele>1565.3100000000002</ele>
   </trkpt>
   <trkpt lat="40.188775141244975" lon="-105.20275999958331">
    <ele>1564.3500000000001</ele>
   </trkpt>
   <trkpt lat="40.188774135595175" lon="-105.20161399959983">
    <ele>1563.32</ele>
   </trkpt>
   <trkpt lat="40.188773118645784" lon="-105.20046799965051">
    <ele>1562.01</ele>
   </trkpt>
   <trkpt lat="40.188772090396796" lon="-105.19932199973576">
    <ele>1561.5500000000002</ele>
   </trkpt>
   <trkpt lat="40.18877105084821" lon="-105.19817599985592">
    <ele>1562.6200000000001</ele>
   </trkpt>
   <trkpt lat="40.188770000000005" lon="-105.19703000000001">
    <ele>1562.66</ele>
   </trkpt>
   <trkpt lat="40.18876448701773" lon="-105.19591777705023">
    <ele>1560.5900000000001</ele>
   </trkpt>
   <trkpt lat="40.1887589633921" lon="-105.19480555428144">
    <ele>1559.08</ele>
   </trkpt>
   <trkpt lat="40.18875342912317" lon="-105.19369333169396">
    <ele>1558.9</ele>
   </trkpt>
   <trkpt lat="40.188747884210905" lon="-105.19258110928816">
    <ele>1558.38</ele>
   </trkpt>
   <trkpt lat="40.18874232865534" lon="-105.19146888706439">
    <ele>1557.68</ele>
   </trkpt>
   <trkpt lat="40.18873676245645" lon="-105.19035666502297">
    <ele>1557.3000000000002</ele>
   </trkpt>
   <trkpt lat="40.188731185614266" lon="-105.1892444431643">
    <ele>1557.02</ele>
   </trkpt>
   <trkpt lat="40.188725598128784" lon="-105.18813222148869">
    <ele>1556.55</ele>
   </trkpt>
   <trkpt lat="40.18872" lon="-105.18702">
    <ele>1556.07</ele>
   </trkpt>
   <trkpt lat="40.18871668753586" lon="-105.18603499975117">
    <ele>1555.46</ele>
   </trkpt>
   <trkpt lat="40.18871336672403" lon="-105.18504999959863">
    <ele>1554.67</ele>
   </trkpt>
   <trkpt lat="40.188710037564505" lon="-105.1840649995427">
    <ele>1554.37</ele>
   </trkpt>
   <trkpt lat="40.18870670005731" lon="-105.18307999958357">
    <ele>1553.8500000000001</ele>
   </trkpt>
   <trkpt lat="40.18870335420243" lon="-105.1820949997215">
    <ele>1553.91</ele>
   </trkpt>
   <trkpt lat="40.188700000000004" lon="-105.18111">
    <ele>1553.98</ele>
   </trkpt>
   <trkpt lat="40.18864000000001" lon="-105.18062">
    <ele>1553.95</ele>
   </trkpt>
   <trkpt lat="40.188410000000005" lon="-105.18">
    <ele>1553.94</ele>
   </trkpt>
   <trkpt lat="40.18810000237934" lon="-105.1792549965751">
    <ele>1553.1800000000003</ele>
   </trkpt>
   <trkpt lat="40.18779000000001" lon="-105.17851">
    <ele>1551.46</ele>
   </trkpt>
   <trkpt lat="40.18775" lon="-105.17833">
    <ele>1551.5100000000002</ele>
   </trkpt>
   <trkpt lat="40.18773" lon="-105.17814000000001">
    <ele>1551.5100000000002</ele>
   </trkpt>
   <trkpt lat="40.18685583333234" lon="-105.17814500070878">
    <ele>1549.8600000000001</ele>
   </trkpt>
   <trkpt lat="40.18598166666446" lon="-105.17815000128866">
    <ele>1549.7800000000002</ele>
   </trkpt>
   <trkpt lat="40.18510749999637" lon="-105.17815500173965">
    <ele>1549.43</ele>
   </trkpt>
   <trkpt lat="40.18423333332804" lon="-105.17816000206177">
    <ele>1549.14</ele>
   </trkpt>
   <trkpt lat="40.18335916665952" lon="-105.17816500225503">
    <ele>1548.88</ele>
   </trkpt>
   <trkpt lat="40.182484999990784" lon="-105.17817000231943">
    <ele>1548.8000000000002</ele>
   </trkpt>
   <trkpt lat="40.18161083332183" lon="-105.17817500225496">
    <ele>1548.76</ele>
   </trkpt>
   <trkpt lat="40.18073666665265" lon="-105.17818000206167">
    <ele>1548.63</ele>
   </trkpt>
   <trkpt lat="40.179862499983265" lon="-105.17818500173952">
    <ele>1548.18</ele>
   </trkpt>
   <trkpt lat="40.17898833331366" lon="-105.17819000128854">
    <ele>1547.66</ele>
   </trkpt>
   <trkpt lat="40.17811416664385" lon="-105.17819500070875">
    <ele>1548.1</ele>
   </trkpt>
   <trkpt lat="40.177240000000005" lon="-105.1782">
    <ele>1548.95</ele>
   </trkpt>
   <trkpt lat="40.17659666668285" lon="-105.17821333358584">
    <ele>1549.4500000000003</ele>
   </trkpt>
   <trkpt lat="40.175953333364156" lon="-105.17822666691887">
    <ele>1550.73</ele>
   </trkpt>
   <trkpt lat="40.17531" lon="-105.17824">
    <ele>1551.26</ele>
   </trkpt>
   <trkpt lat="40.174774999729316" lon="-105.17822499987415">
    <ele>1551.0000000000002</ele>
   </trkpt>
   <trkpt lat="40.174240000000005" lon="-105.17821">
    <ele>1550.7900000000002</ele>
   </trkpt>
   <trkpt lat="40.173500000000004" lon="-105.17823000000001">
    <ele>1550.6000000000001</ele>
   </trkpt>
   <trkpt lat="40.17263199999571" lon="-105.17823400046046">
    <ele>1549.63</ele>
   </trkpt>
   <trkpt lat="40.17176399999127" lon="-105.17823800081855">
    <ele>1548.99</ele>
   </trkpt>
   <trkpt lat="40.17089599998669" lon="-105.17824200107435">
    <ele>1548.5700000000002</ele>
   </trkpt>
   <trkpt lat="40.17002799998199" lon="-105.1782460012278">
    <ele>1547.9600000000003</ele>
   </trkpt>
   <trkpt lat="40.16915999997714" lon="-105.17825000127897">
    <ele>1547.7800000000002</ele>
   </trkpt>
   <trkpt lat="40.16829199997215" lon="-105.1782540012278">
    <ele>1547.76</ele>
   </trkpt>
   <trkpt lat="40.16742399996703" lon="-105.17825800107435">
    <ele>1547.9600000000003</ele>
   </trkpt>
   <trkpt lat="40.166555999961766" lon="-105.1782620008186">
    <ele>1548.03</ele>
   </trkpt>
   <trkpt lat="40.16568799995637" lon="-105.17826600046057">
    <ele>1548.21</ele>
   </trkpt>
   <trkpt lat="40.164820000000006" lon="-105.17827000000001">
    <ele>1548.21</ele>
   </trkpt>
   <trkpt lat="40.16397099999523" lon="-105.1782730003377">
    <ele>1548.04</ele>
   </trkpt>
   <trkpt lat="40.16312199999038" lon="-105.17827600060029">
    <ele>1547.8</ele>
   </trkpt>
   <trkpt lat="40.16227299998544" lon="-105.1782790007879">
    <ele>1547.7500000000002</ele>
   </trkpt>
   <trkpt lat="40.16142399998044" lon="-105.17828200090042">
    <ele>1547.5400000000002</ele>
   </trkpt>
   <trkpt lat="40.160574999975346" lon="-105.17828500093795">
    <ele>1546.9400000000003</ele>
   </trkpt>
   <trkpt lat="40.15972599997019" lon="-105.17828800090044">
    <ele>1546.16</ele>
   </trkpt>
   <trkpt lat="40.15887699996495" lon="-105.17829100078791">
    <ele>1548.1</ele>
   </trkpt>
   <trkpt lat="40.15802799995964" lon="-105.17829400060033">
    <ele>1552.5700000000002</ele>
   </trkpt>
   <trkpt lat="40.15717899995425" lon="-105.17829700033776">
    <ele>1552.54</ele>
   </trkpt>
   <trkpt lat="40.156330000000004" lon="-105.17830000000001">
    <ele>1551.6000000000001</ele>
   </trkpt>
   <trkpt lat="40.155524000005926" lon="-105.17829399971521">
    <ele>1550.5900000000001</ele>
   </trkpt>
   <trkpt lat="40.15471800001154" lon="-105.17828799957282">
    <ele>1551.13</ele>
   </trkpt>
   <trkpt lat="40.15391200001685" lon="-105.17828199957289">
    <ele>1551.92</ele>
   </trkpt>
   <trkpt lat="40.15310600002185" lon="-105.17827599971535">
    <ele>1551.41</ele>
   </trkpt>
   <trkpt lat="40.152300000000004" lon="-105.17827000000001">
    <ele>1551.32</ele>
   </trkpt>
   <trkpt lat="40.15161666664577" lon="-105.17829000040317">
    <ele>1551.23</ele>
   </trkpt>
   <trkpt lat="40.15093333328812" lon="-105.17831000040387">
    <ele>1548.45</ele>
   </trkpt>
   <trkpt lat="40.15025" lon="-105.17833">
    <ele>1545.1200000000001</ele>
   </trkpt>
   <trkpt lat="40.14936214285631" lon="-105.17833357203543">
    <ele>1542.04</ele>
   </trkpt>
   <trkpt lat="40.1484742857125" lon="-105.17833714397747">
    <ele>1544.19</ele>
   </trkpt>
   <trkpt lat="40.1475864285686" lon="-105.17834071582617">
    <ele>1547.6900000000003</ele>
   </trkpt>
   <trkpt lat="40.14669857142458" lon="-105.17834428758145">
    <ele>1550.19</ele>
   </trkpt>
   <trkpt lat="40.14581071428046" lon="-105.17834785924337">
    <ele>1552.1</ele>
   </trkpt>
   <trkpt lat="40.14492285713621" lon="-105.17835143081196">
    <ele>1551.41</ele>
   </trkpt>
   <trkpt lat="40.14403499999187" lon="-105.17835500228716">
    <ele>1547.39</ele>
   </trkpt>
   <trkpt lat="40.14314714284742" lon="-105.17835857366902">
    <ele>1544.76</ele>
   </trkpt>
   <trkpt lat="40.14225928570285" lon="-105.17836214495752">
    <ele>1543.3300000000002</ele>
   </trkpt>
   <trkpt lat="40.14137142855817" lon="-105.1783657161527">
    <ele>1544.21</ele>
   </trkpt>
   <trkpt lat="40.14048357141339" lon="-105.17836928725454">
    <ele>1545.39</ele>
   </trkpt>
   <trkpt lat="40.139595714268495" lon="-105.17837285826305">
    <ele>1545.7800000000002</ele>
   </trkpt>
   <trkpt lat="40.13870785712349" lon="-105.17837642917823">
    <ele>1546.2</ele>
   </trkpt>
   <trkpt lat="40.137820000000005" lon="-105.17838">
    <ele>1546.9700000000003</ele>
   </trkpt>
   <trkpt lat="40.13718" lon="-105.17840000000001">
    <ele>1547.32</ele>
   </trkpt>
   <trkpt lat="40.13630666667769" lon="-105.1784033335475">
    <ele>1547.8100000000002</ele>
   </trkpt>
   <trkpt lat="40.135433333355266" lon="-105.1784066670093">
    <ele>1548.24</ele>
   </trkpt>
   <trkpt lat="40.134560000032764" lon="-105.17841000038543">
    <ele>1548.3200000000002</ele>
   </trkpt>
   <trkpt lat="40.13368666671016" lon="-105.17841333367588">
    <ele>1548.1100000000001</ele>
   </trkpt>
   <trkpt lat="40.13281333338746" lon="-105.17841666688065">
    <ele>1551.8400000000001</ele>
   </trkpt>
   <trkpt lat="40.13194" lon="-105.17842">
    <ele>1556.44</ele>
   </trkpt>
   <trkpt lat="40.13146000020909" lon="-105.17842500003314">
    <ele>1557.3600000000001</ele>
   </trkpt>
   <trkpt lat="40.13098" lon="-105.17843">
    <ele>1558.38</ele>
   </trkpt>
   <trkpt lat="40.130790000000005" lon="-105.17857000000001">
    <ele>1558.6000000000001</ele>
   </trkpt>
   <trkpt lat="40.13073" lon="-105.17869">
    <ele>1558.6000000000001</ele>
   </trkpt>
   <trkpt lat="40.13069" lon="-105.17883">
    <ele>1559.0700000000002</ele>
   </trkpt>
   <trkpt lat="40.130660000000006" lon="-105.17955">
    <ele>1559.8200000000002</ele>
   </trkpt>
   <trkpt lat="40.130590000000005" lon="-105.17981">
    <ele>1559.97</ele>
   </trkpt>
   <trkpt lat="40.130480000000006" lon="-105.17999">
    <ele>1560.2300000000002</ele>
   </trkpt>
   <trkpt lat="40.12985667130227" lon="-105.18072668021601">
    <ele>1560.99</ele>
   </trkpt>
   <trkpt lat="40.12923333793698" lon="-105.18146334692024">
    <ele>1561.47</ele>
   </trkpt>
   <trkpt lat="40.12861" lon="-105.18220000000001">
    <ele>1562.88</ele>
   </trkpt>
   <trkpt lat="40.12823500080029" lon="-105.18262500231805">
    <ele>1563.38</ele>
   </trkpt>
   <trkpt lat="40.127860000000005" lon="-105.18305000000001">
    <ele>1564.31</ele>
   </trkpt>
   <trkpt lat="40.12771" lon="-105.18318000000001">
    <ele>1564.65</ele>
   </trkpt>
   <trkpt lat="40.127390000000005" lon="-105.1833">
    <ele>1564.7900000000002</ele>
   </trkpt>
   <trkpt lat="40.12709" lon="-105.18329000000001">
    <ele>1564.5700000000002</ele>
   </trkpt>
   <trkpt lat="40.12626249997797" lon="-105.18327499945178">
    <ele>1564.22</ele>
   </trkpt>
   <trkpt lat="40.12543499995399" lon="-105.18325999926874">
    <ele>1564.6200000000001</ele>
   </trkpt>
   <trkpt lat="40.124607499928075" lon="-105.18324499945089">
    <ele>1564.8600000000001</ele>
   </trkpt>
   <trkpt lat="40.123780000000004" lon="-105.18323000000001">
    <ele>1564.45</ele>
   </trkpt>
   <trkpt lat="40.122883999999345" lon="-105.1832289998814">
    <ele>1556.0800000000002</ele>
   </trkpt>
   <trkpt lat="40.12198799999869" lon="-105.18322799978915">
    <ele>1549.68</ele>
   </trkpt>
   <trkpt lat="40.12109199999802" lon="-105.18322699972327">
    <ele>1548.37</ele>
   </trkpt>
   <trkpt lat="40.120195999997335" lon="-105.18322599968373">
    <ele>1549.6000000000001</ele>
   </trkpt>
   <trkpt lat="40.119299999996656" lon="-105.18322499967056">
    <ele>1550.51</ele>
   </trkpt>
   <trkpt lat="40.11840399999595" lon="-105.18322399968373">
    <ele>1550.88</ele>
   </trkpt>
   <trkpt lat="40.11750799999524" lon="-105.18322299972328">
    <ele>1550.92</ele>
   </trkpt>
   <trkpt lat="40.116611999994525" lon="-105.18322199978917">
    <ele>1550.89</ele>
   </trkpt>
   <trkpt lat="40.11571599999381" lon="-105.18322099988141">
    <ele>1550.8000000000002</ele>
   </trkpt>
   <trkpt lat="40.11482" lon="-105.18322">
    <ele>1551.47</ele>
   </trkpt>
   <trkpt lat="40.114053333352246" lon="-105.18323000022524">
    <ele>1551.9</ele>
   </trkpt>
   <trkpt lat="40.11328666670363" lon="-105.183240000225">
    <ele>1552.63</ele>
   </trkpt>
   <trkpt lat="40.11252" lon="-105.18325000000002">
    <ele>1553.3400000000001</ele>
   </trkpt>
   <trkpt lat="40.11163300000556" lon="-105.18323899870896">
    <ele>1554.0600000000002</ele>
   </trkpt>
   <trkpt lat="40.110746000010074" lon="-105.18322799770486">
    <ele>1555.02</ele>
   </trkpt>
   <trkpt lat="40.10985900001356" lon="-105.18321699698767">
    <ele>1555.6100000000001</ele>
   </trkpt>
   <trkpt lat="40.10897200001599" lon="-105.18320599655742">
    <ele>1556.19</ele>
   </trkpt>
   <trkpt lat="40.10808500001738" lon="-105.18319499641406">
    <ele>1556.75</ele>
   </trkpt>
   <trkpt lat="40.10719800001774" lon="-105.18318399655757">
    <ele>1556.9</ele>
   </trkpt>
   <trkpt lat="40.10631100001706" lon="-105.18317299698795">
    <ele>1557.6200000000001</ele>
   </trkpt>
   <trkpt lat="40.105424000015326" lon="-105.18316199770518">
    <ele>1559.0100000000002</ele>
   </trkpt>
   <trkpt lat="40.104537000012556" lon="-105.18315099870924">
    <ele>1559.93</ele>
   </trkpt>
   <trkpt lat="40.10365" lon="-105.18314000000001">
    <ele>1560.6700000000003</ele>
   </trkpt>
   <trkpt lat="40.10297999985487" lon="-105.18312499984901">
    <ele>1561.13</ele>
   </trkpt>
   <trkpt lat="40.10231" lon="-105.18311000000001">
    <ele>1561.74</ele>
   </trkpt>
   <trkpt lat="40.10173" lon="-105.18312">
    <ele>1562.15</ele>
   </trkpt>
   <trkpt lat="40.10172000181346" lon="-105.18377000030095">
    <ele>1561.66</ele>
   </trkpt>
   <trkpt lat="40.101710000000004" lon="-105.18442">
    <ele>1561.53</ele>
   </trkpt>
   <trkpt lat="40.10165000000001" lon="-105.1847">
    <ele>1561.53</ele>
   </trkpt>
   <trkpt lat="40.10155" lon="-105.18491">
    <ele>1561.49</ele>
   </trkpt>
   <trkpt lat="40.101470000000006" lon="-105.18505">
    <ele>1561.49</ele>
   </trkpt>
   <trkpt lat="40.10079333836458" lon="-105.18581668194238">
    <ele>1561.69</ele>
   </trkpt>
   <trkpt lat="40.10011667167455" lon="-105.18658334863525">
    <ele>1562.22</ele>
   </trkpt>
   <trkpt lat="40.09944" lon="-105.18735000000001">
    <ele>1563.67</ele>
   </trkpt>
   <trkpt lat="40.09913" lon="-105.18764">
    <ele>1565.2800000000002</ele>
   </trkpt>
   <trkpt lat="40.099030000000006" lon="-105.1877">
    <ele>1565.2800000000002</ele>
   </trkpt>
   <trkpt lat="40.098760000000006" lon="-105.18778">
    <ele>1565.76</ele>
   </trkpt>
   <trkpt lat="40.097964999999895" lon="-105.18778250008762">
    <ele>1566.3200000000002</ele>
   </trkpt>
   <trkpt lat="40.09716999999972" lon="-105.18778500011682">
    <ele>1567.0100000000002</ele>
   </trkpt>
   <trkpt lat="40.096374999999504" lon="-105.18778750008762">
    <ele>1567.53</ele>
   </trkpt>
   <trkpt lat="40.095580000000005" lon="-105.18779">
    <ele>1567.46</ele>
   </trkpt>
   <trkpt lat="40.09497000005947" lon="-105.18782500031064">
    <ele>1567.5500000000002</ele>
   </trkpt>
   <trkpt lat="40.09436" lon="-105.18786000000001">
    <ele>1568.72</ele>
   </trkpt>
   <trkpt lat="40.094362779124914" lon="-105.18895818137216">
    <ele>1568.7700000000002</ele>
   </trkpt>
   <trkpt lat="40.094365547879384" lon="-105.1900563628338">
    <ele>1569.5400000000002</ele>
   </trkpt>
   <trkpt lat="40.09436830626342" lon="-105.19115454438466">
    <ele>1570.5900000000001</ele>
   </trkpt>
   <trkpt lat="40.09437105427702" lon="-105.19225272602435">
    <ele>1571.74</ele>
   </trkpt>
   <trkpt lat="40.09437379192019" lon="-105.1933509077526">
    <ele>1572.5800000000002</ele>
   </trkpt>
   <trkpt lat="40.09437651919292" lon="-105.194449089569">
    <ele>1573.13</ele>
   </trkpt>
   <trkpt lat="40.09437923609521" lon="-105.19554727147329">
    <ele>1573.92</ele>
   </trkpt>
   <trkpt lat="40.09438194262705" lon="-105.19664545346505">
    <ele>1574.81</ele>
   </trkpt>
   <trkpt lat="40.09438463878845" lon="-105.19774363554401">
    <ele>1575.8400000000001</ele>
   </trkpt>
   <trkpt lat="40.09438732457941" lon="-105.19884181770983">
    <ele>1576.99</ele>
   </trkpt>
   <trkpt lat="40.094390000000004" lon="-105.19994000000001">
    <ele>1577.7500000000002</ele>
   </trkpt>
   <trkpt lat="40.09440000198974" lon="-105.20062000001136">
    <ele>1578.42</ele>
   </trkpt>
   <trkpt lat="40.09441" lon="-105.2013">
    <ele>1579.18</ele>
   </trkpt>
   <trkpt lat="40.09440000198646" lon="-105.2019800002112">
    <ele>1579.96</ele>
   </trkpt>
   <trkpt lat="40.094390000000004" lon="-105.20266000000001">
    <ele>1580.4</ele>
   </trkpt>
   <trkpt lat="40.094392514424456" lon="-105.20371749986143">
    <ele>1581.3000000000002</ele>
   </trkpt>
   <trkpt lat="40.094395019232564" lon="-105.20477499980083">
    <ele>1581.92</ele>
   </trkpt>
   <trkpt lat="40.09439751442435" lon="-105.20583249981796">
    <ele>1582.57</ele>
   </trkpt>
   <trkpt lat="40.0944" lon="-105.20689000000002">
    <ele>1584.39</ele>
   </trkpt>
   <trkpt lat="40.0944" lon="-105.2069">
    <ele>1584.4</ele>
   </trkpt>
   <trkpt lat="40.09354899999759" lon="-105.20690100011252">
    <ele>1584.57</ele>
   </trkpt>
   <trkpt lat="40.09269799999517" lon="-105.20690200020006">
    <ele>1584.7300000000002</ele>
   </trkpt>
   <trkpt lat="40.09184699999273" lon="-105.20690300026259">
    <ele>1584.57</ele>
   </trkpt>
   <trkpt lat="40.09099599999029" lon="-105.20690400030009">
    <ele>1584.47</ele>
   </trkpt>
   <trkpt lat="40.09014499998785" lon="-105.2069050003126">
    <ele>1584.2900000000002</ele>
   </trkpt>
   <trkpt lat="40.089293999985394" lon="-105.20690600030008">
    <ele>1584.0200000000002</ele>
   </trkpt>
   <trkpt lat="40.08844299998293" lon="-105.20690700026259">
    <ele>1583.67</ele>
   </trkpt>
   <trkpt lat="40.08759199998047" lon="-105.20690800020006">
    <ele>1583.66</ele>
   </trkpt>
   <trkpt lat="40.086740999977984" lon="-105.20690900011256">
    <ele>1583.6000000000001</ele>
   </trkpt>
   <trkpt lat="40.085890000000006" lon="-105.20691000000001">
    <ele>1583.13</ele>
   </trkpt>
   <trkpt lat="40.08504200000231" lon="-105.20690499943952">
    <ele>1582.68</ele>
   </trkpt>
   <trkpt lat="40.0841940000044" lon="-105.20689999900357">
    <ele>1579.98</ele>
   </trkpt>
   <trkpt lat="40.08334600000627" lon="-105.2068949986922">
    <ele>1577.18</ele>
   </trkpt>
   <trkpt lat="40.08249800000793" lon="-105.20688999850542">
    <ele>1575.8400000000001</ele>
   </trkpt>
   <trkpt lat="40.08165000000938" lon="-105.20688499844317">
    <ele>1573.64</ele>
   </trkpt>
   <trkpt lat="40.08080200001061" lon="-105.2068799985055">
    <ele>1568.47</ele>
   </trkpt>
   <trkpt lat="40.07995400001162" lon="-105.20687499869233">
    <ele>1566.8500000000001</ele>
   </trkpt>
   <trkpt lat="40.07910600001243" lon="-105.20686999900373">
    <ele>1568.6000000000001</ele>
   </trkpt>
   <trkpt lat="40.07825800001301" lon="-105.20686499943965">
    <ele>1572.6100000000001</ele>
   </trkpt>
   <trkpt lat="40.07741" lon="-105.20686">
    <ele>1577.5100000000002</ele>
   </trkpt>
   <trkpt lat="40.07663000003067" lon="-105.20691000057144">
    <ele>1579.35</ele>
   </trkpt>
   <trkpt lat="40.07585" lon="-105.20696000000001">
    <ele>1578.1100000000001</ele>
   </trkpt>
   <trkpt lat="40.075230000000005" lon="-105.20716">
    <ele>1575.66</ele>
   </trkpt>
   <trkpt lat="40.075010000000006" lon="-105.2073">
    <ele>1575.3600000000001</ele>
   </trkpt>
   <trkpt lat="40.074650000000005" lon="-105.20761">
    <ele>1574.98</ele>
   </trkpt>
   <trkpt lat="40.07443000000001" lon="-105.20774000000002">
    <ele>1574.92</ele>
   </trkpt>
   <trkpt lat="40.07388" lon="-105.20821000000001">
    <ele>1573.77</ele>
   </trkpt>
   <trkpt lat="40.07322500100892" lon="-105.20872000498994">
    <ele>1573.38</ele>
   </trkpt>
   <trkpt lat="40.072570000000006" lon="-105.20923">
    <ele>1573.38</ele>
   </trkpt>
   <trkpt lat="40.07224" lon="-105.20951000000001">
    <ele>1573.5700000000002</ele>
   </trkpt>
   <trkpt lat="40.07155" lon="-105.21021">
    <ele>1574.16</ele>
   </trkpt>
   <trkpt lat="40.070972505161244" lon="-105.21084251608643">
    <ele>1574.7900000000002</ele>
   </trkpt>
   <trkpt lat="40.07039500688276" lon="-105.21147502144706">
    <ele>1575.15</ele>
   </trkpt>
   <trkpt lat="40.0698175051647" lon="-105.21210751608217">
    <ele>1575.4</ele>
   </trkpt>
   <trkpt lat="40.06924" lon="-105.21274000000001">
    <ele>1576.15</ele>
   </trkpt>
   <trkpt lat="40.069675002096794" lon="-105.21344499543306">
    <ele>1574.9400000000003</ele>
   </trkpt>
   <trkpt lat="40.07011000000001" lon="-105.21415">
    <ele>1575.68</ele>
   </trkpt>
   <trkpt lat="40.069990000000004" lon="-105.21433">
    <ele>1575.23</ele>
   </trkpt>
   <trkpt lat="40.069860000000006" lon="-105.2146">
    <ele>1575.23</ele>
   </trkpt>
   <trkpt lat="40.06978" lon="-105.21488000000001">
    <ele>1575.5500000000002</ele>
   </trkpt>
   <trkpt lat="40.06974001133473" lon="-105.21581750165582">
    <ele>1576.63</ele>
   </trkpt>
   <trkpt lat="40.069700015112836" lon="-105.21675500221077">
    <ele>1578.9</ele>
   </trkpt>
   <trkpt lat="40.069660011334335" lon="-105.2176925016646">
    <ele>1580.27</ele>
   </trkpt>
   <trkpt lat="40.06962" lon="-105.21863">
    <ele>1583.3300000000002</ele>
   </trkpt>
   <trkpt lat="40.069750000000006" lon="-105.2197">
    <ele>1584.4900000000002</ele>
   </trkpt>
   <trkpt lat="40.0698" lon="-105.22035000000001">
    <ele>1585.38</ele>
   </trkpt>
   <trkpt lat="40.069630000000004" lon="-105.22073">
    <ele>1586.0800000000002</ele>
   </trkpt>
   <trkpt lat="40.06958" lon="-105.22088000000001">
    <ele>1586.4900000000002</ele>
   </trkpt>
   <trkpt lat="40.069590000000005" lon="-105.22127">
    <ele>1586.65</ele>
   </trkpt>
   <trkpt lat="40.06962" lon="-105.22154">
    <ele>1586.8200000000002</ele>
   </trkpt>
   <trkpt lat="40.0698" lon="-105.22198">
    <ele>1587.3400000000001</ele>
   </trkpt>
   <trkpt lat="40.06987" lon="-105.22209000000001">
    <ele>1587.3400000000001</ele>
   </trkpt>
  </trkseg>
 </trk>
</gpx>
