<?xml version="1.0" encoding="UTF-8"?>
<gpx creator="StravaGPX" version="1.1" xmlns="http://www.topografix.com/GPX/1/1" xmlns:xsi="http://www.w3.org/2001/XMLSchema-instance" xsi:schemaLocation="http://www.topografix.com/GPX/1/1 http://www.topografix.com/GPX/1/1/gpx.xsd">
 <metadata>
  <name>IRONMAN 70.3 Philippines - Bike Course</name>
  <author>
   <name>IRONMAN Asia Admin</name>
   <link href="https://www.strava.com/athletes/152519535"/>
  </author>
  <copyright author="OpenStreetMap contributors">
   <year>2020</year>
   <license>https://www.openstreetmap.org/copyright</license>
  </copyright>
  <link href="https://www.strava.com/routes/3327296264648258232"/>
 </metadata>
 <trk>
  <name>IRONMAN 70.3 Philippines - Bike Course</name>
  <link href="https://www.strava.com/routes/3327296264648258232"/>
  <type>cycling</type>
  <trkseg>
   <trkpt lat="10.305340000000001" lon="124.02012">
    <ele>8.219999999999999</ele>
   </trkpt>
   <trkpt lat="10.305750000000002" lon="124.01956000000001">
    <ele>8.520000000000001</ele>
   </trkpt>
   <trkpt lat="10.30601" lon="124.01912000000002">
    <ele>8.820000000000002</ele>
   </trkpt>
   <trkpt lat="10.306030000000002" lon="124.019">
    <ele>8.820000000000002</ele>
   </trkpt>
   <trkpt lat="10.305990000000001" lon="124.01883000000001">
    <ele>8.820000000000002</ele>
   </trkpt>
   <trkpt lat="10.305860000000001" lon="124.01869">
    <ele>9.06</ele>
   </trkpt>
   <trkpt lat="10.30565" lon="124.01852000000001">
    <ele>9.06</ele>
   </trkpt>
   <trkpt lat="10.305610000000001" lon="124.01843000000001">
    <ele>9.82</ele>
   </trkpt>
   <trkpt lat="10.3056" lon="124.01829000000001">
    <ele>9.92</ele>
   </trkpt>
   <trkpt lat="10.305800000000001" lon="124.01787000000002">
    <ele>10.09</ele>
   </trkpt>
   <trkpt lat="10.306000000000001" lon="124.0173">
    <ele>10.910000000000002</ele>
   </trkpt>
   <trkpt lat="10.306030000000002" lon="124.01712">
    <ele>11.06</ele>
   </trkpt>
   <trkpt lat="10.306320000000001" lon="124.01644000000002">
    <ele>10.700000000000001</ele>
   </trkpt>
   <trkpt lat="10.30661000027432" lon="124.01608500022795">
    <ele>10.610000000000001</ele>
   </trkpt>
   <trkpt lat="10.3069" lon="124.01573">
    <ele>10.650000000000002</ele>
   </trkpt>
   <trkpt lat="10.30729" lon="124.01535000000001">
    <ele>9.92</ele>
   </trkpt>
   <trkpt lat="10.30766" lon="124.01486000000001">
    <ele>8.610000000000001</ele>
   </trkpt>
   <trkpt lat="10.30789" lon="124.01429000000002">
    <ele>8.38</ele>
   </trkpt>
   <trkpt lat="10.30799" lon="124.01382000000001">
    <ele>7.470000000000001</ele>
   </trkpt>
   <trkpt lat="10.308010000000001" lon="124.01355000000001">
    <ele>7.34</ele>
   </trkpt>
   <trkpt lat="10.30807" lon="124.01335000000002">
    <ele>7.280000000000001</ele>
   </trkpt>
   <trkpt lat="10.308060000000001" lon="124.01307000000001">
    <ele>7.300000000000001</ele>
   </trkpt>
   <trkpt lat="10.307960000000001" lon="124.01245000000002">
    <ele>7.450000000000001</ele>
   </trkpt>
   <trkpt lat="10.30798" lon="124.01224">
    <ele>7.490000000000001</ele>
   </trkpt>
   <trkpt lat="10.30821" lon="124.01137000000001">
    <ele>7.5600000000000005</ele>
   </trkpt>
   <trkpt lat="10.308300000000001" lon="124.01136000000001">
    <ele>7.57</ele>
   </trkpt>
   <trkpt lat="10.308380000000001" lon="124.0113">
    <ele>7.5200000000000005</ele>
   </trkpt>
   <trkpt lat="10.3084" lon="124.01121">
    <ele>7.5200000000000005</ele>
   </trkpt>
   <trkpt lat="10.30837" lon="124.01112">
    <ele>7.430000000000001</ele>
   </trkpt>
   <trkpt lat="10.308330000000002" lon="124.01109000000001">
    <ele>7.430000000000001</ele>
   </trkpt>
   <trkpt lat="10.30851" lon="124.01071">
    <ele>7.260000000000001</ele>
   </trkpt>
   <trkpt lat="10.30812" lon="124.01055000000001">
    <ele>7.78</ele>
   </trkpt>
   <trkpt lat="10.307690000000001" lon="124.01032000000001">
    <ele>8.58</ele>
   </trkpt>
   <trkpt lat="10.30729" lon="124.01002000000001">
    <ele>8.990000000000002</ele>
   </trkpt>
   <trkpt lat="10.306755000130451" lon="124.00965999934255">
    <ele>9.02</ele>
   </trkpt>
   <trkpt lat="10.306220000000001" lon="124.00930000000001">
    <ele>9.260000000000002</ele>
   </trkpt>
   <trkpt lat="10.305710000000001" lon="124.00893">
    <ele>9.35</ele>
   </trkpt>
   <trkpt lat="10.305196667606227" lon="124.00837666486287">
    <ele>10.15</ele>
   </trkpt>
   <trkpt lat="10.304683334271902" lon="124.0078233315285">
    <ele>10.46</ele>
   </trkpt>
   <trkpt lat="10.304170000000001" lon="124.00727">
    <ele>10.59</ele>
   </trkpt>
   <trkpt lat="10.303730000654536" lon="124.00680666536786">
    <ele>10.75</ele>
   </trkpt>
   <trkpt lat="10.303290000649694" lon="124.00634333202946">
    <ele>10.67</ele>
   </trkpt>
   <trkpt lat="10.302850000000001" lon="124.00588">
    <ele>10.610000000000001</ele>
   </trkpt>
   <trkpt lat="10.30259" lon="124.00564000000001">
    <ele>10.24</ele>
   </trkpt>
   <trkpt lat="10.301995000438996" lon="124.00519999927427">
    <ele>10.16</ele>
   </trkpt>
   <trkpt lat="10.301400000000001" lon="124.00476">
    <ele>10.71</ele>
   </trkpt>
   <trkpt lat="10.30086" lon="124.00421000000001">
    <ele>11.39</ele>
   </trkpt>
   <trkpt lat="10.300550000000001" lon="124.00394000000001">
    <ele>11.410000000000002</ele>
   </trkpt>
   <trkpt lat="10.300170000000001" lon="124.00369">
    <ele>11.240000000000002</ele>
   </trkpt>
   <trkpt lat="10.299555000009482" lon="124.00346499953615">
    <ele>11.250000000000002</ele>
   </trkpt>
   <trkpt lat="10.29894" lon="124.00324">
    <ele>11.32</ele>
   </trkpt>
   <trkpt lat="10.29856" lon="124.00305000000002">
    <ele>11.520000000000001</ele>
   </trkpt>
   <trkpt lat="10.298110000000001" lon="124.00265000000002">
    <ele>12.110000000000001</ele>
   </trkpt>
   <trkpt lat="10.29772" lon="124.00228000000001">
    <ele>12.3</ele>
   </trkpt>
   <trkpt lat="10.29738" lon="124.00188000000001">
    <ele>12.46</ele>
   </trkpt>
   <trkpt lat="10.297085000252093" lon="124.00146999960829">
    <ele>12.33</ele>
   </trkpt>
   <trkpt lat="10.296790000000001" lon="124.00106000000001">
    <ele>12.46</ele>
   </trkpt>
   <trkpt lat="10.296340000668916" lon="124.00039999905893">
    <ele>12.280000000000001</ele>
   </trkpt>
   <trkpt lat="10.29589" lon="123.99974000000002">
    <ele>12.620000000000001</ele>
   </trkpt>
   <trkpt lat="10.29569" lon="123.99953000000001">
    <ele>12.98</ele>
   </trkpt>
   <trkpt lat="10.29532" lon="123.99923000000001">
    <ele>12.950000000000001</ele>
   </trkpt>
   <trkpt lat="10.294820000120678" lon="123.99888999942253">
    <ele>12.280000000000001</ele>
   </trkpt>
   <trkpt lat="10.29432" lon="123.99855000000001">
    <ele>12.3</ele>
   </trkpt>
   <trkpt lat="10.294120000000001" lon="123.99845">
    <ele>12.280000000000001</ele>
   </trkpt>
   <trkpt lat="10.29381" lon="123.99833000000001">
    <ele>12.07</ele>
   </trkpt>
   <trkpt lat="10.29348" lon="123.99828000000001">
    <ele>11.930000000000001</ele>
   </trkpt>
   <trkpt lat="10.292777500004075" lon="123.99831250021715">
    <ele>12.22</ele>
   </trkpt>
   <trkpt lat="10.292075000004909" lon="123.99834500028952">
    <ele>12.23</ele>
   </trkpt>
   <trkpt lat="10.2913725000025" lon="123.9983775002172">
    <ele>11.860000000000001</ele>
   </trkpt>
   <trkpt lat="10.29067" lon="123.99841">
    <ele>11.36</ele>
   </trkpt>
   <trkpt lat="10.29038" lon="123.99844000000002">
    <ele>11.070000000000002</ele>
   </trkpt>
   <trkpt lat="10.29015" lon="123.99849">
    <ele>11.070000000000002</ele>
   </trkpt>
   <trkpt lat="10.28987" lon="123.99861000000001">
    <ele>10.88</ele>
   </trkpt>
   <trkpt lat="10.289520000000001" lon="123.99880000000002">
    <ele>10.46</ele>
   </trkpt>
   <trkpt lat="10.288870000000001" lon="123.99927000000001">
    <ele>10.110000000000001</ele>
   </trkpt>
   <trkpt lat="10.28856" lon="123.99944">
    <ele>9.83</ele>
   </trkpt>
   <trkpt lat="10.288350000000001" lon="123.99945000000001">
    <ele>9.57</ele>
   </trkpt>
   <trkpt lat="10.28818" lon="123.99944">
    <ele>9.38</ele>
   </trkpt>
   <trkpt lat="10.288060000000002" lon="123.99941000000001">
    <ele>9.21</ele>
   </trkpt>
   <trkpt lat="10.28781" lon="123.99929000000002">
    <ele>8.89</ele>
   </trkpt>
   <trkpt lat="10.287385000360281" lon="123.9988249994054">
    <ele>8.23</ele>
   </trkpt>
   <trkpt lat="10.28696" lon="123.99836">
    <ele>8.48</ele>
   </trkpt>
   <trkpt lat="10.286495001233314" lon="123.99783999769063">
    <ele>8.84</ele>
   </trkpt>
   <trkpt lat="10.286030001637432" lon="123.99731999691313">
    <ele>9.01</ele>
   </trkpt>
   <trkpt lat="10.285565001212388" lon="123.99679999766737">
    <ele>8.4</ele>
   </trkpt>
   <trkpt lat="10.285100000000002" lon="123.99628000000001">
    <ele>7.95</ele>
   </trkpt>
   <trkpt lat="10.28485" lon="123.99588000000001">
    <ele>7.61</ele>
   </trkpt>
   <trkpt lat="10.284640000000001" lon="123.99543000000001">
    <ele>7.29</ele>
   </trkpt>
   <trkpt lat="10.284450000000001" lon="123.99509">
    <ele>7.220000000000001</ele>
   </trkpt>
   <trkpt lat="10.2843" lon="123.99487">
    <ele>7.2</ele>
   </trkpt>
   <trkpt lat="10.284020000000002" lon="123.99456">
    <ele>7.33</ele>
   </trkpt>
   <trkpt lat="10.28350500098683" lon="123.99409249769637">
    <ele>7.48</ele>
   </trkpt>
   <trkpt lat="10.28299000130363" lon="123.99362499691756">
    <ele>7.92</ele>
   </trkpt>
   <trkpt lat="10.282475000950436" lon="123.99315749766347">
    <ele>7.640000000000001</ele>
   </trkpt>
   <trkpt lat="10.281960000000002" lon="123.99269000000001">
    <ele>7.470000000000001</ele>
   </trkpt>
   <trkpt lat="10.28179" lon="123.99247000000001">
    <ele>7.3100000000000005</ele>
   </trkpt>
   <trkpt lat="10.28162" lon="123.99220000000001">
    <ele>7.220000000000001</ele>
   </trkpt>
   <trkpt lat="10.28124600271697" lon="123.99153399684229">
    <ele>7.23</ele>
   </trkpt>
   <trkpt lat="10.280872004074402" lon="123.99086799526174">
    <ele>7.320000000000001</ele>
   </trkpt>
   <trkpt lat="10.28049800407236" lon="123.99020199525823">
    <ele>7.9</ele>
   </trkpt>
   <trkpt lat="10.280124002710895" lon="123.98953599683178">
    <ele>8.020000000000001</ele>
   </trkpt>
   <trkpt lat="10.279750000000002" lon="123.98887">
    <ele>9.62</ele>
   </trkpt>
   <trkpt lat="10.279388002666261" lon="123.98820999696876">
    <ele>10.780000000000001</ele>
   </trkpt>
   <trkpt lat="10.279026003997604" lon="123.98754999545007">
    <ele>12.08</ele>
   </trkpt>
   <trkpt lat="10.278664003994086" lon="123.98688999544378">
    <ele>12.520000000000001</ele>
   </trkpt>
   <trkpt lat="10.278302002655758" lon="123.98622999694993">
    <ele>12.68</ele>
   </trkpt>
   <trkpt lat="10.277940000000001" lon="123.98557000000001">
    <ele>13.05</ele>
   </trkpt>
   <trkpt lat="10.277525002551668" lon="123.98482499706626">
    <ele>13.13</ele>
   </trkpt>
   <trkpt lat="10.277110003402735" lon="123.98407999608936">
    <ele>12.85</ele>
   </trkpt>
   <trkpt lat="10.276695002553277" lon="123.98333499706933">
    <ele>12.24</ele>
   </trkpt>
   <trkpt lat="10.276280000000002" lon="123.98259000000002">
    <ele>11.09</ele>
   </trkpt>
   <trkpt lat="10.276150000000001" lon="123.98233">
    <ele>10.93</ele>
   </trkpt>
   <trkpt lat="10.27608" lon="123.98207000000001">
    <ele>11.06</ele>
   </trkpt>
   <trkpt lat="10.27603" lon="123.98174000000002">
    <ele>11.430000000000001</ele>
   </trkpt>
   <trkpt lat="10.276060000000001" lon="123.98157">
    <ele>11.430000000000001</ele>
   </trkpt>
   <trkpt lat="10.276420000000002" lon="123.98077">
    <ele>12.05</ele>
   </trkpt>
   <trkpt lat="10.27659" lon="123.98035000000002">
    <ele>12.48</ele>
   </trkpt>
   <trkpt lat="10.27665" lon="123.98001000000001">
    <ele>13.01</ele>
   </trkpt>
   <trkpt lat="10.276670000000001" lon="123.97971000000001">
    <ele>13.23</ele>
   </trkpt>
   <trkpt lat="10.276620000000001" lon="123.97931000000001">
    <ele>13.18</ele>
   </trkpt>
   <trkpt lat="10.276470001196634" lon="123.97868333271126">
    <ele>12.89</ele>
   </trkpt>
   <trkpt lat="10.276320001190124" lon="123.97805666601744">
    <ele>12.51</ele>
   </trkpt>
   <trkpt lat="10.27617" lon="123.97743000000001">
    <ele>11.950000000000001</ele>
   </trkpt>
   <trkpt lat="10.27608" lon="123.97721000000001">
    <ele>11.950000000000001</ele>
   </trkpt>
   <trkpt lat="10.275700000566312" lon="123.97657999917348">
    <ele>11.47</ele>
   </trkpt>
   <trkpt lat="10.27532" lon="123.97595000000001">
    <ele>11.170000000000002</ele>
   </trkpt>
   <trkpt lat="10.274880000000001" lon="123.97525000000002">
    <ele>10.85</ele>
   </trkpt>
   <trkpt lat="10.274570000292407" lon="123.97479499951756">
    <ele>10.650000000000002</ele>
   </trkpt>
   <trkpt lat="10.274260000000002" lon="123.97434000000001">
    <ele>10.650000000000002</ele>
   </trkpt>
   <trkpt lat="10.274040000000001" lon="123.97397000000001">
    <ele>10.55</ele>
   </trkpt>
   <trkpt lat="10.27396" lon="123.97389000000001">
    <ele>10.55</ele>
   </trkpt>
   <trkpt lat="10.273585000347802" lon="123.97337499930889">
    <ele>10.49</ele>
   </trkpt>
   <trkpt lat="10.27321" lon="123.97286000000001">
    <ele>10.39</ele>
   </trkpt>
   <trkpt lat="10.27297" lon="123.97249000000001">
    <ele>10.33</ele>
   </trkpt>
   <trkpt lat="10.272760000000002" lon="123.97213">
    <ele>10.290000000000001</ele>
   </trkpt>
   <trkpt lat="10.272385000785853" lon="123.97140999913069">
    <ele>10.17</ele>
   </trkpt>
   <trkpt lat="10.272010000000002" lon="123.97069">
    <ele>10.020000000000001</ele>
   </trkpt>
   <trkpt lat="10.27157" lon="123.96992000000002">
    <ele>9.940000000000001</ele>
   </trkpt>
   <trkpt lat="10.271165000727708" lon="123.96920999901322">
    <ele>9.66</ele>
   </trkpt>
   <trkpt lat="10.270760000000001" lon="123.9685">
    <ele>9.27</ele>
   </trkpt>
   <trkpt lat="10.270380000000001" lon="123.96793000000001">
    <ele>8.93</ele>
   </trkpt>
   <trkpt lat="10.27027" lon="123.96784000000001">
    <ele>8.620000000000001</ele>
   </trkpt>
   <trkpt lat="10.27008" lon="123.96773">
    <ele>8.620000000000001</ele>
   </trkpt>
   <trkpt lat="10.26966" lon="123.96762000000001">
    <ele>8.48</ele>
   </trkpt>
   <trkpt lat="10.269440000000001" lon="123.96753000000001">
    <ele>8.48</ele>
   </trkpt>
   <trkpt lat="10.268773334275966" lon="123.96696999762446">
    <ele>7.98</ele>
   </trkpt>
   <trkpt lat="10.268106667591844" lon="123.96640999760987">
    <ele>6.72</ele>
   </trkpt>
   <trkpt lat="10.26744" lon="123.96585">
    <ele>6.140000000000001</ele>
   </trkpt>
   <trkpt lat="10.26679" lon="123.96535000000002">
    <ele>4.81</ele>
   </trkpt>
   <trkpt lat="10.26712" lon="123.96453000000001">
    <ele>2.22</ele>
   </trkpt>
   <trkpt lat="10.267470001710315" lon="123.96392000202205">
    <ele>2.24</ele>
   </trkpt>
   <trkpt lat="10.267820002281589" lon="123.96331000269409">
    <ele>2.43</ele>
   </trkpt>
   <trkpt lat="10.268170001713782" lon="123.9627000020161">
    <ele>2.3000000000000003</ele>
   </trkpt>
   <trkpt lat="10.26852" lon="123.96209">
    <ele>2.31</ele>
   </trkpt>
   <trkpt lat="10.268992501809892" lon="123.961460002841">
    <ele>2.33</ele>
   </trkpt>
   <trkpt lat="10.269465002404663" lon="123.96083000379949">
    <ele>2.23</ele>
   </trkpt>
   <trkpt lat="10.269937501784247" lon="123.96020000287538">
    <ele>2.25</ele>
   </trkpt>
   <trkpt lat="10.27041" lon="123.95957000000001">
    <ele>2.47</ele>
   </trkpt>
   <trkpt lat="10.27102" lon="123.95905">
    <ele>2.5500000000000003</ele>
   </trkpt>
   <trkpt lat="10.271730000000002" lon="123.95869">
    <ele>2.73</ele>
   </trkpt>
   <trkpt lat="10.27224" lon="123.95829">
    <ele>2.97</ele>
   </trkpt>
   <trkpt lat="10.272693333887528" lon="123.95786666787583">
    <ele>3.1400000000000006</ele>
   </trkpt>
   <trkpt lat="10.273146667226207" lon="123.95744333453753">
    <ele>3.18</ele>
   </trkpt>
   <trkpt lat="10.2736" lon="123.95702000000001">
    <ele>3.1500000000000004</ele>
   </trkpt>
   <trkpt lat="10.274320000000001" lon="123.95652000000001">
    <ele>3.0700000000000003</ele>
   </trkpt>
   <trkpt lat="10.274993333729062" lon="123.95616000153458">
    <ele>3.12</ele>
   </trkpt>
   <trkpt lat="10.275666667061126" lon="123.95580000153534">
    <ele>3.12</ele>
   </trkpt>
   <trkpt lat="10.276340000000001" lon="123.95544000000001">
    <ele>3.2800000000000002</ele>
   </trkpt>
   <trkpt lat="10.276580000000001" lon="123.95535000000001">
    <ele>1.8800000000000001</ele>
   </trkpt>
   <trkpt lat="10.27683" lon="123.95513000000001">
    <ele>3.91</ele>
   </trkpt>
   <trkpt lat="10.277280000000001" lon="123.95482000000001">
    <ele>3.96</ele>
   </trkpt>
   <trkpt lat="10.277695000191597" lon="123.95450000039352">
    <ele>3.96</ele>
   </trkpt>
   <trkpt lat="10.278110000000002" lon="123.95418000000001">
    <ele>4.180000000000001</ele>
   </trkpt>
   <trkpt lat="10.278250000000002" lon="123.95403">
    <ele>4.2700000000000005</ele>
   </trkpt>
   <trkpt lat="10.278400000000001" lon="123.95380000000002">
    <ele>4.37</ele>
   </trkpt>
   <trkpt lat="10.27848" lon="123.95358000000002">
    <ele>4.37</ele>
   </trkpt>
   <trkpt lat="10.27856" lon="123.95318">
    <ele>4.34</ele>
   </trkpt>
   <trkpt lat="10.27851" lon="123.95282000000002">
    <ele>4.3100000000000005</ele>
   </trkpt>
   <trkpt lat="10.278440000000002" lon="123.95259000000001">
    <ele>4.45</ele>
   </trkpt>
   <trkpt lat="10.278350000000001" lon="123.95240000000001">
    <ele>4.4</ele>
   </trkpt>
   <trkpt lat="10.27814" lon="123.95211">
    <ele>4.13</ele>
   </trkpt>
   <trkpt lat="10.277505000474353" lon="123.95155999890422">
    <ele>3.56</ele>
   </trkpt>
   <trkpt lat="10.27687" lon="123.95101000000001">
    <ele>3.5700000000000003</ele>
   </trkpt>
   <trkpt lat="10.276265000338565" lon="123.9505099990061">
    <ele>3.6600000000000006</ele>
   </trkpt>
   <trkpt lat="10.27566" lon="123.95001">
    <ele>3.74</ele>
   </trkpt>
   <trkpt lat="10.275163333957652" lon="123.94954333182646">
    <ele>3.7700000000000005</ele>
   </trkpt>
   <trkpt lat="10.27466666724818" lon="123.9490766651196">
    <ele>3.9000000000000004</ele>
   </trkpt>
   <trkpt lat="10.274170000000002" lon="123.94861000000002">
    <ele>4.0</ele>
   </trkpt>
   <trkpt lat="10.273850000000001" lon="123.94824000000001">
    <ele>4.04</ele>
   </trkpt>
   <trkpt lat="10.27354000023927" lon="123.9478199995463">
    <ele>4.17</ele>
   </trkpt>
   <trkpt lat="10.273230000000002" lon="123.94740000000002">
    <ele>4.090000000000001</ele>
   </trkpt>
   <trkpt lat="10.272990000139442" lon="123.94697499943447">
    <ele>4.03</ele>
   </trkpt>
   <trkpt lat="10.27275" lon="123.94655000000002">
    <ele>3.6300000000000003</ele>
   </trkpt>
   <trkpt lat="10.272545000191363" lon="123.94613999960204">
    <ele>3.4000000000000004</ele>
   </trkpt>
   <trkpt lat="10.272340000000002" lon="123.94573000000001">
    <ele>3.6300000000000003</ele>
   </trkpt>
   <trkpt lat="10.27209" lon="123.94527000000001">
    <ele>4.23</ele>
   </trkpt>
   <trkpt lat="10.27185" lon="123.94495">
    <ele>4.580000000000001</ele>
   </trkpt>
   <trkpt lat="10.271460000000001" lon="123.94459">
    <ele>4.81</ele>
   </trkpt>
   <trkpt lat="10.27102" lon="123.94423">
    <ele>5.2</ele>
   </trkpt>
   <trkpt lat="10.270640000008038" lon="123.94395999960193">
    <ele>5.430000000000001</ele>
   </trkpt>
   <trkpt lat="10.27026" lon="123.94369">
    <ele>5.68</ele>
   </trkpt>
   <trkpt lat="10.269950000000001" lon="123.94341000000001">
    <ele>5.55</ele>
   </trkpt>
   <trkpt lat="10.269620000126176" lon="123.94302999949421">
    <ele>5.260000000000001</ele>
   </trkpt>
   <trkpt lat="10.269290000000002" lon="123.94265000000001">
    <ele>4.83</ele>
   </trkpt>
   <trkpt lat="10.26885" lon="123.94224000000001">
    <ele>4.5</ele>
   </trkpt>
   <trkpt lat="10.268510000000001" lon="123.94203000000002">
    <ele>4.5</ele>
   </trkpt>
   <trkpt lat="10.268270000000001" lon="123.94194000000002">
    <ele>4.5200000000000005</ele>
   </trkpt>
   <trkpt lat="10.267570000000001" lon="123.94172">
    <ele>4.750000000000001</ele>
   </trkpt>
   <trkpt lat="10.26726" lon="123.94157000000001">
    <ele>4.59</ele>
   </trkpt>
   <trkpt lat="10.267000000000001" lon="123.94137">
    <ele>4.5200000000000005</ele>
   </trkpt>
   <trkpt lat="10.266420000915328" lon="123.94082999804105">
    <ele>4.33</ele>
   </trkpt>
   <trkpt lat="10.265840000938118" lon="123.94028999806234">
    <ele>4.38</ele>
   </trkpt>
   <trkpt lat="10.265260000000001" lon="123.93975">
    <ele>4.13</ele>
   </trkpt>
   <trkpt lat="10.264860000384756" lon="123.93928999948854">
    <ele>2.2900000000000005</ele>
   </trkpt>
   <trkpt lat="10.264460000000001" lon="123.93883000000001">
    <ele>0.13</ele>
   </trkpt>
   <trkpt lat="10.2643" lon="123.93869000000001">
    <ele>4.94</ele>
   </trkpt>
   <trkpt lat="10.263795000297625" lon="123.93831999947409">
    <ele>4.79</ele>
   </trkpt>
   <trkpt lat="10.263290000000001" lon="123.93795000000001">
    <ele>5.23</ele>
   </trkpt>
   <trkpt lat="10.26285" lon="123.93754000000001">
    <ele>5.4</ele>
   </trkpt>
   <trkpt lat="10.26242" lon="123.93721000000001">
    <ele>5.51</ele>
   </trkpt>
   <trkpt lat="10.261745001156877" lon="123.93670999680802">
    <ele>5.0200000000000005</ele>
   </trkpt>
   <trkpt lat="10.26107000154887" lon="123.93620999574884">
    <ele>4.44</ele>
   </trkpt>
   <trkpt lat="10.260395001176043" lon="123.9357099968224">
    <ele>4.010000000000001</ele>
   </trkpt>
   <trkpt lat="10.259720000000002" lon="123.93521000000001">
    <ele>4.34</ele>
   </trkpt>
   <trkpt lat="10.259540000000001" lon="123.93504000000001">
    <ele>4.34</ele>
   </trkpt>
   <trkpt lat="10.259310000000001" lon="123.93475000000001">
    <ele>4.630000000000001</ele>
   </trkpt>
   <trkpt lat="10.25915" lon="123.93451">
    <ele>4.74</ele>
   </trkpt>
   <trkpt lat="10.259020000000001" lon="123.93424000000002">
    <ele>5.03</ele>
   </trkpt>
   <trkpt lat="10.25886" lon="123.9338">
    <ele>5.050000000000001</ele>
   </trkpt>
   <trkpt lat="10.2588" lon="123.93349">
    <ele>4.890000000000001</ele>
   </trkpt>
   <trkpt lat="10.25876" lon="123.93311000000001">
    <ele>4.540000000000001</ele>
   </trkpt>
   <trkpt lat="10.25877" lon="123.93279000000001">
    <ele>4.45</ele>
   </trkpt>
   <trkpt lat="10.25881" lon="123.93251000000001">
    <ele>4.5600000000000005</ele>
   </trkpt>
   <trkpt lat="10.258930000000001" lon="123.93202000000001">
    <ele>4.5600000000000005</ele>
   </trkpt>
   <trkpt lat="10.258920000000002" lon="123.93203000000001">
    <ele>4.5600000000000005</ele>
   </trkpt>
   <trkpt lat="10.25904" lon="123.93175000000001">
    <ele>4.66</ele>
   </trkpt>
   <trkpt lat="10.259348002775328" lon="123.93107600263158">
    <ele>0.01</ele>
   </trkpt>
   <trkpt lat="10.25965600416112" lon="123.93040200395164">
    <ele>0.01</ele>
   </trkpt>
   <trkpt lat="10.259964004157336" lon="123.92972800396005">
    <ele>-0.01</ele>
   </trkpt>
   <trkpt lat="10.260272002763925" lon="123.92905400265683">
    <ele>-0.01</ele>
   </trkpt>
   <trkpt lat="10.260580000000001" lon="123.92838">
    <ele>-0.01</ele>
   </trkpt>
   <trkpt lat="10.260906002878167" lon="123.92769400282906">
    <ele>5.65</ele>
   </trkpt>
   <trkpt lat="10.261232004316666" lon="123.92700800424495">
    <ele>4.930000000000001</ele>
   </trkpt>
   <trkpt lat="10.261558004315456" lon="123.92632200424765">
    <ele>4.53</ele>
   </trkpt>
   <trkpt lat="10.261884002874485" lon="123.92563600283711">
    <ele>5.090000000000001</ele>
   </trkpt>
   <trkpt lat="10.262210000000001" lon="123.92495000000001">
    <ele>5.69</ele>
   </trkpt>
   <trkpt lat="10.262680000000001" lon="123.92421000000002">
    <ele>5.72</ele>
   </trkpt>
   <trkpt lat="10.26299" lon="123.92383000000001">
    <ele>5.59</ele>
   </trkpt>
   <trkpt lat="10.263330000000002" lon="123.92347000000001">
    <ele>5.3500000000000005</ele>
   </trkpt>
   <trkpt lat="10.263750000000002" lon="123.92309000000002">
    <ele>5.11</ele>
   </trkpt>
   <trkpt lat="10.264140000000001" lon="123.92280000000001">
    <ele>4.890000000000001</ele>
   </trkpt>
   <trkpt lat="10.264520000000001" lon="123.92256">
    <ele>4.78</ele>
   </trkpt>
   <trkpt lat="10.264980000000001" lon="123.92231000000001">
    <ele>4.57</ele>
   </trkpt>
   <trkpt lat="10.26543" lon="123.92211">
    <ele>4.87</ele>
   </trkpt>
   <trkpt lat="10.266158000511965" lon="123.92182400262847">
    <ele>5.51</ele>
   </trkpt>
   <trkpt lat="10.266886000773573" lon="123.92153800394064">
    <ele>5.42</ele>
   </trkpt>
   <trkpt lat="10.267614000784809" lon="123.92125200393632">
    <ele>4.99</ele>
   </trkpt>
   <trkpt lat="10.268342000545655" lon="123.92096600261546">
    <ele>4.64</ele>
   </trkpt>
   <trkpt lat="10.269070000000001" lon="123.92068">
    <ele>5.17</ele>
   </trkpt>
   <trkpt lat="10.269615000191529" lon="123.92040000044582">
    <ele>5.630000000000001</ele>
   </trkpt>
   <trkpt lat="10.27016" lon="123.92012000000001">
    <ele>6.19</ele>
   </trkpt>
   <trkpt lat="10.270595000227555" lon="123.91985500029145">
    <ele>6.21</ele>
   </trkpt>
   <trkpt lat="10.271030000000001" lon="123.91959000000001">
    <ele>6.280000000000001</ele>
   </trkpt>
   <trkpt lat="10.27152" lon="123.91925">
    <ele>6.2</ele>
   </trkpt>
   <trkpt lat="10.271955000265535" lon="123.91891500038878">
    <ele>5.95</ele>
   </trkpt>
   <trkpt lat="10.272390000000001" lon="123.91858">
    <ele>5.3500000000000005</ele>
   </trkpt>
   <trkpt lat="10.272730000083802" lon="123.91826500040193">
    <ele>5.12</ele>
   </trkpt>
   <trkpt lat="10.27307" lon="123.91795">
    <ele>4.7</ele>
   </trkpt>
   <trkpt lat="10.273445000163958" lon="123.91755000056102">
    <ele>4.73</ele>
   </trkpt>
   <trkpt lat="10.27382" lon="123.91715">
    <ele>5.260000000000001</ele>
   </trkpt>
   <trkpt lat="10.274105000100283" lon="123.91679500043558">
    <ele>5.81</ele>
   </trkpt>
   <trkpt lat="10.27439" lon="123.91644000000001">
    <ele>5.81</ele>
   </trkpt>
   <trkpt lat="10.274700000243852" lon="123.91599500052179">
    <ele>5.930000000000001</ele>
   </trkpt>
   <trkpt lat="10.27501" lon="123.91555000000001">
    <ele>5.7</ele>
   </trkpt>
   <trkpt lat="10.275442502624795" lon="123.9147925031309">
    <ele>5.34</ele>
   </trkpt>
   <trkpt lat="10.275875003491807" lon="123.91403500418853">
    <ele>4.710000000000001</ele>
   </trkpt>
   <trkpt lat="10.276307502600952" lon="123.91327750317286">
    <ele>4.760000000000001</ele>
   </trkpt>
   <trkpt lat="10.27674" lon="123.91252000000001">
    <ele>4.95</ele>
   </trkpt>
   <trkpt lat="10.277157502528976" lon="123.91178000291153">
    <ele>5.55</ele>
   </trkpt>
   <trkpt lat="10.27757500338018" lon="123.91104000386761">
    <ele>5.630000000000001</ele>
   </trkpt>
   <trkpt lat="10.277992502553534" lon="123.91030000286823">
    <ele>4.9799999999999995</ele>
   </trkpt>
   <trkpt lat="10.278410000000001" lon="123.90956000000001">
    <ele>4.72</ele>
   </trkpt>
   <trkpt lat="10.278736667553853" lon="123.90902666774419">
    <ele>4.580000000000001</ele>
   </trkpt>
   <trkpt lat="10.279063334236076" lon="123.90849333438547">
    <ele>5.090000000000001</ele>
   </trkpt>
   <trkpt lat="10.279390000000001" lon="123.90796000000002">
    <ele>7.150000000000001</ele>
   </trkpt>
   <trkpt lat="10.279780000746051" lon="123.90728000077411">
    <ele>10.71</ele>
   </trkpt>
   <trkpt lat="10.28017" lon="123.90660000000001">
    <ele>14.790000000000001</ele>
   </trkpt>
   <trkpt lat="10.280510000000001" lon="123.90617000000002">
    <ele>5.87</ele>
   </trkpt>
   <trkpt lat="10.280970000000002" lon="123.90548000000001">
    <ele>19.040000000000003</ele>
   </trkpt>
   <trkpt lat="10.281405000466322" lon="123.9048800009441">
    <ele>23.13</ele>
   </trkpt>
   <trkpt lat="10.28184" lon="123.90428000000001">
    <ele>26.01</ele>
   </trkpt>
   <trkpt lat="10.282300000434633" lon="123.90371000090866">
    <ele>29.890000000000004</ele>
   </trkpt>
   <trkpt lat="10.282760000000001" lon="123.90314000000001">
    <ele>33.260000000000005</ele>
   </trkpt>
   <trkpt lat="10.283252001773922" lon="123.90260200335375">
    <ele>35.7</ele>
   </trkpt>
   <trkpt lat="10.283744002660525" lon="123.90206400503112">
    <ele>40.6</ele>
   </trkpt>
   <trkpt lat="10.284236002659762" lon="123.90152600503211">
    <ele>43.28000000000001</ele>
   </trkpt>
   <trkpt lat="10.284728001771589" lon="123.90098800335657">
    <ele>46.45</ele>
   </trkpt>
   <trkpt lat="10.28522" lon="123.90045">
    <ele>50.650000000000006</ele>
   </trkpt>
   <trkpt lat="10.285780002123934" lon="123.89986200416831">
    <ele>52.89000000000001</ele>
   </trkpt>
   <trkpt lat="10.286340003187707" lon="123.89927400625076">
    <ele>54.1</ele>
   </trkpt>
   <trkpt lat="10.286900003191258" lon="123.89868600624722">
    <ele>53.720000000000006</ele>
   </trkpt>
   <trkpt lat="10.287460002134527" lon="123.89809800415756">
    <ele>52.300000000000004</ele>
   </trkpt>
   <trkpt lat="10.288020000000001" lon="123.89751000000001">
    <ele>48.620000000000005</ele>
   </trkpt>
   <trkpt lat="10.288480000000002" lon="123.89695">
    <ele>46.1</ele>
   </trkpt>
   <trkpt lat="10.28874" lon="123.89657000000001">
    <ele>44.4</ele>
   </trkpt>
   <trkpt lat="10.288900000000002" lon="123.89625000000001">
    <ele>42.71</ele>
   </trkpt>
   <trkpt lat="10.289000000000001" lon="123.89598000000001">
    <ele>41.04</ele>
   </trkpt>
   <trkpt lat="10.289060000000001" lon="123.8957">
    <ele>38.36000000000001</ele>
   </trkpt>
   <trkpt lat="10.28907" lon="123.8953">
    <ele>36.56</ele>
   </trkpt>
   <trkpt lat="10.28904" lon="123.89475000000002">
    <ele>33.550000000000004</ele>
   </trkpt>
   <trkpt lat="10.288820000000001" lon="123.894">
    <ele>29.0</ele>
   </trkpt>
   <trkpt lat="10.288655000325013" lon="123.89354499978288">
    <ele>24.57</ele>
   </trkpt>
   <trkpt lat="10.288490000000001" lon="123.89309000000002">
    <ele>20.830000000000002</ele>
   </trkpt>
   <trkpt lat="10.28843" lon="123.89278000000002">
    <ele>18.72</ele>
   </trkpt>
   <trkpt lat="10.28838" lon="123.89239">
    <ele>16.630000000000003</ele>
   </trkpt>
   <trkpt lat="10.288336668115832" lon="123.89170333319252">
    <ele>12.42</ele>
   </trkpt>
   <trkpt lat="10.288293334785509" lon="123.89101666657352">
    <ele>9.340000000000002</ele>
   </trkpt>
   <trkpt lat="10.288250000000001" lon="123.89033">
    <ele>9.36</ele>
   </trkpt>
   <trkpt lat="10.28814" lon="123.88965">
    <ele>9.89</ele>
   </trkpt>
   <trkpt lat="10.28804" lon="123.88938000000002">
    <ele>9.860000000000001</ele>
   </trkpt>
   <trkpt lat="10.28794" lon="123.88917000000001">
    <ele>9.930000000000001</ele>
   </trkpt>
   <trkpt lat="10.2878" lon="123.88893000000002">
    <ele>9.97</ele>
   </trkpt>
   <trkpt lat="10.28763" lon="123.88869000000001">
    <ele>9.950000000000001</ele>
   </trkpt>
   <trkpt lat="10.287170000587633" lon="123.88825333206348">
    <ele>9.370000000000001</ele>
   </trkpt>
   <trkpt lat="10.286710000590507" lon="123.88781666539957">
    <ele>9.32</ele>
   </trkpt>
   <trkpt lat="10.28625" lon="123.88738000000001">
    <ele>9.24</ele>
   </trkpt>
   <trkpt lat="10.286180000000002" lon="123.88738000000001">
    <ele>8.66</ele>
   </trkpt>
   <trkpt lat="10.285820000000001" lon="123.88704000000001">
    <ele>6.51</ele>
   </trkpt>
   <trkpt lat="10.285430000000002" lon="123.88673000000001">
    <ele>5.2</ele>
   </trkpt>
   <trkpt lat="10.284985000208158" lon="123.88633999942846">
    <ele>4.710000000000001</ele>
   </trkpt>
   <trkpt lat="10.284540000000002" lon="123.88595000000001">
    <ele>5.29</ele>
   </trkpt>
   <trkpt lat="10.283934002060404" lon="123.8853719955749">
    <ele>5.33</ele>
   </trkpt>
   <trkpt lat="10.283328003096548" lon="123.88479399336823">
    <ele>5.38</ele>
   </trkpt>
   <trkpt lat="10.28272200310851" lon="123.88421599337985">
    <ele>5.51</ele>
   </trkpt>
   <trkpt lat="10.282116002096352" lon="123.8836379956096">
    <ele>5.69</ele>
   </trkpt>
   <trkpt lat="10.28151" lon="123.88306000000001">
    <ele>5.87</ele>
   </trkpt>
   <trkpt lat="10.28095" lon="123.88255000000001">
    <ele>6.0</ele>
   </trkpt>
   <trkpt lat="10.28064" lon="123.88229000000001">
    <ele>6.03</ele>
   </trkpt>
   <trkpt lat="10.27998" lon="123.88184000000001">
    <ele>5.32</ele>
   </trkpt>
   <trkpt lat="10.279530000000001" lon="123.8816">
    <ele>5.890000000000001</ele>
   </trkpt>
   <trkpt lat="10.27899" lon="123.88134000000001">
    <ele>5.72</ele>
   </trkpt>
   <trkpt lat="10.27832" lon="123.88108000000001">
    <ele>5.57</ele>
   </trkpt>
   <trkpt lat="10.27749166735161" lon="123.88078332944916">
    <ele>5.33</ele>
   </trkpt>
   <trkpt lat="10.276663334433552" lon="123.88048666045373">
    <ele>5.29</ele>
   </trkpt>
   <trkpt lat="10.27583500124585" lon="123.88018999301356">
    <ele>5.44</ele>
   </trkpt>
   <trkpt lat="10.275006667788524" lon="123.87989332712853">
    <ele>5.5200000000000005</ele>
   </trkpt>
   <trkpt lat="10.274178334061599" lon="123.87959666279849">
    <ele>5.74</ele>
   </trkpt>
   <trkpt lat="10.27335" lon="123.87930000000001">
    <ele>5.960000000000001</ele>
   </trkpt>
   <trkpt lat="10.272950000000002" lon="123.87920000000001">
    <ele>6.11</ele>
   </trkpt>
   <trkpt lat="10.27265" lon="123.87919000000001">
    <ele>6.090000000000001</ele>
   </trkpt>
   <trkpt lat="10.272340000000002" lon="123.87920000000001">
    <ele>5.890000000000001</ele>
   </trkpt>
   <trkpt lat="10.27208" lon="123.87926000000002">
    <ele>5.710000000000001</ele>
   </trkpt>
   <trkpt lat="10.271439999963773" lon="123.87947000045912">
    <ele>5.4</ele>
   </trkpt>
   <trkpt lat="10.270800000000001" lon="123.87968000000001">
    <ele>5.2</ele>
   </trkpt>
   <trkpt lat="10.27016" lon="123.87975000000002">
    <ele>5.15</ele>
   </trkpt>
   <trkpt lat="10.269950000000001" lon="123.87973000000001">
    <ele>5.2</ele>
   </trkpt>
   <trkpt lat="10.269530000000001" lon="123.87964000000001">
    <ele>5.42</ele>
   </trkpt>
   <trkpt lat="10.26938" lon="123.87958">
    <ele>5.42</ele>
   </trkpt>
   <trkpt lat="10.26909" lon="123.87943000000001">
    <ele>5.46</ele>
   </trkpt>
   <trkpt lat="10.2688" lon="123.87923">
    <ele>5.65</ele>
   </trkpt>
   <trkpt lat="10.268510000000001" lon="123.87899000000002">
    <ele>5.65</ele>
   </trkpt>
   <trkpt lat="10.26838" lon="123.87876000000001">
    <ele>5.2</ele>
   </trkpt>
   <trkpt lat="10.267930000000002" lon="123.87837">
    <ele>4.99</ele>
   </trkpt>
   <trkpt lat="10.267317501277095" lon="123.87784499696016">
    <ele>4.87</ele>
   </trkpt>
   <trkpt lat="10.266705001710475" lon="123.8773199959536">
    <ele>4.880000000000001</ele>
   </trkpt>
   <trkpt lat="10.266092501300195" lon="123.87679499698012">
    <ele>5.32</ele>
   </trkpt>
   <trkpt lat="10.26548" lon="123.87627">
    <ele>5.19</ele>
   </trkpt>
   <trkpt lat="10.26542" lon="123.87633000000001">
    <ele>5.36</ele>
   </trkpt>
   <trkpt lat="10.264742002089095" lon="123.8757459949959">
    <ele>5.32</ele>
   </trkpt>
   <trkpt lat="10.264064003134434" lon="123.87516199249474">
    <ele>5.44</ele>
   </trkpt>
   <trkpt lat="10.263386003136084" lon="123.8745779924964">
    <ele>5.55</ele>
   </trkpt>
   <trkpt lat="10.26270800209412" lon="123.8739939950007">
    <ele>5.580000000000001</ele>
   </trkpt>
   <trkpt lat="10.262030000000001" lon="123.87341">
    <ele>5.620000000000001</ele>
   </trkpt>
   <trkpt lat="10.262020000000001" lon="123.87341">
    <ele>5.620000000000001</ele>
   </trkpt>
   <trkpt lat="10.26163499999197" lon="123.87314999960844">
    <ele>1.33</ele>
   </trkpt>
   <trkpt lat="10.26125" lon="123.87289000000001">
    <ele>0.59</ele>
   </trkpt>
   <trkpt lat="10.261920002579009" lon="123.87347166050111">
    <ele>0.59</ele>
   </trkpt>
   <trkpt lat="10.262590004122881" lon="123.87405332346502">
    <ele>0.59</ele>
   </trkpt>
   <trkpt lat="10.263260004631546" lon="123.87463498889198">
    <ele>2.9899999999999998</ele>
   </trkpt>
   <trkpt lat="10.263930004104934" lon="123.87521665678214">
    <ele>2.9899999999999998</ele>
   </trkpt>
   <trkpt lat="10.264600002542965" lon="123.87579832713568">
    <ele>2.9899999999999998</ele>
   </trkpt>
   <trkpt lat="10.265270000000001" lon="123.87638000000001">
    <ele>2.9899999999999998</ele>
   </trkpt>
   <trkpt lat="10.265850001854638" lon="123.87687332880401">
    <ele>3.0</ele>
   </trkpt>
   <trkpt lat="10.266430002964395" lon="123.87736665941699">
    <ele>3.0</ele>
   </trkpt>
   <trkpt lat="10.267010003329217" lon="123.87785999183902">
    <ele>4.5</ele>
   </trkpt>
   <trkpt lat="10.267590002949063" lon="123.87835332607023">
    <ele>4.5</ele>
   </trkpt>
   <trkpt lat="10.268170001823888" lon="123.8788466621107">
    <ele>4.5</ele>
   </trkpt>
   <trkpt lat="10.26875" lon="123.87934000000001">
    <ele>4.5</ele>
   </trkpt>
   <trkpt lat="10.26903" lon="123.87954">
    <ele>6.11</ele>
   </trkpt>
   <trkpt lat="10.26923" lon="123.87966000000002">
    <ele>6.11</ele>
   </trkpt>
   <trkpt lat="10.2695" lon="123.87977000000001">
    <ele>6.0600000000000005</ele>
   </trkpt>
   <trkpt lat="10.2697" lon="123.87982000000001">
    <ele>5.85</ele>
   </trkpt>
   <trkpt lat="10.270050000000001" lon="123.87987000000001">
    <ele>5.85</ele>
   </trkpt>
   <trkpt lat="10.27049" lon="123.87985">
    <ele>6.07</ele>
   </trkpt>
   <trkpt lat="10.27083" lon="123.87979000000001">
    <ele>6.010000000000001</ele>
   </trkpt>
   <trkpt lat="10.271340000022107" lon="123.87962000028159">
    <ele>5.57</ele>
   </trkpt>
   <trkpt lat="10.27185" lon="123.87945">
    <ele>5.4</ele>
   </trkpt>
   <trkpt lat="10.2721" lon="123.87938000000001">
    <ele>5.42</ele>
   </trkpt>
   <trkpt lat="10.2725" lon="123.87931">
    <ele>5.69</ele>
   </trkpt>
   <trkpt lat="10.27293" lon="123.87933000000001">
    <ele>5.68</ele>
   </trkpt>
   <trkpt lat="10.27331" lon="123.87941000000001">
    <ele>5.7</ele>
   </trkpt>
   <trkpt lat="10.27411285792282" lon="123.87970142412935">
    <ele>5.59</ele>
   </trkpt>
   <trkpt lat="10.274915715585504" lon="123.87999284973912">
    <ele>5.430000000000001</ele>
   </trkpt>
   <trkpt lat="10.275718572988028" lon="123.88028427682944">
    <ele>5.46</ele>
   </trkpt>
   <trkpt lat="10.27652143013037" lon="123.8805757054004">
    <ele>5.4</ele>
   </trkpt>
   <trkpt lat="10.277324287012508" lon="123.88086713545219">
    <ele>5.48</ele>
   </trkpt>
   <trkpt lat="10.278127143634425" lon="123.88115856698488">
    <ele>5.670000000000001</ele>
   </trkpt>
   <trkpt lat="10.27893" lon="123.88145000000002">
    <ele>5.66</ele>
   </trkpt>
   <trkpt lat="10.27973" lon="123.88184000000001">
    <ele>5.85</ele>
   </trkpt>
   <trkpt lat="10.2802" lon="123.88213">
    <ele>5.790000000000001</ele>
   </trkpt>
   <trkpt lat="10.280880000000002" lon="123.88264000000001">
    <ele>5.86</ele>
   </trkpt>
   <trkpt lat="10.281220000164701" lon="123.88295999966287">
    <ele>5.890000000000001</ele>
   </trkpt>
   <trkpt lat="10.28156" lon="123.88328000000001">
    <ele>5.86</ele>
   </trkpt>
   <trkpt lat="10.282187146070278" lon="123.88387142152092">
    <ele>4.0</ele>
   </trkpt>
   <trkpt lat="10.282814291068364" lon="123.88446284539053">
    <ele>4.0</ele>
   </trkpt>
   <trkpt lat="10.28344143499419" lon="123.88505427160905">
    <ele>4.0</ele>
   </trkpt>
   <trkpt lat="10.284068577847684" lon="123.88564570017661">
    <ele>0.21</ele>
   </trkpt>
   <trkpt lat="10.284695719628775" lon="123.88623713109335">
    <ele>0.21</ele>
   </trkpt>
   <trkpt lat="10.285322860337395" lon="123.8868285643594">
    <ele>0.21</ele>
   </trkpt>
   <trkpt lat="10.285950000000001" lon="123.88742">
    <ele>0.21</ele>
   </trkpt>
   <trkpt lat="10.286446667324183" lon="123.88789666512919">
    <ele>11.65</ele>
   </trkpt>
   <trkpt lat="10.286943333951617" lon="123.88837333175817">
    <ele>11.940000000000001</ele>
   </trkpt>
   <trkpt lat="10.28744" lon="123.88885">
    <ele>12.040000000000001</ele>
   </trkpt>
   <trkpt lat="10.28762" lon="123.88906000000001">
    <ele>12.14</ele>
   </trkpt>
   <trkpt lat="10.287740000000001" lon="123.88924000000002">
    <ele>12.180000000000001</ele>
   </trkpt>
   <trkpt lat="10.287920000000002" lon="123.88974">
    <ele>11.860000000000001</ele>
   </trkpt>
   <trkpt lat="10.28795" lon="123.89053000000001">
    <ele>11.600000000000001</ele>
   </trkpt>
   <trkpt lat="10.287910000330635" lon="123.89100500024256">
    <ele>11.74</ele>
   </trkpt>
   <trkpt lat="10.287870000000002" lon="123.89148000000002">
    <ele>12.89</ele>
   </trkpt>
   <trkpt lat="10.28789" lon="123.89183000000001">
    <ele>14.540000000000001</ele>
   </trkpt>
   <trkpt lat="10.28795" lon="123.89211000000002">
    <ele>15.860000000000003</ele>
   </trkpt>
   <trkpt lat="10.28804" lon="123.89241000000001">
    <ele>17.990000000000002</ele>
   </trkpt>
   <trkpt lat="10.28837" lon="123.89314000000002">
    <ele>23.080000000000002</ele>
   </trkpt>
   <trkpt lat="10.2885350003026" lon="123.89358999974309">
    <ele>26.240000000000002</ele>
   </trkpt>
   <trkpt lat="10.2887" lon="123.89404">
    <ele>28.130000000000003</ele>
   </trkpt>
   <trkpt lat="10.28884" lon="123.89461000000001">
    <ele>32.39</ele>
   </trkpt>
   <trkpt lat="10.289050000000001" lon="123.89498">
    <ele>1.6600000000000001</ele>
   </trkpt>
   <trkpt lat="10.28907" lon="123.89529000000002">
    <ele>36.50000000000001</ele>
   </trkpt>
   <trkpt lat="10.289060000000001" lon="123.8957">
    <ele>38.36000000000001</ele>
   </trkpt>
   <trkpt lat="10.289000000000001" lon="123.89598000000001">
    <ele>41.04</ele>
   </trkpt>
   <trkpt lat="10.288900000000002" lon="123.89625000000001">
    <ele>42.71</ele>
   </trkpt>
   <trkpt lat="10.28874" lon="123.89657000000001">
    <ele>44.4</ele>
   </trkpt>
   <trkpt lat="10.288480000000002" lon="123.89695">
    <ele>46.1</ele>
   </trkpt>
   <trkpt lat="10.288020000000001" lon="123.89751000000001">
    <ele>48.620000000000005</ele>
   </trkpt>
   <trkpt lat="10.28746000211708" lon="123.89809800417588">
    <ele>52.300000000000004</ele>
   </trkpt>
   <trkpt lat="10.286900003173812" lon="123.89868600626554">
    <ele>53.94</ele>
   </trkpt>
   <trkpt lat="10.28634000317026" lon="123.8992740062691">
    <ele>54.1</ele>
   </trkpt>
   <trkpt lat="10.285780002106488" lon="123.89986200418663">
    <ele>52.89000000000001</ele>
   </trkpt>
   <trkpt lat="10.28522" lon="123.90045">
    <ele>49.330000000000005</ele>
   </trkpt>
   <trkpt lat="10.284728001775628" lon="123.90098800335213">
    <ele>46.45</ele>
   </trkpt>
   <trkpt lat="10.284236002663802" lon="123.90152600502766">
    <ele>43.28000000000001</ele>
   </trkpt>
   <trkpt lat="10.283744002664564" lon="123.90206400502669">
    <ele>40.6</ele>
   </trkpt>
   <trkpt lat="10.283252001777958" lon="123.90260200334932">
    <ele>35.7</ele>
   </trkpt>
   <trkpt lat="10.282760000000001" lon="123.90314000000001">
    <ele>33.260000000000005</ele>
   </trkpt>
   <trkpt lat="10.282315000494572" lon="123.90368500071978">
    <ele>29.890000000000004</ele>
   </trkpt>
   <trkpt lat="10.281870000000001" lon="123.90423000000001">
    <ele>26.53</ele>
   </trkpt>
   <trkpt lat="10.281410000000001" lon="123.90466">
    <ele>0.08</ele>
   </trkpt>
   <trkpt lat="10.281140000082262" lon="123.90503500050562">
    <ele>23.76</ele>
   </trkpt>
   <trkpt lat="10.28087" lon="123.90541">
    <ele>21.830000000000002</ele>
   </trkpt>
   <trkpt lat="10.280475000576091" lon="123.90603000079562">
    <ele>17.980000000000004</ele>
   </trkpt>
   <trkpt lat="10.280080000000002" lon="123.90665000000001">
    <ele>14.75</ele>
   </trkpt>
   <trkpt lat="10.279640002421125" lon="123.90737750305908">
    <ele>10.950000000000001</ele>
   </trkpt>
   <trkpt lat="10.279200003220286" lon="123.90810500409165">
    <ele>6.140000000000001</ele>
   </trkpt>
   <trkpt lat="10.278760002397558" lon="123.90883250309784">
    <ele>3.920000000000001</ele>
   </trkpt>
   <trkpt lat="10.27832" lon="123.90956000000001">
    <ele>3.8100000000000005</ele>
   </trkpt>
   <trkpt lat="10.27791000246061" lon="123.91029250286108">
    <ele>4.3100000000000005</ele>
   </trkpt>
   <trkpt lat="10.277500003277154" lon="123.91102500382118">
    <ele>5.19</ele>
   </trkpt>
   <trkpt lat="10.277090002449697" lon="123.91175750288038">
    <ele>5.090000000000001</ele>
   </trkpt>
   <trkpt lat="10.27668" lon="123.91249">
    <ele>5.04</ele>
   </trkpt>
   <trkpt lat="10.276233335238201" lon="123.91327666887456">
    <ele>4.62</ele>
   </trkpt>
   <trkpt lat="10.275786668580489" lon="123.91406333552538">
    <ele>4.48</ele>
   </trkpt>
   <trkpt lat="10.275340000000002" lon="123.91485000000002">
    <ele>4.91</ele>
   </trkpt>
   <trkpt lat="10.27496" lon="123.91549">
    <ele>5.15</ele>
   </trkpt>
   <trkpt lat="10.274640000000002" lon="123.91596000000001">
    <ele>5.33</ele>
   </trkpt>
   <trkpt lat="10.274330000215809" lon="123.91637500047122">
    <ele>5.42</ele>
   </trkpt>
   <trkpt lat="10.27402" lon="123.91679">
    <ele>4.9799999999999995</ele>
   </trkpt>
   <trkpt lat="10.273655000250896" lon="123.91720500049382">
    <ele>4.72</ele>
   </trkpt>
   <trkpt lat="10.273290000000001" lon="123.91762000000001">
    <ele>4.12</ele>
   </trkpt>
   <trkpt lat="10.273000000000001" lon="123.91791">
    <ele>4.050000000000001</ele>
   </trkpt>
   <trkpt lat="10.272350000000001" lon="123.91851000000001">
    <ele>4.5200000000000005</ele>
   </trkpt>
   <trkpt lat="10.27191000013492" lon="123.91885000050571">
    <ele>4.890000000000001</ele>
   </trkpt>
   <trkpt lat="10.27147" lon="123.91919000000001">
    <ele>5.21</ele>
   </trkpt>
   <trkpt lat="10.270800000000001" lon="123.91965">
    <ele>5.51</ele>
   </trkpt>
   <trkpt lat="10.27012" lon="123.92005">
    <ele>5.390000000000001</ele>
   </trkpt>
   <trkpt lat="10.269570000000002" lon="123.92036000000002">
    <ele>4.86</ele>
   </trkpt>
   <trkpt lat="10.26903" lon="123.92061000000001">
    <ele>4.62</ele>
   </trkpt>
   <trkpt lat="10.26855500030934" lon="123.92080500018977">
    <ele>3.94</ele>
   </trkpt>
   <trkpt lat="10.268080000000001" lon="123.921">
    <ele>3.98</ele>
   </trkpt>
   <trkpt lat="10.267407500322488" lon="123.92126000165365">
    <ele>4.390000000000001</ele>
   </trkpt>
   <trkpt lat="10.266735000438043" lon="123.9215200022017">
    <ele>4.670000000000001</ele>
   </trkpt>
   <trkpt lat="10.266062500346678" lon="123.92178000164421">
    <ele>4.670000000000001</ele>
   </trkpt>
   <trkpt lat="10.26539" lon="123.92204000000001">
    <ele>4.19</ele>
   </trkpt>
   <trkpt lat="10.26492" lon="123.92225">
    <ele>4.03</ele>
   </trkpt>
   <trkpt lat="10.264470000000001" lon="123.92250000000001">
    <ele>4.28</ele>
   </trkpt>
   <trkpt lat="10.264090000000001" lon="123.92274">
    <ele>4.430000000000001</ele>
   </trkpt>
   <trkpt lat="10.2637" lon="123.92303000000001">
    <ele>4.55</ele>
   </trkpt>
   <trkpt lat="10.26328" lon="123.92341">
    <ele>4.670000000000001</ele>
   </trkpt>
   <trkpt lat="10.26293" lon="123.92378000000001">
    <ele>4.9</ele>
   </trkpt>
   <trkpt lat="10.26262" lon="123.92417">
    <ele>5.03</ele>
   </trkpt>
   <trkpt lat="10.26237" lon="123.92454000000001">
    <ele>5.24</ele>
   </trkpt>
   <trkpt lat="10.26214" lon="123.92491000000001">
    <ele>5.19</ele>
   </trkpt>
   <trkpt lat="10.261764291530364" lon="123.92570571994278">
    <ele>4.49</ele>
   </trkpt>
   <trkpt lat="10.261388581123544" lon="123.92650143799631">
    <ele>3.7</ele>
   </trkpt>
   <trkpt lat="10.26101286877963" lon="123.9272971541606">
    <ele>4.49</ele>
   </trkpt>
   <trkpt lat="10.260637154498697" lon="123.92809286843571">
    <ele>5.08</ele>
   </trkpt>
   <trkpt lat="10.260261438280821" lon="123.92888858082175">
    <ele>5.33</ele>
   </trkpt>
   <trkpt lat="10.259885720126077" lon="123.92968429131878">
    <ele>5.32</ele>
   </trkpt>
   <trkpt lat="10.25951" lon="123.93048000000002">
    <ele>5.16</ele>
   </trkpt>
   <trkpt lat="10.259170000852174" lon="123.93123000082342">
    <ele>4.3</ele>
   </trkpt>
   <trkpt lat="10.258830000000001" lon="123.93198000000001">
    <ele>3.96</ele>
   </trkpt>
   <trkpt lat="10.258690000000001" lon="123.9325">
    <ele>3.97</ele>
   </trkpt>
   <trkpt lat="10.25866" lon="123.93279000000001">
    <ele>3.97</ele>
   </trkpt>
   <trkpt lat="10.25866" lon="123.93312000000002">
    <ele>4.390000000000001</ele>
   </trkpt>
   <trkpt lat="10.258700000000001" lon="123.93350000000001">
    <ele>4.44</ele>
   </trkpt>
   <trkpt lat="10.25876" lon="123.93382000000001">
    <ele>4.5600000000000005</ele>
   </trkpt>
   <trkpt lat="10.258930000000001" lon="123.93429">
    <ele>4.49</ele>
   </trkpt>
   <trkpt lat="10.25908" lon="123.93458000000001">
    <ele>4.38</ele>
   </trkpt>
   <trkpt lat="10.25924" lon="123.93482000000002">
    <ele>4.23</ele>
   </trkpt>
   <trkpt lat="10.25947" lon="123.93511000000001">
    <ele>4.180000000000001</ele>
   </trkpt>
   <trkpt lat="10.25965" lon="123.93530000000001">
    <ele>4.1000000000000005</ele>
   </trkpt>
   <trkpt lat="10.260327501104516" lon="123.93579499680682">
    <ele>3.5500000000000003</ele>
   </trkpt>
   <trkpt lat="10.26100500145949" lon="123.93628999573265">
    <ele>3.7700000000000005</ele>
   </trkpt>
   <trkpt lat="10.261682501064863" lon="123.93678499677766">
    <ele>4.51</ele>
   </trkpt>
   <trkpt lat="10.262360000000001" lon="123.93728000000002">
    <ele>4.880000000000001</ele>
   </trkpt>
   <trkpt lat="10.2628" lon="123.93762000000001">
    <ele>4.81</ele>
   </trkpt>
   <trkpt lat="10.263240000000001" lon="123.93799000000001">
    <ele>4.540000000000001</ele>
   </trkpt>
   <trkpt lat="10.263640000414295" lon="123.93849499939202">
    <ele>3.7700000000000005</ele>
   </trkpt>
   <trkpt lat="10.264040000000001" lon="123.93900000000001">
    <ele>3.98</ele>
   </trkpt>
   <trkpt lat="10.2642" lon="123.93914000000001">
    <ele>3.93</ele>
   </trkpt>
   <trkpt lat="10.264520000000001" lon="123.93935">
    <ele>4.0200000000000005</ele>
   </trkpt>
   <trkpt lat="10.264710000000001" lon="123.93911000000001">
    <ele>0.17</ele>
   </trkpt>
   <trkpt lat="10.264460000000001" lon="123.93883000000001">
    <ele>0.13</ele>
   </trkpt>
   <trkpt lat="10.2643" lon="123.93869000000001">
    <ele>4.94</ele>
   </trkpt>
   <trkpt lat="10.263795000297625" lon="123.93831999947409">
    <ele>4.79</ele>
   </trkpt>
   <trkpt lat="10.263290000000001" lon="123.93795000000001">
    <ele>5.23</ele>
   </trkpt>
   <trkpt lat="10.26285" lon="123.93754000000001">
    <ele>5.4</ele>
   </trkpt>
   <trkpt lat="10.26242" lon="123.93721000000001">
    <ele>5.51</ele>
   </trkpt>
   <trkpt lat="10.261745001156877" lon="123.93670999680802">
    <ele>5.0200000000000005</ele>
   </trkpt>
   <trkpt lat="10.26107000154887" lon="123.93620999574884">
    <ele>4.44</ele>
   </trkpt>
   <trkpt lat="10.260395001176043" lon="123.9357099968224">
    <ele>4.010000000000001</ele>
   </trkpt>
   <trkpt lat="10.259720000000002" lon="123.93521000000001">
    <ele>4.34</ele>
   </trkpt>
   <trkpt lat="10.259540000000001" lon="123.93504000000001">
    <ele>4.34</ele>
   </trkpt>
   <trkpt lat="10.259310000000001" lon="123.93475000000001">
    <ele>4.630000000000001</ele>
   </trkpt>
   <trkpt lat="10.25915" lon="123.93451">
    <ele>4.74</ele>
   </trkpt>
   <trkpt lat="10.259020000000001" lon="123.93424000000002">
    <ele>5.03</ele>
   </trkpt>
   <trkpt lat="10.25886" lon="123.9338">
    <ele>5.050000000000001</ele>
   </trkpt>
   <trkpt lat="10.2588" lon="123.93349">
    <ele>4.890000000000001</ele>
   </trkpt>
   <trkpt lat="10.25876" lon="123.93311000000001">
    <ele>4.540000000000001</ele>
   </trkpt>
   <trkpt lat="10.25877" lon="123.93279000000001">
    <ele>4.46</ele>
   </trkpt>
   <trkpt lat="10.25881" lon="123.93251000000001">
    <ele>4.5600000000000005</ele>
   </trkpt>
   <trkpt lat="10.258930000000001" lon="123.93203000000001">
    <ele>4.5600000000000005</ele>
   </trkpt>
   <trkpt lat="10.258980000000001" lon="123.93189000000001">
    <ele>4.59</ele>
   </trkpt>
   <trkpt lat="10.259314003250143" lon="123.9311600031029">
    <ele>0.0</ele>
   </trkpt>
   <trkpt lat="10.259648004870266" lon="123.93043000466533">
    <ele>0.0</ele>
   </trkpt>
   <trkpt lat="10.259982004860309" lon="123.92970000468729">
    <ele>-0.01</ele>
   </trkpt>
   <trkpt lat="10.260316003220215" lon="123.92897000316867">
    <ele>-0.01</ele>
   </trkpt>
   <trkpt lat="10.26065" lon="123.92824000000002">
    <ele>-0.01</ele>
   </trkpt>
   <trkpt lat="10.260962002671546" lon="123.92758000258932">
    <ele>5.65</ele>
   </trkpt>
   <trkpt lat="10.26127400401049" lon="123.92692000387738">
    <ele>4.83</ele>
   </trkpt>
   <trkpt lat="10.26158600401678" lon="123.92626000386421">
    <ele>4.64</ele>
   </trkpt>
   <trkpt lat="10.261898002690371" lon="123.92560000254976">
    <ele>5.090000000000001</ele>
   </trkpt>
   <trkpt lat="10.262210000000001" lon="123.92494">
    <ele>5.72</ele>
   </trkpt>
   <trkpt lat="10.2622" lon="123.92495000000001">
    <ele>5.72</ele>
   </trkpt>
   <trkpt lat="10.262680000000001" lon="123.92421000000002">
    <ele>5.72</ele>
   </trkpt>
   <trkpt lat="10.26299" lon="123.92383000000001">
    <ele>5.59</ele>
   </trkpt>
   <trkpt lat="10.263330000000002" lon="123.92347000000001">
    <ele>5.3500000000000005</ele>
   </trkpt>
   <trkpt lat="10.263750000000002" lon="123.92309000000002">
    <ele>5.11</ele>
   </trkpt>
   <trkpt lat="10.264140000000001" lon="123.92280000000001">
    <ele>4.890000000000001</ele>
   </trkpt>
   <trkpt lat="10.264520000000001" lon="123.92256">
    <ele>4.78</ele>
   </trkpt>
   <trkpt lat="10.264980000000001" lon="123.92231000000001">
    <ele>4.57</ele>
   </trkpt>
   <trkpt lat="10.26543" lon="123.92211">
    <ele>4.87</ele>
   </trkpt>
   <trkpt lat="10.266158000511965" lon="123.92182400262847">
    <ele>5.51</ele>
   </trkpt>
   <trkpt lat="10.266886000773573" lon="123.92153800394064">
    <ele>5.36</ele>
   </trkpt>
   <trkpt lat="10.267614000784809" lon="123.92125200393632">
    <ele>4.99</ele>
   </trkpt>
   <trkpt lat="10.268342000545655" lon="123.92096600261546">
    <ele>4.64</ele>
   </trkpt>
   <trkpt lat="10.269070000000001" lon="123.92068">
    <ele>5.17</ele>
   </trkpt>
   <trkpt lat="10.269615000191529" lon="123.92040000044582">
    <ele>5.630000000000001</ele>
   </trkpt>
   <trkpt lat="10.27016" lon="123.92012000000001">
    <ele>6.090000000000001</ele>
   </trkpt>
   <trkpt lat="10.270595000227555" lon="123.91985500029145">
    <ele>6.21</ele>
   </trkpt>
   <trkpt lat="10.271030000000001" lon="123.91959000000001">
    <ele>6.280000000000001</ele>
   </trkpt>
   <trkpt lat="10.27152" lon="123.91925">
    <ele>6.2</ele>
   </trkpt>
   <trkpt lat="10.271955000265535" lon="123.91891500038878">
    <ele>5.670000000000001</ele>
   </trkpt>
   <trkpt lat="10.272390000000001" lon="123.91858">
    <ele>5.3500000000000005</ele>
   </trkpt>
   <trkpt lat="10.272730000083802" lon="123.91826500040193">
    <ele>5.12</ele>
   </trkpt>
   <trkpt lat="10.27307" lon="123.91795">
    <ele>4.7</ele>
   </trkpt>
   <trkpt lat="10.273445000163958" lon="123.91755000056102">
    <ele>4.73</ele>
   </trkpt>
   <trkpt lat="10.27382" lon="123.91715">
    <ele>5.260000000000001</ele>
   </trkpt>
   <trkpt lat="10.274105000100283" lon="123.91679500043558">
    <ele>5.81</ele>
   </trkpt>
   <trkpt lat="10.27439" lon="123.91644000000001">
    <ele>5.94</ele>
   </trkpt>
   <trkpt lat="10.274700000243852" lon="123.91599500052179">
    <ele>5.930000000000001</ele>
   </trkpt>
   <trkpt lat="10.27501" lon="123.91555000000001">
    <ele>5.580000000000001</ele>
   </trkpt>
   <trkpt lat="10.275442502624795" lon="123.9147925031309">
    <ele>5.34</ele>
   </trkpt>
   <trkpt lat="10.275875003491807" lon="123.91403500418853">
    <ele>4.710000000000001</ele>
   </trkpt>
   <trkpt lat="10.276307502600952" lon="123.91327750317286">
    <ele>4.760000000000001</ele>
   </trkpt>
   <trkpt lat="10.27674" lon="123.91252000000001">
    <ele>4.95</ele>
   </trkpt>
   <trkpt lat="10.277157502528976" lon="123.91178000291153">
    <ele>5.55</ele>
   </trkpt>
   <trkpt lat="10.27757500338018" lon="123.91104000386761">
    <ele>5.630000000000001</ele>
   </trkpt>
   <trkpt lat="10.277992502553534" lon="123.91030000286823">
    <ele>4.9799999999999995</ele>
   </trkpt>
   <trkpt lat="10.278410000000001" lon="123.90956000000001">
    <ele>4.72</ele>
   </trkpt>
   <trkpt lat="10.278736667553853" lon="123.90902666774419">
    <ele>4.580000000000001</ele>
   </trkpt>
   <trkpt lat="10.279063334236076" lon="123.90849333438547">
    <ele>5.19</ele>
   </trkpt>
   <trkpt lat="10.279390000000001" lon="123.90796000000002">
    <ele>7.150000000000001</ele>
   </trkpt>
   <trkpt lat="10.27974000062797" lon="123.90735000057511">
    <ele>10.71</ele>
   </trkpt>
   <trkpt lat="10.280090000000001" lon="123.90674000000001">
    <ele>14.090000000000002</ele>
   </trkpt>
   <trkpt lat="10.28035" lon="123.90641000000001">
    <ele>4.32</ele>
   </trkpt>
   <trkpt lat="10.280660000394835" lon="123.90594500036113">
    <ele>16.19</ele>
   </trkpt>
   <trkpt lat="10.280970000000002" lon="123.90548000000001">
    <ele>19.040000000000003</ele>
   </trkpt>
   <trkpt lat="10.281405000466322" lon="123.9048800009441">
    <ele>23.13</ele>
   </trkpt>
   <trkpt lat="10.28184" lon="123.90428000000001">
    <ele>26.01</ele>
   </trkpt>
   <trkpt lat="10.282300000434633" lon="123.90371000090866">
    <ele>29.890000000000004</ele>
   </trkpt>
   <trkpt lat="10.282760000000001" lon="123.90314000000001">
    <ele>33.260000000000005</ele>
   </trkpt>
   <trkpt lat="10.283252001773922" lon="123.90260200335375">
    <ele>35.7</ele>
   </trkpt>
   <trkpt lat="10.283744002660525" lon="123.90206400503112">
    <ele>40.6</ele>
   </trkpt>
   <trkpt lat="10.284236002659762" lon="123.90152600503211">
    <ele>43.28000000000001</ele>
   </trkpt>
   <trkpt lat="10.284728001771589" lon="123.90098800335657">
    <ele>46.45</ele>
   </trkpt>
   <trkpt lat="10.28522" lon="123.90045">
    <ele>50.650000000000006</ele>
   </trkpt>
   <trkpt lat="10.285780002123934" lon="123.89986200416831">
    <ele>52.89000000000001</ele>
   </trkpt>
   <trkpt lat="10.286340003187707" lon="123.89927400625076">
    <ele>54.1</ele>
   </trkpt>
   <trkpt lat="10.286900003191258" lon="123.89868600624722">
    <ele>53.720000000000006</ele>
   </trkpt>
   <trkpt lat="10.287460002134527" lon="123.89809800415756">
    <ele>52.300000000000004</ele>
   </trkpt>
   <trkpt lat="10.288020000000001" lon="123.89751000000001">
    <ele>48.620000000000005</ele>
   </trkpt>
   <trkpt lat="10.288480000000002" lon="123.89695">
    <ele>46.1</ele>
   </trkpt>
   <trkpt lat="10.28874" lon="123.89657000000001">
    <ele>44.4</ele>
   </trkpt>
   <trkpt lat="10.288900000000002" lon="123.89625000000001">
    <ele>42.71</ele>
   </trkpt>
   <trkpt lat="10.289000000000001" lon="123.89598000000001">
    <ele>41.04</ele>
   </trkpt>
   <trkpt lat="10.289060000000001" lon="123.8957">
    <ele>38.36000000000001</ele>
   </trkpt>
   <trkpt lat="10.28907" lon="123.8953">
    <ele>36.56</ele>
   </trkpt>
   <trkpt lat="10.28904" lon="123.89475000000002">
    <ele>33.550000000000004</ele>
   </trkpt>
   <trkpt lat="10.288820000000001" lon="123.894">
    <ele>29.0</ele>
   </trkpt>
   <trkpt lat="10.288655000325013" lon="123.89354499978288">
    <ele>24.57</ele>
   </trkpt>
   <trkpt lat="10.288490000000001" lon="123.89309000000002">
    <ele>20.830000000000002</ele>
   </trkpt>
   <trkpt lat="10.28843" lon="123.89278000000002">
    <ele>18.72</ele>
   </trkpt>
   <trkpt lat="10.28838" lon="123.89239">
    <ele>16.630000000000003</ele>
   </trkpt>
   <trkpt lat="10.288336668115832" lon="123.89170333319252">
    <ele>12.42</ele>
   </trkpt>
   <trkpt lat="10.288293334785509" lon="123.89101666657352">
    <ele>9.340000000000002</ele>
   </trkpt>
   <trkpt lat="10.288250000000001" lon="123.89033">
    <ele>9.36</ele>
   </trkpt>
   <trkpt lat="10.28814" lon="123.88965">
    <ele>9.89</ele>
   </trkpt>
   <trkpt lat="10.28804" lon="123.88938000000002">
    <ele>9.860000000000001</ele>
   </trkpt>
   <trkpt lat="10.28794" lon="123.88917000000001">
    <ele>9.930000000000001</ele>
   </trkpt>
   <trkpt lat="10.2878" lon="123.88893000000002">
    <ele>9.97</ele>
   </trkpt>
   <trkpt lat="10.28763" lon="123.88869000000001">
    <ele>9.950000000000001</ele>
   </trkpt>
   <trkpt lat="10.287170000587633" lon="123.88825333206348">
    <ele>9.370000000000001</ele>
   </trkpt>
   <trkpt lat="10.286710000590507" lon="123.88781666539957">
    <ele>9.32</ele>
   </trkpt>
   <trkpt lat="10.28625" lon="123.88738000000001">
    <ele>9.24</ele>
   </trkpt>
   <trkpt lat="10.286180000000002" lon="123.88738000000001">
    <ele>8.66</ele>
   </trkpt>
   <trkpt lat="10.285820000000001" lon="123.88704000000001">
    <ele>6.51</ele>
   </trkpt>
   <trkpt lat="10.28561" lon="123.88688">
    <ele>5.85</ele>
   </trkpt>
   <trkpt lat="10.285008335731918" lon="123.88631999466021">
    <ele>-1.18</ele>
   </trkpt>
   <trkpt lat="10.284406670502285" lon="123.88575999145462">
    <ele>-1.18</ele>
   </trkpt>
   <trkpt lat="10.283805004311166" lon="123.88519999038309">
    <ele>1.67</ele>
   </trkpt>
   <trkpt lat="10.28320333715861" lon="123.88463999144548">
    <ele>1.67</ele>
   </trkpt>
   <trkpt lat="10.282601669044695" lon="123.88407999464171">
    <ele>1.67</ele>
   </trkpt>
   <trkpt lat="10.282" lon="123.88352">
    <ele>1.67</ele>
   </trkpt>
   <trkpt lat="10.281475000341173" lon="123.88303499917602">
    <ele>5.87</ele>
   </trkpt>
   <trkpt lat="10.28095" lon="123.88255000000001">
    <ele>6.0</ele>
   </trkpt>
   <trkpt lat="10.28064" lon="123.88229000000001">
    <ele>6.03</ele>
   </trkpt>
   <trkpt lat="10.27998" lon="123.88184000000001">
    <ele>5.32</ele>
   </trkpt>
   <trkpt lat="10.279530000000001" lon="123.8816">
    <ele>5.890000000000001</ele>
   </trkpt>
   <trkpt lat="10.27899" lon="123.88134000000001">
    <ele>5.72</ele>
   </trkpt>
   <trkpt lat="10.278680000000001" lon="123.88122000000001">
    <ele>5.65</ele>
   </trkpt>
   <trkpt lat="10.277890000635747" lon="123.88093499644246">
    <ele>4.69</ele>
   </trkpt>
   <trkpt lat="10.277100001022605" lon="123.88064999431005">
    <ele>4.69</ele>
   </trkpt>
   <trkpt lat="10.276310001160601" lon="123.88036499360265">
    <ele>4.69</ele>
   </trkpt>
   <trkpt lat="10.275520001049747" lon="123.88007999432017">
    <ele>2.25</ele>
   </trkpt>
   <trkpt lat="10.274730000690075" lon="123.8797949964625">
    <ele>2.25</ele>
   </trkpt>
   <trkpt lat="10.273940000000001" lon="123.87951000000001">
    <ele>2.25</ele>
   </trkpt>
   <trkpt lat="10.27335" lon="123.87930000000001">
    <ele>5.960000000000001</ele>
   </trkpt>
   <trkpt lat="10.272950000000002" lon="123.87920000000001">
    <ele>6.03</ele>
   </trkpt>
   <trkpt lat="10.27265" lon="123.87919000000001">
    <ele>6.090000000000001</ele>
   </trkpt>
   <trkpt lat="10.272340000000002" lon="123.87920000000001">
    <ele>5.890000000000001</ele>
   </trkpt>
   <trkpt lat="10.27208" lon="123.87926000000002">
    <ele>5.710000000000001</ele>
   </trkpt>
   <trkpt lat="10.271439999963773" lon="123.87947000045912">
    <ele>5.5</ele>
   </trkpt>
   <trkpt lat="10.270800000000001" lon="123.87968000000001">
    <ele>5.2</ele>
   </trkpt>
   <trkpt lat="10.27016" lon="123.87975000000002">
    <ele>5.15</ele>
   </trkpt>
   <trkpt lat="10.269950000000001" lon="123.87973000000001">
    <ele>5.2</ele>
   </trkpt>
   <trkpt lat="10.269530000000001" lon="123.87964000000001">
    <ele>5.42</ele>
   </trkpt>
   <trkpt lat="10.26938" lon="123.87958">
    <ele>5.42</ele>
   </trkpt>
   <trkpt lat="10.26909" lon="123.87943000000001">
    <ele>5.46</ele>
   </trkpt>
   <trkpt lat="10.2688" lon="123.87923">
    <ele>5.65</ele>
   </trkpt>
   <trkpt lat="10.268148001920956" lon="123.87866999538345">
    <ele>5.450000000000001</ele>
   </trkpt>
   <trkpt lat="10.267496002881877" lon="123.87810999307575">
    <ele>5.13</ele>
   </trkpt>
   <trkpt lat="10.266844002882818" lon="123.87754999307681">
    <ele>5.25</ele>
   </trkpt>
   <trkpt lat="10.266192001923855" lon="123.87698999538638">
    <ele>5.180000000000001</ele>
   </trkpt>
   <trkpt lat="10.265540000000001" lon="123.87643000000001">
    <ele>5.3500000000000005</ele>
   </trkpt>
   <trkpt lat="10.265450000000001" lon="123.87654">
    <ele>5.1000000000000005</ele>
   </trkpt>
   <trkpt lat="10.26504" lon="123.87618">
    <ele>5.03</ele>
   </trkpt>
   <trkpt lat="10.264408335626904" lon="123.87563166118782">
    <ele>4.710000000000001</ele>
   </trkpt>
   <trkpt lat="10.263776670333671" lon="123.8750833245651">
    <ele>4.710000000000001</ele>
   </trkpt>
   <trkpt lat="10.26314500412036" lon="123.87453499013168">
    <ele>0.45</ele>
   </trkpt>
   <trkpt lat="10.26251333698704" lon="123.87398665788743">
    <ele>0.45</ele>
   </trkpt>
   <trkpt lat="10.261881668933762" lon="123.87343832783218">
    <ele>0.45</ele>
   </trkpt>
   <trkpt lat="10.26125" lon="123.87289000000001">
    <ele>0.45</ele>
   </trkpt>
   <trkpt lat="10.261908892850526" lon="123.87345887941257">
    <ele>0.45</ele>
   </trkpt>
   <trkpt lat="10.262567784710917" lon="123.87402776119393">
    <ele>0.45</ele>
   </trkpt>
   <trkpt lat="10.263226675581093" lon="123.87459664534428">
    <ele>0.45</ele>
   </trkpt>
   <trkpt lat="10.263885565460987" lon="123.8751655318637">
    <ele>0.45</ele>
   </trkpt>
   <trkpt lat="10.264544454350533" lon="123.87573442075244">
    <ele>0.0</ele>
   </trkpt>
   <trkpt lat="10.265203342249661" lon="123.87630331201056">
    <ele>0.0</ele>
   </trkpt>
   <trkpt lat="10.265862229158301" lon="123.87687220563832">
    <ele>0.0</ele>
   </trkpt>
   <trkpt lat="10.266521115076387" lon="123.87744110163587">
    <ele>0.0</ele>
   </trkpt>
   <trkpt lat="10.267180000000002" lon="123.87801">
    <ele>0.0</ele>
   </trkpt>
   <trkpt lat="10.267696667225033" lon="123.8784499985333">
    <ele>5.48</ele>
   </trkpt>
   <trkpt lat="10.268213333857418" lon="123.87888999850406">
    <ele>5.840000000000001</ele>
   </trkpt>
   <trkpt lat="10.268730000000001" lon="123.87933000000001">
    <ele>6.16</ele>
   </trkpt>
   <trkpt lat="10.26903" lon="123.87954">
    <ele>6.11</ele>
   </trkpt>
   <trkpt lat="10.26923" lon="123.87966000000002">
    <ele>6.11</ele>
   </trkpt>
   <trkpt lat="10.2695" lon="123.87977000000001">
    <ele>6.0600000000000005</ele>
   </trkpt>
   <trkpt lat="10.2697" lon="123.87982000000001">
    <ele>5.85</ele>
   </trkpt>
   <trkpt lat="10.270050000000001" lon="123.87987000000001">
    <ele>5.85</ele>
   </trkpt>
   <trkpt lat="10.27049" lon="123.87985">
    <ele>6.08</ele>
   </trkpt>
   <trkpt lat="10.27083" lon="123.87979000000001">
    <ele>6.010000000000001</ele>
   </trkpt>
   <trkpt lat="10.271340000022107" lon="123.87962000028159">
    <ele>5.57</ele>
   </trkpt>
   <trkpt lat="10.27185" lon="123.87945">
    <ele>5.4</ele>
   </trkpt>
   <trkpt lat="10.2721" lon="123.87938000000001">
    <ele>5.42</ele>
   </trkpt>
   <trkpt lat="10.2725" lon="123.87931">
    <ele>5.69</ele>
   </trkpt>
   <trkpt lat="10.27293" lon="123.87933000000001">
    <ele>5.68</ele>
   </trkpt>
   <trkpt lat="10.27331" lon="123.87941000000001">
    <ele>5.7</ele>
   </trkpt>
   <trkpt lat="10.27411285792282" lon="123.87970142412935">
    <ele>5.59</ele>
   </trkpt>
   <trkpt lat="10.274915715585504" lon="123.87999284973912">
    <ele>5.430000000000001</ele>
   </trkpt>
   <trkpt lat="10.275718572988028" lon="123.88028427682944">
    <ele>5.46</ele>
   </trkpt>
   <trkpt lat="10.27652143013037" lon="123.8805757054004">
    <ele>5.4</ele>
   </trkpt>
   <trkpt lat="10.277324287012508" lon="123.88086713545219">
    <ele>5.48</ele>
   </trkpt>
   <trkpt lat="10.278127143634425" lon="123.88115856698488">
    <ele>5.670000000000001</ele>
   </trkpt>
   <trkpt lat="10.27893" lon="123.88145000000002">
    <ele>5.66</ele>
   </trkpt>
   <trkpt lat="10.27973" lon="123.88184000000001">
    <ele>5.85</ele>
   </trkpt>
   <trkpt lat="10.2802" lon="123.88213">
    <ele>5.790000000000001</ele>
   </trkpt>
   <trkpt lat="10.280880000000002" lon="123.88264000000001">
    <ele>5.86</ele>
   </trkpt>
   <trkpt lat="10.28119" lon="123.88293000000002">
    <ele>5.880000000000001</ele>
   </trkpt>
   <trkpt lat="10.281745002129165" lon="123.88345666204248">
    <ele>4.59</ele>
   </trkpt>
   <trkpt lat="10.28230000340813" lon="123.8839833259358">
    <ele>4.59</ele>
   </trkpt>
   <trkpt lat="10.28285500383684" lon="123.88450999168009">
    <ele>1.1300000000000001</ele>
   </trkpt>
   <trkpt lat="10.283410003415245" lon="123.88503665927546">
    <ele>1.1300000000000001</ele>
   </trkpt>
   <trkpt lat="10.283965002143296" lon="123.88556332872201">
    <ele>1.1300000000000001</ele>
   </trkpt>
   <trkpt lat="10.28452" lon="123.88609000000001">
    <ele>1.1300000000000001</ele>
   </trkpt>
   <trkpt lat="10.285110000536607" lon="123.88663499905668">
    <ele>5.55</ele>
   </trkpt>
   <trkpt lat="10.2857" lon="123.88718000000001">
    <ele>7.680000000000001</ele>
   </trkpt>
   <trkpt lat="10.286280000954891" lon="123.88773666462575">
    <ele>11.160000000000002</ele>
   </trkpt>
   <trkpt lat="10.286860000959548" lon="123.88829333129682">
    <ele>11.940000000000001</ele>
   </trkpt>
   <trkpt lat="10.28744" lon="123.88885">
    <ele>12.040000000000001</ele>
   </trkpt>
   <trkpt lat="10.28762" lon="123.88906000000001">
    <ele>12.14</ele>
   </trkpt>
   <trkpt lat="10.287740000000001" lon="123.88924000000002">
    <ele>12.180000000000001</ele>
   </trkpt>
   <trkpt lat="10.287920000000002" lon="123.88974">
    <ele>11.860000000000001</ele>
   </trkpt>
   <trkpt lat="10.28795" lon="123.89053000000001">
    <ele>11.600000000000001</ele>
   </trkpt>
   <trkpt lat="10.287910000330635" lon="123.89100500024256">
    <ele>11.74</ele>
   </trkpt>
   <trkpt lat="10.287870000000002" lon="123.89148000000002">
    <ele>12.89</ele>
   </trkpt>
   <trkpt lat="10.28789" lon="123.89183000000001">
    <ele>14.540000000000001</ele>
   </trkpt>
   <trkpt lat="10.28795" lon="123.89211000000002">
    <ele>15.860000000000003</ele>
   </trkpt>
   <trkpt lat="10.28804" lon="123.89241000000001">
    <ele>17.990000000000002</ele>
   </trkpt>
   <trkpt lat="10.28837" lon="123.89314000000002">
    <ele>23.080000000000002</ele>
   </trkpt>
   <trkpt lat="10.2885350003026" lon="123.89358999974309">
    <ele>26.240000000000002</ele>
   </trkpt>
   <trkpt lat="10.2887" lon="123.89404">
    <ele>28.130000000000003</ele>
   </trkpt>
   <trkpt lat="10.288870000000001" lon="123.89471">
    <ele>32.99</ele>
   </trkpt>
   <trkpt lat="10.289050000000001" lon="123.89489">
    <ele>1.6300000000000001</ele>
   </trkpt>
   <trkpt lat="10.28907" lon="123.89529000000002">
    <ele>36.50000000000001</ele>
   </trkpt>
   <trkpt lat="10.289060000000001" lon="123.8957">
    <ele>38.36000000000001</ele>
   </trkpt>
   <trkpt lat="10.289000000000001" lon="123.89598000000001">
    <ele>41.04</ele>
   </trkpt>
   <trkpt lat="10.288900000000002" lon="123.89625000000001">
    <ele>42.71</ele>
   </trkpt>
   <trkpt lat="10.28874" lon="123.89657000000001">
    <ele>44.4</ele>
   </trkpt>
   <trkpt lat="10.288480000000002" lon="123.89695">
    <ele>46.1</ele>
   </trkpt>
   <trkpt lat="10.288020000000001" lon="123.89751000000001">
    <ele>48.620000000000005</ele>
   </trkpt>
   <trkpt lat="10.28746000211708" lon="123.89809800417588">
    <ele>52.300000000000004</ele>
   </trkpt>
   <trkpt lat="10.286900003173812" lon="123.89868600626554">
    <ele>53.94</ele>
   </trkpt>
   <trkpt lat="10.28634000317026" lon="123.8992740062691">
    <ele>54.1</ele>
   </trkpt>
   <trkpt lat="10.285780002106488" lon="123.89986200418663">
    <ele>52.89000000000001</ele>
   </trkpt>
   <trkpt lat="10.28522" lon="123.90045">
    <ele>49.330000000000005</ele>
   </trkpt>
   <trkpt lat="10.284728001775628" lon="123.90098800335213">
    <ele>46.45</ele>
   </trkpt>
   <trkpt lat="10.284236002663802" lon="123.90152600502766">
    <ele>43.28000000000001</ele>
   </trkpt>
   <trkpt lat="10.283744002664564" lon="123.90206400502669">
    <ele>40.6</ele>
   </trkpt>
   <trkpt lat="10.283252001777958" lon="123.90260200334932">
    <ele>35.7</ele>
   </trkpt>
   <trkpt lat="10.282760000000001" lon="123.90314000000001">
    <ele>33.260000000000005</ele>
   </trkpt>
   <trkpt lat="10.282355000418315" lon="123.90364000059782">
    <ele>29.890000000000004</ele>
   </trkpt>
   <trkpt lat="10.28195" lon="123.90414000000001">
    <ele>27.090000000000003</ele>
   </trkpt>
   <trkpt lat="10.28194" lon="123.90414000000001">
    <ele>27.090000000000003</ele>
   </trkpt>
   <trkpt lat="10.281460000000001" lon="123.90459000000001">
    <ele>0.5700000000000001</ele>
   </trkpt>
   <trkpt lat="10.281165000261268" lon="123.90500000037785">
    <ele>23.76</ele>
   </trkpt>
   <trkpt lat="10.28087" lon="123.90541">
    <ele>21.830000000000002</ele>
   </trkpt>
   <trkpt lat="10.280475000576091" lon="123.90603000079562">
    <ele>17.980000000000004</ele>
   </trkpt>
   <trkpt lat="10.280080000000002" lon="123.90665000000001">
    <ele>14.75</ele>
   </trkpt>
   <trkpt lat="10.279640002421125" lon="123.90737750305908">
    <ele>10.950000000000001</ele>
   </trkpt>
   <trkpt lat="10.279200003220286" lon="123.90810500409165">
    <ele>6.140000000000001</ele>
   </trkpt>
   <trkpt lat="10.278760002397558" lon="123.90883250309784">
    <ele>3.920000000000001</ele>
   </trkpt>
   <trkpt lat="10.27832" lon="123.90956000000001">
    <ele>3.8100000000000005</ele>
   </trkpt>
   <trkpt lat="10.27791000246061" lon="123.91029250286108">
    <ele>4.3100000000000005</ele>
   </trkpt>
   <trkpt lat="10.277500003277154" lon="123.91102500382118">
    <ele>5.19</ele>
   </trkpt>
   <trkpt lat="10.277090002449697" lon="123.91175750288038">
    <ele>5.090000000000001</ele>
   </trkpt>
   <trkpt lat="10.27668" lon="123.91249">
    <ele>5.04</ele>
   </trkpt>
   <trkpt lat="10.276233335238201" lon="123.91327666887456">
    <ele>4.62</ele>
   </trkpt>
   <trkpt lat="10.275786668580489" lon="123.91406333552538">
    <ele>4.48</ele>
   </trkpt>
   <trkpt lat="10.275340000000002" lon="123.91485000000002">
    <ele>4.91</ele>
   </trkpt>
   <trkpt lat="10.27496" lon="123.91549">
    <ele>5.15</ele>
   </trkpt>
   <trkpt lat="10.274640000000002" lon="123.91596000000001">
    <ele>5.33</ele>
   </trkpt>
   <trkpt lat="10.274330000215809" lon="123.91637500047122">
    <ele>5.42</ele>
   </trkpt>
   <trkpt lat="10.27402" lon="123.91679">
    <ele>4.9799999999999995</ele>
   </trkpt>
   <trkpt lat="10.273655000250896" lon="123.91720500049382">
    <ele>4.72</ele>
   </trkpt>
   <trkpt lat="10.273290000000001" lon="123.91762000000001">
    <ele>4.12</ele>
   </trkpt>
   <trkpt lat="10.273000000000001" lon="123.91791">
    <ele>4.050000000000001</ele>
   </trkpt>
   <trkpt lat="10.272350000000001" lon="123.91851000000001">
    <ele>4.5200000000000005</ele>
   </trkpt>
   <trkpt lat="10.27191000013492" lon="123.91885000050571">
    <ele>4.890000000000001</ele>
   </trkpt>
   <trkpt lat="10.27147" lon="123.91919000000001">
    <ele>5.21</ele>
   </trkpt>
   <trkpt lat="10.270800000000001" lon="123.91965">
    <ele>5.51</ele>
   </trkpt>
   <trkpt lat="10.27012" lon="123.92005">
    <ele>5.390000000000001</ele>
   </trkpt>
   <trkpt lat="10.269570000000002" lon="123.92036000000002">
    <ele>4.86</ele>
   </trkpt>
   <trkpt lat="10.26903" lon="123.92061000000001">
    <ele>4.62</ele>
   </trkpt>
   <trkpt lat="10.26855500030934" lon="123.92080500018977">
    <ele>3.94</ele>
   </trkpt>
   <trkpt lat="10.268080000000001" lon="123.921">
    <ele>3.98</ele>
   </trkpt>
   <trkpt lat="10.267407500322488" lon="123.92126000165365">
    <ele>4.390000000000001</ele>
   </trkpt>
   <trkpt lat="10.266735000438043" lon="123.9215200022017">
    <ele>4.670000000000001</ele>
   </trkpt>
   <trkpt lat="10.266062500346678" lon="123.92178000164421">
    <ele>4.670000000000001</ele>
   </trkpt>
   <trkpt lat="10.26539" lon="123.92204000000001">
    <ele>4.19</ele>
   </trkpt>
   <trkpt lat="10.26492" lon="123.92225">
    <ele>4.03</ele>
   </trkpt>
   <trkpt lat="10.264470000000001" lon="123.92250000000001">
    <ele>4.28</ele>
   </trkpt>
   <trkpt lat="10.264090000000001" lon="123.92274">
    <ele>4.430000000000001</ele>
   </trkpt>
   <trkpt lat="10.2637" lon="123.92303000000001">
    <ele>4.55</ele>
   </trkpt>
   <trkpt lat="10.26328" lon="123.92341">
    <ele>4.670000000000001</ele>
   </trkpt>
   <trkpt lat="10.26293" lon="123.92378000000001">
    <ele>4.9</ele>
   </trkpt>
   <trkpt lat="10.26262" lon="123.92417">
    <ele>5.03</ele>
   </trkpt>
   <trkpt lat="10.26237" lon="123.92454000000001">
    <ele>5.24</ele>
   </trkpt>
   <trkpt lat="10.26214" lon="123.92491000000001">
    <ele>5.19</ele>
   </trkpt>
   <trkpt lat="10.261764291530364" lon="123.92570571994278">
    <ele>4.49</ele>
   </trkpt>
   <trkpt lat="10.261388581123544" lon="123.92650143799631">
    <ele>3.7</ele>
   </trkpt>
   <trkpt lat="10.26101286877963" lon="123.9272971541606">
    <ele>4.49</ele>
   </trkpt>
   <trkpt lat="10.260637154498697" lon="123.92809286843571">
    <ele>5.08</ele>
   </trkpt>
   <trkpt lat="10.260261438280821" lon="123.92888858082175">
    <ele>5.33</ele>
   </trkpt>
   <trkpt lat="10.259885720126077" lon="123.92968429131878">
    <ele>5.32</ele>
   </trkpt>
   <trkpt lat="10.25951" lon="123.93048000000002">
    <ele>5.16</ele>
   </trkpt>
   <trkpt lat="10.259170000852174" lon="123.93123000082342">
    <ele>4.3</ele>
   </trkpt>
   <trkpt lat="10.258830000000001" lon="123.93198000000001">
    <ele>3.96</ele>
   </trkpt>
   <trkpt lat="10.258690000000001" lon="123.9325">
    <ele>3.97</ele>
   </trkpt>
   <trkpt lat="10.25866" lon="123.93279000000001">
    <ele>3.97</ele>
   </trkpt>
   <trkpt lat="10.25866" lon="123.93312000000002">
    <ele>4.390000000000001</ele>
   </trkpt>
   <trkpt lat="10.258700000000001" lon="123.93350000000001">
    <ele>4.44</ele>
   </trkpt>
   <trkpt lat="10.25876" lon="123.93382000000001">
    <ele>4.5600000000000005</ele>
   </trkpt>
   <trkpt lat="10.258930000000001" lon="123.93429">
    <ele>4.49</ele>
   </trkpt>
   <trkpt lat="10.25908" lon="123.93458000000001">
    <ele>4.38</ele>
   </trkpt>
   <trkpt lat="10.25924" lon="123.93482000000002">
    <ele>4.23</ele>
   </trkpt>
   <trkpt lat="10.25947" lon="123.93511000000001">
    <ele>4.180000000000001</ele>
   </trkpt>
   <trkpt lat="10.25965" lon="123.93530000000001">
    <ele>4.1000000000000005</ele>
   </trkpt>
   <trkpt lat="10.260327501104516" lon="123.93579499680682">
    <ele>3.5500000000000003</ele>
   </trkpt>
   <trkpt lat="10.26100500145949" lon="123.93628999573265">
    <ele>3.7700000000000005</ele>
   </trkpt>
   <trkpt lat="10.261682501064863" lon="123.93678499677766">
    <ele>4.51</ele>
   </trkpt>
   <trkpt lat="10.262360000000001" lon="123.93728000000002">
    <ele>4.880000000000001</ele>
   </trkpt>
   <trkpt lat="10.2628" lon="123.93762000000001">
    <ele>4.81</ele>
   </trkpt>
   <trkpt lat="10.263240000000001" lon="123.93799000000001">
    <ele>4.540000000000001</ele>
   </trkpt>
   <trkpt lat="10.263640000414295" lon="123.93849499939202">
    <ele>3.7700000000000005</ele>
   </trkpt>
   <trkpt lat="10.264040000000001" lon="123.93900000000001">
    <ele>3.98</ele>
   </trkpt>
   <trkpt lat="10.2642" lon="123.93914000000001">
    <ele>3.93</ele>
   </trkpt>
   <trkpt lat="10.264510000000001" lon="123.93934000000002">
    <ele>4.010000000000001</ele>
   </trkpt>
   <trkpt lat="10.264510000000001" lon="123.93935">
    <ele>0.39</ele>
   </trkpt>
   <trkpt lat="10.264700000000001" lon="123.93910000000001">
    <ele>0.17</ele>
   </trkpt>
   <trkpt lat="10.264460000000001" lon="123.93883000000001">
    <ele>0.13</ele>
   </trkpt>
   <trkpt lat="10.2643" lon="123.93869000000001">
    <ele>4.94</ele>
   </trkpt>
   <trkpt lat="10.263795000297625" lon="123.93831999947409">
    <ele>4.79</ele>
   </trkpt>
   <trkpt lat="10.263290000000001" lon="123.93795000000001">
    <ele>5.23</ele>
   </trkpt>
   <trkpt lat="10.26285" lon="123.93754000000001">
    <ele>5.4</ele>
   </trkpt>
   <trkpt lat="10.26242" lon="123.93721000000001">
    <ele>5.51</ele>
   </trkpt>
   <trkpt lat="10.261745001156877" lon="123.93670999680802">
    <ele>5.0200000000000005</ele>
   </trkpt>
   <trkpt lat="10.26107000154887" lon="123.93620999574884">
    <ele>4.44</ele>
   </trkpt>
   <trkpt lat="10.260395001176043" lon="123.9357099968224">
    <ele>4.010000000000001</ele>
   </trkpt>
   <trkpt lat="10.259720000000002" lon="123.93521000000001">
    <ele>4.34</ele>
   </trkpt>
   <trkpt lat="10.259540000000001" lon="123.93504000000001">
    <ele>4.34</ele>
   </trkpt>
   <trkpt lat="10.259310000000001" lon="123.93475000000001">
    <ele>4.630000000000001</ele>
   </trkpt>
   <trkpt lat="10.25915" lon="123.93451">
    <ele>4.74</ele>
   </trkpt>
   <trkpt lat="10.259020000000001" lon="123.93424000000002">
    <ele>5.03</ele>
   </trkpt>
   <trkpt lat="10.25886" lon="123.9338">
    <ele>5.050000000000001</ele>
   </trkpt>
   <trkpt lat="10.2588" lon="123.93349">
    <ele>4.890000000000001</ele>
   </trkpt>
   <trkpt lat="10.25876" lon="123.93311000000001">
    <ele>4.540000000000001</ele>
   </trkpt>
   <trkpt lat="10.25877" lon="123.93279000000001">
    <ele>4.46</ele>
   </trkpt>
   <trkpt lat="10.25881" lon="123.93251000000001">
    <ele>4.5600000000000005</ele>
   </trkpt>
   <trkpt lat="10.258930000000001" lon="123.93203000000001">
    <ele>4.5600000000000005</ele>
   </trkpt>
   <trkpt lat="10.259030000000001" lon="123.93178">
    <ele>4.64</ele>
   </trkpt>
   <trkpt lat="10.25936000316948" lon="123.93106000300675">
    <ele>0.01</ele>
   </trkpt>
   <trkpt lat="10.259690004753281" lon="123.93034000451233">
    <ele>0.01</ele>
   </trkpt>
   <trkpt lat="10.260020004751356" lon="123.92962000451672">
    <ele>-0.01</ele>
   </trkpt>
   <trkpt lat="10.260350003163644" lon="123.92890000301982">
    <ele>-0.01</ele>
   </trkpt>
   <trkpt lat="10.26068" lon="123.92818000000001">
    <ele>-0.01</ele>
   </trkpt>
   <trkpt lat="10.2610625030163" lon="123.92737000292531">
    <ele>5.33</ele>
   </trkpt>
   <trkpt lat="10.261445004025406" lon="123.92656000389277">
    <ele>4.53</ele>
   </trkpt>
   <trkpt lat="10.261827503027241" lon="123.92575000290238">
    <ele>5.090000000000001</ele>
   </trkpt>
   <trkpt lat="10.262210000000001" lon="123.92494">
    <ele>5.72</ele>
   </trkpt>
   <trkpt lat="10.2622" lon="123.92495000000001">
    <ele>5.72</ele>
   </trkpt>
   <trkpt lat="10.262680000000001" lon="123.92421000000002">
    <ele>5.72</ele>
   </trkpt>
   <trkpt lat="10.26299" lon="123.92383000000001">
    <ele>5.59</ele>
   </trkpt>
   <trkpt lat="10.263330000000002" lon="123.92347000000001">
    <ele>5.3500000000000005</ele>
   </trkpt>
   <trkpt lat="10.263750000000002" lon="123.92309000000002">
    <ele>5.11</ele>
   </trkpt>
   <trkpt lat="10.264140000000001" lon="123.92280000000001">
    <ele>4.890000000000001</ele>
   </trkpt>
   <trkpt lat="10.264520000000001" lon="123.92256">
    <ele>4.78</ele>
   </trkpt>
   <trkpt lat="10.264980000000001" lon="123.92231000000001">
    <ele>4.57</ele>
   </trkpt>
   <trkpt lat="10.26543" lon="123.92211">
    <ele>4.87</ele>
   </trkpt>
   <trkpt lat="10.266158000511965" lon="123.92182400262847">
    <ele>5.51</ele>
   </trkpt>
   <trkpt lat="10.266886000773573" lon="123.92153800394064">
    <ele>5.36</ele>
   </trkpt>
   <trkpt lat="10.267614000784809" lon="123.92125200393632">
    <ele>4.99</ele>
   </trkpt>
   <trkpt lat="10.268342000545655" lon="123.92096600261546">
    <ele>4.64</ele>
   </trkpt>
   <trkpt lat="10.269070000000001" lon="123.92068">
    <ele>5.17</ele>
   </trkpt>
   <trkpt lat="10.269615000191529" lon="123.92040000044582">
    <ele>5.630000000000001</ele>
   </trkpt>
   <trkpt lat="10.27016" lon="123.92012000000001">
    <ele>6.090000000000001</ele>
   </trkpt>
   <trkpt lat="10.270595000227555" lon="123.91985500029145">
    <ele>6.21</ele>
   </trkpt>
   <trkpt lat="10.271030000000001" lon="123.91959000000001">
    <ele>6.280000000000001</ele>
   </trkpt>
   <trkpt lat="10.27152" lon="123.91925">
    <ele>6.2</ele>
   </trkpt>
   <trkpt lat="10.271955000265535" lon="123.91891500038878">
    <ele>5.670000000000001</ele>
   </trkpt>
   <trkpt lat="10.272390000000001" lon="123.91858">
    <ele>5.3500000000000005</ele>
   </trkpt>
   <trkpt lat="10.272730000083802" lon="123.91826500040193">
    <ele>5.12</ele>
   </trkpt>
   <trkpt lat="10.27307" lon="123.91795">
    <ele>4.7</ele>
   </trkpt>
   <trkpt lat="10.273445000163958" lon="123.91755000056102">
    <ele>4.73</ele>
   </trkpt>
   <trkpt lat="10.27382" lon="123.91715">
    <ele>5.260000000000001</ele>
   </trkpt>
   <trkpt lat="10.274105000100283" lon="123.91679500043558">
    <ele>5.81</ele>
   </trkpt>
   <trkpt lat="10.27439" lon="123.91644000000001">
    <ele>5.94</ele>
   </trkpt>
   <trkpt lat="10.274700000243852" lon="123.91599500052179">
    <ele>5.930000000000001</ele>
   </trkpt>
   <trkpt lat="10.27501" lon="123.91555000000001">
    <ele>5.580000000000001</ele>
   </trkpt>
   <trkpt lat="10.275442502624795" lon="123.9147925031309">
    <ele>5.34</ele>
   </trkpt>
   <trkpt lat="10.275875003491807" lon="123.91403500418853">
    <ele>4.710000000000001</ele>
   </trkpt>
   <trkpt lat="10.276307502600952" lon="123.91327750317286">
    <ele>4.760000000000001</ele>
   </trkpt>
   <trkpt lat="10.27674" lon="123.91252000000001">
    <ele>4.95</ele>
   </trkpt>
   <trkpt lat="10.277157502528976" lon="123.91178000291153">
    <ele>5.55</ele>
   </trkpt>
   <trkpt lat="10.27757500338018" lon="123.91104000386761">
    <ele>5.630000000000001</ele>
   </trkpt>
   <trkpt lat="10.277992502553534" lon="123.91030000286823">
    <ele>4.9799999999999995</ele>
   </trkpt>
   <trkpt lat="10.278410000000001" lon="123.90956000000001">
    <ele>4.72</ele>
   </trkpt>
   <trkpt lat="10.278736667553853" lon="123.90902666774419">
    <ele>4.580000000000001</ele>
   </trkpt>
   <trkpt lat="10.279063334236076" lon="123.90849333438547">
    <ele>5.19</ele>
   </trkpt>
   <trkpt lat="10.279390000000001" lon="123.90796000000002">
    <ele>7.150000000000001</ele>
   </trkpt>
   <trkpt lat="10.279800000804734" lon="123.90725000086556">
    <ele>11.99</ele>
   </trkpt>
   <trkpt lat="10.28021" lon="123.90654">
    <ele>15.13</ele>
   </trkpt>
   <trkpt lat="10.280470000000001" lon="123.90622">
    <ele>6.48</ele>
   </trkpt>
   <trkpt lat="10.280970000000002" lon="123.90548000000001">
    <ele>19.040000000000003</ele>
   </trkpt>
   <trkpt lat="10.281405000466322" lon="123.9048800009441">
    <ele>23.13</ele>
   </trkpt>
   <trkpt lat="10.28184" lon="123.90428000000001">
    <ele>26.01</ele>
   </trkpt>
   <trkpt lat="10.282300000434633" lon="123.90371000090866">
    <ele>29.890000000000004</ele>
   </trkpt>
   <trkpt lat="10.282760000000001" lon="123.90314000000001">
    <ele>33.260000000000005</ele>
   </trkpt>
   <trkpt lat="10.283252001773922" lon="123.90260200335375">
    <ele>35.7</ele>
   </trkpt>
   <trkpt lat="10.283744002660525" lon="123.90206400503112">
    <ele>40.6</ele>
   </trkpt>
   <trkpt lat="10.284236002659762" lon="123.90152600503211">
    <ele>43.28000000000001</ele>
   </trkpt>
   <trkpt lat="10.284728001771589" lon="123.90098800335657">
    <ele>46.45</ele>
   </trkpt>
   <trkpt lat="10.28522" lon="123.90045">
    <ele>50.650000000000006</ele>
   </trkpt>
   <trkpt lat="10.285780002123934" lon="123.89986200416831">
    <ele>52.89000000000001</ele>
   </trkpt>
   <trkpt lat="10.286340003187707" lon="123.89927400625076">
    <ele>54.1</ele>
   </trkpt>
   <trkpt lat="10.286900003191258" lon="123.89868600624722">
    <ele>53.720000000000006</ele>
   </trkpt>
   <trkpt lat="10.287460002134527" lon="123.89809800415756">
    <ele>52.300000000000004</ele>
   </trkpt>
   <trkpt lat="10.288020000000001" lon="123.89751000000001">
    <ele>48.620000000000005</ele>
   </trkpt>
   <trkpt lat="10.288480000000002" lon="123.89695">
    <ele>46.1</ele>
   </trkpt>
   <trkpt lat="10.28874" lon="123.89657000000001">
    <ele>44.4</ele>
   </trkpt>
   <trkpt lat="10.288900000000002" lon="123.89625000000001">
    <ele>42.71</ele>
   </trkpt>
   <trkpt lat="10.289000000000001" lon="123.89598000000001">
    <ele>41.04</ele>
   </trkpt>
   <trkpt lat="10.289060000000001" lon="123.8957">
    <ele>38.36000000000001</ele>
   </trkpt>
   <trkpt lat="10.28907" lon="123.8953">
    <ele>36.56</ele>
   </trkpt>
   <trkpt lat="10.28904" lon="123.89475000000002">
    <ele>33.550000000000004</ele>
   </trkpt>
   <trkpt lat="10.288820000000001" lon="123.894">
    <ele>29.0</ele>
   </trkpt>
   <trkpt lat="10.288655000325013" lon="123.89354499978288">
    <ele>24.57</ele>
   </trkpt>
   <trkpt lat="10.288490000000001" lon="123.89309000000002">
    <ele>20.830000000000002</ele>
   </trkpt>
   <trkpt lat="10.28843" lon="123.89278000000002">
    <ele>18.72</ele>
   </trkpt>
   <trkpt lat="10.28838" lon="123.89239">
    <ele>16.630000000000003</ele>
   </trkpt>
   <trkpt lat="10.288336668115832" lon="123.89170333319252">
    <ele>12.42</ele>
   </trkpt>
   <trkpt lat="10.288293334785509" lon="123.89101666657352">
    <ele>9.340000000000002</ele>
   </trkpt>
   <trkpt lat="10.288250000000001" lon="123.89033">
    <ele>9.36</ele>
   </trkpt>
   <trkpt lat="10.28814" lon="123.88965">
    <ele>9.89</ele>
   </trkpt>
   <trkpt lat="10.28804" lon="123.88938000000002">
    <ele>9.860000000000001</ele>
   </trkpt>
   <trkpt lat="10.28794" lon="123.88917000000001">
    <ele>9.930000000000001</ele>
   </trkpt>
   <trkpt lat="10.2878" lon="123.88893000000002">
    <ele>9.97</ele>
   </trkpt>
   <trkpt lat="10.28763" lon="123.88869000000001">
    <ele>9.950000000000001</ele>
   </trkpt>
   <trkpt lat="10.287170000587633" lon="123.88825333206348">
    <ele>9.370000000000001</ele>
   </trkpt>
   <trkpt lat="10.286710000590507" lon="123.88781666539957">
    <ele>9.32</ele>
   </trkpt>
   <trkpt lat="10.28625" lon="123.88738000000001">
    <ele>9.24</ele>
   </trkpt>
   <trkpt lat="10.286180000000002" lon="123.88738000000001">
    <ele>8.66</ele>
   </trkpt>
   <trkpt lat="10.285820000000001" lon="123.88704000000001">
    <ele>6.51</ele>
   </trkpt>
   <trkpt lat="10.285460000240946" lon="123.88673999974374">
    <ele>5.2</ele>
   </trkpt>
   <trkpt lat="10.285100000000002" lon="123.88644000000001">
    <ele>4.68</ele>
   </trkpt>
   <trkpt lat="10.28509" lon="123.88644000000001">
    <ele>4.68</ele>
   </trkpt>
   <trkpt lat="10.284444002294416" lon="123.88582999502066">
    <ele>-0.04</ele>
   </trkpt>
   <trkpt lat="10.283798003447973" lon="123.88521999253722">
    <ele>-0.04</ele>
   </trkpt>
   <trkpt lat="10.283152003460753" lon="123.8846099925495">
    <ele>1.8</ele>
   </trkpt>
   <trkpt lat="10.282506002332825" lon="123.8839999950574">
    <ele>1.8</ele>
   </trkpt>
   <trkpt lat="10.28186" lon="123.88339">
    <ele>1.8</ele>
   </trkpt>
   <trkpt lat="10.281405000264508" lon="123.88296999938962">
    <ele>5.960000000000001</ele>
   </trkpt>
   <trkpt lat="10.28095" lon="123.88255000000001">
    <ele>6.0</ele>
   </trkpt>
   <trkpt lat="10.28064" lon="123.88229000000001">
    <ele>6.03</ele>
   </trkpt>
   <trkpt lat="10.27998" lon="123.88184000000001">
    <ele>5.32</ele>
   </trkpt>
   <trkpt lat="10.279530000000001" lon="123.8816">
    <ele>5.890000000000001</ele>
   </trkpt>
   <trkpt lat="10.27899" lon="123.88134000000001">
    <ele>5.72</ele>
   </trkpt>
   <trkpt lat="10.27832" lon="123.88108000000001">
    <ele>5.57</ele>
   </trkpt>
   <trkpt lat="10.27749166735161" lon="123.88078332944916">
    <ele>5.33</ele>
   </trkpt>
   <trkpt lat="10.276663334433552" lon="123.88048666045373">
    <ele>5.29</ele>
   </trkpt>
   <trkpt lat="10.27583500124585" lon="123.88018999301356">
    <ele>5.44</ele>
   </trkpt>
   <trkpt lat="10.275006667788524" lon="123.87989332712853">
    <ele>5.5200000000000005</ele>
   </trkpt>
   <trkpt lat="10.274178334061599" lon="123.87959666279849">
    <ele>5.74</ele>
   </trkpt>
   <trkpt lat="10.27335" lon="123.87930000000001">
    <ele>5.960000000000001</ele>
   </trkpt>
   <trkpt lat="10.272950000000002" lon="123.87920000000001">
    <ele>6.11</ele>
   </trkpt>
   <trkpt lat="10.27265" lon="123.87919000000001">
    <ele>6.090000000000001</ele>
   </trkpt>
   <trkpt lat="10.272340000000002" lon="123.87920000000001">
    <ele>6.050000000000001</ele>
   </trkpt>
   <trkpt lat="10.27208" lon="123.87926000000002">
    <ele>5.710000000000001</ele>
   </trkpt>
   <trkpt lat="10.271439999963773" lon="123.87947000045912">
    <ele>5.4</ele>
   </trkpt>
   <trkpt lat="10.270800000000001" lon="123.87968000000001">
    <ele>5.2</ele>
   </trkpt>
   <trkpt lat="10.27016" lon="123.87975000000002">
    <ele>5.15</ele>
   </trkpt>
   <trkpt lat="10.269950000000001" lon="123.87973000000001">
    <ele>5.2</ele>
   </trkpt>
   <trkpt lat="10.269530000000001" lon="123.87964000000001">
    <ele>5.42</ele>
   </trkpt>
   <trkpt lat="10.26938" lon="123.87958">
    <ele>5.42</ele>
   </trkpt>
   <trkpt lat="10.26909" lon="123.87943000000001">
    <ele>5.46</ele>
   </trkpt>
   <trkpt lat="10.2688" lon="123.87923">
    <ele>5.65</ele>
   </trkpt>
   <trkpt lat="10.268510000000001" lon="123.87899000000002">
    <ele>5.65</ele>
   </trkpt>
   <trkpt lat="10.26838" lon="123.87876000000001">
    <ele>5.2</ele>
   </trkpt>
   <trkpt lat="10.267930000000002" lon="123.87837">
    <ele>4.99</ele>
   </trkpt>
   <trkpt lat="10.267317501277095" lon="123.87784499696016">
    <ele>4.87</ele>
   </trkpt>
   <trkpt lat="10.266705001710475" lon="123.8773199959536">
    <ele>4.880000000000001</ele>
   </trkpt>
   <trkpt lat="10.266092501300195" lon="123.87679499698012">
    <ele>5.32</ele>
   </trkpt>
   <trkpt lat="10.26548" lon="123.87627">
    <ele>5.19</ele>
   </trkpt>
   <trkpt lat="10.26542" lon="123.87633000000001">
    <ele>5.36</ele>
   </trkpt>
   <trkpt lat="10.264736669306453" lon="123.8757416603067">
    <ele>5.32</ele>
   </trkpt>
   <trkpt lat="10.264053337553595" lon="123.87515332315478">
    <ele>5.44</ele>
   </trkpt>
   <trkpt lat="10.263370004741498" lon="123.87456498854407">
    <ele>5.55</ele>
   </trkpt>
   <trkpt lat="10.262686670870243" lon="123.8739766564744">
    <ele>5.580000000000001</ele>
   </trkpt>
   <trkpt lat="10.262003335939903" lon="123.87338832694559">
    <ele>5.630000000000001</ele>
   </trkpt>
   <trkpt lat="10.261320000000001" lon="123.87280000000001">
    <ele>5.010000000000001</ele>
   </trkpt>
   <trkpt lat="10.261993641751802" lon="123.87339362372178">
    <ele>0.060000000000000005</ele>
   </trkpt>
   <trkpt lat="10.262667282425445" lon="123.8739872499707">
    <ele>0.060000000000000005</ele>
   </trkpt>
   <trkpt lat="10.26334092202085" lon="123.87458087874697">
    <ele>0.060000000000000005</ele>
   </trkpt>
   <trkpt lat="10.264014560537944" lon="123.8751745100508">
    <ele>0.060000000000000005</ele>
   </trkpt>
   <trkpt lat="10.264688197976646" lon="123.87576814388235">
    <ele>0.060000000000000005</ele>
   </trkpt>
   <trkpt lat="10.265361834336879" lon="123.87636178024175">
    <ele>4.5</ele>
   </trkpt>
   <trkpt lat="10.266035469618572" lon="123.87695541912925">
    <ele>4.5</ele>
   </trkpt>
   <trkpt lat="10.266709103821645" lon="123.87754906054498">
    <ele>4.5</ele>
   </trkpt>
   <trkpt lat="10.267382736946013" lon="123.87814270448911">
    <ele>4.5</ele>
   </trkpt>
   <trkpt lat="10.268056368991614" lon="123.87873635096182">
    <ele>4.5</ele>
   </trkpt>
   <trkpt lat="10.268730000000001" lon="123.87933000000001">
    <ele>4.5</ele>
   </trkpt>
   <trkpt lat="10.26903" lon="123.87954">
    <ele>6.11</ele>
   </trkpt>
   <trkpt lat="10.26923" lon="123.87966000000002">
    <ele>6.11</ele>
   </trkpt>
   <trkpt lat="10.2695" lon="123.87977000000001">
    <ele>6.0600000000000005</ele>
   </trkpt>
   <trkpt lat="10.2697" lon="123.87982000000001">
    <ele>5.85</ele>
   </trkpt>
   <trkpt lat="10.270050000000001" lon="123.87987000000001">
    <ele>5.85</ele>
   </trkpt>
   <trkpt lat="10.27049" lon="123.87985">
    <ele>6.08</ele>
   </trkpt>
   <trkpt lat="10.27083" lon="123.87979000000001">
    <ele>6.010000000000001</ele>
   </trkpt>
   <trkpt lat="10.271340000022107" lon="123.87962000028159">
    <ele>5.57</ele>
   </trkpt>
   <trkpt lat="10.27185" lon="123.87945">
    <ele>5.4</ele>
   </trkpt>
   <trkpt lat="10.2721" lon="123.87938000000001">
    <ele>5.42</ele>
   </trkpt>
   <trkpt lat="10.2725" lon="123.87931">
    <ele>5.69</ele>
   </trkpt>
   <trkpt lat="10.27293" lon="123.87933000000001">
    <ele>5.68</ele>
   </trkpt>
   <trkpt lat="10.27331" lon="123.87941000000001">
    <ele>5.7</ele>
   </trkpt>
   <trkpt lat="10.273800000000001" lon="123.87958">
    <ele>5.710000000000001</ele>
   </trkpt>
   <trkpt lat="10.274532857787758" lon="123.87984713913633">
    <ele>5.5600000000000005</ele>
   </trkpt>
   <trkpt lat="10.275265715356916" lon="123.88011427951143">
    <ele>5.4</ele>
   </trkpt>
   <trkpt lat="10.275998572707465" lon="123.88038142112542">
    <ele>5.46</ele>
   </trkpt>
   <trkpt lat="10.276731429839382" lon="123.88064856397837">
    <ele>5.4</ele>
   </trkpt>
   <trkpt lat="10.27746428675265" lon="123.88091570807039">
    <ele>5.48</ele>
   </trkpt>
   <trkpt lat="10.278197143447256" lon="123.88118285340157">
    <ele>5.710000000000001</ele>
   </trkpt>
   <trkpt lat="10.27893" lon="123.88145000000002">
    <ele>5.66</ele>
   </trkpt>
   <trkpt lat="10.27973" lon="123.88184000000001">
    <ele>5.85</ele>
   </trkpt>
   <trkpt lat="10.2802" lon="123.88213">
    <ele>5.790000000000001</ele>
   </trkpt>
   <trkpt lat="10.280880000000002" lon="123.88264000000001">
    <ele>5.86</ele>
   </trkpt>
   <trkpt lat="10.28147666763019" lon="123.88320333119633">
    <ele>5.86</ele>
   </trkpt>
   <trkpt lat="10.282073334287684" lon="123.88376666452093">
    <ele>5.72</ele>
   </trkpt>
   <trkpt lat="10.282670000000001" lon="123.88433">
    <ele>5.72</ele>
   </trkpt>
   <trkpt lat="10.283320002287851" lon="123.88494199495288">
    <ele>2.0</ele>
   </trkpt>
   <trkpt lat="10.2839700034275" lon="123.88555399242503">
    <ele>2.0</ele>
   </trkpt>
   <trkpt lat="10.284620003418866" lon="123.88616599241665">
    <ele>-0.02</ele>
   </trkpt>
   <trkpt lat="10.285270002261873" lon="123.88677799492791">
    <ele>-0.02</ele>
   </trkpt>
   <trkpt lat="10.28592" lon="123.88739000000001">
    <ele>-0.02</ele>
   </trkpt>
   <trkpt lat="10.286426667386243" lon="123.8878766650981">
    <ele>11.55</ele>
   </trkpt>
   <trkpt lat="10.286933334046198" lon="123.88836333175827">
    <ele>11.940000000000001</ele>
   </trkpt>
   <trkpt lat="10.28744" lon="123.88885">
    <ele>12.040000000000001</ele>
   </trkpt>
   <trkpt lat="10.28762" lon="123.88906000000001">
    <ele>12.14</ele>
   </trkpt>
   <trkpt lat="10.287740000000001" lon="123.88924000000002">
    <ele>12.180000000000001</ele>
   </trkpt>
   <trkpt lat="10.287920000000002" lon="123.88974">
    <ele>11.860000000000001</ele>
   </trkpt>
   <trkpt lat="10.28795" lon="123.89053000000001">
    <ele>11.600000000000001</ele>
   </trkpt>
   <trkpt lat="10.287910000330635" lon="123.89100500024256">
    <ele>11.74</ele>
   </trkpt>
   <trkpt lat="10.287870000000002" lon="123.89148000000002">
    <ele>12.89</ele>
   </trkpt>
   <trkpt lat="10.28789" lon="123.89183000000001">
    <ele>14.540000000000001</ele>
   </trkpt>
   <trkpt lat="10.28795" lon="123.89211000000002">
    <ele>15.860000000000003</ele>
   </trkpt>
   <trkpt lat="10.28804" lon="123.89241000000001">
    <ele>17.990000000000002</ele>
   </trkpt>
   <trkpt lat="10.28837" lon="123.89314000000002">
    <ele>23.080000000000002</ele>
   </trkpt>
   <trkpt lat="10.2885350003026" lon="123.89358999974309">
    <ele>26.240000000000002</ele>
   </trkpt>
   <trkpt lat="10.2887" lon="123.89404">
    <ele>28.130000000000003</ele>
   </trkpt>
   <trkpt lat="10.28889" lon="123.89478000000001">
    <ele>33.42</ele>
   </trkpt>
   <trkpt lat="10.288920000000001" lon="123.89509000000001">
    <ele>35.370000000000005</ele>
   </trkpt>
   <trkpt lat="10.28907" lon="123.89534">
    <ele>1.8300000000000003</ele>
   </trkpt>
   <trkpt lat="10.289060000000001" lon="123.8957">
    <ele>38.36000000000001</ele>
   </trkpt>
   <trkpt lat="10.289000000000001" lon="123.89598000000001">
    <ele>41.04</ele>
   </trkpt>
   <trkpt lat="10.288900000000002" lon="123.89625000000001">
    <ele>42.71</ele>
   </trkpt>
   <trkpt lat="10.28874" lon="123.89657000000001">
    <ele>44.4</ele>
   </trkpt>
   <trkpt lat="10.288480000000002" lon="123.89695">
    <ele>46.1</ele>
   </trkpt>
   <trkpt lat="10.288020000000001" lon="123.89751000000001">
    <ele>48.620000000000005</ele>
   </trkpt>
   <trkpt lat="10.28746000211708" lon="123.89809800417588">
    <ele>52.300000000000004</ele>
   </trkpt>
   <trkpt lat="10.286900003173812" lon="123.89868600626554">
    <ele>53.94</ele>
   </trkpt>
   <trkpt lat="10.28634000317026" lon="123.8992740062691">
    <ele>54.1</ele>
   </trkpt>
   <trkpt lat="10.285780002106488" lon="123.89986200418663">
    <ele>52.89000000000001</ele>
   </trkpt>
   <trkpt lat="10.28522" lon="123.90045">
    <ele>49.330000000000005</ele>
   </trkpt>
   <trkpt lat="10.284728001775628" lon="123.90098800335213">
    <ele>46.45</ele>
   </trkpt>
   <trkpt lat="10.284236002663802" lon="123.90152600502766">
    <ele>43.28000000000001</ele>
   </trkpt>
   <trkpt lat="10.283744002664564" lon="123.90206400502669">
    <ele>40.6</ele>
   </trkpt>
   <trkpt lat="10.283252001777958" lon="123.90260200334932">
    <ele>35.7</ele>
   </trkpt>
   <trkpt lat="10.282760000000001" lon="123.90314000000001">
    <ele>33.260000000000005</ele>
   </trkpt>
   <trkpt lat="10.282420000367022" lon="123.903555000321">
    <ele>29.890000000000004</ele>
   </trkpt>
   <trkpt lat="10.28208" lon="123.90397000000002">
    <ele>28.14</ele>
   </trkpt>
   <trkpt lat="10.281820000000002" lon="123.90410000000001">
    <ele>0.99</ele>
   </trkpt>
   <trkpt lat="10.281345000682443" lon="123.9047550009506">
    <ele>23.76</ele>
   </trkpt>
   <trkpt lat="10.28087" lon="123.90541">
    <ele>21.830000000000002</ele>
   </trkpt>
   <trkpt lat="10.280475000576091" lon="123.90603000079562">
    <ele>17.980000000000004</ele>
   </trkpt>
   <trkpt lat="10.280080000000002" lon="123.90665000000001">
    <ele>14.75</ele>
   </trkpt>
   <trkpt lat="10.279640002421125" lon="123.90737750305908">
    <ele>10.950000000000001</ele>
   </trkpt>
   <trkpt lat="10.279200003220286" lon="123.90810500409165">
    <ele>6.140000000000001</ele>
   </trkpt>
   <trkpt lat="10.278760002397558" lon="123.90883250309784">
    <ele>3.920000000000001</ele>
   </trkpt>
   <trkpt lat="10.27832" lon="123.90956000000001">
    <ele>3.8100000000000005</ele>
   </trkpt>
   <trkpt lat="10.27791000246061" lon="123.91029250286108">
    <ele>4.3100000000000005</ele>
   </trkpt>
   <trkpt lat="10.277500003277154" lon="123.91102500382118">
    <ele>5.19</ele>
   </trkpt>
   <trkpt lat="10.277090002449697" lon="123.91175750288038">
    <ele>5.090000000000001</ele>
   </trkpt>
   <trkpt lat="10.27668" lon="123.91249">
    <ele>5.04</ele>
   </trkpt>
   <trkpt lat="10.276233335238201" lon="123.91327666887456">
    <ele>4.62</ele>
   </trkpt>
   <trkpt lat="10.275786668580489" lon="123.91406333552538">
    <ele>4.48</ele>
   </trkpt>
   <trkpt lat="10.275340000000002" lon="123.91485000000002">
    <ele>4.91</ele>
   </trkpt>
   <trkpt lat="10.27496" lon="123.91549">
    <ele>5.15</ele>
   </trkpt>
   <trkpt lat="10.274640000000002" lon="123.91596000000001">
    <ele>5.33</ele>
   </trkpt>
   <trkpt lat="10.274330000215809" lon="123.91637500047122">
    <ele>5.42</ele>
   </trkpt>
   <trkpt lat="10.27402" lon="123.91679">
    <ele>4.9799999999999995</ele>
   </trkpt>
   <trkpt lat="10.273655000250896" lon="123.91720500049382">
    <ele>4.72</ele>
   </trkpt>
   <trkpt lat="10.273290000000001" lon="123.91762000000001">
    <ele>4.12</ele>
   </trkpt>
   <trkpt lat="10.273000000000001" lon="123.91791">
    <ele>4.050000000000001</ele>
   </trkpt>
   <trkpt lat="10.272350000000001" lon="123.91851000000001">
    <ele>4.5200000000000005</ele>
   </trkpt>
   <trkpt lat="10.27191000013492" lon="123.91885000050571">
    <ele>4.890000000000001</ele>
   </trkpt>
   <trkpt lat="10.27147" lon="123.91919000000001">
    <ele>5.21</ele>
   </trkpt>
   <trkpt lat="10.270800000000001" lon="123.91965">
    <ele>5.51</ele>
   </trkpt>
   <trkpt lat="10.27012" lon="123.92005">
    <ele>5.390000000000001</ele>
   </trkpt>
   <trkpt lat="10.269570000000002" lon="123.92036000000002">
    <ele>4.86</ele>
   </trkpt>
   <trkpt lat="10.26903" lon="123.92061000000001">
    <ele>4.62</ele>
   </trkpt>
   <trkpt lat="10.26855500030934" lon="123.92080500018977">
    <ele>3.94</ele>
   </trkpt>
   <trkpt lat="10.268080000000001" lon="123.921">
    <ele>3.98</ele>
   </trkpt>
   <trkpt lat="10.267407500322488" lon="123.92126000165365">
    <ele>4.390000000000001</ele>
   </trkpt>
   <trkpt lat="10.266735000438043" lon="123.9215200022017">
    <ele>4.670000000000001</ele>
   </trkpt>
   <trkpt lat="10.266062500346678" lon="123.92178000164421">
    <ele>4.670000000000001</ele>
   </trkpt>
   <trkpt lat="10.26539" lon="123.92204000000001">
    <ele>4.19</ele>
   </trkpt>
   <trkpt lat="10.26492" lon="123.92225">
    <ele>4.03</ele>
   </trkpt>
   <trkpt lat="10.264470000000001" lon="123.92250000000001">
    <ele>4.28</ele>
   </trkpt>
   <trkpt lat="10.264090000000001" lon="123.92274">
    <ele>4.430000000000001</ele>
   </trkpt>
   <trkpt lat="10.2637" lon="123.92303000000001">
    <ele>4.55</ele>
   </trkpt>
   <trkpt lat="10.26328" lon="123.92341">
    <ele>4.670000000000001</ele>
   </trkpt>
   <trkpt lat="10.26293" lon="123.92378000000001">
    <ele>4.9</ele>
   </trkpt>
   <trkpt lat="10.26262" lon="123.92417">
    <ele>5.03</ele>
   </trkpt>
   <trkpt lat="10.26237" lon="123.92454000000001">
    <ele>5.24</ele>
   </trkpt>
   <trkpt lat="10.26214" lon="123.92492000000001">
    <ele>5.19</ele>
   </trkpt>
   <trkpt lat="10.26195" lon="123.92530000000001">
    <ele>4.86</ele>
   </trkpt>
   <trkpt lat="10.26160143359544" lon="123.92604000489371">
    <ele>4.0600000000000005</ele>
   </trkpt>
   <trkpt lat="10.261252865515509" lon="123.92678000815732">
    <ele>3.71</ele>
   </trkpt>
   <trkpt lat="10.260904295760268" lon="123.92752000979097">
    <ele>4.49</ele>
   </trkpt>
   <trkpt lat="10.26055572432978" lon="123.92826000979467">
    <ele>5.08</ele>
   </trkpt>
   <trkpt lat="10.260207151224106" lon="123.92900000816849">
    <ele>5.36</ele>
   </trkpt>
   <trkpt lat="10.259858576443309" lon="123.92974000491247">
    <ele>5.32</ele>
   </trkpt>
   <trkpt lat="10.25951" lon="123.93048000000002">
    <ele>5.16</ele>
   </trkpt>
   <trkpt lat="10.259165000841698" lon="123.93123000085775">
    <ele>4.3</ele>
   </trkpt>
   <trkpt lat="10.25882" lon="123.93198000000001">
    <ele>3.98</ele>
   </trkpt>
   <trkpt lat="10.258830000000001" lon="123.93197">
    <ele>3.98</ele>
   </trkpt>
   <trkpt lat="10.258690000000001" lon="123.9325">
    <ele>3.97</ele>
   </trkpt>
   <trkpt lat="10.25866" lon="123.93279000000001">
    <ele>3.97</ele>
   </trkpt>
   <trkpt lat="10.25866" lon="123.93312000000002">
    <ele>4.390000000000001</ele>
   </trkpt>
   <trkpt lat="10.258700000000001" lon="123.93350000000001">
    <ele>4.44</ele>
   </trkpt>
   <trkpt lat="10.25876" lon="123.93382000000001">
    <ele>4.5600000000000005</ele>
   </trkpt>
   <trkpt lat="10.258930000000001" lon="123.93429">
    <ele>4.49</ele>
   </trkpt>
   <trkpt lat="10.25908" lon="123.93458000000001">
    <ele>4.38</ele>
   </trkpt>
   <trkpt lat="10.25924" lon="123.93482000000002">
    <ele>4.23</ele>
   </trkpt>
   <trkpt lat="10.25947" lon="123.93511000000001">
    <ele>4.180000000000001</ele>
   </trkpt>
   <trkpt lat="10.25965" lon="123.93530000000001">
    <ele>4.1000000000000005</ele>
   </trkpt>
   <trkpt lat="10.260327501104516" lon="123.93579499680682">
    <ele>3.5500000000000003</ele>
   </trkpt>
   <trkpt lat="10.26100500145949" lon="123.93628999573265">
    <ele>3.7700000000000005</ele>
   </trkpt>
   <trkpt lat="10.261682501064863" lon="123.93678499677766">
    <ele>4.51</ele>
   </trkpt>
   <trkpt lat="10.262360000000001" lon="123.93728000000002">
    <ele>4.880000000000001</ele>
   </trkpt>
   <trkpt lat="10.2628" lon="123.93762000000001">
    <ele>4.81</ele>
   </trkpt>
   <trkpt lat="10.263240000000001" lon="123.93799000000001">
    <ele>4.540000000000001</ele>
   </trkpt>
   <trkpt lat="10.263640000414295" lon="123.93849499939202">
    <ele>3.7700000000000005</ele>
   </trkpt>
   <trkpt lat="10.264040000000001" lon="123.93900000000001">
    <ele>3.98</ele>
   </trkpt>
   <trkpt lat="10.2642" lon="123.93914000000001">
    <ele>3.93</ele>
   </trkpt>
   <trkpt lat="10.26471000015315" lon="123.93947499944781">
    <ele>4.010000000000001</ele>
   </trkpt>
   <trkpt lat="10.265220000000001" lon="123.93981000000001">
    <ele>3.95</ele>
   </trkpt>
   <trkpt lat="10.265790000914976" lon="123.94035666469699">
    <ele>3.73</ele>
   </trkpt>
   <trkpt lat="10.266360000915302" lon="123.9409033313639">
    <ele>3.67</ele>
   </trkpt>
   <trkpt lat="10.26693" lon="123.94145">
    <ele>4.2</ele>
   </trkpt>
   <trkpt lat="10.267230000000001" lon="123.94167000000002">
    <ele>4.47</ele>
   </trkpt>
   <trkpt lat="10.267380000000001" lon="123.94174000000001">
    <ele>4.49</ele>
   </trkpt>
   <trkpt lat="10.267815000220756" lon="123.94188499986345">
    <ele>4.3100000000000005</ele>
   </trkpt>
   <trkpt lat="10.26825" lon="123.94203000000002">
    <ele>3.97</ele>
   </trkpt>
   <trkpt lat="10.268460000000001" lon="123.94213">
    <ele>3.93</ele>
   </trkpt>
   <trkpt lat="10.268790000000001" lon="123.94232000000001">
    <ele>3.99</ele>
   </trkpt>
   <trkpt lat="10.269200000000001" lon="123.94273000000001">
    <ele>4.23</ele>
   </trkpt>
   <trkpt lat="10.269545000165316" lon="123.94309999954889">
    <ele>5.08</ele>
   </trkpt>
   <trkpt lat="10.26989" lon="123.94347">
    <ele>5.3100000000000005</ele>
   </trkpt>
   <trkpt lat="10.2702" lon="123.94375000000001">
    <ele>5.44</ele>
   </trkpt>
   <trkpt lat="10.270585000076728" lon="123.94402499963729">
    <ele>5.260000000000001</ele>
   </trkpt>
   <trkpt lat="10.27097" lon="123.94430000000001">
    <ele>5.0</ele>
   </trkpt>
   <trkpt lat="10.27163" lon="123.94485000000002">
    <ele>4.220000000000001</ele>
   </trkpt>
   <trkpt lat="10.271780000000001" lon="123.94502000000001">
    <ele>4.12</ele>
   </trkpt>
   <trkpt lat="10.272020000000001" lon="123.94532000000001">
    <ele>3.97</ele>
   </trkpt>
   <trkpt lat="10.272250000000001" lon="123.94574000000001">
    <ele>3.45</ele>
   </trkpt>
   <trkpt lat="10.272340000000002" lon="123.94573000000001">
    <ele>3.56</ele>
   </trkpt>
   <trkpt lat="10.272545000323456" lon="123.94613999986625">
    <ele>3.41</ele>
   </trkpt>
   <trkpt lat="10.27275" lon="123.94655000000002">
    <ele>3.6300000000000003</ele>
   </trkpt>
   <trkpt lat="10.27299000041376" lon="123.94697499992023">
    <ele>4.03</ele>
   </trkpt>
   <trkpt lat="10.273230000000002" lon="123.94740000000002">
    <ele>4.090000000000001</ele>
   </trkpt>
   <trkpt lat="10.273540000301015" lon="123.94781999962997">
    <ele>4.17</ele>
   </trkpt>
   <trkpt lat="10.273850000000001" lon="123.94824000000001">
    <ele>4.010000000000001</ele>
   </trkpt>
   <trkpt lat="10.274170000000002" lon="123.94861000000002">
    <ele>3.89</ele>
   </trkpt>
   <trkpt lat="10.274666667376563" lon="123.94907666524024">
    <ele>3.9000000000000004</ele>
   </trkpt>
   <trkpt lat="10.275163334086034" lon="123.94954333194708">
    <ele>3.7700000000000005</ele>
   </trkpt>
   <trkpt lat="10.27566" lon="123.95001">
    <ele>3.74</ele>
   </trkpt>
   <trkpt lat="10.27626500042734" lon="123.95050999907947">
    <ele>3.6600000000000006</ele>
   </trkpt>
   <trkpt lat="10.27687" lon="123.95101000000001">
    <ele>3.5700000000000003</ele>
   </trkpt>
   <trkpt lat="10.277505000452505" lon="123.95155999888526">
    <ele>3.56</ele>
   </trkpt>
   <trkpt lat="10.27814" lon="123.95211">
    <ele>4.2700000000000005</ele>
   </trkpt>
   <trkpt lat="10.278350000000001" lon="123.95240000000001">
    <ele>4.4</ele>
   </trkpt>
   <trkpt lat="10.278440000000002" lon="123.95259000000001">
    <ele>4.45</ele>
   </trkpt>
   <trkpt lat="10.278500000000001" lon="123.95281000000001">
    <ele>4.3100000000000005</ele>
   </trkpt>
   <trkpt lat="10.27856" lon="123.95318">
    <ele>4.34</ele>
   </trkpt>
   <trkpt lat="10.27848" lon="123.95358000000002">
    <ele>4.37</ele>
   </trkpt>
   <trkpt lat="10.278400000000001" lon="123.95380000000002">
    <ele>4.37</ele>
   </trkpt>
   <trkpt lat="10.278250000000002" lon="123.95403">
    <ele>4.2700000000000005</ele>
   </trkpt>
   <trkpt lat="10.278110000000002" lon="123.95418000000001">
    <ele>4.180000000000001</ele>
   </trkpt>
   <trkpt lat="10.277695000122167" lon="123.95450000044707">
    <ele>3.96</ele>
   </trkpt>
   <trkpt lat="10.277280000000001" lon="123.95482000000001">
    <ele>3.96</ele>
   </trkpt>
   <trkpt lat="10.27683" lon="123.95513000000001">
    <ele>3.91</ele>
   </trkpt>
   <trkpt lat="10.276720000000001" lon="123.95522000000001">
    <ele>4.04</ele>
   </trkpt>
   <trkpt lat="10.276440000000001" lon="123.95550000000001">
    <ele>4.0600000000000005</ele>
   </trkpt>
   <trkpt lat="10.276005000108508" lon="123.9557250002937">
    <ele>3.86</ele>
   </trkpt>
   <trkpt lat="10.27557" lon="123.95595000000002">
    <ele>3.85</ele>
   </trkpt>
   <trkpt lat="10.275025000133347" lon="123.95624500050867">
    <ele>3.8100000000000005</ele>
   </trkpt>
   <trkpt lat="10.27448" lon="123.95654">
    <ele>3.8400000000000003</ele>
   </trkpt>
   <trkpt lat="10.27448" lon="123.95655000000001">
    <ele>3.8400000000000003</ele>
   </trkpt>
   <trkpt lat="10.27378" lon="123.95689000000002">
    <ele>2.5500000000000003</ele>
   </trkpt>
   <trkpt lat="10.2736" lon="123.95702000000001">
    <ele>3.1500000000000004</ele>
   </trkpt>
   <trkpt lat="10.273146667210199" lon="123.9574433345525">
    <ele>3.18</ele>
   </trkpt>
   <trkpt lat="10.272693333871525" lon="123.95786666789077">
    <ele>3.1400000000000006</ele>
   </trkpt>
   <trkpt lat="10.27224" lon="123.95829">
    <ele>2.97</ele>
   </trkpt>
   <trkpt lat="10.271730000000002" lon="123.95869">
    <ele>2.73</ele>
   </trkpt>
   <trkpt lat="10.27102" lon="123.95905">
    <ele>2.5500000000000003</ele>
   </trkpt>
   <trkpt lat="10.27041" lon="123.95957000000001">
    <ele>2.47</ele>
   </trkpt>
   <trkpt lat="10.269937501835662" lon="123.96020000280683">
    <ele>2.25</ele>
   </trkpt>
   <trkpt lat="10.269465002456075" lon="123.96083000373093">
    <ele>2.23</ele>
   </trkpt>
   <trkpt lat="10.268992501861305" lon="123.96146000277245">
    <ele>2.33</ele>
   </trkpt>
   <trkpt lat="10.26852" lon="123.96209">
    <ele>2.31</ele>
   </trkpt>
   <trkpt lat="10.26817000170693" lon="123.96270000202806">
    <ele>2.3000000000000003</ele>
   </trkpt>
   <trkpt lat="10.267820002274732" lon="123.96331000270605">
    <ele>2.43</ele>
   </trkpt>
   <trkpt lat="10.267470001703458" lon="123.96392000203397">
    <ele>2.24</ele>
   </trkpt>
   <trkpt lat="10.26712" lon="123.96453000000001">
    <ele>2.22</ele>
   </trkpt>
   <trkpt lat="10.26679" lon="123.96535000000002">
    <ele>4.81</ele>
   </trkpt>
   <trkpt lat="10.26744" lon="123.96585">
    <ele>6.38</ele>
   </trkpt>
   <trkpt lat="10.268106667644142" lon="123.96640999765383">
    <ele>7.090000000000001</ele>
   </trkpt>
   <trkpt lat="10.268773334328264" lon="123.9669699976684">
    <ele>8.049999999999999</ele>
   </trkpt>
   <trkpt lat="10.269440000000001" lon="123.96753000000001">
    <ele>8.48</ele>
   </trkpt>
   <trkpt lat="10.26966" lon="123.96762000000001">
    <ele>8.530000000000001</ele>
   </trkpt>
   <trkpt lat="10.27008" lon="123.96773">
    <ele>8.620000000000001</ele>
   </trkpt>
   <trkpt lat="10.27027" lon="123.96784000000001">
    <ele>8.93</ele>
   </trkpt>
   <trkpt lat="10.270380000000001" lon="123.96793000000001">
    <ele>8.93</ele>
   </trkpt>
   <trkpt lat="10.270760000000001" lon="123.9685">
    <ele>9.35</ele>
   </trkpt>
   <trkpt lat="10.271165000815936" lon="123.96920999916793">
    <ele>9.66</ele>
   </trkpt>
   <trkpt lat="10.27157" lon="123.96992000000002">
    <ele>9.940000000000001</ele>
   </trkpt>
   <trkpt lat="10.272010000000002" lon="123.97069">
    <ele>10.09</ele>
   </trkpt>
   <trkpt lat="10.272385000801766" lon="123.97140999916125">
    <ele>10.17</ele>
   </trkpt>
   <trkpt lat="10.272760000000002" lon="123.97213">
    <ele>10.290000000000001</ele>
   </trkpt>
   <trkpt lat="10.27297" lon="123.97249000000001">
    <ele>10.33</ele>
   </trkpt>
   <trkpt lat="10.27321" lon="123.97286000000001">
    <ele>10.39</ele>
   </trkpt>
   <trkpt lat="10.273585000464548" lon="123.97337499946921">
    <ele>10.49</ele>
   </trkpt>
   <trkpt lat="10.27396" lon="123.97389000000001">
    <ele>10.55</ele>
   </trkpt>
   <trkpt lat="10.274040000000001" lon="123.97397000000001">
    <ele>10.55</ele>
   </trkpt>
   <trkpt lat="10.274260000000002" lon="123.97434000000001">
    <ele>10.650000000000002</ele>
   </trkpt>
   <trkpt lat="10.274570000341745" lon="123.97479499958997">
    <ele>10.650000000000002</ele>
   </trkpt>
   <trkpt lat="10.274880000000001" lon="123.97525000000002">
    <ele>10.85</ele>
   </trkpt>
   <trkpt lat="10.27532" lon="123.97595000000001">
    <ele>11.170000000000002</ele>
   </trkpt>
   <trkpt lat="10.275700000649577" lon="123.97657999931154">
    <ele>11.47</ele>
   </trkpt>
   <trkpt lat="10.27608" lon="123.97721000000001">
    <ele>11.950000000000001</ele>
   </trkpt>
   <trkpt lat="10.27617" lon="123.97743000000001">
    <ele>12.05</ele>
   </trkpt>
   <trkpt lat="10.276320001209637" lon="123.97805666609895">
    <ele>12.51</ele>
   </trkpt>
   <trkpt lat="10.276470001216152" lon="123.97868333279278">
    <ele>12.97</ele>
   </trkpt>
   <trkpt lat="10.276620000000001" lon="123.97931000000001">
    <ele>13.260000000000002</ele>
   </trkpt>
   <trkpt lat="10.276670000000001" lon="123.97971000000001">
    <ele>13.01</ele>
   </trkpt>
   <trkpt lat="10.27665" lon="123.98001000000001">
    <ele>12.85</ele>
   </trkpt>
   <trkpt lat="10.27659" lon="123.98035000000002">
    <ele>12.48</ele>
   </trkpt>
   <trkpt lat="10.276420000000002" lon="123.98077">
    <ele>12.05</ele>
   </trkpt>
   <trkpt lat="10.276060000000001" lon="123.98157">
    <ele>11.430000000000001</ele>
   </trkpt>
   <trkpt lat="10.27603" lon="123.98174000000002">
    <ele>11.36</ele>
   </trkpt>
   <trkpt lat="10.27608" lon="123.98207000000001">
    <ele>11.06</ele>
   </trkpt>
   <trkpt lat="10.276150000000001" lon="123.98233">
    <ele>10.910000000000002</ele>
   </trkpt>
   <trkpt lat="10.276280000000002" lon="123.98259000000002">
    <ele>11.09</ele>
   </trkpt>
   <trkpt lat="10.276695002549909" lon="123.9833349970633">
    <ele>12.450000000000001</ele>
   </trkpt>
   <trkpt lat="10.277110003399367" lon="123.98407999608334">
    <ele>12.900000000000002</ele>
   </trkpt>
   <trkpt lat="10.277525002548298" lon="123.98482499706019">
    <ele>13.13</ele>
   </trkpt>
   <trkpt lat="10.277940000000001" lon="123.98557000000001">
    <ele>13.05</ele>
   </trkpt>
   <trkpt lat="10.278302002673092" lon="123.98622999698152">
    <ele>12.66</ele>
   </trkpt>
   <trkpt lat="10.27866400401142" lon="123.9868899954754">
    <ele>12.610000000000001</ele>
   </trkpt>
   <trkpt lat="10.279026004014938" lon="123.98754999548166">
    <ele>11.71</ele>
   </trkpt>
   <trkpt lat="10.279388002683593" lon="123.98820999700038">
    <ele>10.780000000000001</ele>
   </trkpt>
   <trkpt lat="10.279750000000002" lon="123.98887">
    <ele>9.520000000000001</ele>
   </trkpt>
   <trkpt lat="10.280124002720836" lon="123.98953599684948">
    <ele>7.790000000000001</ele>
   </trkpt>
   <trkpt lat="10.280498004082302" lon="123.99020199527595">
    <ele>7.88</ele>
   </trkpt>
   <trkpt lat="10.280872004084342" lon="123.99086799527942">
    <ele>7.320000000000001</ele>
   </trkpt>
   <trkpt lat="10.28124600272691" lon="123.99153399685999">
    <ele>7.23</ele>
   </trkpt>
   <trkpt lat="10.28162" lon="123.99220000000001">
    <ele>7.220000000000001</ele>
   </trkpt>
   <trkpt lat="10.28179" lon="123.99247000000001">
    <ele>7.3100000000000005</ele>
   </trkpt>
   <trkpt lat="10.281960000000002" lon="123.99269000000001">
    <ele>7.470000000000001</ele>
   </trkpt>
   <trkpt lat="10.282475001023155" lon="123.99315749772944">
    <ele>7.710000000000001</ele>
   </trkpt>
   <trkpt lat="10.282990001376348" lon="123.99362499698354">
    <ele>7.9</ele>
   </trkpt>
   <trkpt lat="10.28350500105955" lon="123.99409249776237">
    <ele>7.48</ele>
   </trkpt>
   <trkpt lat="10.284020000000002" lon="123.99456">
    <ele>7.33</ele>
   </trkpt>
   <trkpt lat="10.2843" lon="123.99487">
    <ele>7.2</ele>
   </trkpt>
   <trkpt lat="10.284450000000001" lon="123.99509">
    <ele>7.220000000000001</ele>
   </trkpt>
   <trkpt lat="10.284640000000001" lon="123.99543000000001">
    <ele>7.390000000000001</ele>
   </trkpt>
   <trkpt lat="10.28485" lon="123.99588000000001">
    <ele>7.61</ele>
   </trkpt>
   <trkpt lat="10.285100000000002" lon="123.99628000000001">
    <ele>7.95</ele>
   </trkpt>
   <trkpt lat="10.28556500125416" lon="123.99679999771409">
    <ele>8.4</ele>
   </trkpt>
   <trkpt lat="10.286030001679201" lon="123.99731999695986">
    <ele>8.990000000000002</ele>
   </trkpt>
   <trkpt lat="10.286495001275084" lon="123.99783999773739">
    <ele>8.84</ele>
   </trkpt>
   <trkpt lat="10.28696" lon="123.99836">
    <ele>8.48</ele>
   </trkpt>
   <trkpt lat="10.28738500030284" lon="123.99882499934255">
    <ele>8.41</ele>
   </trkpt>
   <trkpt lat="10.28781" lon="123.99929000000002">
    <ele>8.89</ele>
   </trkpt>
   <trkpt lat="10.288060000000002" lon="123.99941000000001">
    <ele>9.38</ele>
   </trkpt>
   <trkpt lat="10.28818" lon="123.99944">
    <ele>9.57</ele>
   </trkpt>
   <trkpt lat="10.288350000000001" lon="123.99945000000001">
    <ele>9.57</ele>
   </trkpt>
   <trkpt lat="10.28856" lon="123.99944">
    <ele>9.83</ele>
   </trkpt>
   <trkpt lat="10.288870000000001" lon="123.99927000000001">
    <ele>10.110000000000001</ele>
   </trkpt>
   <trkpt lat="10.289520000000001" lon="123.99880000000002">
    <ele>10.8</ele>
   </trkpt>
   <trkpt lat="10.28987" lon="123.99861000000001">
    <ele>10.88</ele>
   </trkpt>
   <trkpt lat="10.29015" lon="123.99849">
    <ele>11.070000000000002</ele>
   </trkpt>
   <trkpt lat="10.29038" lon="123.99844000000002">
    <ele>11.36</ele>
   </trkpt>
   <trkpt lat="10.29067" lon="123.99841">
    <ele>11.36</ele>
   </trkpt>
   <trkpt lat="10.291372500005648" lon="123.99837750021705">
    <ele>11.860000000000001</ele>
   </trkpt>
   <trkpt lat="10.292075000008056" lon="123.99834500028939">
    <ele>12.25</ele>
   </trkpt>
   <trkpt lat="10.29277750000722" lon="123.99831250021698">
    <ele>12.06</ele>
   </trkpt>
   <trkpt lat="10.29348" lon="123.99828000000001">
    <ele>11.930000000000001</ele>
   </trkpt>
   <trkpt lat="10.29381" lon="123.99833000000001">
    <ele>12.07</ele>
   </trkpt>
   <trkpt lat="10.294120000000001" lon="123.99845">
    <ele>12.280000000000001</ele>
   </trkpt>
   <trkpt lat="10.29432" lon="123.99855000000001">
    <ele>12.3</ele>
   </trkpt>
   <trkpt lat="10.294820000234088" lon="123.99888999949964">
    <ele>12.39</ele>
   </trkpt>
   <trkpt lat="10.29532" lon="123.99923000000001">
    <ele>12.950000000000001</ele>
   </trkpt>
   <trkpt lat="10.29569" lon="123.99953000000001">
    <ele>12.900000000000002</ele>
   </trkpt>
   <trkpt lat="10.29589" lon="123.99974000000002">
    <ele>12.620000000000001</ele>
   </trkpt>
   <trkpt lat="10.296340000668094" lon="124.00039999905772">
    <ele>12.280000000000001</ele>
   </trkpt>
   <trkpt lat="10.296790000000001" lon="124.00106000000001">
    <ele>12.46</ele>
   </trkpt>
   <trkpt lat="10.297085000263904" lon="124.0014699996247">
    <ele>12.33</ele>
   </trkpt>
   <trkpt lat="10.29738" lon="124.00188000000001">
    <ele>12.46</ele>
   </trkpt>
   <trkpt lat="10.29772" lon="124.00228000000001">
    <ele>12.3</ele>
   </trkpt>
   <trkpt lat="10.298110000000001" lon="124.00265000000002">
    <ele>12.110000000000001</ele>
   </trkpt>
   <trkpt lat="10.29856" lon="124.00305000000002">
    <ele>11.520000000000001</ele>
   </trkpt>
   <trkpt lat="10.29894" lon="124.00324">
    <ele>11.32</ele>
   </trkpt>
   <trkpt lat="10.299555000145949" lon="124.0034649995861">
    <ele>11.250000000000002</ele>
   </trkpt>
   <trkpt lat="10.300170000000001" lon="124.00369">
    <ele>11.38</ele>
   </trkpt>
   <trkpt lat="10.300550000000001" lon="124.00394000000001">
    <ele>11.410000000000002</ele>
   </trkpt>
   <trkpt lat="10.30086" lon="124.00421000000001">
    <ele>11.22</ele>
   </trkpt>
   <trkpt lat="10.301400000000001" lon="124.00476">
    <ele>10.71</ele>
   </trkpt>
   <trkpt lat="10.301995000155541" lon="124.00519999906463">
    <ele>10.07</ele>
   </trkpt>
   <trkpt lat="10.30259" lon="124.00564000000001">
    <ele>10.24</ele>
   </trkpt>
   <trkpt lat="10.302850000000001" lon="124.00588">
    <ele>10.610000000000001</ele>
   </trkpt>
   <trkpt lat="10.30329000066419" lon="124.00634333204474">
    <ele>10.74</ele>
   </trkpt>
   <trkpt lat="10.303730000669029" lon="124.00680666538311">
    <ele>10.650000000000002</ele>
   </trkpt>
   <trkpt lat="10.304170000000001" lon="124.00727">
    <ele>10.59</ele>
   </trkpt>
   <trkpt lat="10.304683334274815" lon="124.00782333153164">
    <ele>10.440000000000001</ele>
   </trkpt>
   <trkpt lat="10.305196667609136" lon="124.00837666486599">
    <ele>10.120000000000001</ele>
   </trkpt>
   <trkpt lat="10.305710000000001" lon="124.00893">
    <ele>9.35</ele>
   </trkpt>
   <trkpt lat="10.306220000000001" lon="124.00930000000001">
    <ele>9.260000000000002</ele>
   </trkpt>
   <trkpt lat="10.30696" lon="124.00980000000001">
    <ele>7.36</ele>
   </trkpt>
   <trkpt lat="10.307030000000001" lon="124.00968000000002">
    <ele>7.260000000000001</ele>
   </trkpt>
   <trkpt lat="10.307640000000001" lon="124.01007000000001">
    <ele>7.19</ele>
   </trkpt>
   <trkpt lat="10.307640000000001" lon="124.01014">
    <ele>7.9300000000000015</ele>
   </trkpt>
   <trkpt lat="10.3076" lon="124.01026000000002">
    <ele>8.75</ele>
   </trkpt>
   <trkpt lat="10.307690000000001" lon="124.01032000000001">
    <ele>8.58</ele>
   </trkpt>
   <trkpt lat="10.307630000000001" lon="124.01121">
    <ele>8.200000000000001</ele>
   </trkpt>
   <trkpt lat="10.3076" lon="124.01131000000001">
    <ele>8.16</ele>
   </trkpt>
   <trkpt lat="10.307340000000002" lon="124.01167000000001">
    <ele>8.440000000000001</ele>
   </trkpt>
   <trkpt lat="10.30714" lon="124.01205000000002">
    <ele>9.09</ele>
   </trkpt>
   <trkpt lat="10.306835000342643" lon="124.01253000048246">
    <ele>9.840000000000002</ele>
   </trkpt>
   <trkpt lat="10.30653" lon="124.01301000000001">
    <ele>10.72</ele>
   </trkpt>
   <trkpt lat="10.306275000427684" lon="124.01360000072515">
    <ele>11.15</ele>
   </trkpt>
   <trkpt lat="10.30602" lon="124.01419000000001">
    <ele>11.590000000000002</ele>
   </trkpt>
   <trkpt lat="10.30592" lon="124.01434">
    <ele>11.71</ele>
   </trkpt>
   <trkpt lat="10.305510000000002" lon="124.01468000000001">
    <ele>12.290000000000001</ele>
   </trkpt>
   <trkpt lat="10.305230000000002" lon="124.01487000000002">
    <ele>12.21</ele>
   </trkpt>
   <trkpt lat="10.30545" lon="124.01561000000001">
    <ele>11.57</ele>
   </trkpt>
   <trkpt lat="10.305480000000001" lon="124.01577">
    <ele>11.56</ele>
   </trkpt>
   <trkpt lat="10.305670000000001" lon="124.01606000000001">
    <ele>11.98</ele>
   </trkpt>
   <trkpt lat="10.305710000000001" lon="124.01618">
    <ele>12.41</ele>
   </trkpt>
   <trkpt lat="10.305390000000001" lon="124.01672">
    <ele>11.290000000000001</ele>
   </trkpt>
   <trkpt lat="10.306030000000002" lon="124.01712">
    <ele>11.06</ele>
   </trkpt>
   <trkpt lat="10.306000000000001" lon="124.0173">
    <ele>10.910000000000002</ele>
   </trkpt>
   <trkpt lat="10.305800000000001" lon="124.01787000000002">
    <ele>10.09</ele>
   </trkpt>
   <trkpt lat="10.3056" lon="124.01829000000001">
    <ele>9.82</ele>
   </trkpt>
   <trkpt lat="10.305610000000001" lon="124.01843000000001">
    <ele>9.06</ele>
   </trkpt>
   <trkpt lat="10.30565" lon="124.01852000000001">
    <ele>9.06</ele>
   </trkpt>
   <trkpt lat="10.305860000000001" lon="124.01869">
    <ele>9.06</ele>
   </trkpt>
   <trkpt lat="10.305990000000001" lon="124.01883000000001">
    <ele>8.820000000000002</ele>
   </trkpt>
   <trkpt lat="10.306030000000002" lon="124.019">
    <ele>8.820000000000002</ele>
   </trkpt>
   <trkpt lat="10.30601" lon="124.01912000000002">
    <ele>8.820000000000002</ele>
   </trkpt>
   <trkpt lat="10.305750000000002" lon="124.01956000000001">
    <ele>8.520000000000001</ele>
   </trkpt>
   <trkpt lat="10.305340000000001" lon="124.02012">
    <ele>8.219999999999999</ele>
   </trkpt>
  </trkseg>
 </trk>
</gpx>
