<?xml version="1.0" encoding="UTF-8"?>
<gpx creator="StravaGPX" version="1.1" xmlns="http://www.topografix.com/GPX/1/1" xmlns:xsi="http://www.w3.org/2001/XMLSchema-instance" xsi:schemaLocation="http://www.topografix.com/GPX/1/1 http://www.topografix.com/GPX/1/1/gpx.xsd">
 <metadata>
  <name>IRONMAN 70.3 Venice-Jesolo - ZOOT Bike Course</name>
  <author>
   <name>IRONMAN Europe Admin</name>
   <link href="https://www.strava.com/athletes/152563527"/>
  </author>
  <copyright author="OpenStreetMap contributors">
   <year>2020</year>
   <license>https://www.openstreetmap.org/copyright</license>
  </copyright>
  <link href="https://www.strava.com/routes/3350426318728604900"/>
 </metadata>
 <trk>
  <name>IRONMAN 70.3 Venice-Jesolo - ZOOT Bike Course</name>
  <link href="https://www.strava.com/routes/3350426318728604900"/>
  <type>cycling</type>
  <trkseg>
   <trkpt lat="45.484970000000004" lon="12.59003">
    <ele>1.98</ele>
   </trkpt>
   <trkpt lat="45.484970000000004" lon="12.589780000000001">
    <ele>2.1</ele>
   </trkpt>
   <trkpt lat="45.48500000000001" lon="12.589640000000001">
    <ele>2.1</ele>
   </trkpt>
   <trkpt lat="45.485150000000004" lon="12.589310000000001">
    <ele>2.1300000000000003</ele>
   </trkpt>
   <trkpt lat="45.485170000000004" lon="12.58918">
    <ele>2.1300000000000003</ele>
   </trkpt>
   <trkpt lat="45.485240000000005" lon="12.589080000000001">
    <ele>2.1300000000000003</ele>
   </trkpt>
   <trkpt lat="45.48532" lon="12.588980000000001">
    <ele>2.04</ele>
   </trkpt>
   <trkpt lat="45.485490000000006" lon="12.58886">
    <ele>1.93</ele>
   </trkpt>
   <trkpt lat="45.48545000000001" lon="12.588780000000002">
    <ele>1.27</ele>
   </trkpt>
   <trkpt lat="45.48619250282428" lon="12.588312518509142">
    <ele>0.8700000000000001</ele>
   </trkpt>
   <trkpt lat="45.48693500374164" lon="12.587845024694445">
    <ele>0.89</ele>
   </trkpt>
   <trkpt lat="45.48767750275204" lon="12.5873775185553">
    <ele>0.6900000000000001</ele>
   </trkpt>
   <trkpt lat="45.488420000000005" lon="12.586910000000001">
    <ele>0.47000000000000003</ele>
   </trkpt>
   <trkpt lat="45.48846" lon="12.58689">
    <ele>0.47000000000000003</ele>
   </trkpt>
   <trkpt lat="45.48854" lon="12.58689">
    <ele>0.47000000000000003</ele>
   </trkpt>
   <trkpt lat="45.48866" lon="12.586950000000002">
    <ele>0.47000000000000003</ele>
   </trkpt>
   <trkpt lat="45.488710000000005" lon="12.58702">
    <ele>0.47000000000000003</ele>
   </trkpt>
   <trkpt lat="45.48904" lon="12.588030000000002">
    <ele>0.51</ele>
   </trkpt>
   <trkpt lat="45.48912000000001" lon="12.588130000000001">
    <ele>0.56</ele>
   </trkpt>
   <trkpt lat="45.489200000000004" lon="12.58819">
    <ele>0.56</ele>
   </trkpt>
   <trkpt lat="45.48928" lon="12.58819">
    <ele>0.56</ele>
   </trkpt>
   <trkpt lat="45.489360000000005" lon="12.588270000000001">
    <ele>0.56</ele>
   </trkpt>
   <trkpt lat="45.48949" lon="12.588270000000001">
    <ele>0.56</ele>
   </trkpt>
   <trkpt lat="45.4896" lon="12.58824">
    <ele>0.5</ele>
   </trkpt>
   <trkpt lat="45.49037666882737" lon="12.587743347025546">
    <ele>0.5</ele>
   </trkpt>
   <trkpt lat="45.49115333550245" lon="12.587246680353758">
    <ele>0.47000000000000003</ele>
   </trkpt>
   <trkpt lat="45.49193" lon="12.58675">
    <ele>0.7000000000000001</ele>
   </trkpt>
   <trkpt lat="45.49192" lon="12.58669">
    <ele>0.7000000000000001</ele>
   </trkpt>
   <trkpt lat="45.492180000000005" lon="12.58652">
    <ele>0.38</ele>
   </trkpt>
   <trkpt lat="45.492230000000006" lon="12.586450000000001">
    <ele>0.30000000000000004</ele>
   </trkpt>
   <trkpt lat="45.492290000000004" lon="12.58618">
    <ele>0.19</ele>
   </trkpt>
   <trkpt lat="45.492290000000004" lon="12.586170000000001">
    <ele>0.19</ele>
   </trkpt>
   <trkpt lat="45.49200251193787" lon="12.585214985378956">
    <ele>-0.32</ele>
   </trkpt>
   <trkpt lat="45.49171501591783" lon="12.584259980507802">
    <ele>0.0</ele>
   </trkpt>
   <trkpt lat="45.491427511940046" lon="12.583304985386619">
    <ele>0.05</ele>
   </trkpt>
   <trkpt lat="45.49114" lon="12.582350000000002">
    <ele>0.64</ele>
   </trkpt>
   <trkpt lat="45.491130000000005" lon="12.58219">
    <ele>0.65</ele>
   </trkpt>
   <trkpt lat="45.49093500178244" lon="12.58154999776933">
    <ele>1.6400000000000001</ele>
   </trkpt>
   <trkpt lat="45.49074" lon="12.580910000000001">
    <ele>2.68</ele>
   </trkpt>
   <trkpt lat="45.49051" lon="12.580240000000002">
    <ele>5.91</ele>
   </trkpt>
   <trkpt lat="45.49016" lon="12.579390000000002">
    <ele>7.5600000000000005</ele>
   </trkpt>
   <trkpt lat="45.49002" lon="12.57909">
    <ele>7.840000000000002</ele>
   </trkpt>
   <trkpt lat="45.48950000000001" lon="12.578100000000001">
    <ele>6.960000000000001</ele>
   </trkpt>
   <trkpt lat="45.489020000000004" lon="12.577340000000001">
    <ele>4.23</ele>
   </trkpt>
   <trkpt lat="45.4885" lon="12.57671">
    <ele>1.93</ele>
   </trkpt>
   <trkpt lat="45.4883" lon="12.57651">
    <ele>1.6400000000000001</ele>
   </trkpt>
   <trkpt lat="45.488260000000004" lon="12.576590000000001">
    <ele>1.6400000000000001</ele>
   </trkpt>
   <trkpt lat="45.48857" lon="12.576880000000001">
    <ele>0.92</ele>
   </trkpt>
   <trkpt lat="45.4889" lon="12.577290000000001">
    <ele>0.76</ele>
   </trkpt>
   <trkpt lat="45.489110000000004" lon="12.577620000000001">
    <ele>0.9700000000000001</ele>
   </trkpt>
   <trkpt lat="45.48930000000001" lon="12.577960000000001">
    <ele>1.3200000000000003</ele>
   </trkpt>
   <trkpt lat="45.489380000000004" lon="12.57802">
    <ele>1.5700000000000003</ele>
   </trkpt>
   <trkpt lat="45.48942" lon="12.57811">
    <ele>1.86</ele>
   </trkpt>
   <trkpt lat="45.489580000000004" lon="12.577910000000001">
    <ele>1.6500000000000001</ele>
   </trkpt>
   <trkpt lat="45.48912000000001" lon="12.577190000000002">
    <ele>0.14</ele>
   </trkpt>
   <trkpt lat="45.488690000000005" lon="12.57666">
    <ele>0.29</ele>
   </trkpt>
   <trkpt lat="45.488290000000006" lon="12.57623">
    <ele>0.9500000000000001</ele>
   </trkpt>
   <trkpt lat="45.48818000000001" lon="12.57615">
    <ele>0.9500000000000001</ele>
   </trkpt>
   <trkpt lat="45.488150000000005" lon="12.576060000000002">
    <ele>0.9500000000000001</ele>
   </trkpt>
   <trkpt lat="45.48805" lon="12.576070000000001">
    <ele>0.9</ele>
   </trkpt>
   <trkpt lat="45.487930000000006" lon="12.576010000000002">
    <ele>0.9</ele>
   </trkpt>
   <trkpt lat="45.48789000000001" lon="12.57596">
    <ele>0.9</ele>
   </trkpt>
   <trkpt lat="45.48758" lon="12.575780000000002">
    <ele>0.93</ele>
   </trkpt>
   <trkpt lat="45.487500000000004" lon="12.57577">
    <ele>0.93</ele>
   </trkpt>
   <trkpt lat="45.48727" lon="12.57557">
    <ele>0.88</ele>
   </trkpt>
   <trkpt lat="45.487010000000005" lon="12.5753">
    <ele>0.8200000000000001</ele>
   </trkpt>
   <trkpt lat="45.48661000107077" lon="12.574814996610076">
    <ele>0.8700000000000001</ele>
   </trkpt>
   <trkpt lat="45.48621000000001" lon="12.574330000000002">
    <ele>0.8</ele>
   </trkpt>
   <trkpt lat="45.48568500213036" lon="12.57362499337859">
    <ele>0.79</ele>
   </trkpt>
   <trkpt lat="45.48516" lon="12.572920000000002">
    <ele>0.71</ele>
   </trkpt>
   <trkpt lat="45.484830001098146" lon="12.572399996825425">
    <ele>0.78</ele>
   </trkpt>
   <trkpt lat="45.484500000000004" lon="12.57188">
    <ele>0.88</ele>
   </trkpt>
   <trkpt lat="45.484100000000005" lon="12.571200000000001">
    <ele>0.68</ele>
   </trkpt>
   <trkpt lat="45.483830000000005" lon="12.570670000000002">
    <ele>0.76</ele>
   </trkpt>
   <trkpt lat="45.48364" lon="12.57022">
    <ele>0.8</ele>
   </trkpt>
   <trkpt lat="45.483630000000005" lon="12.57009">
    <ele>0.8</ele>
   </trkpt>
   <trkpt lat="45.48337" lon="12.569420000000001">
    <ele>0.55</ele>
   </trkpt>
   <trkpt lat="45.48324" lon="12.5692">
    <ele>0.52</ele>
   </trkpt>
   <trkpt lat="45.48288" lon="12.56825">
    <ele>0.5700000000000001</ele>
   </trkpt>
   <trkpt lat="45.48275" lon="12.567760000000002">
    <ele>0.76</ele>
   </trkpt>
   <trkpt lat="45.48274000000001" lon="12.567620000000002">
    <ele>1.0</ele>
   </trkpt>
   <trkpt lat="45.482760000000006" lon="12.5675">
    <ele>1.0</ele>
   </trkpt>
   <trkpt lat="45.482760000000006" lon="12.567440000000001">
    <ele>1.0</ele>
   </trkpt>
   <trkpt lat="45.482730000000004" lon="12.567380000000002">
    <ele>0.8600000000000001</ele>
   </trkpt>
   <trkpt lat="45.48272560902816" lon="12.566142221446816">
    <ele>0.32</ele>
   </trkpt>
   <trkpt lat="45.48272120468817" lon="12.564904443086863">
    <ele>0.41000000000000003</ele>
   </trkpt>
   <trkpt lat="45.48271678698001" lon="12.563666664920737">
    <ele>0.62</ele>
   </trkpt>
   <trkpt lat="45.48271235590371" lon="12.562428886949023">
    <ele>0.22</ele>
   </trkpt>
   <trkpt lat="45.48270791145926" lon="12.561191109172306">
    <ele>0.16</ele>
   </trkpt>
   <trkpt lat="45.482703453646685" lon="12.559953331591176">
    <ele>-0.22</ele>
   </trkpt>
   <trkpt lat="45.48269898246595" lon="12.558715554206218">
    <ele>-0.22</ele>
   </trkpt>
   <trkpt lat="45.482694497917095" lon="12.557477777018024">
    <ele>-0.25</ele>
   </trkpt>
   <trkpt lat="45.482690000000005" lon="12.55624">
    <ele>0.13</ele>
   </trkpt>
   <trkpt lat="45.4827" lon="12.55512">
    <ele>-0.08</ele>
   </trkpt>
   <trkpt lat="45.482730000000004" lon="12.554860000000001">
    <ele>-0.04</ele>
   </trkpt>
   <trkpt lat="45.482730000000004" lon="12.554710000000002">
    <ele>0.01</ele>
   </trkpt>
   <trkpt lat="45.48277" lon="12.554620000000002">
    <ele>0.13</ele>
   </trkpt>
   <trkpt lat="45.48277" lon="12.55455">
    <ele>0.13</ele>
   </trkpt>
   <trkpt lat="45.48277" lon="12.554480000000002">
    <ele>0.13</ele>
   </trkpt>
   <trkpt lat="45.482730000000004" lon="12.55437">
    <ele>0.16</ele>
   </trkpt>
   <trkpt lat="45.48275" lon="12.554010000000002">
    <ele>0.15000000000000002</ele>
   </trkpt>
   <trkpt lat="45.48286" lon="12.553700000000001">
    <ele>0.22</ele>
   </trkpt>
   <trkpt lat="45.48286" lon="12.553550000000001">
    <ele>0.28</ele>
   </trkpt>
   <trkpt lat="45.482910000000004" lon="12.553320000000001">
    <ele>0.28</ele>
   </trkpt>
   <trkpt lat="45.482870000000005" lon="12.553300000000002">
    <ele>0.28</ele>
   </trkpt>
   <trkpt lat="45.482890000000005" lon="12.553180000000001">
    <ele>0.28</ele>
   </trkpt>
   <trkpt lat="45.48322000810231" lon="12.552216677937594">
    <ele>0.09000000000000001</ele>
   </trkpt>
   <trkpt lat="45.4835500081074" lon="12.55125334458954">
    <ele>0.15000000000000002</ele>
   </trkpt>
   <trkpt lat="45.483880000000006" lon="12.55029">
    <ele>0.04</ele>
   </trkpt>
   <trkpt lat="45.483900000000006" lon="12.550170000000001">
    <ele>0.04</ele>
   </trkpt>
   <trkpt lat="45.48386000000001" lon="12.549970000000002">
    <ele>0.04</ele>
   </trkpt>
   <trkpt lat="45.48350751533796" lon="12.548887479684026">
    <ele>-0.44</ele>
   </trkpt>
   <trkpt lat="45.483155020451164" lon="12.547804972914248">
    <ele>-0.62</ele>
   </trkpt>
   <trkpt lat="45.4828025153399" lon="12.546722479690725">
    <ele>-0.46</ele>
   </trkpt>
   <trkpt lat="45.48245000000001" lon="12.54564">
    <ele>0.65</ele>
   </trkpt>
   <trkpt lat="45.482420000000005" lon="12.545660000000002">
    <ele>0.67</ele>
   </trkpt>
   <trkpt lat="45.48214" lon="12.5449">
    <ele>0.45</ele>
   </trkpt>
   <trkpt lat="45.481823341312925" lon="12.54394332256104">
    <ele>0.45</ele>
   </trkpt>
   <trkpt lat="45.48150667464017" lon="12.542986655876126">
    <ele>0.6000000000000001</ele>
   </trkpt>
   <trkpt lat="45.481190000000005" lon="12.54203">
    <ele>0.6600000000000001</ele>
   </trkpt>
   <trkpt lat="45.48118" lon="12.54203">
    <ele>-0.88</ele>
   </trkpt>
   <trkpt lat="45.48080402299333" lon="12.54088196933907">
    <ele>-0.88</ele>
   </trkpt>
   <trkpt lat="45.48042803448693" lon="12.539733954000127">
    <ele>-0.88</ele>
   </trkpt>
   <trkpt lat="45.48005203448111" lon="12.538585953983231">
    <ele>-0.2</ele>
   </trkpt>
   <trkpt lat="45.47967602297618" lon="12.537437969288453">
    <ele>-0.2</ele>
   </trkpt>
   <trkpt lat="45.4793" lon="12.536290000000001">
    <ele>-0.2</ele>
   </trkpt>
   <trkpt lat="45.47893669451796" lon="12.53515996355916">
    <ele>-0.2</ele>
   </trkpt>
   <trkpt lat="45.47857337789386" lon="12.5340299416909">
    <ele>-0.2</ele>
   </trkpt>
   <trkpt lat="45.47821005012795" lon="12.5328999343953">
    <ele>0.12000000000000001</ele>
   </trkpt>
   <trkpt lat="45.47784671122055" lon="12.531769941672426">
    <ele>0.12000000000000001</ele>
   </trkpt>
   <trkpt lat="45.47748336117193" lon="12.53063996352236">
    <ele>0.12000000000000001</ele>
   </trkpt>
   <trkpt lat="45.477120000000006" lon="12.52951">
    <ele>0.12000000000000001</ele>
   </trkpt>
   <trkpt lat="45.477030000000006" lon="12.52913">
    <ele>0.34</ele>
   </trkpt>
   <trkpt lat="45.477000000000004" lon="12.528870000000001">
    <ele>0.37000000000000005</ele>
   </trkpt>
   <trkpt lat="45.47701000000001" lon="12.52842">
    <ele>0.37000000000000005</ele>
   </trkpt>
   <trkpt lat="45.47708" lon="12.52804">
    <ele>0.38</ele>
   </trkpt>
   <trkpt lat="45.477355005617966" lon="12.52690500554825">
    <ele>0.39</ele>
   </trkpt>
   <trkpt lat="45.477630000000005" lon="12.525770000000001">
    <ele>0.44</ele>
   </trkpt>
   <trkpt lat="45.47767" lon="12.525540000000001">
    <ele>0.5</ele>
   </trkpt>
   <trkpt lat="45.47768000000001" lon="12.525290000000002">
    <ele>0.71</ele>
   </trkpt>
   <trkpt lat="45.47762" lon="12.524960000000002">
    <ele>0.71</ele>
   </trkpt>
   <trkpt lat="45.47757000000001" lon="12.524820000000002">
    <ele>0.9400000000000001</ele>
   </trkpt>
   <trkpt lat="45.47742" lon="12.524540000000002">
    <ele>0.9500000000000001</ele>
   </trkpt>
   <trkpt lat="45.47678500201537" lon="12.523874992596348">
    <ele>1.05</ele>
   </trkpt>
   <trkpt lat="45.476150000000004" lon="12.52321">
    <ele>1.1300000000000001</ele>
   </trkpt>
   <trkpt lat="45.475950000000005" lon="12.522900000000002">
    <ele>1.1</ele>
   </trkpt>
   <trkpt lat="45.47558333986138" lon="12.522036655489712">
    <ele>1.1400000000000001</ele>
   </trkpt>
   <trkpt lat="45.47521667321923" lon="12.521173322214247">
    <ele>1.1300000000000001</ele>
   </trkpt>
   <trkpt lat="45.47485" lon="12.52031">
    <ele>1.2100000000000002</ele>
   </trkpt>
   <trkpt lat="45.47467" lon="12.51983">
    <ele>1.2200000000000002</ele>
   </trkpt>
   <trkpt lat="45.47458" lon="12.519480000000001">
    <ele>1.17</ele>
   </trkpt>
   <trkpt lat="45.47425781924492" lon="12.51838995014123">
    <ele>-2.02</ele>
   </trkpt>
   <trkpt lat="45.47393562812229" lon="12.517299912746182">
    <ele>-2.02</ele>
   </trkpt>
   <trkpt lat="45.47361342663236" lon="12.516209887814972">
    <ele>-2.02</ele>
   </trkpt>
   <trkpt lat="45.47329121477537" lon="12.515119875347724">
    <ele>-2.02</ele>
   </trkpt>
   <trkpt lat="45.47296899255154" lon="12.514029875344553">
    <ele>-0.79</ele>
   </trkpt>
   <trkpt lat="45.472646759961115" lon="12.512939887805578">
    <ele>-0.79</ele>
   </trkpt>
   <trkpt lat="45.47232451700433" lon="12.511849912730918">
    <ele>-0.79</ele>
   </trkpt>
   <trkpt lat="45.47200226368141" lon="12.510759950120688">
    <ele>-0.79</ele>
   </trkpt>
   <trkpt lat="45.471680000000006" lon="12.509670000000002">
    <ele>-0.79</ele>
   </trkpt>
   <trkpt lat="45.47164" lon="12.509620000000002">
    <ele>1.06</ele>
   </trkpt>
   <trkpt lat="45.47164" lon="12.509570000000002">
    <ele>1.06</ele>
   </trkpt>
   <trkpt lat="45.47166000000001" lon="12.509530000000002">
    <ele>1.09</ele>
   </trkpt>
   <trkpt lat="45.47169" lon="12.50952">
    <ele>1.09</ele>
   </trkpt>
   <trkpt lat="45.4716" lon="12.508560000000001">
    <ele>0.9800000000000002</ele>
   </trkpt>
   <trkpt lat="45.4716" lon="12.50802">
    <ele>0.92</ele>
   </trkpt>
   <trkpt lat="45.47165500283629" lon="12.507215000651936">
    <ele>1.07</ele>
   </trkpt>
   <trkpt lat="45.47171" lon="12.50641">
    <ele>1.1500000000000001</ele>
   </trkpt>
   <trkpt lat="45.471790000000006" lon="12.505680000000002">
    <ele>1.05</ele>
   </trkpt>
   <trkpt lat="45.47191" lon="12.505">
    <ele>1.1300000000000001</ele>
   </trkpt>
   <trkpt lat="45.47212000414106" lon="12.504025003662028">
    <ele>1.03</ele>
   </trkpt>
   <trkpt lat="45.47233000000001" lon="12.503050000000002">
    <ele>0.9600000000000001</ele>
   </trkpt>
   <trkpt lat="45.47241" lon="12.50248">
    <ele>0.9100000000000001</ele>
   </trkpt>
   <trkpt lat="45.472390000000004" lon="12.50167">
    <ele>1.1</ele>
   </trkpt>
   <trkpt lat="45.47236" lon="12.501240000000001">
    <ele>0.9800000000000002</ele>
   </trkpt>
   <trkpt lat="45.47231" lon="12.500860000000001">
    <ele>0.9800000000000002</ele>
   </trkpt>
   <trkpt lat="45.472210000000004" lon="12.500530000000001">
    <ele>0.93</ele>
   </trkpt>
   <trkpt lat="45.47205" lon="12.50018">
    <ele>1.04</ele>
   </trkpt>
   <trkpt lat="45.47155667391212" lon="12.499266650616152">
    <ele>0.92</ele>
   </trkpt>
   <trkpt lat="45.47106334054553" lon="12.4983533172215">
    <ele>0.9500000000000001</ele>
   </trkpt>
   <trkpt lat="45.47057" lon="12.497440000000001">
    <ele>0.9700000000000001</ele>
   </trkpt>
   <trkpt lat="45.470270000000006" lon="12.49685">
    <ele>0.9700000000000001</ele>
   </trkpt>
   <trkpt lat="45.470040000000004" lon="12.496210000000001">
    <ele>1.01</ele>
   </trkpt>
   <trkpt lat="45.469860000000004" lon="12.49552">
    <ele>1.01</ele>
   </trkpt>
   <trkpt lat="45.469770000000004" lon="12.494940000000001">
    <ele>1.01</ele>
   </trkpt>
   <trkpt lat="45.46963" lon="12.49375">
    <ele>0.9</ele>
   </trkpt>
   <trkpt lat="45.469500000000004" lon="12.493010000000002">
    <ele>1.01</ele>
   </trkpt>
   <trkpt lat="45.469460000000005" lon="12.492820000000002">
    <ele>1.05</ele>
   </trkpt>
   <trkpt lat="45.46923" lon="12.49219">
    <ele>0.99</ele>
   </trkpt>
   <trkpt lat="45.469210000000004" lon="12.492020000000002">
    <ele>-1.33</ele>
   </trkpt>
   <trkpt lat="45.469350000000006" lon="12.492400000000002">
    <ele>1.3900000000000001</ele>
   </trkpt>
   <trkpt lat="45.46945" lon="12.49261">
    <ele>0.9400000000000001</ele>
   </trkpt>
   <trkpt lat="45.46954" lon="12.492890000000001">
    <ele>0.64</ele>
   </trkpt>
   <trkpt lat="45.46963" lon="12.493340000000002">
    <ele>0.64</ele>
   </trkpt>
   <trkpt lat="45.46974500370844" lon="12.494259998249442">
    <ele>0.62</ele>
   </trkpt>
   <trkpt lat="45.469860000000004" lon="12.495180000000001">
    <ele>0.62</ele>
   </trkpt>
   <trkpt lat="45.46994" lon="12.495640000000002">
    <ele>0.58</ele>
   </trkpt>
   <trkpt lat="45.4703" lon="12.496780000000001">
    <ele>0.63</ele>
   </trkpt>
   <trkpt lat="45.47075500962215" lon="12.497637479229484">
    <ele>0.6100000000000001</ele>
   </trkpt>
   <trkpt lat="45.47121001282863" lon="12.498494972303837">
    <ele>0.5700000000000001</ele>
   </trkpt>
   <trkpt lat="45.471665009619215" lon="12.499352479223305">
    <ele>0.65</ele>
   </trkpt>
   <trkpt lat="45.472120000000004" lon="12.500210000000001">
    <ele>0.78</ele>
   </trkpt>
   <trkpt lat="45.47231" lon="12.500680000000001">
    <ele>0.77</ele>
   </trkpt>
   <trkpt lat="45.4724" lon="12.501180000000002">
    <ele>0.89</ele>
   </trkpt>
   <trkpt lat="45.47247" lon="12.502160000000002">
    <ele>0.9600000000000001</ele>
   </trkpt>
   <trkpt lat="45.472460000000005" lon="12.50248">
    <ele>0.9600000000000001</ele>
   </trkpt>
   <trkpt lat="45.4724" lon="12.50298">
    <ele>0.9500000000000001</ele>
   </trkpt>
   <trkpt lat="45.47219000448616" lon="12.503990003591484">
    <ele>0.89</ele>
   </trkpt>
   <trkpt lat="45.47198" lon="12.505">
    <ele>0.8500000000000001</ele>
   </trkpt>
   <trkpt lat="45.471830000000004" lon="12.50581">
    <ele>0.88</ele>
   </trkpt>
   <trkpt lat="45.47178" lon="12.506250000000001">
    <ele>0.84</ele>
   </trkpt>
   <trkpt lat="45.471725003039374" lon="12.507085000851731">
    <ele>0.8500000000000001</ele>
   </trkpt>
   <trkpt lat="45.47167" lon="12.50792">
    <ele>0.89</ele>
   </trkpt>
   <trkpt lat="45.47167" lon="12.508490000000002">
    <ele>0.9800000000000002</ele>
   </trkpt>
   <trkpt lat="45.471720000000005" lon="12.50914">
    <ele>1.01</ele>
   </trkpt>
   <trkpt lat="45.47177000000001" lon="12.509350000000001">
    <ele>1.07</ele>
   </trkpt>
   <trkpt lat="45.471880000000006" lon="12.509580000000001">
    <ele>1.05</ele>
   </trkpt>
   <trkpt lat="45.471880000000006" lon="12.50966">
    <ele>1.05</ele>
   </trkpt>
   <trkpt lat="45.47218337412562" lon="12.510741064559102">
    <ele>-2.31</ele>
   </trkpt>
   <trkpt lat="45.47248673805368" lon="12.51182214075655">
    <ele>-2.31</ele>
   </trkpt>
   <trkpt lat="45.47279009178396" lon="12.512903228592192">
    <ele>-2.31</ele>
   </trkpt>
   <trkpt lat="45.47309343531625" lon="12.513984328065892">
    <ele>-2.31</ele>
   </trkpt>
   <trkpt lat="45.473396768650304" lon="12.515065439177501">
    <ele>-2.17</ele>
   </trkpt>
   <trkpt lat="45.47370009178595" lon="12.516146561926885">
    <ele>-2.17</ele>
   </trkpt>
   <trkpt lat="45.47400340472293" lon="12.517227696313892">
    <ele>-2.17</ele>
   </trkpt>
   <trkpt lat="45.47430670746103" lon="12.518308842338383">
    <ele>-2.17</ele>
   </trkpt>
   <trkpt lat="45.474610000000006" lon="12.519390000000001">
    <ele>-2.17</ele>
   </trkpt>
   <trkpt lat="45.4748" lon="12.520040000000002">
    <ele>0.9100000000000001</ele>
   </trkpt>
   <trkpt lat="45.47512667183061" lon="12.520809991050887">
    <ele>0.9100000000000001</ele>
   </trkpt>
   <trkpt lat="45.47545333848796" lon="12.521579991028798">
    <ele>0.8500000000000001</ele>
   </trkpt>
   <trkpt lat="45.47578" lon="12.522350000000001">
    <ele>0.9500000000000001</ele>
   </trkpt>
   <trkpt lat="45.475950000000005" lon="12.522660000000002">
    <ele>0.9700000000000001</ele>
   </trkpt>
   <trkpt lat="45.47605" lon="12.522950000000002">
    <ele>0.9600000000000001</ele>
   </trkpt>
   <trkpt lat="45.47623" lon="12.52321">
    <ele>0.8700000000000001</ele>
   </trkpt>
   <trkpt lat="45.47690000199049" lon="12.523889991887557">
    <ele>0.78</ele>
   </trkpt>
   <trkpt lat="45.47757000000001" lon="12.52457">
    <ele>0.7200000000000001</ele>
   </trkpt>
   <trkpt lat="45.47755" lon="12.52462">
    <ele>0.7200000000000001</ele>
   </trkpt>
   <trkpt lat="45.47742" lon="12.524540000000002">
    <ele>0.9500000000000001</ele>
   </trkpt>
   <trkpt lat="45.47757000000001" lon="12.524820000000002">
    <ele>0.9400000000000001</ele>
   </trkpt>
   <trkpt lat="45.47762" lon="12.524960000000002">
    <ele>0.71</ele>
   </trkpt>
   <trkpt lat="45.47768000000001" lon="12.525290000000002">
    <ele>0.71</ele>
   </trkpt>
   <trkpt lat="45.47767" lon="12.525540000000001">
    <ele>0.5</ele>
   </trkpt>
   <trkpt lat="45.477630000000005" lon="12.525770000000001">
    <ele>0.44</ele>
   </trkpt>
   <trkpt lat="45.47735500562237" lon="12.526905005530047">
    <ele>0.39</ele>
   </trkpt>
   <trkpt lat="45.47708" lon="12.52804">
    <ele>0.38</ele>
   </trkpt>
   <trkpt lat="45.47701000000001" lon="12.52842">
    <ele>0.37000000000000005</ele>
   </trkpt>
   <trkpt lat="45.477000000000004" lon="12.528870000000001">
    <ele>0.37000000000000005</ele>
   </trkpt>
   <trkpt lat="45.477030000000006" lon="12.52913">
    <ele>0.34</ele>
   </trkpt>
   <trkpt lat="45.477120000000006" lon="12.52951">
    <ele>0.51</ele>
   </trkpt>
   <trkpt lat="45.47748336118956" lon="12.530639963577187">
    <ele>0.12000000000000001</ele>
   </trkpt>
   <trkpt lat="45.477846711238186" lon="12.531769941727257">
    <ele>0.12000000000000001</ele>
   </trkpt>
   <trkpt lat="45.47821005014558" lon="12.532899934450128">
    <ele>-0.2</ele>
   </trkpt>
   <trkpt lat="45.47857337791149" lon="12.53402994174573">
    <ele>-0.2</ele>
   </trkpt>
   <trkpt lat="45.47893669453559" lon="12.53515996361399">
    <ele>-0.2</ele>
   </trkpt>
   <trkpt lat="45.4793" lon="12.536290000000001">
    <ele>-0.2</ele>
   </trkpt>
   <trkpt lat="45.479621687688095" lon="12.537271638646757">
    <ele>-0.2</ele>
   </trkpt>
   <trkpt lat="45.47994336696815" lon="12.538253288502379">
    <ele>-0.2</ele>
   </trkpt>
   <trkpt lat="45.48026503783997" lon="12.53923494956682">
    <ele>-0.93</ele>
   </trkpt>
   <trkpt lat="45.480586700303384" lon="12.540216621840049">
    <ele>-0.93</ele>
   </trkpt>
   <trkpt lat="45.48090835435817" lon="12.54119830532202">
    <ele>-0.93</ele>
   </trkpt>
   <trkpt lat="45.481230000000004" lon="12.542180000000002">
    <ele>-0.93</ele>
   </trkpt>
   <trkpt lat="45.48153334050595" lon="12.543086656903657">
    <ele>0.6000000000000001</ele>
   </trkpt>
   <trkpt lat="45.48183667383929" lon="12.543993323570197">
    <ele>0.45</ele>
   </trkpt>
   <trkpt lat="45.48214" lon="12.5449">
    <ele>0.45</ele>
   </trkpt>
   <trkpt lat="45.482420000000005" lon="12.545660000000002">
    <ele>0.67</ele>
   </trkpt>
   <trkpt lat="45.48277501561949" lon="12.546752479341947">
    <ele>0.56</ele>
   </trkpt>
   <trkpt lat="45.483130020824944" lon="12.547844972452292">
    <ele>0.23</ele>
   </trkpt>
   <trkpt lat="45.483485015616154" lon="12.54893747933098">
    <ele>0.2</ele>
   </trkpt>
   <trkpt lat="45.48384" lon="12.550030000000001">
    <ele>0.33000000000000007</ele>
   </trkpt>
   <trkpt lat="45.48384" lon="12.55023">
    <ele>0.31</ele>
   </trkpt>
   <trkpt lat="45.483700000000006" lon="12.55066">
    <ele>0.28</ele>
   </trkpt>
   <trkpt lat="45.48355" lon="12.550830000000001">
    <ele>0.22</ele>
   </trkpt>
   <trkpt lat="45.48351" lon="12.550830000000001">
    <ele>0.22</ele>
   </trkpt>
   <trkpt lat="45.48344" lon="12.550820000000002">
    <ele>0.22</ele>
   </trkpt>
   <trkpt lat="45.482865000124015" lon="12.550664998423208">
    <ele>0.13</ele>
   </trkpt>
   <trkpt lat="45.482290000000006" lon="12.550510000000001">
    <ele>0.30000000000000004</ele>
   </trkpt>
   <trkpt lat="45.482150000000004" lon="12.55052">
    <ele>0.38</ele>
   </trkpt>
   <trkpt lat="45.48209000000001" lon="12.550540000000002">
    <ele>0.38</ele>
   </trkpt>
   <trkpt lat="45.48208" lon="12.55067">
    <ele>0.37000000000000005</ele>
   </trkpt>
   <trkpt lat="45.482040000000005" lon="12.55075">
    <ele>0.37000000000000005</ele>
   </trkpt>
   <trkpt lat="45.482000000000006" lon="12.55076">
    <ele>0.37000000000000005</ele>
   </trkpt>
   <trkpt lat="45.481970000000004" lon="12.550740000000001">
    <ele>0.37000000000000005</ele>
   </trkpt>
   <trkpt lat="45.48216" lon="12.551">
    <ele>0.33000000000000007</ele>
   </trkpt>
   <trkpt lat="45.482380000000006" lon="12.55142">
    <ele>0.39</ele>
   </trkpt>
   <trkpt lat="45.48248" lon="12.551710000000002">
    <ele>0.18000000000000002</ele>
   </trkpt>
   <trkpt lat="45.48255" lon="12.552010000000001">
    <ele>0.18000000000000002</ele>
   </trkpt>
   <trkpt lat="45.482600000000005" lon="12.5525">
    <ele>0.27</ele>
   </trkpt>
   <trkpt lat="45.482600000000005" lon="12.552990000000001">
    <ele>0.11</ele>
   </trkpt>
   <trkpt lat="45.48257" lon="12.55319">
    <ele>0.12000000000000001</ele>
   </trkpt>
   <trkpt lat="45.48256000000001" lon="12.55358">
    <ele>0.09000000000000001</ele>
   </trkpt>
   <trkpt lat="45.48254" lon="12.553630000000002">
    <ele>0.09000000000000001</ele>
   </trkpt>
   <trkpt lat="45.48255" lon="12.55375">
    <ele>0.1</ele>
   </trkpt>
   <trkpt lat="45.482600000000005" lon="12.553820000000002">
    <ele>0.1</ele>
   </trkpt>
   <trkpt lat="45.48261" lon="12.5539">
    <ele>0.1</ele>
   </trkpt>
   <trkpt lat="45.482614026745864" lon="12.555137999641756">
    <ele>3.0500000000000003</ele>
   </trkpt>
   <trkpt lat="45.48261804011879" lon="12.556375999460187">
    <ele>3.0500000000000003</ele>
   </trkpt>
   <trkpt lat="45.48262204011878" lon="12.557613999454706">
    <ele>-1.5</ele>
   </trkpt>
   <trkpt lat="45.48262602674582" lon="12.558851999624727">
    <ele>-1.5</ele>
   </trkpt>
   <trkpt lat="45.48263" lon="12.56009">
    <ele>-1.5</ele>
   </trkpt>
   <trkpt lat="45.48263836669365" lon="12.561326665741749">
    <ele>0.31</ele>
   </trkpt>
   <trkpt lat="45.48264672004315" lon="12.562563331850516">
    <ele>0.45</ele>
   </trkpt>
   <trkpt lat="45.48265506004851" lon="12.56379999832571">
    <ele>0.59</ele>
   </trkpt>
   <trkpt lat="45.48266338670971" lon="12.565036665166748">
    <ele>0.55</ele>
   </trkpt>
   <trkpt lat="45.48267170002675" lon="12.566273332373044">
    <ele>0.67</ele>
   </trkpt>
   <trkpt lat="45.48268" lon="12.56751">
    <ele>0.99</ele>
   </trkpt>
   <trkpt lat="45.482710000000004" lon="12.567870000000001">
    <ele>1.06</ele>
   </trkpt>
   <trkpt lat="45.482820000000004" lon="12.5683">
    <ele>1.02</ele>
   </trkpt>
   <trkpt lat="45.4832150044275" lon="12.569309992860022">
    <ele>0.8500000000000001</ele>
   </trkpt>
   <trkpt lat="45.483610000000006" lon="12.57032">
    <ele>0.8500000000000001</ele>
   </trkpt>
   <trkpt lat="45.484" lon="12.57117">
    <ele>0.8500000000000001</ele>
   </trkpt>
   <trkpt lat="45.48445" lon="12.571940000000001">
    <ele>0.93</ele>
   </trkpt>
   <trkpt lat="45.48487" lon="12.572610000000001">
    <ele>1.01</ele>
   </trkpt>
   <trkpt lat="45.485195001051615" lon="12.573084997357954">
    <ele>1.0</ele>
   </trkpt>
   <trkpt lat="45.48552" lon="12.57356">
    <ele>0.9600000000000001</ele>
   </trkpt>
   <trkpt lat="45.48593500130279" lon="12.574089996194221">
    <ele>1.01</ele>
   </trkpt>
   <trkpt lat="45.48635" lon="12.574620000000001">
    <ele>1.16</ele>
   </trkpt>
   <trkpt lat="45.48670500081739" lon="12.575054997248627">
    <ele>1.1300000000000001</ele>
   </trkpt>
   <trkpt lat="45.48706000000001" lon="12.57549">
    <ele>0.99</ele>
   </trkpt>
   <trkpt lat="45.48744000000001" lon="12.575840000000001">
    <ele>1.09</ele>
   </trkpt>
   <trkpt lat="45.487855000268034" lon="12.576114997932923">
    <ele>1.07</ele>
   </trkpt>
   <trkpt lat="45.48827000000001" lon="12.576390000000002">
    <ele>1.2100000000000002</ele>
   </trkpt>
   <trkpt lat="45.48836000000001" lon="12.576410000000001">
    <ele>1.3900000000000001</ele>
   </trkpt>
   <trkpt lat="45.48846" lon="12.576500000000001">
    <ele>1.54</ele>
   </trkpt>
   <trkpt lat="45.48879" lon="12.576880000000001">
    <ele>2.6400000000000006</ele>
   </trkpt>
   <trkpt lat="45.48908" lon="12.57726">
    <ele>3.94</ele>
   </trkpt>
   <trkpt lat="45.489670000000004" lon="12.578170000000002">
    <ele>6.85</ele>
   </trkpt>
   <trkpt lat="45.48996" lon="12.57872">
    <ele>7.04</ele>
   </trkpt>
   <trkpt lat="45.490410000000004" lon="12.579720000000002">
    <ele>5.81</ele>
   </trkpt>
   <trkpt lat="45.490750000000006" lon="12.58065">
    <ele>2.7600000000000002</ele>
   </trkpt>
   <trkpt lat="45.49110500583239" lon="12.581809992564178">
    <ele>-0.27</ele>
   </trkpt>
   <trkpt lat="45.491460000000004" lon="12.582970000000001">
    <ele>0.12000000000000001</ele>
   </trkpt>
   <trkpt lat="45.49148" lon="12.582910000000002">
    <ele>0.12000000000000001</ele>
   </trkpt>
   <trkpt lat="45.491420000000005" lon="12.58266">
    <ele>-0.58</ele>
   </trkpt>
   <trkpt lat="45.49118000295351" lon="12.581839996574276">
    <ele>-1.24</ele>
   </trkpt>
   <trkpt lat="45.49094" lon="12.58102">
    <ele>-0.34</ele>
   </trkpt>
   <trkpt lat="45.490725001408116" lon="12.580439997625465">
    <ele>-0.42</ele>
   </trkpt>
   <trkpt lat="45.49051" lon="12.579860000000002">
    <ele>0.05</ele>
   </trkpt>
   <trkpt lat="45.49036" lon="12.57998">
    <ele>-0.08</ele>
   </trkpt>
   <trkpt lat="45.49036" lon="12.58013">
    <ele>-0.5</ele>
   </trkpt>
   <trkpt lat="45.490680000000005" lon="12.58093">
    <ele>-0.59</ele>
   </trkpt>
   <trkpt lat="45.490890001883685" lon="12.581599997263481">
    <ele>0.01</ele>
   </trkpt>
   <trkpt lat="45.4911" lon="12.582270000000001">
    <ele>0.64</ele>
   </trkpt>
   <trkpt lat="45.491130000000005" lon="12.58228">
    <ele>0.64</ele>
   </trkpt>
   <trkpt lat="45.49114" lon="12.582350000000002">
    <ele>0.55</ele>
   </trkpt>
   <trkpt lat="45.49142751193537" lon="12.583304985371141">
    <ele>0.05</ele>
   </trkpt>
   <trkpt lat="45.49171501591316" lon="12.584259980492325">
    <ele>0.0</ele>
   </trkpt>
   <trkpt lat="45.4920025119332" lon="12.585214985363477">
    <ele>-0.36000000000000004</ele>
   </trkpt>
   <trkpt lat="45.492290000000004" lon="12.586170000000001">
    <ele>0.18000000000000002</ele>
   </trkpt>
   <trkpt lat="45.492290000000004" lon="12.58618">
    <ele>0.18000000000000002</ele>
   </trkpt>
   <trkpt lat="45.492290000000004" lon="12.586260000000001">
    <ele>0.23</ele>
   </trkpt>
   <trkpt lat="45.492230000000006" lon="12.586450000000001">
    <ele>0.30000000000000004</ele>
   </trkpt>
   <trkpt lat="45.492180000000005" lon="12.58652">
    <ele>0.38</ele>
   </trkpt>
   <trkpt lat="45.49192" lon="12.58669">
    <ele>0.7000000000000001</ele>
   </trkpt>
   <trkpt lat="45.49193" lon="12.58675">
    <ele>0.7000000000000001</ele>
   </trkpt>
   <trkpt lat="45.49115333547732" lon="12.58724668036983">
    <ele>0.47000000000000003</ele>
   </trkpt>
   <trkpt lat="45.49037666880224" lon="12.587743347041616">
    <ele>0.5</ele>
   </trkpt>
   <trkpt lat="45.4896" lon="12.58824">
    <ele>0.5</ele>
   </trkpt>
   <trkpt lat="45.48949" lon="12.588270000000001">
    <ele>0.56</ele>
   </trkpt>
   <trkpt lat="45.489360000000005" lon="12.588270000000001">
    <ele>0.56</ele>
   </trkpt>
   <trkpt lat="45.48928" lon="12.58819">
    <ele>0.56</ele>
   </trkpt>
   <trkpt lat="45.489200000000004" lon="12.58819">
    <ele>0.56</ele>
   </trkpt>
   <trkpt lat="45.48912000000001" lon="12.588130000000001">
    <ele>0.56</ele>
   </trkpt>
   <trkpt lat="45.48904" lon="12.588030000000002">
    <ele>0.51</ele>
   </trkpt>
   <trkpt lat="45.488710000000005" lon="12.58702">
    <ele>0.47000000000000003</ele>
   </trkpt>
   <trkpt lat="45.48866" lon="12.586950000000002">
    <ele>0.47000000000000003</ele>
   </trkpt>
   <trkpt lat="45.48854" lon="12.58689">
    <ele>0.47000000000000003</ele>
   </trkpt>
   <trkpt lat="45.48846" lon="12.58689">
    <ele>0.47000000000000003</ele>
   </trkpt>
   <trkpt lat="45.48770750292083" lon="12.587362518937132">
    <ele>0.6900000000000001</ele>
   </trkpt>
   <trkpt lat="45.48695500389355" lon="12.5878350252496">
    <ele>0.89</ele>
   </trkpt>
   <trkpt lat="45.48620250291829" lon="12.58830751893803">
    <ele>0.8700000000000001</ele>
   </trkpt>
   <trkpt lat="45.48545000000001" lon="12.588780000000002">
    <ele>1.27</ele>
   </trkpt>
   <trkpt lat="45.48528" lon="12.588870000000002">
    <ele>1.27</ele>
   </trkpt>
   <trkpt lat="45.485200000000006" lon="12.588890000000001">
    <ele>1.08</ele>
   </trkpt>
   <trkpt lat="45.48507" lon="12.5889">
    <ele>1.08</ele>
   </trkpt>
   <trkpt lat="45.48503" lon="12.588870000000002">
    <ele>1.08</ele>
   </trkpt>
   <trkpt lat="45.484930000000006" lon="12.588840000000001">
    <ele>1.17</ele>
   </trkpt>
   <trkpt lat="45.48481" lon="12.58891">
    <ele>1.4800000000000002</ele>
   </trkpt>
   <trkpt lat="45.48472" lon="12.589110000000002">
    <ele>1.55</ele>
   </trkpt>
   <trkpt lat="45.484730000000006" lon="12.58919">
    <ele>1.55</ele>
   </trkpt>
   <trkpt lat="45.48472" lon="12.58918">
    <ele>1.55</ele>
   </trkpt>
   <trkpt lat="45.485020000000006" lon="12.59018">
    <ele>2.0100000000000002</ele>
   </trkpt>
   <trkpt lat="45.48540751018774" lon="12.591062481776435">
    <ele>1.86</ele>
   </trkpt>
   <trkpt lat="45.48579501358029" lon="12.591944975693869">
    <ele>1.76</ele>
   </trkpt>
   <trkpt lat="45.48618251017743" lon="12.592827481752419">
    <ele>1.76</ele>
   </trkpt>
   <trkpt lat="45.48657" lon="12.593710000000002">
    <ele>1.76</ele>
   </trkpt>
   <trkpt lat="45.487033342973824" lon="12.594759982773818">
    <ele>1.37</ele>
   </trkpt>
   <trkpt lat="45.48749667632807" lon="12.595809982820917">
    <ele>1.33</ele>
   </trkpt>
   <trkpt lat="45.48796" lon="12.596860000000001">
    <ele>1.6</ele>
   </trkpt>
   <trkpt lat="45.488715002970935" lon="12.5963825192097">
    <ele>2.69</ele>
   </trkpt>
   <trkpt lat="45.48947000395255" lon="12.595905025618917">
    <ele>1.36</ele>
   </trkpt>
   <trkpt lat="45.49022500294471" lon="12.595427519227005">
    <ele>1.36</ele>
   </trkpt>
   <trkpt lat="45.49098" lon="12.59495">
    <ele>1.36</ele>
   </trkpt>
   <trkpt lat="45.49100000000001" lon="12.594990000000001">
    <ele>0.7400000000000001</ele>
   </trkpt>
   <trkpt lat="45.491060000000004" lon="12.59501">
    <ele>0.7400000000000001</ele>
   </trkpt>
   <trkpt lat="45.49116" lon="12.59524">
    <ele>0.68</ele>
   </trkpt>
   <trkpt lat="45.49136000172452" lon="12.595869997740703">
    <ele>0.5</ele>
   </trkpt>
   <trkpt lat="45.49156000000001" lon="12.5965">
    <ele>0.42</ele>
   </trkpt>
   <trkpt lat="45.49193501620269" lon="12.597612477790287">
    <ele>0.52</ele>
   </trkpt>
   <trkpt lat="45.492310021606656" lon="12.598724970395635">
    <ele>0.6000000000000001</ele>
   </trkpt>
   <trkpt lat="45.49268501621162" lon="12.599837477816003">
    <ele>0.77</ele>
   </trkpt>
   <trkpt lat="45.49306000000001" lon="12.600950000000001">
    <ele>0.67</ele>
   </trkpt>
   <trkpt lat="45.493366016700655" lon="12.601927978774214">
    <ele>-0.08</ele>
   </trkpt>
   <trkpt lat="45.493672025055915" lon="12.60290596817659">
    <ele>-0.08</ele>
   </trkpt>
   <trkpt lat="45.493978025065594" lon="12.60388396820706">
    <ele>1.3900000000000001</ele>
   </trkpt>
   <trkpt lat="45.49428401672956" lon="12.604861978865568">
    <ele>1.3900000000000001</ele>
   </trkpt>
   <trkpt lat="45.49459" lon="12.60584">
    <ele>1.3900000000000001</ele>
   </trkpt>
   <trkpt lat="45.49494751662863" lon="12.606967478496799">
    <ele>1.3900000000000001</ele>
   </trkpt>
   <trkpt lat="45.4953050221654" lon="12.60809497130926">
    <ele>2.5900000000000003</ele>
   </trkpt>
   <trkpt lat="45.495662516610025" lon="12.609222478437308">
    <ele>2.5900000000000003</ele>
   </trkpt>
   <trkpt lat="45.49602" lon="12.61035">
    <ele>2.5900000000000003</ele>
   </trkpt>
   <trkpt lat="45.496050000000004" lon="12.610520000000001">
    <ele>0.8500000000000001</ele>
   </trkpt>
   <trkpt lat="45.496030000000005" lon="12.610740000000002">
    <ele>0.8500000000000001</ele>
   </trkpt>
   <trkpt lat="45.49604" lon="12.610790000000001">
    <ele>0.88</ele>
   </trkpt>
   <trkpt lat="45.496080000000006" lon="12.61087">
    <ele>0.88</ele>
   </trkpt>
   <trkpt lat="45.49624" lon="12.611040000000001">
    <ele>0.77</ele>
   </trkpt>
   <trkpt lat="45.496340000000004" lon="12.611220000000001">
    <ele>0.75</ele>
   </trkpt>
   <trkpt lat="45.49644000000001" lon="12.611590000000001">
    <ele>0.93</ele>
   </trkpt>
   <trkpt lat="45.496500000000005" lon="12.611720000000002">
    <ele>0.93</ele>
   </trkpt>
   <trkpt lat="45.49658" lon="12.61175">
    <ele>0.93</ele>
   </trkpt>
   <trkpt lat="45.49665" lon="12.611730000000001">
    <ele>0.93</ele>
   </trkpt>
   <trkpt lat="45.49669" lon="12.611680000000002">
    <ele>0.8700000000000001</ele>
   </trkpt>
   <trkpt lat="45.496790000000004" lon="12.611640000000001">
    <ele>0.8300000000000001</ele>
   </trkpt>
   <trkpt lat="45.49689" lon="12.611640000000001">
    <ele>0.8300000000000001</ele>
   </trkpt>
   <trkpt lat="45.497475000125355" lon="12.611754998818563">
    <ele>0.4</ele>
   </trkpt>
   <trkpt lat="45.49806" lon="12.611870000000001">
    <ele>0.22</ele>
   </trkpt>
   <trkpt lat="45.49823000000001" lon="12.611960000000002">
    <ele>0.22</ele>
   </trkpt>
   <trkpt lat="45.49841000000001" lon="12.612110000000001">
    <ele>0.26</ele>
   </trkpt>
   <trkpt lat="45.498560000000005" lon="12.612300000000001">
    <ele>0.26</ele>
   </trkpt>
   <trkpt lat="45.49870000000001" lon="12.6126">
    <ele>0.2</ele>
   </trkpt>
   <trkpt lat="45.49896000578537" lon="12.613413325864151">
    <ele>0.16</ele>
   </trkpt>
   <trkpt lat="45.49922000579887" lon="12.614226659239632">
    <ele>0.35000000000000003</ele>
   </trkpt>
   <trkpt lat="45.499480000000005" lon="12.61504">
    <ele>0.21</ele>
   </trkpt>
   <trkpt lat="45.499880000000005" lon="12.616140000000001">
    <ele>0.1</ele>
   </trkpt>
   <trkpt lat="45.500240000000005" lon="12.61725">
    <ele>0.32</ele>
   </trkpt>
   <trkpt lat="45.50029000000001" lon="12.61747">
    <ele>0.29</ele>
   </trkpt>
   <trkpt lat="45.5003" lon="12.617640000000002">
    <ele>0.29</ele>
   </trkpt>
   <trkpt lat="45.50027" lon="12.61791">
    <ele>0.4900000000000001</ele>
   </trkpt>
   <trkpt lat="45.5003" lon="12.618">
    <ele>0.4900000000000001</ele>
   </trkpt>
   <trkpt lat="45.500330000000005" lon="12.61804">
    <ele>0.53</ele>
   </trkpt>
   <trkpt lat="45.50056000440649" lon="12.619039996105501">
    <ele>0.33000000000000007</ele>
   </trkpt>
   <trkpt lat="45.50079" lon="12.620040000000001">
    <ele>0.4</ele>
   </trkpt>
   <trkpt lat="45.50097835723354" lon="12.621086649181093">
    <ele>0.35000000000000003</ele>
   </trkpt>
   <trkpt lat="45.50116670490866" lon="12.622133305365058">
    <ele>0.31</ele>
   </trkpt>
   <trkpt lat="45.501355043025235" lon="12.623179968551636">
    <ele>0.17</ele>
   </trkpt>
   <trkpt lat="45.50154337158313" lon="12.62422663874056">
    <ele>0.13</ele>
   </trkpt>
   <trkpt lat="45.50173169058222" lon="12.625273315931572">
    <ele>0.030000000000000002</ele>
   </trkpt>
   <trkpt lat="45.501920000000005" lon="12.626320000000002">
    <ele>0.4</ele>
   </trkpt>
   <trkpt lat="45.50195" lon="12.626510000000001">
    <ele>0.42</ele>
   </trkpt>
   <trkpt lat="45.501920000000005" lon="12.626570000000001">
    <ele>0.42</ele>
   </trkpt>
   <trkpt lat="45.501920000000005" lon="12.626700000000001">
    <ele>0.5</ele>
   </trkpt>
   <trkpt lat="45.501940000000005" lon="12.626740000000002">
    <ele>0.5</ele>
   </trkpt>
   <trkpt lat="45.502010000000006" lon="12.626800000000001">
    <ele>0.46</ele>
   </trkpt>
   <trkpt lat="45.50207" lon="12.626930000000002">
    <ele>0.51</ele>
   </trkpt>
   <trkpt lat="45.50244001366704" lon="12.627952479794907">
    <ele>0.51</ele>
   </trkpt>
   <trkpt lat="45.50281001821193" lon="12.628974973029667">
    <ele>3.68</ele>
   </trkpt>
   <trkpt lat="45.50318001363449" lon="12.629997479704302">
    <ele>3.68</ele>
   </trkpt>
   <trkpt lat="45.503550000000004" lon="12.631020000000001">
    <ele>3.68</ele>
   </trkpt>
   <trkpt lat="45.50352" lon="12.63103">
    <ele>3.5900000000000003</ele>
   </trkpt>
   <trkpt lat="45.50382500322464" lon="12.6318849954672">
    <ele>0.4900000000000001</ele>
   </trkpt>
   <trkpt lat="45.50413" lon="12.632740000000002">
    <ele>0.39</ele>
   </trkpt>
   <trkpt lat="45.50415" lon="12.632950000000001">
    <ele>0.45</ele>
   </trkpt>
   <trkpt lat="45.504070000000006" lon="12.63305">
    <ele>0.54</ele>
   </trkpt>
   <trkpt lat="45.50403" lon="12.6332">
    <ele>0.6000000000000001</ele>
   </trkpt>
   <trkpt lat="45.50405000000001" lon="12.633370000000001">
    <ele>0.79</ele>
   </trkpt>
   <trkpt lat="45.50413" lon="12.633500000000002">
    <ele>0.8300000000000001</ele>
   </trkpt>
   <trkpt lat="45.50421" lon="12.633550000000001">
    <ele>0.8300000000000001</ele>
   </trkpt>
   <trkpt lat="45.50426" lon="12.633560000000001">
    <ele>0.8300000000000001</ele>
   </trkpt>
   <trkpt lat="45.50437" lon="12.63352">
    <ele>0.8700000000000001</ele>
   </trkpt>
   <trkpt lat="45.50442" lon="12.63347">
    <ele>0.8700000000000001</ele>
   </trkpt>
   <trkpt lat="45.50503000036378" lon="12.633679995441689">
    <ele>0.78</ele>
   </trkpt>
   <trkpt lat="45.505640000342765" lon="12.63388999543439">
    <ele>0.7000000000000001</ele>
   </trkpt>
   <trkpt lat="45.50625" lon="12.634100000000002">
    <ele>0.67</ele>
   </trkpt>
   <trkpt lat="45.50699" lon="12.63437">
    <ele>0.9</ele>
   </trkpt>
   <trkpt lat="45.507250000000006" lon="12.634450000000001">
    <ele>0.9</ele>
   </trkpt>
   <trkpt lat="45.50739" lon="12.63456">
    <ele>1.02</ele>
   </trkpt>
   <trkpt lat="45.507400000000004" lon="12.634640000000001">
    <ele>1.02</ele>
   </trkpt>
   <trkpt lat="45.50743000000001" lon="12.63474">
    <ele>1.02</ele>
   </trkpt>
   <trkpt lat="45.50748" lon="12.634810000000002">
    <ele>1.09</ele>
   </trkpt>
   <trkpt lat="45.50753" lon="12.634850000000002">
    <ele>1.09</ele>
   </trkpt>
   <trkpt lat="45.50761000000001" lon="12.634860000000002">
    <ele>1.1500000000000001</ele>
   </trkpt>
   <trkpt lat="45.50788000000001" lon="12.6348">
    <ele>1.24</ele>
   </trkpt>
   <trkpt lat="45.50802" lon="12.634850000000002">
    <ele>1.24</ele>
   </trkpt>
   <trkpt lat="45.508700000000005" lon="12.63516">
    <ele>1.26</ele>
   </trkpt>
   <trkpt lat="45.508990000000004" lon="12.635340000000001">
    <ele>1.59</ele>
   </trkpt>
   <trkpt lat="45.509100000000004" lon="12.635460000000002">
    <ele>1.53</ele>
   </trkpt>
   <trkpt lat="45.50918" lon="12.635620000000001">
    <ele>1.4400000000000002</ele>
   </trkpt>
   <trkpt lat="45.509240000000005" lon="12.635850000000001">
    <ele>1.4400000000000002</ele>
   </trkpt>
   <trkpt lat="45.50938000000001" lon="12.636090000000001">
    <ele>0.9600000000000001</ele>
   </trkpt>
   <trkpt lat="45.509510000000006" lon="12.636360000000002">
    <ele>0.81</ele>
   </trkpt>
   <trkpt lat="45.509570000000004" lon="12.636550000000002">
    <ele>0.6000000000000001</ele>
   </trkpt>
   <trkpt lat="45.509550000000004" lon="12.63681">
    <ele>0.45</ele>
   </trkpt>
   <trkpt lat="45.50934500615309" lon="12.63800000447825">
    <ele>0.43000000000000005</ele>
   </trkpt>
   <trkpt lat="45.50914" lon="12.639190000000001">
    <ele>0.30000000000000004</ele>
   </trkpt>
   <trkpt lat="45.50909" lon="12.639700000000001">
    <ele>0.23</ele>
   </trkpt>
   <trkpt lat="45.509040000000006" lon="12.63981">
    <ele>0.23</ele>
   </trkpt>
   <trkpt lat="45.50905" lon="12.639890000000001">
    <ele>0.32</ele>
   </trkpt>
   <trkpt lat="45.509080000000004" lon="12.63996">
    <ele>0.32</ele>
   </trkpt>
   <trkpt lat="45.509150000000005" lon="12.64001">
    <ele>0.32</ele>
   </trkpt>
   <trkpt lat="45.50920000000001" lon="12.64">
    <ele>0.31</ele>
   </trkpt>
   <trkpt lat="45.50934" lon="12.640170000000001">
    <ele>0.32</ele>
   </trkpt>
   <trkpt lat="45.509710000000005" lon="12.641210000000001">
    <ele>-0.31</ele>
   </trkpt>
   <trkpt lat="45.509960004374406" lon="12.6422099956054">
    <ele>-0.25</ele>
   </trkpt>
   <trkpt lat="45.51021" lon="12.643210000000002">
    <ele>1.1400000000000001</ele>
   </trkpt>
   <trkpt lat="45.51026" lon="12.64343">
    <ele>1.3200000000000003</ele>
   </trkpt>
   <trkpt lat="45.51023000000001" lon="12.643540000000002">
    <ele>1.31</ele>
   </trkpt>
   <trkpt lat="45.51026" lon="12.643640000000001">
    <ele>1.37</ele>
   </trkpt>
   <trkpt lat="45.51033" lon="12.643690000000001">
    <ele>1.3900000000000001</ele>
   </trkpt>
   <trkpt lat="45.51043000000001" lon="12.643970000000001">
    <ele>1.37</ele>
   </trkpt>
   <trkpt lat="45.510670002749954" lon="12.644764996585678">
    <ele>0.25</ele>
   </trkpt>
   <trkpt lat="45.51091" lon="12.645560000000001">
    <ele>-0.16</ele>
   </trkpt>
   <trkpt lat="45.51123500563732" lon="12.6466949935063">
    <ele>-0.19</ele>
   </trkpt>
   <trkpt lat="45.51156" lon="12.64783">
    <ele>-0.1</ele>
   </trkpt>
   <trkpt lat="45.511790000000005" lon="12.648740000000002">
    <ele>-0.16</ele>
   </trkpt>
   <trkpt lat="45.51193000000001" lon="12.649460000000001">
    <ele>-0.16</ele>
   </trkpt>
   <trkpt lat="45.512110006246814" lon="12.650654996290031">
    <ele>-0.16</ele>
   </trkpt>
   <trkpt lat="45.51229000000001" lon="12.651850000000001">
    <ele>-0.08</ele>
   </trkpt>
   <trkpt lat="45.51243" lon="12.652600000000001">
    <ele>-0.2</ele>
   </trkpt>
   <trkpt lat="45.51260000250472" lon="12.653359997636679">
    <ele>-0.16</ele>
   </trkpt>
   <trkpt lat="45.51277" lon="12.65412">
    <ele>-0.1</ele>
   </trkpt>
   <trkpt lat="45.51309202142778" lon="12.655227974657738">
    <ele>-0.16</ele>
   </trkpt>
   <trkpt lat="45.51341403214424" lon="12.656335961994792">
    <ele>-0.1</ele>
   </trkpt>
   <trkpt lat="45.513736032149176" lon="12.657443962011035">
    <ele>-0.21</ele>
   </trkpt>
   <trkpt lat="45.5140580214423" lon="12.65855197470633">
    <ele>-0.16</ele>
   </trkpt>
   <trkpt lat="45.51438" lon="12.65966">
    <ele>-0.16</ele>
   </trkpt>
   <trkpt lat="45.51469000383741" lon="12.660604994615957">
    <ele>-0.16</ele>
   </trkpt>
   <trkpt lat="45.515" lon="12.661550000000002">
    <ele>-0.1</ele>
   </trkpt>
   <trkpt lat="45.5153" lon="12.662270000000001">
    <ele>-0.1</ele>
   </trkpt>
   <trkpt lat="45.51557500134671" lon="12.662804997576254">
    <ele>-0.1</ele>
   </trkpt>
   <trkpt lat="45.51585" lon="12.663340000000002">
    <ele>-0.16</ele>
   </trkpt>
   <trkpt lat="45.51623" lon="12.663990000000002">
    <ele>-0.34</ele>
   </trkpt>
   <trkpt lat="45.51662" lon="12.664610000000001">
    <ele>-0.31</ele>
   </trkpt>
   <trkpt lat="45.517" lon="12.6653">
    <ele>-0.11</ele>
   </trkpt>
   <trkpt lat="45.517320000000005" lon="12.666">
    <ele>-0.08</ele>
   </trkpt>
   <trkpt lat="45.51755000000001" lon="12.666580000000002">
    <ele>-0.05</ele>
   </trkpt>
   <trkpt lat="45.51787" lon="12.66755">
    <ele>0.13</ele>
   </trkpt>
   <trkpt lat="45.51793000000001" lon="12.667790000000002">
    <ele>0.16</ele>
   </trkpt>
   <trkpt lat="45.51793000000001" lon="12.668120000000002">
    <ele>0.14</ele>
   </trkpt>
   <trkpt lat="45.51796" lon="12.66821">
    <ele>0.4</ele>
   </trkpt>
   <trkpt lat="45.517990000000005" lon="12.668260000000002">
    <ele>0.4</ele>
   </trkpt>
   <trkpt lat="45.51803" lon="12.66829">
    <ele>0.53</ele>
   </trkpt>
   <trkpt lat="45.518080000000005" lon="12.66829">
    <ele>0.53</ele>
   </trkpt>
   <trkpt lat="45.51818" lon="12.668420000000001">
    <ele>0.8500000000000001</ele>
   </trkpt>
   <trkpt lat="45.518570003923834" lon="12.669374993246137">
    <ele>0.45</ele>
   </trkpt>
   <trkpt lat="45.51896000000001" lon="12.670330000000002">
    <ele>0.15000000000000002</ele>
   </trkpt>
   <trkpt lat="45.519270000000006" lon="12.67121">
    <ele>0.01</ele>
   </trkpt>
   <trkpt lat="45.51957379360849" lon="12.67240495483975">
    <ele>-0.05</ele>
   </trkpt>
   <trkpt lat="45.51987757475795" lon="12.67359992258301">
    <ele>-0.01</ele>
   </trkpt>
   <trkpt lat="45.520181343448144" lon="12.67479490322953">
    <ele>-0.09000000000000001</ele>
   </trkpt>
   <trkpt lat="45.52048509967878" lon="12.675989896779056">
    <ele>-0.09000000000000001</ele>
   </trkpt>
   <trkpt lat="45.5207888434496" lon="12.677184903231337">
    <ele>-0.17</ele>
   </trkpt>
   <trkpt lat="45.52109257476036" lon="12.678379922586121">
    <ele>-0.08</ele>
   </trkpt>
   <trkpt lat="45.521396293610756" lon="12.679574954843147">
    <ele>-0.04</ele>
   </trkpt>
   <trkpt lat="45.5217" lon="12.68077">
    <ele>-0.05</ele>
   </trkpt>
   <trkpt lat="45.52174" lon="12.680930000000002">
    <ele>-0.05</ele>
   </trkpt>
   <trkpt lat="45.521710000000006" lon="12.6813">
    <ele>-0.09000000000000001</ele>
   </trkpt>
   <trkpt lat="45.52165" lon="12.68138">
    <ele>-0.09000000000000001</ele>
   </trkpt>
   <trkpt lat="45.52160000000001" lon="12.681550000000001">
    <ele>-0.05</ele>
   </trkpt>
   <trkpt lat="45.52158000000001" lon="12.681730000000002">
    <ele>-0.05</ele>
   </trkpt>
   <trkpt lat="45.521390000000004" lon="12.682030000000001">
    <ele>0.58</ele>
   </trkpt>
   <trkpt lat="45.52085" lon="12.68238">
    <ele>0.6900000000000001</ele>
   </trkpt>
   <trkpt lat="45.52069" lon="12.68271">
    <ele>1.02</ele>
   </trkpt>
   <trkpt lat="45.52064" lon="12.68294">
    <ele>1.12</ele>
   </trkpt>
   <trkpt lat="45.52062" lon="12.683340000000001">
    <ele>1.8200000000000003</ele>
   </trkpt>
   <trkpt lat="45.520520000000005" lon="12.683560000000002">
    <ele>1.8200000000000003</ele>
   </trkpt>
   <trkpt lat="45.520480000000006" lon="12.68359">
    <ele>1.9400000000000002</ele>
   </trkpt>
   <trkpt lat="45.5204" lon="12.68373">
    <ele>1.99</ele>
   </trkpt>
   <trkpt lat="45.520390000000006" lon="12.68388">
    <ele>1.8900000000000001</ele>
   </trkpt>
   <trkpt lat="45.52042" lon="12.683990000000001">
    <ele>1.9000000000000001</ele>
   </trkpt>
   <trkpt lat="45.52047" lon="12.68407">
    <ele>1.9000000000000001</ele>
   </trkpt>
   <trkpt lat="45.52064" lon="12.684700000000001">
    <ele>2.15</ele>
   </trkpt>
   <trkpt lat="45.52073" lon="12.685260000000001">
    <ele>2.14</ele>
   </trkpt>
   <trkpt lat="45.520680000000006" lon="12.68529">
    <ele>2.14</ele>
   </trkpt>
   <trkpt lat="45.52087334163654" lon="12.686266659855681">
    <ele>2.16</ele>
   </trkpt>
   <trkpt lat="45.52106667495034" lon="12.687243326423564">
    <ele>2.2</ele>
   </trkpt>
   <trkpt lat="45.521260000000005" lon="12.688220000000001">
    <ele>2.19</ele>
   </trkpt>
   <trkpt lat="45.52131000000001" lon="12.68819">
    <ele>2.19</ele>
   </trkpt>
   <trkpt lat="45.52141" lon="12.688640000000001">
    <ele>2.2600000000000002</ele>
   </trkpt>
   <trkpt lat="45.521615001432004" lon="12.689214997875736">
    <ele>2.56</ele>
   </trkpt>
   <trkpt lat="45.521820000000005" lon="12.68979">
    <ele>2.69</ele>
   </trkpt>
   <trkpt lat="45.52194" lon="12.69025">
    <ele>3.49</ele>
   </trkpt>
   <trkpt lat="45.52201" lon="12.69081">
    <ele>3.8800000000000003</ele>
   </trkpt>
   <trkpt lat="45.52208" lon="12.69081">
    <ele>3.91</ele>
   </trkpt>
   <trkpt lat="45.52207000000001" lon="12.69133">
    <ele>4.03</ele>
   </trkpt>
   <trkpt lat="45.522000000000006" lon="12.69185">
    <ele>3.75</ele>
   </trkpt>
   <trkpt lat="45.52192" lon="12.69217">
    <ele>3.0300000000000002</ele>
   </trkpt>
   <trkpt lat="45.521620000000006" lon="12.693000000000001">
    <ele>2.65</ele>
   </trkpt>
   <trkpt lat="45.521550000000005" lon="12.693330000000001">
    <ele>2.7</ele>
   </trkpt>
   <trkpt lat="45.52154" lon="12.693520000000001">
    <ele>2.7</ele>
   </trkpt>
   <trkpt lat="45.52158000000001" lon="12.69387">
    <ele>2.7</ele>
   </trkpt>
   <trkpt lat="45.52168" lon="12.694030000000001">
    <ele>2.7</ele>
   </trkpt>
   <trkpt lat="45.521800000000006" lon="12.694500000000001">
    <ele>2.85</ele>
   </trkpt>
   <trkpt lat="45.521800000000006" lon="12.69466">
    <ele>2.89</ele>
   </trkpt>
   <trkpt lat="45.521910000000005" lon="12.69509">
    <ele>2.85</ele>
   </trkpt>
   <trkpt lat="45.52187000000001" lon="12.695120000000001">
    <ele>2.85</ele>
   </trkpt>
   <trkpt lat="45.522180000000006" lon="12.69617">
    <ele>2.74</ele>
   </trkpt>
   <trkpt lat="45.522290000000005" lon="12.696460000000002">
    <ele>2.86</ele>
   </trkpt>
   <trkpt lat="45.52244" lon="12.696710000000001">
    <ele>2.9400000000000004</ele>
   </trkpt>
   <trkpt lat="45.522785000791195" lon="12.69716999700324">
    <ele>3.0</ele>
   </trkpt>
   <trkpt lat="45.52313" lon="12.69763">
    <ele>2.85</ele>
   </trkpt>
   <trkpt lat="45.523450000000004" lon="12.69809">
    <ele>2.41</ele>
   </trkpt>
   <trkpt lat="45.52375000000001" lon="12.698690000000001">
    <ele>2.2</ele>
   </trkpt>
   <trkpt lat="45.52385" lon="12.69894">
    <ele>2.2</ele>
   </trkpt>
   <trkpt lat="45.5240950026772" lon="12.699714996804932">
    <ele>2.17</ele>
   </trkpt>
   <trkpt lat="45.52434" lon="12.70049">
    <ele>2.22</ele>
   </trkpt>
   <trkpt lat="45.52453500205022" lon="12.70116499787664">
    <ele>2.0900000000000003</ele>
   </trkpt>
   <trkpt lat="45.524730000000005" lon="12.70184">
    <ele>2.16</ele>
   </trkpt>
   <trkpt lat="45.52496000000001" lon="12.702760000000001">
    <ele>2.14</ele>
   </trkpt>
   <trkpt lat="45.52522432313887" lon="12.703955680584459">
    <ele>3.85</ele>
   </trkpt>
   <trkpt lat="45.52548863380363" lon="12.70515137240493">
    <ele>3.85</ele>
   </trkpt>
   <trkpt lat="45.52575293199408" lon="12.706347075461093">
    <ele>3.85</ele>
   </trkpt>
   <trkpt lat="45.52601721770998" lon="12.707542789752626">
    <ele>4.760000000000001</ele>
   </trkpt>
   <trkpt lat="45.52628149095108" lon="12.70873851527921">
    <ele>4.760000000000001</ele>
   </trkpt>
   <trkpt lat="45.52654575171717" lon="12.709934252040522">
    <ele>4.760000000000001</ele>
   </trkpt>
   <trkpt lat="45.526810000000005" lon="12.71113">
    <ele>4.760000000000001</ele>
   </trkpt>
   <trkpt lat="45.527010017834414" lon="12.712297487518367">
    <ele>4.760000000000001</ele>
   </trkpt>
   <trkpt lat="45.5272100237761" lon="12.713464983339193">
    <ele>4.760000000000001</ele>
   </trkpt>
   <trkpt lat="45.52741001782488" lon="12.7146324874621">
    <ele>4.64</ele>
   </trkpt>
   <trkpt lat="45.52761" lon="12.715800000000002">
    <ele>4.64</ele>
   </trkpt>
   <trkpt lat="45.52774" lon="12.716280000000001">
    <ele>1.81</ele>
   </trkpt>
   <trkpt lat="45.52796" lon="12.71696">
    <ele>1.84</ele>
   </trkpt>
   <trkpt lat="45.528200000000005" lon="12.717920000000001">
    <ele>1.93</ele>
   </trkpt>
   <trkpt lat="45.52845000000001" lon="12.71878">
    <ele>2.14</ele>
   </trkpt>
   <trkpt lat="45.52863000000001" lon="12.71921">
    <ele>2.19</ele>
   </trkpt>
   <trkpt lat="45.52877" lon="12.7194">
    <ele>2.19</ele>
   </trkpt>
   <trkpt lat="45.529070000000004" lon="12.719650000000001">
    <ele>2.12</ele>
   </trkpt>
   <trkpt lat="45.52924" lon="12.719750000000001">
    <ele>2.12</ele>
   </trkpt>
   <trkpt lat="45.5296" lon="12.719880000000002">
    <ele>2.34</ele>
   </trkpt>
   <trkpt lat="45.52982" lon="12.720030000000001">
    <ele>2.4000000000000004</ele>
   </trkpt>
   <trkpt lat="45.530010000000004" lon="12.72019">
    <ele>2.35</ele>
   </trkpt>
   <trkpt lat="45.530280000000005" lon="12.720550000000001">
    <ele>2.2</ele>
   </trkpt>
   <trkpt lat="45.530773337671775" lon="12.7212533210268">
    <ele>2.0900000000000003</ele>
   </trkpt>
   <trkpt lat="45.53126667102748" lon="12.721956654391864">
    <ele>2.06</ele>
   </trkpt>
   <trkpt lat="45.531760000000006" lon="12.722660000000001">
    <ele>1.85</ele>
   </trkpt>
   <trkpt lat="45.53201000000001" lon="12.722930000000002">
    <ele>1.9000000000000001</ele>
   </trkpt>
   <trkpt lat="45.532180000000004" lon="12.723020000000002">
    <ele>1.9000000000000001</ele>
   </trkpt>
   <trkpt lat="45.532340000000005" lon="12.72305">
    <ele>1.9400000000000002</ele>
   </trkpt>
   <trkpt lat="45.53255" lon="12.723">
    <ele>1.9400000000000002</ele>
   </trkpt>
   <trkpt lat="45.53271" lon="12.72291">
    <ele>1.9200000000000002</ele>
   </trkpt>
   <trkpt lat="45.532970000000006" lon="12.72263">
    <ele>1.7200000000000002</ele>
   </trkpt>
   <trkpt lat="45.533170000000005" lon="12.7224">
    <ele>1.67</ele>
   </trkpt>
   <trkpt lat="45.533370000000005" lon="12.722240000000001">
    <ele>1.4800000000000002</ele>
   </trkpt>
   <trkpt lat="45.533460000000005" lon="12.72221">
    <ele>1.4800000000000002</ele>
   </trkpt>
   <trkpt lat="45.534310000000005" lon="12.722190000000001">
    <ele>1.4500000000000002</ele>
   </trkpt>
   <trkpt lat="45.534940000000006" lon="12.72221">
    <ele>2.1</ele>
   </trkpt>
   <trkpt lat="45.53551" lon="12.7222">
    <ele>1.99</ele>
   </trkpt>
   <trkpt lat="45.53567" lon="12.722190000000001">
    <ele>2.0700000000000003</ele>
   </trkpt>
   <trkpt lat="45.53585" lon="12.72216">
    <ele>2.1</ele>
   </trkpt>
   <trkpt lat="45.535900000000005" lon="12.72217">
    <ele>2.12</ele>
   </trkpt>
   <trkpt lat="45.536080000000005" lon="12.722140000000001">
    <ele>1.9200000000000002</ele>
   </trkpt>
   <trkpt lat="45.53622000000001" lon="12.722100000000001">
    <ele>1.9200000000000002</ele>
   </trkpt>
   <trkpt lat="45.536410000000004" lon="12.722000000000001">
    <ele>1.9200000000000002</ele>
   </trkpt>
   <trkpt lat="45.53702000046584" lon="12.721665003647125">
    <ele>1.87</ele>
   </trkpt>
   <trkpt lat="45.53763000000001" lon="12.721330000000002">
    <ele>2.0900000000000003</ele>
   </trkpt>
   <trkpt lat="45.53775" lon="12.721280000000002">
    <ele>2.0900000000000003</ele>
   </trkpt>
   <trkpt lat="45.53792000000001" lon="12.721250000000001">
    <ele>2.12</ele>
   </trkpt>
   <trkpt lat="45.53869500007406" lon="12.721384998138337">
    <ele>1.8800000000000001</ele>
   </trkpt>
   <trkpt lat="45.53947" lon="12.721520000000002">
    <ele>2.0</ele>
   </trkpt>
   <trkpt lat="45.53967" lon="12.721530000000001">
    <ele>2.14</ele>
   </trkpt>
   <trkpt lat="45.540290000000006" lon="12.721490000000001">
    <ele>2.15</ele>
   </trkpt>
   <trkpt lat="45.54057" lon="12.721530000000001">
    <ele>2.06</ele>
   </trkpt>
   <trkpt lat="45.540850000000006" lon="12.721610000000002">
    <ele>2.06</ele>
   </trkpt>
   <trkpt lat="45.541270000000004" lon="12.72178">
    <ele>2.1</ele>
   </trkpt>
   <trkpt lat="45.54189" lon="12.72211">
    <ele>2.15</ele>
   </trkpt>
   <trkpt lat="45.54223" lon="12.722330000000001">
    <ele>2.17</ele>
   </trkpt>
   <trkpt lat="45.542680000000004" lon="12.72268">
    <ele>2.33</ele>
   </trkpt>
   <trkpt lat="45.542860000000005" lon="12.722840000000001">
    <ele>2.33</ele>
   </trkpt>
   <trkpt lat="45.54325500069047" lon="12.723224997337697">
    <ele>2.2900000000000005</ele>
   </trkpt>
   <trkpt lat="45.54365000000001" lon="12.72361">
    <ele>2.41</ele>
   </trkpt>
   <trkpt lat="45.54422" lon="12.724260000000001">
    <ele>2.35</ele>
   </trkpt>
   <trkpt lat="45.54477500208232" lon="12.72494999319454">
    <ele>2.54</ele>
   </trkpt>
   <trkpt lat="45.54533000000001" lon="12.72564">
    <ele>2.21</ele>
   </trkpt>
   <trkpt lat="45.54558" lon="12.726280000000001">
    <ele>1.35</ele>
   </trkpt>
   <trkpt lat="45.54592" lon="12.727300000000001">
    <ele>0.9100000000000001</ele>
   </trkpt>
   <trkpt lat="45.54607" lon="12.72783">
    <ele>0.64</ele>
   </trkpt>
   <trkpt lat="45.54616" lon="12.72798">
    <ele>0.62</ele>
   </trkpt>
   <trkpt lat="45.546750002672084" lon="12.728764991739165">
    <ele>0.5700000000000001</ele>
   </trkpt>
   <trkpt lat="45.547340000000005" lon="12.729550000000001">
    <ele>1.34</ele>
   </trkpt>
   <trkpt lat="45.547650000000004" lon="12.729780000000002">
    <ele>1.42</ele>
   </trkpt>
   <trkpt lat="45.54843" lon="12.730310000000001">
    <ele>1.2200000000000002</ele>
   </trkpt>
   <trkpt lat="45.549130000000005" lon="12.730820000000001">
    <ele>0.92</ele>
   </trkpt>
   <trkpt lat="45.549693334988405" lon="12.73125665790698">
    <ele>0.8700000000000001</ele>
   </trkpt>
   <trkpt lat="45.55025666831315" lon="12.731693324566878">
    <ele>0.79</ele>
   </trkpt>
   <trkpt lat="45.55082" lon="12.732130000000002">
    <ele>0.7000000000000001</ele>
   </trkpt>
   <trkpt lat="45.55161000747008" lon="12.732714958888954">
    <ele>0.76</ele>
   </trkpt>
   <trkpt lat="45.552400011954575" lon="12.733299934222835">
    <ele>0.62</ele>
   </trkpt>
   <trkpt lat="45.553190013453325" lon="12.733884926002494">
    <ele>0.6000000000000001</ele>
   </trkpt>
   <trkpt lat="45.553980011966146" lon="12.734469934228793">
    <ele>0.65</ele>
   </trkpt>
   <trkpt lat="45.55477000749288" lon="12.735054958902577">
    <ele>0.75</ele>
   </trkpt>
   <trkpt lat="45.55556000000001" lon="12.735640000000002">
    <ele>0.7400000000000001</ele>
   </trkpt>
   <trkpt lat="45.55604" lon="12.736080000000001">
    <ele>0.7000000000000001</ele>
   </trkpt>
   <trkpt lat="45.556250000000006" lon="12.736350000000002">
    <ele>0.7000000000000001</ele>
   </trkpt>
   <trkpt lat="45.55657" lon="12.736880000000001">
    <ele>0.55</ele>
   </trkpt>
   <trkpt lat="45.556960000000004" lon="12.737620000000001">
    <ele>0.56</ele>
   </trkpt>
   <trkpt lat="45.5573200026235" lon="12.73839499504192">
    <ele>0.63</ele>
   </trkpt>
   <trkpt lat="45.557680000000005" lon="12.739170000000001">
    <ele>0.67</ele>
   </trkpt>
   <trkpt lat="45.55814822363869" lon="12.740149009332345">
    <ele>0.43000000000000005</ele>
   </trkpt>
   <trkpt lat="45.55861643891468" lon="12.74112803498052">
    <ele>0.4900000000000001</ele>
   </trkpt>
   <trkpt lat="45.5590846458277" lon="12.74210707694477">
    <ele>0.38</ele>
   </trkpt>
   <trkpt lat="45.559552844377485" lon="12.743086135225347">
    <ele>0.41000000000000003</ele>
   </trkpt>
   <trkpt lat="45.560021034563775" lon="12.744065209822496">
    <ele>0.29</ele>
   </trkpt>
   <trkpt lat="45.56048921638626" lon="12.745044300736463">
    <ele>0.23</ele>
   </trkpt>
   <trkpt lat="45.56095738984468" lon="12.746023407967499">
    <ele>0.28</ele>
   </trkpt>
   <trkpt lat="45.56142555493876" lon="12.747002531515848">
    <ele>0.24000000000000002</ele>
   </trkpt>
   <trkpt lat="45.561893711668205" lon="12.747981671381755">
    <ele>0.39</ele>
   </trkpt>
   <trkpt lat="45.562361860032766" lon="12.748960827565472">
    <ele>0.32</ele>
   </trkpt>
   <trkpt lat="45.562830000000005" lon="12.74994">
    <ele>0.22</ele>
   </trkpt>
   <trkpt lat="45.563120001704945" lon="12.750559996859472">
    <ele>0.29</ele>
   </trkpt>
   <trkpt lat="45.563410000000005" lon="12.751180000000002">
    <ele>0.45</ele>
   </trkpt>
   <trkpt lat="45.56356" lon="12.751460000000002">
    <ele>0.59</ele>
   </trkpt>
   <trkpt lat="45.56412" lon="12.752110000000002">
    <ele>0.68</ele>
   </trkpt>
   <trkpt lat="45.56429000000001" lon="12.752250000000002">
    <ele>0.4900000000000001</ele>
   </trkpt>
   <trkpt lat="45.564400000000006" lon="12.752300000000002">
    <ele>0.4900000000000001</ele>
   </trkpt>
   <trkpt lat="45.56521583609658" lon="12.752060038341961">
    <ele>0.030000000000000002</ele>
   </trkpt>
   <trkpt lat="45.566031671690745" lon="12.751820069714007">
    <ele>0.030000000000000002</ele>
   </trkpt>
   <trkpt lat="45.566847506782466" lon="12.751580094115745">
    <ele>0.030000000000000002</ele>
   </trkpt>
   <trkpt lat="45.567663341371706" lon="12.751340111546773">
    <ele>0.030000000000000002</ele>
   </trkpt>
   <trkpt lat="45.568479175458464" lon="12.751100122006699">
    <ele>0.030000000000000002</ele>
   </trkpt>
   <trkpt lat="45.569295009042705" lon="12.750860125495123">
    <ele>-2.1100000000000003</ele>
   </trkpt>
   <trkpt lat="45.57011084212438" lon="12.750620122011652">
    <ele>-2.1100000000000003</ele>
   </trkpt>
   <trkpt lat="45.57092667470346" lon="12.750380111555886">
    <ele>-2.1100000000000003</ele>
   </trkpt>
   <trkpt lat="45.57174250677993" lon="12.750140094127428">
    <ele>-2.1100000000000003</ele>
   </trkpt>
   <trkpt lat="45.57255833835376" lon="12.749900069725886">
    <ele>-2.1100000000000003</ele>
   </trkpt>
   <trkpt lat="45.57337416942493" lon="12.749660038350855">
    <ele>-2.1100000000000003</ele>
   </trkpt>
   <trkpt lat="45.57419" lon="12.74942">
    <ele>-2.1100000000000003</ele>
   </trkpt>
   <trkpt lat="45.5745" lon="12.74932">
    <ele>-0.89</ele>
   </trkpt>
   <trkpt lat="45.57475" lon="12.749300000000002">
    <ele>-0.8500000000000001</ele>
   </trkpt>
   <trkpt lat="45.575010000000006" lon="12.749340000000002">
    <ele>-0.88</ele>
   </trkpt>
   <trkpt lat="45.57585800135433" lon="12.749619983082187">
    <ele>-0.71</ele>
   </trkpt>
   <trkpt lat="45.57670600202467" lon="12.749899974620517">
    <ele>-0.89</ele>
   </trkpt>
   <trkpt lat="45.57755400201102" lon="12.750179974615493">
    <ele>-0.8500000000000001</ele>
   </trkpt>
   <trkpt lat="45.57840200131331" lon="12.750459983067616">
    <ele>-0.9700000000000001</ele>
   </trkpt>
   <trkpt lat="45.57925" lon="12.75074">
    <ele>-0.99</ele>
   </trkpt>
   <trkpt lat="45.57943" lon="12.75078">
    <ele>-0.9700000000000001</ele>
   </trkpt>
   <trkpt lat="45.579570000000004" lon="12.750750000000002">
    <ele>-0.9700000000000001</ele>
   </trkpt>
   <trkpt lat="45.57974" lon="12.7506">
    <ele>-0.93</ele>
   </trkpt>
   <trkpt lat="45.579750000000004" lon="12.7506">
    <ele>-0.92</ele>
   </trkpt>
   <trkpt lat="45.58021000485926" lon="12.749545008634756">
    <ele>-1.1</ele>
   </trkpt>
   <trkpt lat="45.580670000000005" lon="12.74849">
    <ele>-0.71</ele>
   </trkpt>
   <trkpt lat="45.58111168950772" lon="12.747466706918766">
    <ele>-1.16</ele>
   </trkpt>
   <trkpt lat="45.58155336987926" lon="12.746443397737247">
    <ele>-1.37</ele>
   </trkpt>
   <trkpt lat="45.581995041114325" lon="12.74542007245528">
    <ele>-1.52</ele>
   </trkpt>
   <trkpt lat="45.58243670321264" lon="12.744396731072689">
    <ele>-1.79</ele>
   </trkpt>
   <trkpt lat="45.582878356173914" lon="12.74337337358931">
    <ele>-1.67</ele>
   </trkpt>
   <trkpt lat="45.58332" lon="12.742350000000002">
    <ele>-1.52</ele>
   </trkpt>
   <trkpt lat="45.583650000000006" lon="12.741410000000002">
    <ele>-1.26</ele>
   </trkpt>
   <trkpt lat="45.58397431301794" lon="12.740388606843846">
    <ele>-2.74</ele>
   </trkpt>
   <trkpt lat="45.58429861693364" lon="12.739367201886807">
    <ele>-2.74</ele>
   </trkpt>
   <trkpt lat="45.58462291174688" lon="12.738345785128942">
    <ele>-2.74</ele>
   </trkpt>
   <trkpt lat="45.58494719745748" lon="12.737324356570314">
    <ele>-3.2</ele>
   </trkpt>
   <trkpt lat="45.585271474065216" lon="12.736302916210983">
    <ele>-3.2</ele>
   </trkpt>
   <trkpt lat="45.585595741569875" lon="12.735281464051013">
    <ele>-3.2</ele>
   </trkpt>
   <trkpt lat="45.58592" lon="12.73426">
    <ele>-3.2</ele>
   </trkpt>
   <trkpt lat="45.586257515266766" lon="12.733180019473831">
    <ele>-1.07</ele>
   </trkpt>
   <trkpt lat="45.58659502035715" lon="12.732100025960898">
    <ele>-1.26</ele>
   </trkpt>
   <trkpt lat="45.58693251527091" lon="12.731020019461285">
    <ele>-1.41</ele>
   </trkpt>
   <trkpt lat="45.587270000000004" lon="12.729940000000001">
    <ele>-1.37</ele>
   </trkpt>
   <trkpt lat="45.58742" lon="12.72935">
    <ele>-1.33</ele>
   </trkpt>
   <trkpt lat="45.587450000000004" lon="12.72901">
    <ele>-1.17</ele>
   </trkpt>
   <trkpt lat="45.58744" lon="12.728720000000001">
    <ele>-1.17</ele>
   </trkpt>
   <trkpt lat="45.58738000815384" lon="12.72775333128274">
    <ele>-1.16</ele>
   </trkpt>
   <trkpt lat="45.58732000815481" lon="12.726786664631865">
    <ele>-1.24</ele>
   </trkpt>
   <trkpt lat="45.58726" lon="12.72582">
    <ele>-1.35</ele>
   </trkpt>
   <trkpt lat="45.587270000000004" lon="12.72522">
    <ele>-1.33</ele>
   </trkpt>
   <trkpt lat="45.58729" lon="12.724940000000002">
    <ele>-1.34</ele>
   </trkpt>
   <trkpt lat="45.58733" lon="12.7247">
    <ele>-1.34</ele>
   </trkpt>
   <trkpt lat="45.5876" lon="12.72394">
    <ele>-1.53</ele>
   </trkpt>
   <trkpt lat="45.58801005088206" lon="12.722860078887253">
    <ele>-1.51</ele>
   </trkpt>
   <trkpt lat="45.58842009158884" lon="12.72178014199659">
    <ele>-1.6</ele>
   </trkpt>
   <trkpt lat="45.58883012212004" lon="12.720700189327943">
    <ele>-1.93</ele>
   </trkpt>
   <trkpt lat="45.58924014247539" lon="12.719620220881252">
    <ele>-2.14</ele>
   </trkpt>
   <trkpt lat="45.58965015265458" lon="12.718540236656454">
    <ele>-2.14</ele>
   </trkpt>
   <trkpt lat="45.590060152657294" lon="12.717460236653478">
    <ele>-2.02</ele>
   </trkpt>
   <trkpt lat="45.59047014248327" lon="12.716380220872262">
    <ele>-2.18</ele>
   </trkpt>
   <trkpt lat="45.59088012213219" lon="12.71530018931274">
    <ele>-2.14</ele>
   </trkpt>
   <trkpt lat="45.591290091603796" lon="12.714220141974852">
    <ele>-2.14</ele>
   </trkpt>
   <trkpt lat="45.59170005089776" lon="12.71314007885853">
    <ele>-1.52</ele>
   </trkpt>
   <trkpt lat="45.592110000000005" lon="12.712060000000001">
    <ele>-1.28</ele>
   </trkpt>
   <trkpt lat="45.59248201696001" lon="12.711074026153561">
    <ele>-1.6</ele>
   </trkpt>
   <trkpt lat="45.59285402543815" lon="12.710088039235908">
    <ele>-1.98</ele>
   </trkpt>
   <trkpt lat="45.593226025434205" lon="12.709102039246996">
    <ele>-2.14</ele>
   </trkpt>
   <trkpt lat="45.59359801694796" lon="12.70811602618678">
    <ele>-2.14</ele>
   </trkpt>
   <trkpt lat="45.593970000000006" lon="12.707130000000001">
    <ele>-1.75</ele>
   </trkpt>
   <trkpt lat="45.59434002476822" lon="12.706157181353475">
    <ele>-1.5</ele>
   </trkpt>
   <trkpt lat="45.594710041279406" lon="12.705184349878364">
    <ele>-1.34</ele>
   </trkpt>
   <trkpt lat="45.595080049533365" lon="12.704211505574621">
    <ele>-1.24</ele>
   </trkpt>
   <trkpt lat="45.59545004952985" lon="12.703238648442197">
    <ele>-0.92</ele>
   </trkpt>
   <trkpt lat="45.595820041268695" lon="12.702265778481038">
    <ele>-1.28</ele>
   </trkpt>
   <trkpt lat="45.596190024749646" lon="12.701292895691106">
    <ele>-1.41</ele>
   </trkpt>
   <trkpt lat="45.596560000000004" lon="12.700320000000001">
    <ele>-1.24</ele>
   </trkpt>
   <trkpt lat="45.596795005940876" lon="12.699155004778968">
    <ele>-0.62</ele>
   </trkpt>
   <trkpt lat="45.597030000000004" lon="12.69799">
    <ele>-0.1</ele>
   </trkpt>
   <trkpt lat="45.597350000000006" lon="12.698110000000002">
    <ele>-0.29</ele>
   </trkpt>
   <trkpt lat="45.597190002713496" lon="12.69891000267323">
    <ele>-0.67</ele>
   </trkpt>
   <trkpt lat="45.597030000000004" lon="12.699710000000001">
    <ele>-0.79</ele>
   </trkpt>
   <trkpt lat="45.59684" lon="12.700510000000001">
    <ele>-1.5</ele>
   </trkpt>
   <trkpt lat="45.59644401916977" lon="12.70155802956978">
    <ele>-1.61</ele>
   </trkpt>
   <trkpt lat="45.596048028756734" lon="12.702606044348478">
    <ele>-1.28</ele>
   </trkpt>
   <trkpt lat="45.59565202876109" lon="12.703654044336155">
    <ele>-1.07</ele>
   </trkpt>
   <trkpt lat="45.595256019183154" lon="12.704702029532866">
    <ele>-1.16</ele>
   </trkpt>
   <trkpt lat="45.594860000000004" lon="12.705750000000002">
    <ele>-1.16</ele>
   </trkpt>
   <trkpt lat="45.59445730775374" lon="12.706824019902806">
    <ele>-1.6900000000000002</ele>
   </trkpt>
   <trkpt lat="45.59405460544343" lon="12.70789802439188">
    <ele>-1.6900000000000002</ele>
   </trkpt>
   <trkpt lat="45.59365189306938" lon="12.708972013467278">
    <ele>-1.6900000000000002</ele>
   </trkpt>
   <trkpt lat="45.59324917063185" lon="12.710045987129051">
    <ele>-1.6900000000000002</ele>
   </trkpt>
   <trkpt lat="45.592846438131154" lon="12.711119945377254">
    <ele>-1.6900000000000002</ele>
   </trkpt>
   <trkpt lat="45.592443695567546" lon="12.712193888211939">
    <ele>-1.6900000000000002</ele>
   </trkpt>
   <trkpt lat="45.59204094294135" lon="12.713267815633156">
    <ele>-1.6900000000000002</ele>
   </trkpt>
   <trkpt lat="45.59163818025281" lon="12.714341727640962">
    <ele>-1.6900000000000002</ele>
   </trkpt>
   <trkpt lat="45.591235407502246" lon="12.715415624235408">
    <ele>-4.72</ele>
   </trkpt>
   <trkpt lat="45.59083262468993" lon="12.716489505416547">
    <ele>-4.72</ele>
   </trkpt>
   <trkpt lat="45.59042983181614" lon="12.717563371184433">
    <ele>-4.72</ele>
   </trkpt>
   <trkpt lat="45.590027028881174" lon="12.718637221539115">
    <ele>-4.72</ele>
   </trkpt>
   <trkpt lat="45.58962421588533" lon="12.719711056480651">
    <ele>-4.72</ele>
   </trkpt>
   <trkpt lat="45.58922139282885" lon="12.720784876009091">
    <ele>-4.72</ele>
   </trkpt>
   <trkpt lat="45.58881855971207" lon="12.721858680124491">
    <ele>-4.72</ele>
   </trkpt>
   <trkpt lat="45.58841571653524" lon="12.722932468826901">
    <ele>-4.72</ele>
   </trkpt>
   <trkpt lat="45.588012863298665" lon="12.724006242116376">
    <ele>-4.72</ele>
   </trkpt>
   <trkpt lat="45.587610000000005" lon="12.72508">
    <ele>-4.72</ele>
   </trkpt>
   <trkpt lat="45.58758" lon="12.725380000000001">
    <ele>-1.84</ele>
   </trkpt>
   <trkpt lat="45.58758" lon="12.72587">
    <ele>-1.61</ele>
   </trkpt>
   <trkpt lat="45.58767000688467" lon="12.727124998179908">
    <ele>-1.41</ele>
   </trkpt>
   <trkpt lat="45.58776" lon="12.728380000000001">
    <ele>-1.51</ele>
   </trkpt>
   <trkpt lat="45.587770000000006" lon="12.728940000000001">
    <ele>-1.59</ele>
   </trkpt>
   <trkpt lat="45.58775000000001" lon="12.729280000000001">
    <ele>-1.54</ele>
   </trkpt>
   <trkpt lat="45.587700000000005" lon="12.72962">
    <ele>-1.4400000000000002</ele>
   </trkpt>
   <trkpt lat="45.587650000000004" lon="12.729790000000001">
    <ele>-1.4400000000000002</ele>
   </trkpt>
   <trkpt lat="45.587311153340266" lon="12.730890053125632">
    <ele>-2.48</ele>
   </trkpt>
   <trkpt lat="45.5869722961226" lon="12.73199009297021">
    <ele>-2.48</ele>
   </trkpt>
   <trkpt lat="45.58663342834728" lon="12.733090119533642">
    <ele>-2.48</ele>
   </trkpt>
   <trkpt lat="45.58629455001455" lon="12.734190132815828">
    <ele>-2.48</ele>
   </trkpt>
   <trkpt lat="45.58595566112466" lon="12.73529013281667">
    <ele>-2.9899999999999998</ele>
   </trkpt>
   <trkpt lat="45.58561676167786" lon="12.736390119536079">
    <ele>-2.9899999999999998</ele>
   </trkpt>
   <trkpt lat="45.585277851674405" lon="12.737490092973955">
    <ele>-2.9899999999999998</ele>
   </trkpt>
   <trkpt lat="45.584938931114564" lon="12.738590053130197">
    <ele>-2.9899999999999998</ele>
   </trkpt>
   <trkpt lat="45.5846" lon="12.739690000000001">
    <ele>-2.9899999999999998</ele>
   </trkpt>
   <trkpt lat="45.584335003054804" lon="12.74053000403911">
    <ele>-1.5</ele>
   </trkpt>
   <trkpt lat="45.584070000000004" lon="12.741370000000002">
    <ele>-1.28</ele>
   </trkpt>
   <trkpt lat="45.583745002969515" lon="12.74219500477514">
    <ele>-1.5</ele>
   </trkpt>
   <trkpt lat="45.583420000000004" lon="12.743020000000001">
    <ele>-2.02</ele>
   </trkpt>
   <trkpt lat="45.583013353155636" lon="12.743973367864884">
    <ele>-2.19</ele>
   </trkpt>
   <trkpt lat="45.58260669838128" lon="12.744926721918757">
    <ele>-2.18</ele>
   </trkpt>
   <trkpt lat="45.58220003567716" lon="12.745880062161755">
    <ele>-2.0</ele>
   </trkpt>
   <trkpt lat="45.58179336504353" lon="12.746833388593997">
    <ele>-1.4500000000000002</ele>
   </trkpt>
   <trkpt lat="45.5813866864806" lon="12.747786701215615">
    <ele>-1.41</ele>
   </trkpt>
   <trkpt lat="45.580980000000004" lon="12.748740000000002">
    <ele>-0.67</ele>
   </trkpt>
   <trkpt lat="45.58138668649201" lon="12.747786701188879">
    <ele>-1.41</ele>
   </trkpt>
   <trkpt lat="45.58179336505495" lon="12.746833388567262">
    <ele>-1.4500000000000002</ele>
   </trkpt>
   <trkpt lat="45.58220003568857" lon="12.745880062135019">
    <ele>-2.0</ele>
   </trkpt>
   <trkpt lat="45.58260669839269" lon="12.744926721892021">
    <ele>-2.18</ele>
   </trkpt>
   <trkpt lat="45.58301335316703" lon="12.743973367838148">
    <ele>-2.19</ele>
   </trkpt>
   <trkpt lat="45.583420000000004" lon="12.743020000000001">
    <ele>-2.02</ele>
   </trkpt>
   <trkpt lat="45.5836900021054" lon="12.742340003048215">
    <ele>-1.77</ele>
   </trkpt>
   <trkpt lat="45.583960000000005" lon="12.741660000000001">
    <ele>-1.24</ele>
   </trkpt>
   <trkpt lat="45.584070000000004" lon="12.741370000000002">
    <ele>-1.28</ele>
   </trkpt>
   <trkpt lat="45.584395004682854" lon="12.740335005960906">
    <ele>-1.5</ele>
   </trkpt>
   <trkpt lat="45.584720000000004" lon="12.739300000000002">
    <ele>-1.4500000000000002</ele>
   </trkpt>
   <trkpt lat="45.585056711052246" lon="12.738172276336224">
    <ele>-3.85</ele>
   </trkpt>
   <trkpt lat="45.585393411008475" lon="12.737044539144465">
    <ele>-3.85</ele>
   </trkpt>
   <trkpt lat="45.58573009986842" lon="12.735916788424861">
    <ele>-3.85</ele>
   </trkpt>
   <trkpt lat="45.58606677763179" lon="12.734789024177527">
    <ele>-3.85</ele>
   </trkpt>
   <trkpt lat="45.586403444298384" lon="12.733661246402594">
    <ele>-2.52</ele>
   </trkpt>
   <trkpt lat="45.58674009986787" lon="12.732533455100183">
    <ele>-2.52</ele>
   </trkpt>
   <trkpt lat="45.587076744340024" lon="12.731405650270421">
    <ele>-2.52</ele>
   </trkpt>
   <trkpt lat="45.58741337771457" lon="12.730277831913428">
    <ele>-2.52</ele>
   </trkpt>
   <trkpt lat="45.58775000000001" lon="12.72915">
    <ele>-2.52</ele>
   </trkpt>
   <trkpt lat="45.587770000000006" lon="12.728940000000001">
    <ele>-1.59</ele>
   </trkpt>
   <trkpt lat="45.58776" lon="12.728380000000001">
    <ele>-1.51</ele>
   </trkpt>
   <trkpt lat="45.58767000685711" lon="12.727124997795677">
    <ele>-1.41</ele>
   </trkpt>
   <trkpt lat="45.58758" lon="12.72587">
    <ele>-1.61</ele>
   </trkpt>
   <trkpt lat="45.58758" lon="12.725380000000001">
    <ele>-1.84</ele>
   </trkpt>
   <trkpt lat="45.58762" lon="12.725000000000001">
    <ele>-1.84</ele>
   </trkpt>
   <trkpt lat="45.58771" lon="12.724630000000001">
    <ele>-1.85</ele>
   </trkpt>
   <trkpt lat="45.58812775582269" lon="12.72352855991077">
    <ele>-1.67</ele>
   </trkpt>
   <trkpt lat="45.588545501060565" lon="12.722427103426783">
    <ele>-1.42</ele>
   </trkpt>
   <trkpt lat="45.58896323571328" lon="12.721325630547971">
    <ele>-1.58</ele>
   </trkpt>
   <trkpt lat="45.589380959780534" lon="12.720224141274267">
    <ele>-1.53</ele>
   </trkpt>
   <trkpt lat="45.58979867326203" lon="12.719122635605604">
    <ele>-1.67</ele>
   </trkpt>
   <trkpt lat="45.590216376157436" lon="12.718021113541912">
    <ele>-1.43</ele>
   </trkpt>
   <trkpt lat="45.59063406846644" lon="12.716919575083127">
    <ele>-1.67</ele>
   </trkpt>
   <trkpt lat="45.591051750188754" lon="12.715818020229177">
    <ele>-1.67</ele>
   </trkpt>
   <trkpt lat="45.59146942132404" lon="12.71471644898">
    <ele>-1.25</ele>
   </trkpt>
   <trkpt lat="45.591887081872" lon="12.713614861335524">
    <ele>-0.9700000000000001</ele>
   </trkpt>
   <trkpt lat="45.592304731832314" lon="12.712513257295681">
    <ele>-0.71</ele>
   </trkpt>
   <trkpt lat="45.59272237120468" lon="12.71141163686041">
    <ele>-0.9700000000000001</ele>
   </trkpt>
   <trkpt lat="45.593140000000005" lon="12.710310000000002">
    <ele>-1.24</ele>
   </trkpt>
   <trkpt lat="45.593551152491045" lon="12.709221174921012">
    <ele>-1.5</ele>
   </trkpt>
   <trkpt lat="45.59396229463836" lon="12.708132333888196">
    <ele>-1.29</ele>
   </trkpt>
   <trkpt lat="45.594373426441685" lon="12.707043476901495">
    <ele>-1.36</ele>
   </trkpt>
   <trkpt lat="45.594784547900666" lon="12.705954603960842">
    <ele>-1.16</ele>
   </trkpt>
   <trkpt lat="45.59519565901504" lon="12.70486571506618">
    <ele>-1.16</ele>
   </trkpt>
   <trkpt lat="45.59560675978448" lon="12.703776810217446">
    <ele>-1.18</ele>
   </trkpt>
   <trkpt lat="45.59601785020872" lon="12.702687889414582">
    <ele>-1.28</ele>
   </trkpt>
   <trkpt lat="45.596428930287416" lon="12.701598952657521">
    <ele>-1.61</ele>
   </trkpt>
   <trkpt lat="45.59684" lon="12.700510000000001">
    <ele>-1.5</ele>
   </trkpt>
   <trkpt lat="45.597030000000004" lon="12.699710000000001">
    <ele>-0.79</ele>
   </trkpt>
   <trkpt lat="45.59721500382061" lon="12.698780002826858">
    <ele>-0.67</ele>
   </trkpt>
   <trkpt lat="45.5974" lon="12.69785">
    <ele>-0.09000000000000001</ele>
   </trkpt>
   <trkpt lat="45.59736" lon="12.697680000000002">
    <ele>0.09000000000000001</ele>
   </trkpt>
   <trkpt lat="45.597350000000006" lon="12.69767">
    <ele>0.09000000000000001</ele>
   </trkpt>
   <trkpt lat="45.597280000000005" lon="12.697600000000001">
    <ele>0.18000000000000002</ele>
   </trkpt>
   <trkpt lat="45.59713000000001" lon="12.69762">
    <ele>0.15000000000000002</ele>
   </trkpt>
   <trkpt lat="45.59707" lon="12.69776">
    <ele>0.13</ele>
   </trkpt>
   <trkpt lat="45.59693" lon="12.698550000000001">
    <ele>-0.25</ele>
   </trkpt>
   <trkpt lat="45.596745003437654" lon="12.699435002817525">
    <ele>-0.71</ele>
   </trkpt>
   <trkpt lat="45.596560000000004" lon="12.700320000000001">
    <ele>-1.24</ele>
   </trkpt>
   <trkpt lat="45.596190024777144" lon="12.701292895618765">
    <ele>-1.41</ele>
   </trkpt>
   <trkpt lat="45.5958200412962" lon="12.702265778408702">
    <ele>-1.28</ele>
   </trkpt>
   <trkpt lat="45.59545004955738" lon="12.703238648369858">
    <ele>-0.92</ele>
   </trkpt>
   <trkpt lat="45.59508004956088" lon="12.704211505502284">
    <ele>-1.24</ele>
   </trkpt>
   <trkpt lat="45.594710041306925" lon="12.705184349806029">
    <ele>-1.34</ele>
   </trkpt>
   <trkpt lat="45.594340024795734" lon="12.706157181281139">
    <ele>-1.5</ele>
   </trkpt>
   <trkpt lat="45.593970000000006" lon="12.707130000000001">
    <ele>-1.75</ele>
   </trkpt>
   <trkpt lat="45.59359801696879" lon="12.708116026131567">
    <ele>-2.14</ele>
   </trkpt>
   <trkpt lat="45.59322602545503" lon="12.709102039191785">
    <ele>-2.14</ele>
   </trkpt>
   <trkpt lat="45.592854025458976" lon="12.710088039180697">
    <ele>-1.98</ele>
   </trkpt>
   <trkpt lat="45.59248201698084" lon="12.711074026098354">
    <ele>-1.6</ele>
   </trkpt>
   <trkpt lat="45.592110000000005" lon="12.712060000000001">
    <ele>-1.28</ele>
   </trkpt>
   <trkpt lat="45.59170005088398" lon="12.713140078894822">
    <ele>-1.52</ele>
   </trkpt>
   <trkpt lat="45.59129009159003" lon="12.714220142011145">
    <ele>-2.14</ele>
   </trkpt>
   <trkpt lat="45.59088012211842" lon="12.715300189349032">
    <ele>-2.14</ele>
   </trkpt>
   <trkpt lat="45.590470142469506" lon="12.716380220908551">
    <ele>-2.18</ele>
   </trkpt>
   <trkpt lat="45.590060152643524" lon="12.717460236689766">
    <ele>-2.02</ele>
   </trkpt>
   <trkpt lat="45.58965015264079" lon="12.718540236692743">
    <ele>-2.14</ele>
   </trkpt>
   <trkpt lat="45.58924014246162" lon="12.719620220917541">
    <ele>-2.14</ele>
   </trkpt>
   <trkpt lat="45.588830122106266" lon="12.720700189364232">
    <ele>-1.93</ele>
   </trkpt>
   <trkpt lat="45.58842009157506" lon="12.721780142032877">
    <ele>-1.6</ele>
   </trkpt>
   <trkpt lat="45.58801005086828" lon="12.72286007892354">
    <ele>-1.51</ele>
   </trkpt>
   <trkpt lat="45.5876" lon="12.72394">
    <ele>-1.53</ele>
   </trkpt>
   <trkpt lat="45.58733" lon="12.7247">
    <ele>-1.34</ele>
   </trkpt>
   <trkpt lat="45.58729" lon="12.724940000000002">
    <ele>-1.34</ele>
   </trkpt>
   <trkpt lat="45.587270000000004" lon="12.72522">
    <ele>-1.33</ele>
   </trkpt>
   <trkpt lat="45.58726" lon="12.72582">
    <ele>-1.35</ele>
   </trkpt>
   <trkpt lat="45.587320008151856" lon="12.726786664584216">
    <ele>-1.24</ele>
   </trkpt>
   <trkpt lat="45.587380008150895" lon="12.727753331235093">
    <ele>-1.16</ele>
   </trkpt>
   <trkpt lat="45.58744" lon="12.728720000000001">
    <ele>-1.17</ele>
   </trkpt>
   <trkpt lat="45.587450000000004" lon="12.72901">
    <ele>-1.33</ele>
   </trkpt>
   <trkpt lat="45.58742" lon="12.72935">
    <ele>-1.33</ele>
   </trkpt>
   <trkpt lat="45.587270000000004" lon="12.729940000000001">
    <ele>-1.37</ele>
   </trkpt>
   <trkpt lat="45.58692802103866" lon="12.731038026754728">
    <ele>-1.41</ele>
   </trkpt>
   <trkpt lat="45.58658603155824" lon="12.732136040130504">
    <ele>-1.26</ele>
   </trkpt>
   <trkpt lat="45.586244031559026" lon="12.733234040127245">
    <ele>-1.07</ele>
   </trkpt>
   <trkpt lat="45.58590202104127" lon="12.73433202674486">
    <ele>-1.07</ele>
   </trkpt>
   <trkpt lat="45.58556" lon="12.735430000000001">
    <ele>-1.09</ele>
   </trkpt>
   <trkpt lat="45.585510000000006" lon="12.735380000000001">
    <ele>-1.25</ele>
   </trkpt>
   <trkpt lat="45.5848071384109" lon="12.73463895333899">
    <ele>-2.31</ele>
   </trkpt>
   <trkpt lat="45.58410427203068" lon="12.733897925234002">
    <ele>-2.31</ele>
   </trkpt>
   <trkpt lat="45.583401400859564" lon="12.733156915684246">
    <ele>-2.31</ele>
   </trkpt>
   <trkpt lat="45.58269852489782" lon="12.732415924688926">
    <ele>-2.31</ele>
   </trkpt>
   <trkpt lat="45.58199564414566" lon="12.731674952247248">
    <ele>-2.31</ele>
   </trkpt>
   <trkpt lat="45.581292758603325" lon="12.730933998358422">
    <ele>-2.31</ele>
   </trkpt>
   <trkpt lat="45.58058986827107" lon="12.730193063021648">
    <ele>-2.31</ele>
   </trkpt>
   <trkpt lat="45.57988697314911" lon="12.729452146236138">
    <ele>-2.31</ele>
   </trkpt>
   <trkpt lat="45.579184073237684" lon="12.7287112480011">
    <ele>-2.31</ele>
   </trkpt>
   <trkpt lat="45.57848116853705" lon="12.727970368315734">
    <ele>-2.31</ele>
   </trkpt>
   <trkpt lat="45.57777825904742" lon="12.727229507179253">
    <ele>-2.31</ele>
   </trkpt>
   <trkpt lat="45.57707534476905" lon="12.726488664590862">
    <ele>-5.4</ele>
   </trkpt>
   <trkpt lat="45.57637242570218" lon="12.725747840549769">
    <ele>-5.4</ele>
   </trkpt>
   <trkpt lat="45.57566950184703" lon="12.725007035055178">
    <ele>-5.4</ele>
   </trkpt>
   <trkpt lat="45.57496657320385" lon="12.724266248106295">
    <ele>-5.4</ele>
   </trkpt>
   <trkpt lat="45.57426363977286" lon="12.723525479702332">
    <ele>-5.4</ele>
   </trkpt>
   <trkpt lat="45.57356070155434" lon="12.722784729842493">
    <ele>-5.4</ele>
   </trkpt>
   <trkpt lat="45.57285775854847" lon="12.722043998525983">
    <ele>-5.4</ele>
   </trkpt>
   <trkpt lat="45.57215481075553" lon="12.721303285752011">
    <ele>-5.4</ele>
   </trkpt>
   <trkpt lat="45.57145185817574" lon="12.720562591519787">
    <ele>-5.4</ele>
   </trkpt>
   <trkpt lat="45.57074890080934" lon="12.719821915828513">
    <ele>-5.4</ele>
   </trkpt>
   <trkpt lat="45.57004593865656" lon="12.719081258677399">
    <ele>-5.4</ele>
   </trkpt>
   <trkpt lat="45.56934297171767" lon="12.71834062006565">
    <ele>-5.4</ele>
   </trkpt>
   <trkpt lat="45.56864" lon="12.717600000000001">
    <ele>-5.4</ele>
   </trkpt>
   <trkpt lat="45.56802400745766" lon="12.71694597130543">
    <ele>-2.82</ele>
   </trkpt>
   <trkpt lat="45.56740801118325" lon="12.716291956955441">
    <ele>-1.79</ele>
   </trkpt>
   <trkpt lat="45.56679201117699" lon="12.715637956949493">
    <ele>-2.82</ele>
   </trkpt>
   <trkpt lat="45.566176007439" lon="12.714983971287054">
    <ele>-3.16</ele>
   </trkpt>
   <trkpt lat="45.565560000000005" lon="12.71433">
    <ele>-2.9899999999999998</ele>
   </trkpt>
   <trkpt lat="45.56503000120795" lon="12.71377999469511">
    <ele>-2.65</ele>
   </trkpt>
   <trkpt lat="45.5645" lon="12.713230000000001">
    <ele>-2.56</ele>
   </trkpt>
   <trkpt lat="45.56388250575079" lon="12.712567478161303">
    <ele>-1.93</ele>
   </trkpt>
   <trkpt lat="45.56326500767198" lon="12.71190497088678">
    <ele>-1.58</ele>
   </trkpt>
   <trkpt lat="45.56264750576372" lon="12.711242478175892">
    <ele>-1.28</ele>
   </trkpt>
   <trkpt lat="45.56203000000001" lon="12.71058">
    <ele>-0.88</ele>
   </trkpt>
   <trkpt lat="45.561980000000005" lon="12.710540000000002">
    <ele>-0.88</ele>
   </trkpt>
   <trkpt lat="45.561870000000006" lon="12.71053">
    <ele>-0.84</ele>
   </trkpt>
   <trkpt lat="45.56137999998188" lon="12.710535000043793">
    <ele>-0.81</ele>
   </trkpt>
   <trkpt lat="45.56089" lon="12.710540000000002">
    <ele>-0.44</ele>
   </trkpt>
   <trkpt lat="45.560660000000006" lon="12.71052">
    <ele>0.32</ele>
   </trkpt>
   <trkpt lat="45.560590000000005" lon="12.710460000000001">
    <ele>0.99</ele>
   </trkpt>
   <trkpt lat="45.56058" lon="12.710460000000001">
    <ele>1.01</ele>
   </trkpt>
   <trkpt lat="45.560610000000004" lon="12.710170000000002">
    <ele>2.97</ele>
   </trkpt>
   <trkpt lat="45.5606" lon="12.7101">
    <ele>2.97</ele>
   </trkpt>
   <trkpt lat="45.56081000169704" lon="12.709480002258026">
    <ele>2.75</ele>
   </trkpt>
   <trkpt lat="45.561020000000006" lon="12.708860000000001">
    <ele>2.82</ele>
   </trkpt>
   <trkpt lat="45.56116" lon="12.708530000000001">
    <ele>2.82</ele>
   </trkpt>
   <trkpt lat="45.56155000062065" lon="12.708135002802699">
    <ele>2.86</ele>
   </trkpt>
   <trkpt lat="45.56194000000001" lon="12.707740000000001">
    <ele>3.1</ele>
   </trkpt>
   <trkpt lat="45.56237500071505" lon="12.707350002973474">
    <ele>3.0700000000000003</ele>
   </trkpt>
   <trkpt lat="45.562810000000006" lon="12.70696">
    <ele>3.1</ele>
   </trkpt>
   <trkpt lat="45.563265001097434" lon="12.70645000417221">
    <ele>3.1400000000000006</ele>
   </trkpt>
   <trkpt lat="45.56372" lon="12.705940000000002">
    <ele>3.25</ele>
   </trkpt>
   <trkpt lat="45.56420000000001" lon="12.705330000000002">
    <ele>3.3100000000000005</ele>
   </trkpt>
   <trkpt lat="45.56445" lon="12.70494">
    <ele>3.2</ele>
   </trkpt>
   <trkpt lat="45.56473500142184" lon="12.70437500280844">
    <ele>3.3200000000000003</ele>
   </trkpt>
   <trkpt lat="45.565020000000004" lon="12.70381">
    <ele>3.4200000000000004</ele>
   </trkpt>
   <trkpt lat="45.565380000000005" lon="12.70293">
    <ele>3.47</ele>
   </trkpt>
   <trkpt lat="45.56557" lon="12.702300000000001">
    <ele>3.47</ele>
   </trkpt>
   <trkpt lat="45.5658" lon="12.70137">
    <ele>3.4400000000000004</ele>
   </trkpt>
   <trkpt lat="45.565920000000006" lon="12.700730000000002">
    <ele>3.56</ele>
   </trkpt>
   <trkpt lat="45.566" lon="12.700180000000001">
    <ele>3.5</ele>
   </trkpt>
   <trkpt lat="45.56606" lon="12.699420000000002">
    <ele>3.5700000000000003</ele>
   </trkpt>
   <trkpt lat="45.566123346322144" lon="12.698200002700757">
    <ele>3.56</ele>
   </trkpt>
   <trkpt lat="45.566186679658095" lon="12.696980002650282">
    <ele>3.6500000000000004</ele>
   </trkpt>
   <trkpt lat="45.566250000000004" lon="12.695760000000002">
    <ele>3.5500000000000003</ele>
   </trkpt>
   <trkpt lat="45.56629" lon="12.695480000000002">
    <ele>3.6400000000000006</ele>
   </trkpt>
   <trkpt lat="45.56636" lon="12.695240000000002">
    <ele>3.75</ele>
   </trkpt>
   <trkpt lat="45.56645" lon="12.695100000000002">
    <ele>3.7700000000000005</ele>
   </trkpt>
   <trkpt lat="45.56656" lon="12.69499">
    <ele>3.7700000000000005</ele>
   </trkpt>
   <trkpt lat="45.56705" lon="12.694790000000001">
    <ele>3.6300000000000003</ele>
   </trkpt>
   <trkpt lat="45.567690000242116" lon="12.6945650025561">
    <ele>3.6600000000000006</ele>
   </trkpt>
   <trkpt lat="45.56833" lon="12.69434">
    <ele>3.7700000000000005</ele>
   </trkpt>
   <trkpt lat="45.569160000000004" lon="12.694020000000002">
    <ele>3.94</ele>
   </trkpt>
   <trkpt lat="45.569320000000005" lon="12.693950000000001">
    <ele>3.94</ele>
   </trkpt>
   <trkpt lat="45.56973000000001" lon="12.693620000000001">
    <ele>3.95</ele>
   </trkpt>
   <trkpt lat="45.57003" lon="12.693320000000002">
    <ele>4.13</ele>
   </trkpt>
   <trkpt lat="45.57032" lon="12.692950000000002">
    <ele>4.140000000000001</ele>
   </trkpt>
   <trkpt lat="45.57083500258222" lon="12.692195006782852">
    <ele>4.15</ele>
   </trkpt>
   <trkpt lat="45.57135" lon="12.691440000000002">
    <ele>4.15</ele>
   </trkpt>
   <trkpt lat="45.57165000110536" lon="12.690940002646165">
    <ele>4.19</ele>
   </trkpt>
   <trkpt lat="45.57195" lon="12.69044">
    <ele>4.08</ele>
   </trkpt>
   <trkpt lat="45.57206" lon="12.6902">
    <ele>4.08</ele>
   </trkpt>
   <trkpt lat="45.57232500237723" lon="12.68947000329993">
    <ele>4.21</ele>
   </trkpt>
   <trkpt lat="45.572590000000005" lon="12.688740000000001">
    <ele>4.260000000000001</ele>
   </trkpt>
   <trkpt lat="45.57284000181463" lon="12.688110002594808">
    <ele>4.33</ele>
   </trkpt>
   <trkpt lat="45.57309" lon="12.68748">
    <ele>4.38</ele>
   </trkpt>
   <trkpt lat="45.57318" lon="12.68735">
    <ele>4.38</ele>
   </trkpt>
   <trkpt lat="45.573350000000005" lon="12.687190000000001">
    <ele>4.3100000000000005</ele>
   </trkpt>
   <trkpt lat="45.57365" lon="12.687030000000002">
    <ele>4.32</ele>
   </trkpt>
   <trkpt lat="45.57379" lon="12.686990000000002">
    <ele>4.37</ele>
   </trkpt>
   <trkpt lat="45.57396000000001" lon="12.686990000000002">
    <ele>4.390000000000001</ele>
   </trkpt>
   <trkpt lat="45.57464" lon="12.68711">
    <ele>4.37</ele>
   </trkpt>
   <trkpt lat="45.57489" lon="12.68711">
    <ele>4.38</ele>
   </trkpt>
   <trkpt lat="45.57504" lon="12.687050000000001">
    <ele>4.3100000000000005</ele>
   </trkpt>
   <trkpt lat="45.57526000000001" lon="12.686890000000002">
    <ele>4.2700000000000005</ele>
   </trkpt>
   <trkpt lat="45.57555000000001" lon="12.686560000000002">
    <ele>4.3</ele>
   </trkpt>
   <trkpt lat="45.575750000000006" lon="12.686110000000001">
    <ele>4.25</ele>
   </trkpt>
   <trkpt lat="45.575810000000004" lon="12.685880000000001">
    <ele>4.3100000000000005</ele>
   </trkpt>
   <trkpt lat="45.57583" lon="12.6857">
    <ele>4.33</ele>
   </trkpt>
   <trkpt lat="45.57578" lon="12.68477">
    <ele>4.12</ele>
   </trkpt>
   <trkpt lat="45.575790000000005" lon="12.683840000000002">
    <ele>4.13</ele>
   </trkpt>
   <trkpt lat="45.57576" lon="12.683390000000001">
    <ele>4.21</ele>
   </trkpt>
   <trkpt lat="45.57551" lon="12.682630000000001">
    <ele>4.3</ele>
   </trkpt>
   <trkpt lat="45.575135012499985" lon="12.68165248040438">
    <ele>1.87</ele>
   </trkpt>
   <trkpt lat="45.574760016663056" lon="12.680674973863582">
    <ele>0.39</ele>
   </trkpt>
   <trkpt lat="45.57438501248945" lon="12.679697480377554">
    <ele>0.39</ele>
   </trkpt>
   <trkpt lat="45.57401" lon="12.67872">
    <ele>0.39</ele>
   </trkpt>
   <trkpt lat="45.57374" lon="12.677750000000001">
    <ele>4.15</ele>
   </trkpt>
   <trkpt lat="45.57361" lon="12.67711">
    <ele>4.15</ele>
   </trkpt>
   <trkpt lat="45.573570000000004" lon="12.676670000000001">
    <ele>4.21</ele>
   </trkpt>
   <trkpt lat="45.573600000000006" lon="12.67614">
    <ele>4.28</ele>
   </trkpt>
   <trkpt lat="45.57372" lon="12.675490000000002">
    <ele>4.08</ele>
   </trkpt>
   <trkpt lat="45.57383" lon="12.675080000000001">
    <ele>4.220000000000001</ele>
   </trkpt>
   <trkpt lat="45.573980000000006" lon="12.674600000000002">
    <ele>4.78</ele>
   </trkpt>
   <trkpt lat="45.57394" lon="12.674550000000002">
    <ele>4.78</ele>
   </trkpt>
   <trkpt lat="45.57396000000001" lon="12.67448">
    <ele>4.81</ele>
   </trkpt>
   <trkpt lat="45.57387000000001" lon="12.674270000000002">
    <ele>5.2700000000000005</ele>
   </trkpt>
   <trkpt lat="45.57325" lon="12.673810000000001">
    <ele>5.55</ele>
   </trkpt>
   <trkpt lat="45.57309" lon="12.673820000000001">
    <ele>5.16</ele>
   </trkpt>
   <trkpt lat="45.57307" lon="12.67388">
    <ele>4.94</ele>
   </trkpt>
   <trkpt lat="45.57303" lon="12.673860000000001">
    <ele>4.94</ele>
   </trkpt>
   <trkpt lat="45.572950000000006" lon="12.674030000000002">
    <ele>4.47</ele>
   </trkpt>
   <trkpt lat="45.57278" lon="12.67467">
    <ele>2.25</ele>
   </trkpt>
   <trkpt lat="45.57251" lon="12.6758">
    <ele>4.140000000000001</ele>
   </trkpt>
   <trkpt lat="45.57251" lon="12.676150000000002">
    <ele>4.07</ele>
   </trkpt>
   <trkpt lat="45.572565002146646" lon="12.676849999429624">
    <ele>4.0600000000000005</ele>
   </trkpt>
   <trkpt lat="45.57262" lon="12.677550000000002">
    <ele>3.98</ele>
   </trkpt>
   <trkpt lat="45.572700000000005" lon="12.678030000000001">
    <ele>4.0600000000000005</ele>
   </trkpt>
   <trkpt lat="45.57284000000001" lon="12.67876">
    <ele>4.08</ele>
   </trkpt>
   <trkpt lat="45.57302000000001" lon="12.679390000000001">
    <ele>4.13</ele>
   </trkpt>
   <trkpt lat="45.57318" lon="12.67983">
    <ele>4.140000000000001</ele>
   </trkpt>
   <trkpt lat="45.57349500210368" lon="12.680519996188353">
    <ele>4.13</ele>
   </trkpt>
   <trkpt lat="45.57381" lon="12.681210000000002">
    <ele>4.0</ele>
   </trkpt>
   <trkpt lat="45.574105003092725" lon="12.682059995364538">
    <ele>4.0200000000000005</ele>
   </trkpt>
   <trkpt lat="45.574400000000004" lon="12.682910000000001">
    <ele>4.04</ele>
   </trkpt>
   <trkpt lat="45.57448" lon="12.68322">
    <ele>3.95</ele>
   </trkpt>
   <trkpt lat="45.574510000000004" lon="12.683480000000001">
    <ele>3.95</ele>
   </trkpt>
   <trkpt lat="45.574510000000004" lon="12.68378">
    <ele>3.93</ele>
   </trkpt>
   <trkpt lat="45.574470000000005" lon="12.68406">
    <ele>3.93</ele>
   </trkpt>
   <trkpt lat="45.574360000000006" lon="12.68434">
    <ele>3.87</ele>
   </trkpt>
   <trkpt lat="45.574130000000004" lon="12.68462">
    <ele>3.95</ele>
   </trkpt>
   <trkpt lat="45.574020000000004" lon="12.68472">
    <ele>4.010000000000001</ele>
   </trkpt>
   <trkpt lat="45.573470000514" lon="12.68509500374035">
    <ele>3.8000000000000003</ele>
   </trkpt>
   <trkpt lat="45.57292" lon="12.68547">
    <ele>3.67</ele>
   </trkpt>
   <trkpt lat="45.572750000000006" lon="12.68565">
    <ele>3.67</ele>
   </trkpt>
   <trkpt lat="45.57223000183405" lon="12.686320006363527">
    <ele>3.67</ele>
   </trkpt>
   <trkpt lat="45.57171" lon="12.686990000000002">
    <ele>3.8000000000000003</ele>
   </trkpt>
   <trkpt lat="45.571540000000006" lon="12.687270000000002">
    <ele>3.7700000000000005</ele>
   </trkpt>
   <trkpt lat="45.571380000000005" lon="12.687590000000002">
    <ele>3.7700000000000005</ele>
   </trkpt>
   <trkpt lat="45.57108500319647" lon="12.688445004469337">
    <ele>3.89</ele>
   </trkpt>
   <trkpt lat="45.57079" lon="12.689300000000001">
    <ele>3.73</ele>
   </trkpt>
   <trkpt lat="45.57065" lon="12.690220000000002">
    <ele>3.8800000000000003</ele>
   </trkpt>
   <trkpt lat="45.57058000000001" lon="12.69048">
    <ele>3.8800000000000003</ele>
   </trkpt>
   <trkpt lat="45.570370000000004" lon="12.690880000000002">
    <ele>3.920000000000001</ele>
   </trkpt>
   <trkpt lat="45.57023" lon="12.69109">
    <ele>4.0200000000000005</ele>
   </trkpt>
   <trkpt lat="45.56976" lon="12.691600000000001">
    <ele>4.109999999999999</ele>
   </trkpt>
   <trkpt lat="45.569630000000004" lon="12.691720000000002">
    <ele>4.090000000000001</ele>
   </trkpt>
   <trkpt lat="45.568920000000006" lon="12.692250000000001">
    <ele>3.97</ele>
   </trkpt>
   <trkpt lat="45.568540000000006" lon="12.692480000000002">
    <ele>3.9000000000000004</ele>
   </trkpt>
   <trkpt lat="45.567800000000005" lon="12.69279">
    <ele>3.85</ele>
   </trkpt>
   <trkpt lat="45.56703500040295" lon="12.69308000393575">
    <ele>3.86</ele>
   </trkpt>
   <trkpt lat="45.56627" lon="12.693370000000002">
    <ele>3.6500000000000004</ele>
   </trkpt>
   <trkpt lat="45.565560000000005" lon="12.69368">
    <ele>3.68</ele>
   </trkpt>
   <trkpt lat="45.565200000000004" lon="12.693950000000001">
    <ele>3.6300000000000003</ele>
   </trkpt>
   <trkpt lat="45.56503000000001" lon="12.694120000000002">
    <ele>3.6300000000000003</ele>
   </trkpt>
   <trkpt lat="45.564930000000004" lon="12.69415">
    <ele>3.41</ele>
   </trkpt>
   <trkpt lat="45.564690000000006" lon="12.694360000000001">
    <ele>2.43</ele>
   </trkpt>
   <trkpt lat="45.564620000000005" lon="12.694370000000001">
    <ele>2.43</ele>
   </trkpt>
   <trkpt lat="45.564420000000005" lon="12.69425">
    <ele>1.6</ele>
   </trkpt>
   <trkpt lat="45.56419" lon="12.694160000000002">
    <ele>0.42</ele>
   </trkpt>
   <trkpt lat="45.56369" lon="12.694040000000001">
    <ele>-0.4</ele>
   </trkpt>
   <trkpt lat="45.563500000000005" lon="12.69396">
    <ele>-0.59</ele>
   </trkpt>
   <trkpt lat="45.56335000000001" lon="12.693840000000002">
    <ele>-0.62</ele>
   </trkpt>
   <trkpt lat="45.56271" lon="12.692960000000001">
    <ele>-0.71</ele>
   </trkpt>
   <trkpt lat="45.56259000000001" lon="12.692850000000002">
    <ele>-0.77</ele>
   </trkpt>
   <trkpt lat="45.562270000000005" lon="12.69261">
    <ele>-0.77</ele>
   </trkpt>
   <trkpt lat="45.562160000000006" lon="12.6925">
    <ele>-0.84</ele>
   </trkpt>
   <trkpt lat="45.5619" lon="12.69214">
    <ele>-1.16</ele>
   </trkpt>
   <trkpt lat="45.56175" lon="12.691880000000001">
    <ele>-1.16</ele>
   </trkpt>
   <trkpt lat="45.56165" lon="12.69167">
    <ele>-1.5</ele>
   </trkpt>
   <trkpt lat="45.56130000393571" lon="12.690719994078085">
    <ele>-1.53</ele>
   </trkpt>
   <trkpt lat="45.560950000000005" lon="12.689770000000001">
    <ele>-1.51</ele>
   </trkpt>
   <trkpt lat="45.56067" lon="12.68894">
    <ele>-1.42</ele>
   </trkpt>
   <trkpt lat="45.56032000288374" lon="12.688124994890668">
    <ele>-1.29</ele>
   </trkpt>
   <trkpt lat="45.55997000000001" lon="12.687310000000002">
    <ele>-1.28</ele>
   </trkpt>
   <trkpt lat="45.559460004173275" lon="12.686334991200258">
    <ele>-1.42</ele>
   </trkpt>
   <trkpt lat="45.55895" lon="12.685360000000001">
    <ele>-1.24</ele>
   </trkpt>
   <trkpt lat="45.558460000000004" lon="12.68449">
    <ele>-1.28</ele>
   </trkpt>
   <trkpt lat="45.557915002499534" lon="12.683729992600423">
    <ele>-1.24</ele>
   </trkpt>
   <trkpt lat="45.557370000000006" lon="12.682970000000001">
    <ele>-1.33</ele>
   </trkpt>
   <trkpt lat="45.55686333658991" lon="12.68235665557539">
    <ele>-1.25</ele>
   </trkpt>
   <trkpt lat="45.556356669897625" lon="12.681743322211188">
    <ele>-1.33</ele>
   </trkpt>
   <trkpt lat="45.55585000000001" lon="12.681130000000001">
    <ele>-1.5</ele>
   </trkpt>
   <trkpt lat="45.555420000000005" lon="12.680560000000002">
    <ele>-1.41</ele>
   </trkpt>
   <trkpt lat="45.5548850026959" lon="12.679769992439596">
    <ele>-1.33</ele>
   </trkpt>
   <trkpt lat="45.55435000000001" lon="12.678980000000001">
    <ele>-1.26</ele>
   </trkpt>
   <trkpt lat="45.554140000000004" lon="12.678630000000002">
    <ele>-1.41</ele>
   </trkpt>
   <trkpt lat="45.553740002688045" lon="12.677854994615219">
    <ele>-1.33</ele>
   </trkpt>
   <trkpt lat="45.553340000000006" lon="12.677080000000002">
    <ele>-1.33</ele>
   </trkpt>
   <trkpt lat="45.55332000000001" lon="12.67712">
    <ele>-1.33</ele>
   </trkpt>
   <trkpt lat="45.55326" lon="12.677140000000001">
    <ele>-1.17</ele>
   </trkpt>
   <trkpt lat="45.553230000000006" lon="12.677130000000002">
    <ele>-1.17</ele>
   </trkpt>
   <trkpt lat="45.55321000000001" lon="12.677090000000002">
    <ele>-1.17</ele>
   </trkpt>
   <trkpt lat="45.553230000000006" lon="12.67683">
    <ele>-1.33</ele>
   </trkpt>
   <trkpt lat="45.552885002599275" lon="12.676054995195386">
    <ele>-1.67</ele>
   </trkpt>
   <trkpt lat="45.55254" lon="12.67528">
    <ele>-1.67</ele>
   </trkpt>
   <trkpt lat="45.55226000217322" lon="12.674584996701348">
    <ele>-1.42</ele>
   </trkpt>
   <trkpt lat="45.55198" lon="12.673890000000002">
    <ele>-1.24</ele>
   </trkpt>
   <trkpt lat="45.551700000000004" lon="12.67299">
    <ele>-1.16</ele>
   </trkpt>
   <trkpt lat="45.551550000000006" lon="12.67261">
    <ele>-1.16</ele>
   </trkpt>
   <trkpt lat="45.55133000000001" lon="12.672160000000002">
    <ele>-1.16</ele>
   </trkpt>
   <trkpt lat="45.55125" lon="12.67196">
    <ele>-1.28</ele>
   </trkpt>
   <trkpt lat="45.55095" lon="12.67102">
    <ele>-1.25</ele>
   </trkpt>
   <trkpt lat="45.55089" lon="12.670710000000001">
    <ele>-1.29</ele>
   </trkpt>
   <trkpt lat="45.55080500481519" lon="12.669659998480167">
    <ele>-1.28</ele>
   </trkpt>
   <trkpt lat="45.550720000000005" lon="12.668610000000001">
    <ele>-1.34</ele>
   </trkpt>
   <trkpt lat="45.55073" lon="12.668220000000002">
    <ele>-1.52</ele>
   </trkpt>
   <trkpt lat="45.55102334376663" lon="12.667126678065646">
    <ele>-1.67</ele>
   </trkpt>
   <trkpt lat="45.55131667710364" lon="12.66603334471879">
    <ele>-1.67</ele>
   </trkpt>
   <trkpt lat="45.551610000000004" lon="12.664940000000001">
    <ele>-0.59</ele>
   </trkpt>
   <trkpt lat="45.55145500164699" lon="12.664319998170312">
    <ele>-0.29</ele>
   </trkpt>
   <trkpt lat="45.551300000000005" lon="12.6637">
    <ele>-0.16</ele>
   </trkpt>
   <trkpt lat="45.551210000000005" lon="12.663660000000002">
    <ele>-0.31</ele>
   </trkpt>
   <trkpt lat="45.551120000000004" lon="12.663680000000001">
    <ele>-0.31</ele>
   </trkpt>
   <trkpt lat="45.551050000000004" lon="12.663760000000002">
    <ele>-0.31</ele>
   </trkpt>
   <trkpt lat="45.550990000000006" lon="12.663920000000001">
    <ele>-0.29</ele>
   </trkpt>
   <trkpt lat="45.55082" lon="12.66477">
    <ele>-0.27</ele>
   </trkpt>
   <trkpt lat="45.55074000283001" lon="12.665575001115757">
    <ele>-0.81</ele>
   </trkpt>
   <trkpt lat="45.55066" lon="12.66638">
    <ele>-0.88</ele>
   </trkpt>
   <trkpt lat="45.55068000000001" lon="12.66731">
    <ele>-1.67</ele>
   </trkpt>
   <trkpt lat="45.550580000000004" lon="12.66769">
    <ele>-1.67</ele>
   </trkpt>
   <trkpt lat="45.55015159342219" lon="12.668714709110958">
    <ele>-1.41</ele>
   </trkpt>
   <trkpt lat="45.549723177682985" lon="12.669739402601017">
    <ele>-1.41</ele>
   </trkpt>
   <trkpt lat="45.54929475278267" lon="12.67076408047031">
    <ele>-1.41</ele>
   </trkpt>
   <trkpt lat="45.54886631872148" lon="12.671788742718979">
    <ele>-1.41</ele>
   </trkpt>
   <trkpt lat="45.548437875499744" lon="12.672813389347157">
    <ele>-1.41</ele>
   </trkpt>
   <trkpt lat="45.54800942311769" lon="12.673838020354989">
    <ele>-1.41</ele>
   </trkpt>
   <trkpt lat="45.54758096157564" lon="12.674862635742606">
    <ele>-2.5100000000000002</ele>
   </trkpt>
   <trkpt lat="45.547152490873835" lon="12.67588723551015">
    <ele>-2.5100000000000002</ele>
   </trkpt>
   <trkpt lat="45.546724011012586" lon="12.676911819657754">
    <ele>-2.5100000000000002</ele>
   </trkpt>
   <trkpt lat="45.546295521992135" lon="12.677936388185563">
    <ele>-2.5100000000000002</ele>
   </trkpt>
   <trkpt lat="45.545867023812775" lon="12.678960941093708">
    <ele>-2.5100000000000002</ele>
   </trkpt>
   <trkpt lat="45.54543851647478" lon="12.679985478382331">
    <ele>-2.5100000000000002</ele>
   </trkpt>
   <trkpt lat="45.545010000000005" lon="12.68101">
    <ele>-2.5100000000000002</ele>
   </trkpt>
   <trkpt lat="45.544626672862556" lon="12.68185334485531">
    <ele>-1.16</ele>
   </trkpt>
   <trkpt lat="45.54424333951967" lon="12.682696678209515">
    <ele>-1.16</ele>
   </trkpt>
   <trkpt lat="45.54386" lon="12.68354">
    <ele>-1.07</ele>
   </trkpt>
   <trkpt lat="45.54350500428069" lon="12.684530006237614">
    <ele>-0.99</ele>
   </trkpt>
   <trkpt lat="45.543150000000004" lon="12.68552">
    <ele>-1.07</ele>
   </trkpt>
   <trkpt lat="45.54303" lon="12.685950000000002">
    <ele>-0.92</ele>
   </trkpt>
   <trkpt lat="45.54281" lon="12.687080000000002">
    <ele>-0.88</ele>
   </trkpt>
   <trkpt lat="45.54272" lon="12.687420000000001">
    <ele>-0.7200000000000001</ele>
   </trkpt>
   <trkpt lat="45.54245" lon="12.688220000000001">
    <ele>-0.76</ele>
   </trkpt>
   <trkpt lat="45.542370000000005" lon="12.68834">
    <ele>-0.76</ele>
   </trkpt>
   <trkpt lat="45.54227" lon="12.68842">
    <ele>-1.0</ele>
   </trkpt>
   <trkpt lat="45.54215000000001" lon="12.688440000000002">
    <ele>-1.0</ele>
   </trkpt>
   <trkpt lat="45.54158" lon="12.688350000000002">
    <ele>-1.17</ele>
   </trkpt>
   <trkpt lat="45.54079000027007" lon="12.688209994101088">
    <ele>-1.41</ele>
   </trkpt>
   <trkpt lat="45.5400000003691" lon="12.688069992136526">
    <ele>-1.5</ele>
   </trkpt>
   <trkpt lat="45.53921000029712" lon="12.687929994106103">
    <ele>-1.51</ele>
   </trkpt>
   <trkpt lat="45.53842" lon="12.687790000000001">
    <ele>-1.33</ele>
   </trkpt>
   <trkpt lat="45.53780500014011" lon="12.687699999030984">
    <ele>-1.5</ele>
   </trkpt>
   <trkpt lat="45.53719" lon="12.687610000000001">
    <ele>-1.97</ele>
   </trkpt>
   <trkpt lat="45.53638" lon="12.687650000000001">
    <ele>-0.34</ele>
   </trkpt>
   <trkpt lat="45.53637861002387" lon="12.686435714105063">
    <ele>-1.79</ele>
   </trkpt>
   <trkpt lat="45.53637720718264" lon="12.685221428270435">
    <ele>-1.79</ele>
   </trkpt>
   <trkpt lat="45.536375791476296" lon="12.684007142496666">
    <ele>-1.79</ele>
   </trkpt>
   <trkpt lat="45.53637436290487" lon="12.68279285678432">
    <ele>-1.41</ele>
   </trkpt>
   <trkpt lat="45.53637292146835" lon="12.681578571133945">
    <ele>-1.41</ele>
   </trkpt>
   <trkpt lat="45.53637146716673" lon="12.6803642855461">
    <ele>-1.41</ele>
   </trkpt>
   <trkpt lat="45.536370000000005" lon="12.679150000000002">
    <ele>-1.41</ele>
   </trkpt>
   <trkpt lat="45.53636201865706" lon="12.678115999413809">
    <ele>0.55</ele>
   </trkpt>
   <trkpt lat="45.53635402798557" lon="12.677081999121306">
    <ele>0.5</ele>
   </trkpt>
   <trkpt lat="45.53634602798559" lon="12.676047999122837">
    <ele>0.5</ele>
   </trkpt>
   <trkpt lat="45.53633801865709" lon="12.675013999418743">
    <ele>0.7400000000000001</ele>
   </trkpt>
   <trkpt lat="45.53633000000001" lon="12.67398">
    <ele>0.58</ele>
   </trkpt>
   <trkpt lat="45.53633667550825" lon="12.672973333611974">
    <ele>0.67</ele>
   </trkpt>
   <trkpt lat="45.53634334217465" lon="12.671966666985101">
    <ele>0.71</ele>
   </trkpt>
   <trkpt lat="45.536350000000006" lon="12.670960000000001">
    <ele>0.7000000000000001</ele>
   </trkpt>
   <trkpt lat="45.53634431947655" lon="12.669824285032595">
    <ele>0.7300000000000001</ele>
   </trkpt>
   <trkpt lat="45.53633862769901" lon="12.668688570294869">
    <ele>0.81</ele>
   </trkpt>
   <trkpt lat="45.5363329246674" lon="12.667552855787282">
    <ele>0.78</ele>
   </trkpt>
   <trkpt lat="45.536327210381735" lon="12.666417141510282">
    <ele>0.67</ele>
   </trkpt>
   <trkpt lat="45.536321484842" lon="12.665281427464327">
    <ele>0.64</ele>
   </trkpt>
   <trkpt lat="45.536315748048196" lon="12.664145713649875">
    <ele>0.67</ele>
   </trkpt>
   <trkpt lat="45.53631" lon="12.663010000000002">
    <ele>0.5700000000000001</ele>
   </trkpt>
   <trkpt lat="45.53634" lon="12.663">
    <ele>0.5700000000000001</ele>
   </trkpt>
   <trkpt lat="45.536347001586314" lon="12.661775386427726">
    <ele>-0.67</ele>
   </trkpt>
   <trkpt lat="45.53635399008776" lon="12.660550772550781">
    <ele>-0.67</ele>
   </trkpt>
   <trkpt lat="45.536360965504315" lon="12.659326158369739">
    <ele>-0.67</ele>
   </trkpt>
   <trkpt lat="45.53636792783602" lon="12.658101543885163">
    <ele>-0.67</ele>
   </trkpt>
   <trkpt lat="45.53637487708279" lon="12.656876929097631">
    <ele>-0.67</ele>
   </trkpt>
   <trkpt lat="45.5363818132447" lon="12.65565231400771">
    <ele>-0.67</ele>
   </trkpt>
   <trkpt lat="45.53638873632168" lon="12.654427698615967">
    <ele>0.38</ele>
   </trkpt>
   <trkpt lat="45.53639564631376" lon="12.653203082922973">
    <ele>0.38</ele>
   </trkpt>
   <trkpt lat="45.53640254322091" lon="12.6519784669293">
    <ele>0.38</ele>
   </trkpt>
   <trkpt lat="45.53640942704315" lon="12.650753850635514">
    <ele>0.38</ele>
   </trkpt>
   <trkpt lat="45.53641629778045" lon="12.649529234042188">
    <ele>0.38</ele>
   </trkpt>
   <trkpt lat="45.536423155432814" lon="12.648304617149892">
    <ele>0.38</ele>
   </trkpt>
   <trkpt lat="45.53643" lon="12.64708">
    <ele>0.38</ele>
   </trkpt>
   <trkpt lat="45.53627" lon="12.647050000000002">
    <ele>1.4400000000000002</ele>
   </trkpt>
   <trkpt lat="45.53587" lon="12.647020000000001">
    <ele>1.4000000000000001</ele>
   </trkpt>
   <trkpt lat="45.535680000000006" lon="12.64708">
    <ele>1.06</ele>
   </trkpt>
   <trkpt lat="45.53566000000001" lon="12.647100000000002">
    <ele>0.9600000000000001</ele>
   </trkpt>
   <trkpt lat="45.535650000000004" lon="12.647250000000001">
    <ele>0.9600000000000001</ele>
   </trkpt>
   <trkpt lat="45.535650000000004" lon="12.64821">
    <ele>0.22</ele>
   </trkpt>
   <trkpt lat="45.53567" lon="12.648430000000001">
    <ele>0.28</ele>
   </trkpt>
   <trkpt lat="45.535720000000005" lon="12.64864">
    <ele>0.28</ele>
   </trkpt>
   <trkpt lat="45.53596" lon="12.649270000000001">
    <ele>0.5700000000000001</ele>
   </trkpt>
   <trkpt lat="45.535990000000005" lon="12.64943">
    <ele>0.6100000000000001</ele>
   </trkpt>
   <trkpt lat="45.536" lon="12.64958">
    <ele>0.6100000000000001</ele>
   </trkpt>
   <trkpt lat="45.535988794249846" lon="12.650783751690183">
    <ele>0.59</ele>
   </trkpt>
   <trkpt lat="45.53597757585685" lon="12.651987502900349">
    <ele>0.53</ele>
   </trkpt>
   <trkpt lat="45.535966344821006" lon="12.653191253629958">
    <ele>0.56</ele>
   </trkpt>
   <trkpt lat="45.53595510114233" lon="12.654395003878468">
    <ele>0.7300000000000001</ele>
   </trkpt>
   <trkpt lat="45.53594384482082" lon="12.65559875364534">
    <ele>0.67</ele>
   </trkpt>
   <trkpt lat="45.53593257585652" lon="12.656802502930034">
    <ele>0.6600000000000001</ele>
   </trkpt>
   <trkpt lat="45.53592129424941" lon="12.658006251732003">
    <ele>0.64</ele>
   </trkpt>
   <trkpt lat="45.53591" lon="12.659210000000002">
    <ele>0.6600000000000001</ele>
   </trkpt>
   <trkpt lat="45.535912023238765" lon="12.660363999836749">
    <ele>0.71</ele>
   </trkpt>
   <trkpt lat="45.53591403485815" lon="12.661517999756297">
    <ele>0.81</ele>
   </trkpt>
   <trkpt lat="45.535916034858154" lon="12.66267199975817">
    <ele>0.92</ele>
   </trkpt>
   <trkpt lat="45.53591802323877" lon="12.663825999841887">
    <ele>0.9500000000000001</ele>
   </trkpt>
   <trkpt lat="45.535920000000004" lon="12.664980000000002">
    <ele>0.9100000000000001</ele>
   </trkpt>
   <trkpt lat="45.535921635698614" lon="12.666259499334009">
    <ele>-0.84</ele>
   </trkpt>
   <trkpt lat="45.53592325711318" lon="12.667538998742124">
    <ele>-0.84</ele>
   </trkpt>
   <trkpt lat="45.53592486424368" lon="12.6688184982237">
    <ele>-0.84</ele>
   </trkpt>
   <trkpt lat="45.535926457090135" lon="12.670097997778088">
    <ele>-0.84</ele>
   </trkpt>
   <trkpt lat="45.53592803565252" lon="12.671377497404633">
    <ele>-0.84</ele>
   </trkpt>
   <trkpt lat="45.535929599930846" lon="12.672656997102688">
    <ele>-0.84</ele>
   </trkpt>
   <trkpt lat="45.535931149925105" lon="12.673936496871601">
    <ele>-0.84</ele>
   </trkpt>
   <trkpt lat="45.53593268563531" lon="12.675215996710726">
    <ele>-0.84</ele>
   </trkpt>
   <trkpt lat="45.53593420706143" lon="12.67649549661941">
    <ele>-0.84</ele>
   </trkpt>
   <trkpt lat="45.53593571420349" lon="12.677774996597005">
    <ele>0.8500000000000001</ele>
   </trkpt>
   <trkpt lat="45.535937207061465" lon="12.679054496642859">
    <ele>0.8500000000000001</ele>
   </trkpt>
   <trkpt lat="45.5359386856354" lon="12.680333996756323">
    <ele>0.8500000000000001</ele>
   </trkpt>
   <trkpt lat="45.53594014992525" lon="12.681613496936743">
    <ele>0.8500000000000001</ele>
   </trkpt>
   <trkpt lat="45.53594159993102" lon="12.682892997183476">
    <ele>0.8500000000000001</ele>
   </trkpt>
   <trkpt lat="45.53594303565273" lon="12.684172497495869">
    <ele>0.8500000000000001</ele>
   </trkpt>
   <trkpt lat="45.53594445709033" lon="12.685451997873269">
    <ele>0.8500000000000001</ele>
   </trkpt>
   <trkpt lat="45.53594586424389" lon="12.686731498315032">
    <ele>0.8500000000000001</ele>
   </trkpt>
   <trkpt lat="45.53594725711334" lon="12.6880109988205">
    <ele>0.8500000000000001</ele>
   </trkpt>
   <trkpt lat="45.53594863569873" lon="12.689290499389033">
    <ele>0.8500000000000001</ele>
   </trkpt>
   <trkpt lat="45.53595000000001" lon="12.690570000000001">
    <ele>0.8500000000000001</ele>
   </trkpt>
   <trkpt lat="45.53595000000001" lon="12.690560000000001">
    <ele>1.16</ele>
   </trkpt>
   <trkpt lat="45.53510285749131" lon="12.690638586814853">
    <ele>0.8500000000000001</ele>
   </trkpt>
   <trkpt lat="45.534255714928754" lon="12.690717171262047">
    <ele>0.8500000000000001</ele>
   </trkpt>
   <trkpt lat="45.53340857231231" lon="12.690795753341721">
    <ele>0.8500000000000001</ele>
   </trkpt>
   <trkpt lat="45.532561429641994" lon="12.690874333054014">
    <ele>0.8500000000000001</ele>
   </trkpt>
   <trkpt lat="45.53171428691779" lon="12.69095291039907">
    <ele>0.8500000000000001</ele>
   </trkpt>
   <trkpt lat="45.53086714413973" lon="12.691031485377033">
    <ele>0.8500000000000001</ele>
   </trkpt>
   <trkpt lat="45.5300200013078" lon="12.69111005798804">
    <ele>-0.46</ele>
   </trkpt>
   <trkpt lat="45.529172858422" lon="12.691188628232233">
    <ele>-0.46</ele>
   </trkpt>
   <trkpt lat="45.528325715482346" lon="12.691267196109754">
    <ele>-0.46</ele>
   </trkpt>
   <trkpt lat="45.52747857248881" lon="12.691345761620742">
    <ele>-0.46</ele>
   </trkpt>
   <trkpt lat="45.52663142944145" lon="12.691424324765338">
    <ele>-0.46</ele>
   </trkpt>
   <trkpt lat="45.525784286340226" lon="12.691502885543688">
    <ele>-0.46</ele>
   </trkpt>
   <trkpt lat="45.52493714318515" lon="12.69158144395593">
    <ele>-0.46</ele>
   </trkpt>
   <trkpt lat="45.52409" lon="12.69166">
    <ele>-0.46</ele>
   </trkpt>
   <trkpt lat="45.524147514222406" lon="12.690617503222908">
    <ele>-0.46</ele>
   </trkpt>
   <trkpt lat="45.5242050189623" lon="12.689575004314399">
    <ele>-0.84</ele>
   </trkpt>
   <trkpt lat="45.524262514219565" lon="12.688532503274818">
    <ele>-0.84</ele>
   </trkpt>
   <trkpt lat="45.52432" lon="12.68749">
    <ele>-0.84</ele>
   </trkpt>
   <trkpt lat="45.524330000000006" lon="12.687450000000002">
    <ele>0.39</ele>
   </trkpt>
   <trkpt lat="45.524060000000006" lon="12.687360000000002">
    <ele>0.13</ele>
   </trkpt>
   <trkpt lat="45.524" lon="12.687320000000001">
    <ele>-0.4</ele>
   </trkpt>
   <trkpt lat="45.523610000000005" lon="12.686850000000002">
    <ele>-0.7200000000000001</ele>
   </trkpt>
   <trkpt lat="45.523430000000005" lon="12.68659">
    <ele>-0.84</ele>
   </trkpt>
   <trkpt lat="45.52319000000001" lon="12.686110000000001">
    <ele>-1.07</ele>
   </trkpt>
   <trkpt lat="45.52304" lon="12.685680000000001">
    <ele>-1.07</ele>
   </trkpt>
   <trkpt lat="45.52280000369002" lon="12.684759996065862">
    <ele>-0.9700000000000001</ele>
   </trkpt>
   <trkpt lat="45.522560000000006" lon="12.683840000000002">
    <ele>-0.92</ele>
   </trkpt>
   <trkpt lat="45.52240000200473" lon="12.683169998288697">
    <ele>-0.93</ele>
   </trkpt>
   <trkpt lat="45.522240000000004" lon="12.682500000000001">
    <ele>-0.8</ele>
   </trkpt>
   <trkpt lat="45.52223" lon="12.682340000000002">
    <ele>-0.7200000000000001</ele>
   </trkpt>
   <trkpt lat="45.52225000000001" lon="12.68218">
    <ele>-0.7200000000000001</ele>
   </trkpt>
   <trkpt lat="45.52234000000001" lon="12.682030000000001">
    <ele>-0.7200000000000001</ele>
   </trkpt>
   <trkpt lat="45.522400000000005" lon="12.681840000000001">
    <ele>-0.67</ele>
   </trkpt>
   <trkpt lat="45.522400000000005" lon="12.681640000000002">
    <ele>-0.67</ele>
   </trkpt>
   <trkpt lat="45.522360000000006" lon="12.681470000000001">
    <ele>-0.68</ele>
   </trkpt>
   <trkpt lat="45.522290000000005" lon="12.681320000000001">
    <ele>-0.68</ele>
   </trkpt>
   <trkpt lat="45.522220000000004" lon="12.681230000000001">
    <ele>-0.71</ele>
   </trkpt>
   <trkpt lat="45.522130000000004" lon="12.681170000000002">
    <ele>-0.64</ele>
   </trkpt>
   <trkpt lat="45.522040000000004" lon="12.681140000000001">
    <ele>-0.64</ele>
   </trkpt>
   <trkpt lat="45.52187000000001" lon="12.68096">
    <ele>-0.62</ele>
   </trkpt>
   <trkpt lat="45.52183" lon="12.680890000000002">
    <ele>-0.62</ele>
   </trkpt>
   <trkpt lat="45.521770000000004" lon="12.68073">
    <ele>-0.5</ele>
   </trkpt>
   <trkpt lat="45.52146629370245" lon="12.6795337047974">
    <ele>-0.79</ele>
   </trkpt>
   <trkpt lat="45.521162574918186" lon="12.678337422510321">
    <ele>-0.75</ele>
   </trkpt>
   <trkpt lat="45.52085884364753" lon="12.677141153139013">
    <ele>-0.84</ele>
   </trkpt>
   <trkpt lat="45.52055509989069" lon="12.675944896683733">
    <ele>-0.8</ele>
   </trkpt>
   <trkpt lat="45.52025134364797" lon="12.674748653144736">
    <ele>-0.9700000000000001</ele>
   </trkpt>
   <trkpt lat="45.51994757491961" lon="12.673552422522272">
    <ele>-1.07</ele>
   </trkpt>
   <trkpt lat="45.51964379370592" lon="12.6723562048166">
    <ele>-1.0</ele>
   </trkpt>
   <trkpt lat="45.51934000000001" lon="12.67116">
    <ele>-0.99</ele>
   </trkpt>
   <trkpt lat="45.51915" lon="12.670580000000001">
    <ele>-0.88</ele>
   </trkpt>
   <trkpt lat="45.518750004249085" lon="12.669594993038043">
    <ele>-0.7200000000000001</ele>
   </trkpt>
   <trkpt lat="45.518350000000005" lon="12.668610000000001">
    <ele>0.05</ele>
   </trkpt>
   <trkpt lat="45.518190000000004" lon="12.668170000000002">
    <ele>1.1</ele>
   </trkpt>
   <trkpt lat="45.5182" lon="12.66811">
    <ele>1.27</ele>
   </trkpt>
   <trkpt lat="45.51818" lon="12.66801">
    <ele>1.75</ele>
   </trkpt>
   <trkpt lat="45.51814" lon="12.667940000000002">
    <ele>1.75</ele>
   </trkpt>
   <trkpt lat="45.518100000000004" lon="12.66792">
    <ele>1.75</ele>
   </trkpt>
   <trkpt lat="45.518" lon="12.667710000000001">
    <ele>1.6</ele>
   </trkpt>
   <trkpt lat="45.51794" lon="12.667510000000002">
    <ele>1.33</ele>
   </trkpt>
   <trkpt lat="45.517590000000006" lon="12.66642">
    <ele>0.18000000000000002</ele>
   </trkpt>
   <trkpt lat="45.51715" lon="12.665400000000002">
    <ele>-0.17</ele>
   </trkpt>
   <trkpt lat="45.51673" lon="12.66463">
    <ele>-0.36000000000000004</ele>
   </trkpt>
   <trkpt lat="45.51624500298873" lon="12.663804992922554">
    <ele>-0.29</ele>
   </trkpt>
   <trkpt lat="45.51576" lon="12.662980000000001">
    <ele>-0.29</ele>
   </trkpt>
   <trkpt lat="45.515260000000005" lon="12.661990000000001">
    <ele>-0.32</ele>
   </trkpt>
   <trkpt lat="45.51507" lon="12.66149">
    <ele>-0.25</ele>
   </trkpt>
   <trkpt lat="45.51469" lon="12.660340000000001">
    <ele>-0.55</ele>
   </trkpt>
   <trkpt lat="45.51442667317153" lon="12.65947665859208">
    <ele>-0.77</ele>
   </trkpt>
   <trkpt lat="45.51416333983967" lon="12.658613325263712">
    <ele>-0.75</ele>
   </trkpt>
   <trkpt lat="45.51390000000001" lon="12.657750000000002">
    <ele>-0.44</ele>
   </trkpt>
   <trkpt lat="45.513590010048375" lon="12.656676654829807">
    <ele>-0.38</ele>
   </trkpt>
   <trkpt lat="45.51328001004476" lon="12.65560332148418">
    <ele>-0.34</ele>
   </trkpt>
   <trkpt lat="45.51297" lon="12.654530000000001">
    <ele>-0.21</ele>
   </trkpt>
   <trkpt lat="45.512735004247176" lon="12.6535449959476">
    <ele>-0.5</ele>
   </trkpt>
   <trkpt lat="45.5125" lon="12.652560000000001">
    <ele>-0.32</ele>
   </trkpt>
   <trkpt lat="45.512370000000004" lon="12.65188">
    <ele>-0.31</ele>
   </trkpt>
   <trkpt lat="45.512250002701705" lon="12.651094998413527">
    <ele>-0.27</ele>
   </trkpt>
   <trkpt lat="45.512130000000006" lon="12.650310000000001">
    <ele>-0.38</ele>
   </trkpt>
   <trkpt lat="45.51201000236592" lon="12.649574998488724">
    <ele>-0.23</ele>
   </trkpt>
   <trkpt lat="45.51189" lon="12.648840000000002">
    <ele>-0.34</ele>
   </trkpt>
   <trkpt lat="45.51173000000001" lon="12.64816">
    <ele>-0.23</ele>
   </trkpt>
   <trkpt lat="45.51149" lon="12.647290000000002">
    <ele>-0.34</ele>
   </trkpt>
   <trkpt lat="45.5111600109382" lon="12.646169986843198">
    <ele>-0.46</ele>
   </trkpt>
   <trkpt lat="45.51083001093127" lon="12.645049986820005">
    <ele>-0.25</ele>
   </trkpt>
   <trkpt lat="45.5105" lon="12.643930000000001">
    <ele>0.7200000000000001</ele>
   </trkpt>
   <trkpt lat="45.51044" lon="12.643630000000002">
    <ele>1.37</ele>
   </trkpt>
   <trkpt lat="45.51046" lon="12.64353">
    <ele>1.37</ele>
   </trkpt>
   <trkpt lat="45.51044" lon="12.643440000000002">
    <ele>1.6600000000000001</ele>
   </trkpt>
   <trkpt lat="45.51039" lon="12.64338">
    <ele>1.6600000000000001</ele>
   </trkpt>
   <trkpt lat="45.510360000000006" lon="12.64337">
    <ele>1.6600000000000001</ele>
   </trkpt>
   <trkpt lat="45.510290000000005" lon="12.643170000000001">
    <ele>1.51</ele>
   </trkpt>
   <trkpt lat="45.51003500449281" lon="12.642159995592426">
    <ele>0.4</ele>
   </trkpt>
   <trkpt lat="45.509780000000006" lon="12.641150000000001">
    <ele>-0.08</ele>
   </trkpt>
   <trkpt lat="45.509440000000005" lon="12.640200000000002">
    <ele>0.12000000000000001</ele>
   </trkpt>
   <trkpt lat="45.509240000000005" lon="12.63972">
    <ele>0.07</ele>
   </trkpt>
   <trkpt lat="45.50920000000001" lon="12.639500000000002">
    <ele>0.05</ele>
   </trkpt>
   <trkpt lat="45.509220000000006" lon="12.63921">
    <ele>0.09000000000000001</ele>
   </trkpt>
   <trkpt lat="45.509345002603204" lon="12.638435001827155">
    <ele>0.22</ele>
   </trkpt>
   <trkpt lat="45.50947" lon="12.63766">
    <ele>0.31</ele>
   </trkpt>
   <trkpt lat="45.50968" lon="12.636650000000001">
    <ele>0.44</ele>
   </trkpt>
   <trkpt lat="45.50974" lon="12.636510000000001">
    <ele>0.44</ele>
   </trkpt>
   <trkpt lat="45.50985000000001" lon="12.63639">
    <ele>0.48000000000000004</ele>
   </trkpt>
   <trkpt lat="45.510160000000006" lon="12.63621">
    <ele>0.63</ele>
   </trkpt>
   <trkpt lat="45.510290000000005" lon="12.63606">
    <ele>0.7000000000000001</ele>
   </trkpt>
   <trkpt lat="45.51035" lon="12.63597">
    <ele>0.7000000000000001</ele>
   </trkpt>
   <trkpt lat="45.51044" lon="12.63574">
    <ele>0.77</ele>
   </trkpt>
   <trkpt lat="45.510470000000005" lon="12.635570000000001">
    <ele>0.81</ele>
   </trkpt>
   <trkpt lat="45.5105" lon="12.635280000000002">
    <ele>1.04</ele>
   </trkpt>
   <trkpt lat="45.51048" lon="12.63512">
    <ele>1.04</ele>
   </trkpt>
   <trkpt lat="45.510400000000004" lon="12.634860000000002">
    <ele>1.04</ele>
   </trkpt>
   <trkpt lat="45.510250000000006" lon="12.63461">
    <ele>1.4400000000000002</ele>
   </trkpt>
   <trkpt lat="45.510110000000005" lon="12.634490000000001">
    <ele>1.4800000000000002</ele>
   </trkpt>
   <trkpt lat="45.51001" lon="12.634440000000001">
    <ele>1.4800000000000002</ele>
   </trkpt>
   <trkpt lat="45.50985000000001" lon="12.634400000000001">
    <ele>1.53</ele>
   </trkpt>
   <trkpt lat="45.509690000000006" lon="12.63442">
    <ele>1.53</ele>
   </trkpt>
   <trkpt lat="45.509570000000004" lon="12.634480000000002">
    <ele>1.59</ele>
   </trkpt>
   <trkpt lat="45.509420000000006" lon="12.6346">
    <ele>1.6</ele>
   </trkpt>
   <trkpt lat="45.5093" lon="12.634780000000001">
    <ele>1.55</ele>
   </trkpt>
   <trkpt lat="45.509220000000006" lon="12.63493">
    <ele>1.55</ele>
   </trkpt>
   <trkpt lat="45.509080000000004" lon="12.63507">
    <ele>1.52</ele>
   </trkpt>
   <trkpt lat="45.50898" lon="12.635090000000002">
    <ele>1.52</ele>
   </trkpt>
   <trkpt lat="45.50883" lon="12.635050000000001">
    <ele>1.1500000000000001</ele>
   </trkpt>
   <trkpt lat="45.508375000319646" lon="12.63481499814105">
    <ele>0.84</ele>
   </trkpt>
   <trkpt lat="45.507920000000006" lon="12.634580000000001">
    <ele>0.79</ele>
   </trkpt>
   <trkpt lat="45.5078" lon="12.634500000000001">
    <ele>0.7200000000000001</ele>
   </trkpt>
   <trkpt lat="45.507760000000005" lon="12.634390000000002">
    <ele>0.76</ele>
   </trkpt>
   <trkpt lat="45.507690000000004" lon="12.634310000000001">
    <ele>0.76</ele>
   </trkpt>
   <trkpt lat="45.50759" lon="12.63428">
    <ele>0.78</ele>
   </trkpt>
   <trkpt lat="45.5075" lon="12.634310000000001">
    <ele>0.78</ele>
   </trkpt>
   <trkpt lat="45.50746" lon="12.634350000000001">
    <ele>0.78</ele>
   </trkpt>
   <trkpt lat="45.507130000000004" lon="12.634220000000001">
    <ele>0.58</ele>
   </trkpt>
   <trkpt lat="45.50631000068434" lon="12.633936658406558">
    <ele>0.30000000000000004</ele>
   </trkpt>
   <trkpt lat="45.50549000066818" lon="12.633653325067812">
    <ele>0.05</ele>
   </trkpt>
   <trkpt lat="45.504670000000004" lon="12.633370000000001">
    <ele>0.31</ele>
   </trkpt>
   <trkpt lat="45.504540000000006" lon="12.63329">
    <ele>0.33000000000000007</ele>
   </trkpt>
   <trkpt lat="45.504430000000006" lon="12.63301">
    <ele>0.4</ele>
   </trkpt>
   <trkpt lat="45.504380000000005" lon="12.632950000000001">
    <ele>0.4</ele>
   </trkpt>
   <trkpt lat="45.50432000000001" lon="12.63291">
    <ele>0.4</ele>
   </trkpt>
   <trkpt lat="45.50424" lon="12.63278">
    <ele>0.37000000000000005</ele>
   </trkpt>
   <trkpt lat="45.50388668812043" lon="12.631788302220443">
    <ele>2.2800000000000002</ele>
   </trkpt>
   <trkpt lat="45.50353336765994" lon="12.630796616888516">
    <ele>2.2800000000000002</ele>
   </trkpt>
   <trkpt lat="45.503180038618765" lon="12.629804944004212">
    <ele>0.41000000000000003</ele>
   </trkpt>
   <trkpt lat="45.5028267009971" lon="12.628813283567522">
    <ele>0.41000000000000003</ele>
   </trkpt>
   <trkpt lat="45.502473354795164" lon="12.62782163557844">
    <ele>0.41000000000000003</ele>
   </trkpt>
   <trkpt lat="45.502120000000005" lon="12.626830000000002">
    <ele>0.41000000000000003</ele>
   </trkpt>
   <trkpt lat="45.502100000000006" lon="12.626750000000001">
    <ele>0.35000000000000003</ele>
   </trkpt>
   <trkpt lat="45.502140000000004" lon="12.626650000000001">
    <ele>0.37000000000000005</ele>
   </trkpt>
   <trkpt lat="45.502140000000004" lon="12.62659">
    <ele>0.37000000000000005</ele>
   </trkpt>
   <trkpt lat="45.502100000000006" lon="12.626510000000001">
    <ele>0.37000000000000005</ele>
   </trkpt>
   <trkpt lat="45.50202" lon="12.626420000000001">
    <ele>0.37000000000000005</ele>
   </trkpt>
   <trkpt lat="45.501990000000006" lon="12.626290000000001">
    <ele>0.4</ele>
   </trkpt>
   <trkpt lat="45.501920000000005" lon="12.626320000000002">
    <ele>0.4</ele>
   </trkpt>
   <trkpt lat="45.501722021114716" lon="12.625219984522671">
    <ele>0.030000000000000002</ele>
   </trkpt>
   <trkpt lat="45.50152403167158" lon="12.624119976781785">
    <ele>0.13</ele>
   </trkpt>
   <trkpt lat="45.50132603167075" lon="12.623019976777648">
    <ele>0.17</ele>
   </trkpt>
   <trkpt lat="45.50112802111236" lon="12.621919984510566">
    <ele>0.31</ele>
   </trkpt>
   <trkpt lat="45.500930000000004" lon="12.62082">
    <ele>0.39</ele>
   </trkpt>
   <trkpt lat="45.501020000000004" lon="12.620790000000001">
    <ele>0.25</ele>
   </trkpt>
   <trkpt lat="45.50094000000001" lon="12.620370000000001">
    <ele>0.19</ele>
   </trkpt>
   <trkpt lat="45.50071500414789" lon="12.619394996106408">
    <ele>0.17</ele>
   </trkpt>
   <trkpt lat="45.500490000000006" lon="12.61842">
    <ele>0.35000000000000003</ele>
   </trkpt>
   <trkpt lat="45.50047000000001" lon="12.618210000000001">
    <ele>0.37000000000000005</ele>
   </trkpt>
   <trkpt lat="45.500530000000005" lon="12.61795">
    <ele>0.39</ele>
   </trkpt>
   <trkpt lat="45.50054" lon="12.617830000000001">
    <ele>0.39</ele>
   </trkpt>
   <trkpt lat="45.50047000000001" lon="12.617690000000001">
    <ele>0.30000000000000004</ele>
   </trkpt>
   <trkpt lat="45.50021000290167" lon="12.616879996382112">
    <ele>0.16</ele>
   </trkpt>
   <trkpt lat="45.499950000000005" lon="12.61607">
    <ele>-0.04</ele>
   </trkpt>
   <trkpt lat="45.49970000215869" lon="12.615374997057021">
    <ele>-0.01</ele>
   </trkpt>
   <trkpt lat="45.49945" lon="12.614680000000002">
    <ele>0.030000000000000002</ele>
   </trkpt>
   <trkpt lat="45.49911000495332" lon="12.613609993408346">
    <ele>0.19</ele>
   </trkpt>
   <trkpt lat="45.49877" lon="12.612540000000001">
    <ele>0.30000000000000004</ele>
   </trkpt>
   <trkpt lat="45.498650000000005" lon="12.612290000000002">
    <ele>0.29</ele>
   </trkpt>
   <trkpt lat="45.49848" lon="12.61204">
    <ele>0.29</ele>
   </trkpt>
   <trkpt lat="45.498270000000005" lon="12.611860000000002">
    <ele>0.32</ele>
   </trkpt>
   <trkpt lat="45.49808" lon="12.61176">
    <ele>0.32</ele>
   </trkpt>
   <trkpt lat="45.49748500005741" lon="12.611639998730912">
    <ele>0.28</ele>
   </trkpt>
   <trkpt lat="45.49689" lon="12.61152">
    <ele>0.5</ele>
   </trkpt>
   <trkpt lat="45.49676" lon="12.61148">
    <ele>0.56</ele>
   </trkpt>
   <trkpt lat="45.496700000000004" lon="12.61143">
    <ele>0.56</ele>
   </trkpt>
   <trkpt lat="45.49647" lon="12.61115">
    <ele>0.6100000000000001</ele>
   </trkpt>
   <trkpt lat="45.496370000000006" lon="12.610920000000002">
    <ele>0.6600000000000001</ele>
   </trkpt>
   <trkpt lat="45.49631" lon="12.61063">
    <ele>0.77</ele>
   </trkpt>
   <trkpt lat="45.496280000000006" lon="12.610570000000001">
    <ele>0.88</ele>
   </trkpt>
   <trkpt lat="45.496210000000005" lon="12.610520000000001">
    <ele>0.88</ele>
   </trkpt>
   <trkpt lat="45.49616" lon="12.610510000000001">
    <ele>0.8500000000000001</ele>
   </trkpt>
   <trkpt lat="45.49609" lon="12.610310000000002">
    <ele>0.81</ele>
   </trkpt>
   <trkpt lat="45.49576114910311" lon="12.609266617918738">
    <ele>2.71</ele>
   </trkpt>
   <trkpt lat="45.49543228870751" lon="12.60822324802371">
    <ele>2.71</ele>
   </trkpt>
   <trkpt lat="45.49510341881344" lon="12.607179890314983">
    <ele>2.71</ele>
   </trkpt>
   <trkpt lat="45.49477453942112" lon="12.60613654479263">
    <ele>2.71</ele>
   </trkpt>
   <trkpt lat="45.49444565053076" lon="12.605093211456719">
    <ele>-0.23</ele>
   </trkpt>
   <trkpt lat="45.494116752142574" lon="12.60404989030732">
    <ele>-0.23</ele>
   </trkpt>
   <trkpt lat="45.493787844256794" lon="12.603006581344502">
    <ele>-0.23</ele>
   </trkpt>
   <trkpt lat="45.49345892687365" lon="12.601963284568335">
    <ele>-0.23</ele>
   </trkpt>
   <trkpt lat="45.49313" lon="12.60092">
    <ele>-0.23</ele>
   </trkpt>
   <trkpt lat="45.49277501451065" lon="12.599867480133312">
    <ele>0.28</ele>
   </trkpt>
   <trkpt lat="45.49242001935549" lon="12.598814973535134">
    <ele>0.29</ele>
   </trkpt>
   <trkpt lat="45.49206501453478" lon="12.597762480205494">
    <ele>0.29</ele>
   </trkpt>
   <trkpt lat="45.491710000000005" lon="12.596710000000002">
    <ele>0.5</ele>
   </trkpt>
   <trkpt lat="45.49143500350627" lon="12.595814995667872">
    <ele>0.4</ele>
   </trkpt>
   <trkpt lat="45.49116" lon="12.594920000000002">
    <ele>0.55</ele>
   </trkpt>
   <trkpt lat="45.49116" lon="12.59481">
    <ele>0.59</ele>
   </trkpt>
   <trkpt lat="45.49114" lon="12.59477">
    <ele>0.59</ele>
   </trkpt>
   <trkpt lat="45.49109000000001" lon="12.59473">
    <ele>0.59</ele>
   </trkpt>
   <trkpt lat="45.491020000000006" lon="12.59448">
    <ele>0.64</ele>
   </trkpt>
   <trkpt lat="45.49094" lon="12.59453">
    <ele>0.7300000000000001</ele>
   </trkpt>
   <trkpt lat="45.490623342737344" lon="12.593493321764825">
    <ele>0.31</ele>
   </trkpt>
   <trkpt lat="45.49030667609761" lon="12.59245665518654">
    <ele>0.39</ele>
   </trkpt>
   <trkpt lat="45.489990000000006" lon="12.591420000000001">
    <ele>0.56</ele>
   </trkpt>
   <trkpt lat="45.489900000000006" lon="12.591310000000002">
    <ele>0.53</ele>
   </trkpt>
   <trkpt lat="45.489830000000005" lon="12.591080000000002">
    <ele>0.58</ele>
   </trkpt>
   <trkpt lat="45.489790000000006" lon="12.59107">
    <ele>0.63</ele>
   </trkpt>
   <trkpt lat="45.4890650047731" lon="12.591675023376222">
    <ele>-0.8500000000000001</ele>
   </trkpt>
   <trkpt lat="45.48834000635233" lon="12.592280031177571">
    <ele>0.7200000000000001</ele>
   </trkpt>
   <trkpt lat="45.487615004737854" lon="12.592885023404776">
    <ele>0.7200000000000001</ele>
   </trkpt>
   <trkpt lat="45.48689" lon="12.593490000000001">
    <ele>0.7200000000000001</ele>
   </trkpt>
  </trkseg>
 </trk>
</gpx>
