<?xml version="1.0" encoding="UTF-8"?>
<gpx creator="StravaGPX" version="1.1" xmlns="http://www.topografix.com/GPX/1/1" xmlns:xsi="http://www.w3.org/2001/XMLSchema-instance" xsi:schemaLocation="http://www.topografix.com/GPX/1/1 http://www.topografix.com/GPX/1/1/gpx.xsd">
 <metadata>
  <name>Qatar Airways IRONMAN 70.3 Eagleman - ZOOT Bike Course</name>
  <author>
   <name>IRONMAN North America Admin</name>
   <link href="https://www.strava.com/athletes/152522621"/>
  </author>
  <copyright author="OpenStreetMap contributors">
   <year>2020</year>
   <license>https://www.openstreetmap.org/copyright</license>
  </copyright>
  <link href="https://www.strava.com/routes/3315538672771988922"/>
 </metadata>
 <trk>
  <name>Qatar Airways IRONMAN 70.3 Eagleman - ZOOT Bike Course</name>
  <link href="https://www.strava.com/routes/3315538672771988922"/>
  <type>cycling</type>
  <trkseg>
   <trkpt lat="38.5824" lon="-76.08057000000001">
    <ele>1.1300000000000001</ele>
   </trkpt>
   <trkpt lat="38.5817750062819" lon="-76.0812700182432">
    <ele>1.4500000000000002</ele>
   </trkpt>
   <trkpt lat="38.58115000839449" lon="-76.08197002430305">
    <ele>1.7000000000000002</ele>
   </trkpt>
   <trkpt lat="38.58052500633788" lon="-76.08267001817991">
    <ele>2.86</ele>
   </trkpt>
   <trkpt lat="38.5799" lon="-76.08337">
    <ele>5.33</ele>
   </trkpt>
   <trkpt lat="38.57942000130595" lon="-76.08393000377525">
    <ele>5.880000000000001</ele>
   </trkpt>
   <trkpt lat="38.57894" lon="-76.08449">
    <ele>5.81</ele>
   </trkpt>
   <trkpt lat="38.578480000000006" lon="-76.08497000000001">
    <ele>5.61</ele>
   </trkpt>
   <trkpt lat="38.578006669098706" lon="-76.08550667376048">
    <ele>4.99</ele>
   </trkpt>
   <trkpt lat="38.577533335746885" lon="-76.086043340448">
    <ele>4.21</ele>
   </trkpt>
   <trkpt lat="38.57706" lon="-76.08658000000001">
    <ele>4.6000000000000005</ele>
   </trkpt>
   <trkpt lat="38.577490000000004" lon="-76.08718">
    <ele>4.23</ele>
   </trkpt>
   <trkpt lat="38.577920000000006" lon="-76.08773000000001">
    <ele>4.45</ele>
   </trkpt>
   <trkpt lat="38.578530005998275" lon="-76.08856998572546">
    <ele>4.49</ele>
   </trkpt>
   <trkpt lat="38.57914000599317" lon="-76.08940998571819">
    <ele>4.57</ele>
   </trkpt>
   <trkpt lat="38.579750000000004" lon="-76.09025000000001">
    <ele>4.57</ele>
   </trkpt>
   <trkpt lat="38.57936" lon="-76.09117">
    <ele>4.69</ele>
   </trkpt>
   <trkpt lat="38.57910000222835" lon="-76.09189000254264">
    <ele>4.65</ele>
   </trkpt>
   <trkpt lat="38.57884000000001" lon="-76.09261000000001">
    <ele>4.66</ele>
   </trkpt>
   <trkpt lat="38.5784933419716" lon="-76.09361667633688">
    <ele>4.580000000000001</ele>
   </trkpt>
   <trkpt lat="38.57814667532095" lon="-76.09462334295684">
    <ele>4.62</ele>
   </trkpt>
   <trkpt lat="38.5778" lon="-76.09563">
    <ele>4.7</ele>
   </trkpt>
   <trkpt lat="38.57756667103996" lon="-76.09634667131236">
    <ele>4.59</ele>
   </trkpt>
   <trkpt lat="38.57733333770995" lon="-76.09706333796878">
    <ele>4.64</ele>
   </trkpt>
   <trkpt lat="38.5771" lon="-76.09778">
    <ele>4.72</ele>
   </trkpt>
   <trkpt lat="38.57706" lon="-76.09797">
    <ele>4.73</ele>
   </trkpt>
   <trkpt lat="38.57701" lon="-76.09836">
    <ele>4.7700000000000005</ele>
   </trkpt>
   <trkpt lat="38.57701" lon="-76.09895">
    <ele>4.180000000000001</ele>
   </trkpt>
   <trkpt lat="38.577070000000006" lon="-76.09992000000001">
    <ele>4.38</ele>
   </trkpt>
   <trkpt lat="38.57712" lon="-76.10014000000001">
    <ele>4.48</ele>
   </trkpt>
   <trkpt lat="38.57697" lon="-76.1002">
    <ele>4.28</ele>
   </trkpt>
   <trkpt lat="38.57683" lon="-76.10024">
    <ele>4.03</ele>
   </trkpt>
   <trkpt lat="38.576640000000005" lon="-76.10021">
    <ele>4.03</ele>
   </trkpt>
   <trkpt lat="38.576065000631495" lon="-76.09990999772837">
    <ele>3.52</ele>
   </trkpt>
   <trkpt lat="38.57549" lon="-76.09961000000001">
    <ele>3.45</ele>
   </trkpt>
   <trkpt lat="38.57471" lon="-76.09908">
    <ele>3.8000000000000003</ele>
   </trkpt>
   <trkpt lat="38.574083336079745" lon="-76.09851332346018">
    <ele>3.43</ele>
   </trkpt>
   <trkpt lat="38.573456669427394" lon="-76.09794665680663">
    <ele>3.5300000000000002</ele>
   </trkpt>
   <trkpt lat="38.57283" lon="-76.09738">
    <ele>3.3000000000000003</ele>
   </trkpt>
   <trkpt lat="38.572610000000005" lon="-76.0972">
    <ele>3.16</ele>
   </trkpt>
   <trkpt lat="38.572480000000006" lon="-76.09715">
    <ele>3.16</ele>
   </trkpt>
   <trkpt lat="38.57231" lon="-76.09711">
    <ele>3.12</ele>
   </trkpt>
   <trkpt lat="38.57159500000972" lon="-76.0972100009998">
    <ele>3.19</ele>
   </trkpt>
   <trkpt lat="38.57088" lon="-76.09731000000001">
    <ele>3.68</ele>
   </trkpt>
   <trkpt lat="38.570236666855415" lon="-76.09740666838134">
    <ele>3.0500000000000003</ele>
   </trkpt>
   <trkpt lat="38.56959333363133" lon="-76.09750333503156">
    <ele>2.3800000000000003</ele>
   </trkpt>
   <trkpt lat="38.56895" lon="-76.0976">
    <ele>2.5900000000000003</ele>
   </trkpt>
   <trkpt lat="38.568090000000005" lon="-76.09775">
    <ele>3.99</ele>
   </trkpt>
   <trkpt lat="38.56830251014653" lon="-76.09864249200314">
    <ele>3.3800000000000003</ele>
   </trkpt>
   <trkpt lat="38.56851501351632" lon="-76.09953498928533">
    <ele>3.22</ele>
   </trkpt>
   <trkpt lat="38.56872751010929" lon="-76.10042749184642">
    <ele>3.35</ele>
   </trkpt>
   <trkpt lat="38.568940000000005" lon="-76.10132">
    <ele>3.97</ele>
   </trkpt>
   <trkpt lat="38.569" lon="-76.10177">
    <ele>4.0200000000000005</ele>
   </trkpt>
   <trkpt lat="38.569" lon="-76.10209">
    <ele>4.04</ele>
   </trkpt>
   <trkpt lat="38.56897" lon="-76.1024">
    <ele>4.03</ele>
   </trkpt>
   <trkpt lat="38.568850000000005" lon="-76.1029">
    <ele>4.07</ele>
   </trkpt>
   <trkpt lat="38.568596673151006" lon="-76.10377333950721">
    <ele>4.0600000000000005</ele>
   </trkpt>
   <trkpt lat="38.56834333981306" lon="-76.10464667285632">
    <ele>3.8300000000000005</ele>
   </trkpt>
   <trkpt lat="38.568090000000005" lon="-76.10552000000001">
    <ele>3.36</ele>
   </trkpt>
   <trkpt lat="38.56794" lon="-76.10625">
    <ele>2.25</ele>
   </trkpt>
   <trkpt lat="38.567846015813" lon="-76.10721400503596">
    <ele>2.0100000000000002</ele>
   </trkpt>
   <trkpt lat="38.56775202371984" lon="-76.10817800755004">
    <ele>2.36</ele>
   </trkpt>
   <trkpt lat="38.5676580237206" lon="-76.10914200754208">
    <ele>3.3100000000000005</ele>
   </trkpt>
   <trkpt lat="38.56756401581529" lon="-76.11010600501187">
    <ele>3.6100000000000003</ele>
   </trkpt>
   <trkpt lat="38.56747" lon="-76.11107000000001">
    <ele>3.49</ele>
   </trkpt>
   <trkpt lat="38.567390003439854" lon="-76.11197000106628">
    <ele>3.5</ele>
   </trkpt>
   <trkpt lat="38.567310000000006" lon="-76.11287">
    <ele>3.47</ele>
   </trkpt>
   <trkpt lat="38.56734" lon="-76.11332">
    <ele>3.34</ele>
   </trkpt>
   <trkpt lat="38.567420000000006" lon="-76.11373">
    <ele>3.4600000000000004</ele>
   </trkpt>
   <trkpt lat="38.56748" lon="-76.11394">
    <ele>3.4600000000000004</ele>
   </trkpt>
   <trkpt lat="38.56775667069137" lon="-76.11462666141186">
    <ele>3.5</ele>
   </trkpt>
   <trkpt lat="38.56803333737133" lon="-76.11531332811147">
    <ele>3.62</ele>
   </trkpt>
   <trkpt lat="38.568310000000004" lon="-76.116">
    <ele>3.72</ele>
   </trkpt>
   <trkpt lat="38.5687200030808" lon="-76.11684499526798">
    <ele>3.7800000000000002</ele>
   </trkpt>
   <trkpt lat="38.56913" lon="-76.11769000000001">
    <ele>3.7900000000000005</ele>
   </trkpt>
   <trkpt lat="38.56935" lon="-76.11822000000001">
    <ele>3.7600000000000002</ele>
   </trkpt>
   <trkpt lat="38.56962" lon="-76.11834">
    <ele>3.5500000000000003</ele>
   </trkpt>
   <trkpt lat="38.56974" lon="-76.11842">
    <ele>3.5500000000000003</ele>
   </trkpt>
   <trkpt lat="38.56992" lon="-76.11859000000001">
    <ele>3.4200000000000004</ele>
   </trkpt>
   <trkpt lat="38.57054500154857" lon="-76.11920499459085">
    <ele>3.2</ele>
   </trkpt>
   <trkpt lat="38.57117" lon="-76.11982">
    <ele>3.0300000000000002</ele>
   </trkpt>
   <trkpt lat="38.571864008240105" lon="-76.12051597310465">
    <ele>2.95</ele>
   </trkpt>
   <trkpt lat="38.572558012359096" lon="-76.1212119596552">
    <ele>2.9899999999999998</ele>
   </trkpt>
   <trkpt lat="38.573252012356804" lon="-76.12190795965219">
    <ele>2.9800000000000004</ele>
   </trkpt>
   <trkpt lat="38.573946008233015" lon="-76.12260397309613">
    <ele>2.7600000000000002</ele>
   </trkpt>
   <trkpt lat="38.57464" lon="-76.1233">
    <ele>2.7600000000000002</ele>
   </trkpt>
   <trkpt lat="38.575050000000005" lon="-76.12375">
    <ele>2.74</ele>
   </trkpt>
   <trkpt lat="38.57522" lon="-76.12397">
    <ele>2.75</ele>
   </trkpt>
   <trkpt lat="38.575810000000004" lon="-76.12482">
    <ele>2.85</ele>
   </trkpt>
   <trkpt lat="38.5762933379152" lon="-76.12555332347453">
    <ele>2.86</ele>
   </trkpt>
   <trkpt lat="38.576776671254954" lon="-76.12628665681744">
    <ele>2.7800000000000002</ele>
   </trkpt>
   <trkpt lat="38.57726" lon="-76.12702">
    <ele>2.9400000000000004</ele>
   </trkpt>
   <trkpt lat="38.5777750024877" lon="-76.12777999459605">
    <ele>2.8000000000000003</ele>
   </trkpt>
   <trkpt lat="38.57829" lon="-76.12854">
    <ele>2.8000000000000003</ele>
   </trkpt>
   <trkpt lat="38.578810011132525" lon="-76.12926330715463">
    <ele>3.02</ele>
   </trkpt>
   <trkpt lat="38.57933001781365" lon="-76.12998662478236">
    <ele>2.9600000000000004</ele>
   </trkpt>
   <trkpt lat="38.579850020043224" lon="-76.13070995288346">
    <ele>2.95</ele>
   </trkpt>
   <trkpt lat="38.58037001782109" lon="-76.13143329145815">
    <ele>2.8100000000000005</ele>
   </trkpt>
   <trkpt lat="38.580890011147105" lon="-76.13215664050671">
    <ele>2.7700000000000005</ele>
   </trkpt>
   <trkpt lat="38.581410000000005" lon="-76.13288">
    <ele>2.8800000000000003</ele>
   </trkpt>
   <trkpt lat="38.581900000000005" lon="-76.13359000000001">
    <ele>2.8000000000000003</ele>
   </trkpt>
   <trkpt lat="38.58222000000001" lon="-76.134">
    <ele>2.95</ele>
   </trkpt>
   <trkpt lat="38.58279401144561" lon="-76.13481997378892">
    <ele>3.1100000000000003</ele>
   </trkpt>
   <trkpt lat="38.583368017170294" lon="-76.13563996068544">
    <ele>3.1500000000000004</ele>
   </trkpt>
   <trkpt lat="38.58394201717383" lon="-76.13645996068986">
    <ele>3.22</ele>
   </trkpt>
   <trkpt lat="38.584516011456024" lon="-76.13727997380253">
    <ele>3.2800000000000002</ele>
   </trkpt>
   <trkpt lat="38.58509" lon="-76.13810000000001">
    <ele>3.49</ele>
   </trkpt>
   <trkpt lat="38.585485001483995" lon="-76.13866999701148">
    <ele>3.0900000000000003</ele>
   </trkpt>
   <trkpt lat="38.58588" lon="-76.13924">
    <ele>2.65</ele>
   </trkpt>
   <trkpt lat="38.58601" lon="-76.13946">
    <ele>2.86</ele>
   </trkpt>
   <trkpt lat="38.58616000000001" lon="-76.13978">
    <ele>3.2</ele>
   </trkpt>
   <trkpt lat="38.58555000384155" lon="-76.14045334479052">
    <ele>3.02</ele>
   </trkpt>
   <trkpt lat="38.58494000382533" lon="-76.14112667814157">
    <ele>3.04</ele>
   </trkpt>
   <trkpt lat="38.58433" lon="-76.1418">
    <ele>2.87</ele>
   </trkpt>
   <trkpt lat="38.58417" lon="-76.14193">
    <ele>2.8800000000000003</ele>
   </trkpt>
   <trkpt lat="38.583830000000006" lon="-76.14206">
    <ele>3.02</ele>
   </trkpt>
   <trkpt lat="38.582950000000004" lon="-76.14228">
    <ele>2.9899999999999998</ele>
   </trkpt>
   <trkpt lat="38.582146667206274" lon="-76.14252333876607">
    <ele>2.95</ele>
   </trkpt>
   <trkpt lat="38.581343333908734" lon="-76.14276667208847">
    <ele>2.71</ele>
   </trkpt>
   <trkpt lat="38.580540000000006" lon="-76.14301">
    <ele>2.6</ele>
   </trkpt>
   <trkpt lat="38.58007500016208" lon="-76.14314000081642">
    <ele>2.45</ele>
   </trkpt>
   <trkpt lat="38.57961" lon="-76.14327">
    <ele>2.4899999999999998</ele>
   </trkpt>
   <trkpt lat="38.57897500003375" lon="-76.14345000162082">
    <ele>2.1</ele>
   </trkpt>
   <trkpt lat="38.578340000000004" lon="-76.14363">
    <ele>2.2700000000000005</ele>
   </trkpt>
   <trkpt lat="38.57752" lon="-76.1439">
    <ele>2.12</ele>
   </trkpt>
   <trkpt lat="38.577070000000006" lon="-76.14402000000001">
    <ele>3.23</ele>
   </trkpt>
   <trkpt lat="38.57698500157806" lon="-76.14341999961881">
    <ele>2.4400000000000004</ele>
   </trkpt>
   <trkpt lat="38.5769" lon="-76.14282">
    <ele>1.9500000000000002</ele>
   </trkpt>
   <trkpt lat="38.57672" lon="-76.14205000000001">
    <ele>1.6500000000000001</ele>
   </trkpt>
   <trkpt lat="38.57663" lon="-76.14175">
    <ele>1.51</ele>
   </trkpt>
   <trkpt lat="38.576420000000006" lon="-76.14120000000001">
    <ele>1.4800000000000002</ele>
   </trkpt>
   <trkpt lat="38.576280000000004" lon="-76.14089000000001">
    <ele>1.4900000000000002</ele>
   </trkpt>
   <trkpt lat="38.57598" lon="-76.14032">
    <ele>1.4600000000000002</ele>
   </trkpt>
   <trkpt lat="38.575610000000005" lon="-76.13978">
    <ele>1.55</ele>
   </trkpt>
   <trkpt lat="38.575250000000004" lon="-76.13933">
    <ele>1.53</ele>
   </trkpt>
   <trkpt lat="38.57461500190154" lon="-76.13864499384309">
    <ele>1.06</ele>
   </trkpt>
   <trkpt lat="38.573980000000006" lon="-76.13796">
    <ele>2.04</ele>
   </trkpt>
   <trkpt lat="38.57352250796217" lon="-76.13875001509706">
    <ele>1.53</ele>
   </trkpt>
   <trkpt lat="38.57306501061433" lon="-76.13954002013236">
    <ele>1.7300000000000002</ele>
   </trkpt>
   <trkpt lat="38.57260750795669" lon="-76.14033001510604">
    <ele>1.8</ele>
   </trkpt>
   <trkpt lat="38.57215" lon="-76.14112">
    <ele>1.79</ele>
   </trkpt>
   <trkpt lat="38.57184" lon="-76.14152">
    <ele>2.15</ele>
   </trkpt>
   <trkpt lat="38.571450000000006" lon="-76.14184">
    <ele>2.2900000000000005</ele>
   </trkpt>
   <trkpt lat="38.570910000620934" lon="-76.14222500290046">
    <ele>2.5100000000000002</ele>
   </trkpt>
   <trkpt lat="38.570370000000004" lon="-76.14261">
    <ele>2.72</ele>
   </trkpt>
   <trkpt lat="38.56979500068959" lon="-76.14303000340554">
    <ele>2.6</ele>
   </trkpt>
   <trkpt lat="38.56922" lon="-76.14345">
    <ele>2.6300000000000003</ele>
   </trkpt>
   <trkpt lat="38.56897" lon="-76.1436">
    <ele>2.7800000000000002</ele>
   </trkpt>
   <trkpt lat="38.56831500030536" lon="-76.1438550023133">
    <ele>2.56</ele>
   </trkpt>
   <trkpt lat="38.567660000000004" lon="-76.14411000000001">
    <ele>2.5</ele>
   </trkpt>
   <trkpt lat="38.566860001066814" lon="-76.14439500950785">
    <ele>2.62</ele>
   </trkpt>
   <trkpt lat="38.56606000144257" lon="-76.14468001266972">
    <ele>2.97</ele>
   </trkpt>
   <trkpt lat="38.56526000112731" lon="-76.14496500948596">
    <ele>2.9600000000000004</ele>
   </trkpt>
   <trkpt lat="38.564460000000004" lon="-76.14525">
    <ele>2.97</ele>
   </trkpt>
   <trkpt lat="38.5637600006143" lon="-76.14551333845405">
    <ele>2.9000000000000004</ele>
   </trkpt>
   <trkpt lat="38.56306000063863" lon="-76.14577667177814">
    <ele>2.71</ele>
   </trkpt>
   <trkpt lat="38.562360000000005" lon="-76.14604">
    <ele>2.4400000000000004</ele>
   </trkpt>
   <trkpt lat="38.56171000015351" lon="-76.14626500205628">
    <ele>2.41</ele>
   </trkpt>
   <trkpt lat="38.561060000000005" lon="-76.14649">
    <ele>2.71</ele>
   </trkpt>
   <trkpt lat="38.560860000000005" lon="-76.14658">
    <ele>2.74</ele>
   </trkpt>
   <trkpt lat="38.56065" lon="-76.14676">
    <ele>2.71</ele>
   </trkpt>
   <trkpt lat="38.560550000000006" lon="-76.1469">
    <ele>2.71</ele>
   </trkpt>
   <trkpt lat="38.56014500266236" lon="-76.14768000425163">
    <ele>2.5700000000000003</ele>
   </trkpt>
   <trkpt lat="38.559740000000005" lon="-76.14846">
    <ele>2.5</ele>
   </trkpt>
   <trkpt lat="38.55964" lon="-76.14856">
    <ele>2.5</ele>
   </trkpt>
   <trkpt lat="38.559470000000005" lon="-76.14868000000001">
    <ele>2.5100000000000002</ele>
   </trkpt>
   <trkpt lat="38.558770000077956" lon="-76.14887000187085">
    <ele>2.48</ele>
   </trkpt>
   <trkpt lat="38.55807" lon="-76.14906">
    <ele>2.5700000000000003</ele>
   </trkpt>
   <trkpt lat="38.55722500035429" lon="-76.14932000303581">
    <ele>2.43</ele>
   </trkpt>
   <trkpt lat="38.556380000000004" lon="-76.14958">
    <ele>2.2</ele>
   </trkpt>
   <trkpt lat="38.55619" lon="-76.14958">
    <ele>2.23</ele>
   </trkpt>
   <trkpt lat="38.55606" lon="-76.14958">
    <ele>2.23</ele>
   </trkpt>
   <trkpt lat="38.5559" lon="-76.14949">
    <ele>2.4600000000000004</ele>
   </trkpt>
   <trkpt lat="38.55561" lon="-76.14928">
    <ele>2.4899999999999998</ele>
   </trkpt>
   <trkpt lat="38.55485500143751" lon="-76.14868999376999">
    <ele>2.43</ele>
   </trkpt>
   <trkpt lat="38.554100000000005" lon="-76.1481">
    <ele>2.34</ele>
   </trkpt>
   <trkpt lat="38.553900000000006" lon="-76.14784">
    <ele>2.2900000000000005</ele>
   </trkpt>
   <trkpt lat="38.55344500245378" lon="-76.14707499509895">
    <ele>2.1100000000000003</ele>
   </trkpt>
   <trkpt lat="38.55299" lon="-76.14631">
    <ele>2.0900000000000003</ele>
   </trkpt>
   <trkpt lat="38.55239" lon="-76.14565">
    <ele>2.34</ele>
   </trkpt>
   <trkpt lat="38.552260000000004" lon="-76.14547">
    <ele>2.34</ele>
   </trkpt>
   <trkpt lat="38.552040000000005" lon="-76.14523000000001">
    <ele>2.2800000000000002</ele>
   </trkpt>
   <trkpt lat="38.55167500078749" lon="-76.14484999825132">
    <ele>2.2900000000000005</ele>
   </trkpt>
   <trkpt lat="38.55131" lon="-76.14447000000001">
    <ele>2.35</ele>
   </trkpt>
   <trkpt lat="38.55107" lon="-76.14425">
    <ele>2.35</ele>
   </trkpt>
   <trkpt lat="38.55077" lon="-76.14403">
    <ele>2.21</ele>
   </trkpt>
   <trkpt lat="38.5503" lon="-76.14376">
    <ele>2.06</ele>
   </trkpt>
   <trkpt lat="38.54974" lon="-76.14349">
    <ele>1.85</ele>
   </trkpt>
   <trkpt lat="38.54911000039011" lon="-76.14324499790582">
    <ele>2.02</ele>
   </trkpt>
   <trkpt lat="38.548480000000005" lon="-76.143">
    <ele>2.2900000000000005</ele>
   </trkpt>
   <trkpt lat="38.547990000000006" lon="-76.14278">
    <ele>2.6300000000000003</ele>
   </trkpt>
   <trkpt lat="38.54762" lon="-76.14256">
    <ele>2.83</ele>
   </trkpt>
   <trkpt lat="38.54749" lon="-76.14246">
    <ele>2.83</ele>
   </trkpt>
   <trkpt lat="38.54750000000001" lon="-76.14247">
    <ele>2.83</ele>
   </trkpt>
   <trkpt lat="38.54737" lon="-76.14228">
    <ele>2.82</ele>
   </trkpt>
   <trkpt lat="38.547320000000006" lon="-76.14205000000001">
    <ele>2.67</ele>
   </trkpt>
   <trkpt lat="38.54733" lon="-76.14171">
    <ele>2.48</ele>
   </trkpt>
   <trkpt lat="38.547383339868034" lon="-76.14083333467808">
    <ele>2.12</ele>
   </trkpt>
   <trkpt lat="38.54743667319868" lon="-76.13995666805569">
    <ele>2.06</ele>
   </trkpt>
   <trkpt lat="38.54749" lon="-76.13908">
    <ele>1.98</ele>
   </trkpt>
   <trkpt lat="38.54753" lon="-76.13808">
    <ele>1.98</ele>
   </trkpt>
   <trkpt lat="38.5475900037617" lon="-76.13714000072726">
    <ele>2.0</ele>
   </trkpt>
   <trkpt lat="38.547650000000004" lon="-76.1362">
    <ele>2.22</ele>
   </trkpt>
   <trkpt lat="38.54771" lon="-76.13567">
    <ele>2.37</ele>
   </trkpt>
   <trkpt lat="38.54782" lon="-76.13516000000001">
    <ele>2.5100000000000002</ele>
   </trkpt>
   <trkpt lat="38.54795" lon="-76.13476">
    <ele>2.48</ele>
   </trkpt>
   <trkpt lat="38.548255007904636" lon="-76.13397251004206">
    <ele>2.36</ele>
   </trkpt>
   <trkpt lat="38.54856001053413" lon="-76.13318501340349">
    <ele>2.4400000000000004</ele>
   </trkpt>
   <trkpt lat="38.54886500788839" lon="-76.13239751008429">
    <ele>2.6100000000000003</ele>
   </trkpt>
   <trkpt lat="38.549170000000004" lon="-76.13161000000001">
    <ele>2.65</ele>
   </trkpt>
   <trkpt lat="38.54952500323279" lon="-76.13074500414777">
    <ele>2.6100000000000003</ele>
   </trkpt>
   <trkpt lat="38.54988" lon="-76.12988">
    <ele>2.83</ele>
   </trkpt>
   <trkpt lat="38.54988" lon="-76.12965000000001">
    <ele>2.8100000000000005</ele>
   </trkpt>
   <trkpt lat="38.54981" lon="-76.12951000000001">
    <ele>2.7900000000000005</ele>
   </trkpt>
   <trkpt lat="38.549600000000005" lon="-76.12925000000001">
    <ele>2.66</ele>
   </trkpt>
   <trkpt lat="38.54905500154012" lon="-76.12862499512373">
    <ele>2.2600000000000002</ele>
   </trkpt>
   <trkpt lat="38.54851" lon="-76.128">
    <ele>1.6500000000000001</ele>
   </trkpt>
   <trkpt lat="38.54842" lon="-76.12778">
    <ele>1.42</ele>
   </trkpt>
   <trkpt lat="38.54827" lon="-76.12674000000001">
    <ele>1.62</ele>
   </trkpt>
   <trkpt lat="38.54825" lon="-76.12617">
    <ele>1.81</ele>
   </trkpt>
   <trkpt lat="38.548370000000006" lon="-76.12567">
    <ele>2.1</ele>
   </trkpt>
   <trkpt lat="38.548590000000004" lon="-76.12487">
    <ele>1.26</ele>
   </trkpt>
   <trkpt lat="38.54872" lon="-76.12410000000001">
    <ele>1.17</ele>
   </trkpt>
   <trkpt lat="38.548820000000006" lon="-76.12344">
    <ele>1.54</ele>
   </trkpt>
   <trkpt lat="38.54895001080356" lon="-76.12231333735683">
    <ele>2.37</ele>
   </trkpt>
   <trkpt lat="38.54908001080941" lon="-76.12118667063956">
    <ele>2.9200000000000004</ele>
   </trkpt>
   <trkpt lat="38.54921" lon="-76.12006000000001">
    <ele>2.9600000000000004</ele>
   </trkpt>
   <trkpt lat="38.54919" lon="-76.11976">
    <ele>2.9000000000000004</ele>
   </trkpt>
   <trkpt lat="38.54916" lon="-76.11964">
    <ele>2.9000000000000004</ele>
   </trkpt>
   <trkpt lat="38.54884500478912" lon="-76.11857999539093">
    <ele>2.8100000000000005</ele>
   </trkpt>
   <trkpt lat="38.54853000000001" lon="-76.11752000000001">
    <ele>2.95</ele>
   </trkpt>
   <trkpt lat="38.54824251128131" lon="-76.11657998874806">
    <ele>2.8800000000000003</ele>
   </trkpt>
   <trkpt lat="38.54795501504633" lon="-76.11563998501269">
    <ele>3.02</ele>
   </trkpt>
   <trkpt lat="38.54766751129523" lon="-76.11469998879397">
    <ele>3.04</ele>
   </trkpt>
   <trkpt lat="38.547380000000004" lon="-76.11376">
    <ele>3.1400000000000006</ele>
   </trkpt>
   <trkpt lat="38.547250000000005" lon="-76.11345">
    <ele>3.19</ele>
   </trkpt>
   <trkpt lat="38.54713" lon="-76.11323">
    <ele>3.18</ele>
   </trkpt>
   <trkpt lat="38.546780000000005" lon="-76.11269">
    <ele>3.1400000000000006</ele>
   </trkpt>
   <trkpt lat="38.54661" lon="-76.11237000000001">
    <ele>3.1500000000000004</ele>
   </trkpt>
   <trkpt lat="38.546310000000005" lon="-76.11162">
    <ele>3.0900000000000003</ele>
   </trkpt>
   <trkpt lat="38.54614" lon="-76.11094">
    <ele>3.0500000000000003</ele>
   </trkpt>
   <trkpt lat="38.546060000000004" lon="-76.11045">
    <ele>2.97</ele>
   </trkpt>
   <trkpt lat="38.54596" lon="-76.10933">
    <ele>2.8100000000000005</ele>
   </trkpt>
   <trkpt lat="38.54587" lon="-76.10853">
    <ele>2.95</ele>
   </trkpt>
   <trkpt lat="38.54577000145414" lon="-76.10794999932921">
    <ele>2.91</ele>
   </trkpt>
   <trkpt lat="38.54567" lon="-76.10737">
    <ele>3.04</ele>
   </trkpt>
   <trkpt lat="38.545485002334814" lon="-76.10662999811969">
    <ele>3.02</ele>
   </trkpt>
   <trkpt lat="38.545300000000005" lon="-76.10589">
    <ele>3.06</ele>
   </trkpt>
   <trkpt lat="38.54514333845158" lon="-76.10511332988635">
    <ele>3.1300000000000003</ele>
   </trkpt>
   <trkpt lat="38.54498667177218" lon="-76.10433666315663">
    <ele>2.97</ele>
   </trkpt>
   <trkpt lat="38.544830000000005" lon="-76.10356">
    <ele>2.93</ele>
   </trkpt>
   <trkpt lat="38.544720000000005" lon="-76.10315">
    <ele>3.2800000000000002</ele>
   </trkpt>
   <trkpt lat="38.54444" lon="-76.10388">
    <ele>2.17</ele>
   </trkpt>
   <trkpt lat="38.54405000302964" lon="-76.10472500459775">
    <ele>1.86</ele>
   </trkpt>
   <trkpt lat="38.54366" lon="-76.10557">
    <ele>1.84</ele>
   </trkpt>
   <trkpt lat="38.54354" lon="-76.1058">
    <ele>1.85</ele>
   </trkpt>
   <trkpt lat="38.54317" lon="-76.10633">
    <ele>1.8300000000000003</ele>
   </trkpt>
   <trkpt lat="38.5429" lon="-76.10665">
    <ele>2.0</ele>
   </trkpt>
   <trkpt lat="38.54229666925769" lon="-76.1072000092112">
    <ele>1.9100000000000001</ele>
   </trkpt>
   <trkpt lat="38.5416933359423" lon="-76.10775000919469">
    <ele>2.0500000000000003</ele>
   </trkpt>
   <trkpt lat="38.541090000000004" lon="-76.1083">
    <ele>2.2700000000000005</ele>
   </trkpt>
   <trkpt lat="38.540690000000005" lon="-76.10862">
    <ele>2.32</ele>
   </trkpt>
   <trkpt lat="38.540440000000004" lon="-76.1088">
    <ele>2.32</ele>
   </trkpt>
   <trkpt lat="38.539730000000006" lon="-76.10924">
    <ele>2.47</ele>
   </trkpt>
   <trkpt lat="38.53894500071262" lon="-76.10964000434895">
    <ele>2.45</ele>
   </trkpt>
   <trkpt lat="38.538160000000005" lon="-76.11004000000001">
    <ele>2.6100000000000003</ele>
   </trkpt>
   <trkpt lat="38.5375450004669" lon="-76.11037500286976">
    <ele>2.47</ele>
   </trkpt>
   <trkpt lat="38.536930000000005" lon="-76.11071000000001">
    <ele>2.5700000000000003</ele>
   </trkpt>
   <trkpt lat="38.53638" lon="-76.11094">
    <ele>2.65</ele>
   </trkpt>
   <trkpt lat="38.53604" lon="-76.11103">
    <ele>2.6100000000000003</ele>
   </trkpt>
   <trkpt lat="38.535185000444734" lon="-76.11122000677784">
    <ele>2.5100000000000002</ele>
   </trkpt>
   <trkpt lat="38.53433000058243" lon="-76.11141000903929">
    <ele>2.6</ele>
   </trkpt>
   <trkpt lat="38.53347500041307" lon="-76.11160000678463">
    <ele>2.54</ele>
   </trkpt>
   <trkpt lat="38.53262" lon="-76.11179">
    <ele>2.62</ele>
   </trkpt>
   <trkpt lat="38.5322" lon="-76.11193">
    <ele>2.56</ele>
   </trkpt>
   <trkpt lat="38.531780000000005" lon="-76.11211">
    <ele>2.54</ele>
   </trkpt>
   <trkpt lat="38.531200000000005" lon="-76.11242">
    <ele>2.4899999999999998</ele>
   </trkpt>
   <trkpt lat="38.53058" lon="-76.11282">
    <ele>2.35</ele>
   </trkpt>
   <trkpt lat="38.52996" lon="-76.11336">
    <ele>2.19</ele>
   </trkpt>
   <trkpt lat="38.529700000000005" lon="-76.11363">
    <ele>2.19</ele>
   </trkpt>
   <trkpt lat="38.529250000000005" lon="-76.11413">
    <ele>2.34</ele>
   </trkpt>
   <trkpt lat="38.52888" lon="-76.11462">
    <ele>2.14</ele>
   </trkpt>
   <trkpt lat="38.52846000153195" lon="-76.11522000350055">
    <ele>2.21</ele>
   </trkpt>
   <trkpt lat="38.528040000000004" lon="-76.11582">
    <ele>2.12</ele>
   </trkpt>
   <trkpt lat="38.52745113543542" lon="-76.11666561090917">
    <ele>2.1100000000000003</ele>
   </trkpt>
   <trkpt lat="38.526862264789465" lon="-76.1175112079787">
    <ele>2.1100000000000003</ele>
   </trkpt>
   <trkpt lat="38.526273388062386" lon="-76.118356791209">
    <ele>2.0100000000000002</ele>
   </trkpt>
   <trkpt lat="38.525684505254375" lon="-76.11920236060041">
    <ele>2.15</ele>
   </trkpt>
   <trkpt lat="38.5250956163657" lon="-76.12004791615334">
    <ele>2.15</ele>
   </trkpt>
   <trkpt lat="38.524506721396556" lon="-76.12089345786814">
    <ele>2.2800000000000002</ele>
   </trkpt>
   <trkpt lat="38.52391782034718" lon="-76.12173898574518">
    <ele>2.31</ele>
   </trkpt>
   <trkpt lat="38.52332891321781" lon="-76.12258449978486">
    <ele>2.15</ele>
   </trkpt>
   <trkpt lat="38.522740000000006" lon="-76.12343000000001">
    <ele>2.0</ele>
   </trkpt>
   <trkpt lat="38.5221700153566" lon="-76.12428003366473">
    <ele>1.7100000000000002</ele>
   </trkpt>
   <trkpt lat="38.52160002456831" lon="-76.125130053866">
    <ele>1.53</ele>
   </trkpt>
   <trkpt lat="38.52103002763536" lon="-76.12598006060419">
    <ele>1.61</ele>
   </trkpt>
   <trkpt lat="38.52046002455795" lon="-76.12683005387964">
    <ele>1.5</ele>
   </trkpt>
   <trkpt lat="38.51989001533633" lon="-76.1276800336927">
    <ele>1.61</ele>
   </trkpt>
   <trkpt lat="38.51932" lon="-76.12853000000001">
    <ele>1.7300000000000002</ele>
   </trkpt>
   <trkpt lat="38.51878401077327" lon="-76.12932602371411">
    <ele>2.2</ele>
   </trkpt>
   <trkpt lat="38.518248016157855" lon="-76.13012203557365">
    <ele>2.2</ele>
   </trkpt>
   <trkpt lat="38.51771201615395" lon="-76.1309180355789">
    <ele>2.18</ele>
   </trkpt>
   <trkpt lat="38.51717601076173" lon="-76.13171402373014">
    <ele>2.18</ele>
   </trkpt>
   <trkpt lat="38.51664" lon="-76.13251000000001">
    <ele>2.18</ele>
   </trkpt>
   <trkpt lat="38.51610287300292" lon="-76.13329860673807">
    <ele>1.7300000000000002</ele>
   </trkpt>
   <trkpt lat="38.51556574071722" lon="-76.1340872017082">
    <ele>1.7200000000000002</ele>
   </trkpt>
   <trkpt lat="38.51502860314309" lon="-76.1348757849107">
    <ele>1.7200000000000002</ele>
   </trkpt>
   <trkpt lat="38.51449146028069" lon="-76.13566435634588">
    <ele>1.8300000000000003</ele>
   </trkpt>
   <trkpt lat="38.51395431213023" lon="-76.136452916014">
    <ele>1.81</ele>
   </trkpt>
   <trkpt lat="38.51341715869187" lon="-76.13724146391534">
    <ele>1.8</ele>
   </trkpt>
   <trkpt lat="38.51288" lon="-76.13803">
    <ele>1.59</ele>
   </trkpt>
   <trkpt lat="38.51245" lon="-76.13883000000001">
    <ele>1.4900000000000002</ele>
   </trkpt>
   <trkpt lat="38.51206834923926" lon="-76.13969502292878">
    <ele>1.6300000000000001</ele>
   </trkpt>
   <trkpt lat="38.51168669211547" lon="-76.14056003668698">
    <ele>1.77</ele>
   </trkpt>
   <trkpt lat="38.51130502862881" lon="-76.14142504127469">
    <ele>1.9000000000000001</ele>
   </trkpt>
   <trkpt lat="38.51092335877942" lon="-76.142290036692">
    <ele>1.8900000000000001</ele>
   </trkpt>
   <trkpt lat="38.510541682567464" lon="-76.14315502293897">
    <ele>1.86</ele>
   </trkpt>
   <trkpt lat="38.510160000000006" lon="-76.14402000000001">
    <ele>1.9100000000000001</ele>
   </trkpt>
   <trkpt lat="38.5097850019592" lon="-76.14470000355384">
    <ele>1.76</ele>
   </trkpt>
   <trkpt lat="38.50941" lon="-76.14538">
    <ele>1.75</ele>
   </trkpt>
   <trkpt lat="38.508990000000004" lon="-76.14604">
    <ele>1.7300000000000002</ele>
   </trkpt>
   <trkpt lat="38.50855000261617" lon="-76.14659667349346">
    <ele>1.4400000000000002</ele>
   </trkpt>
   <trkpt lat="38.508110002597235" lon="-76.147153340184">
    <ele>1.43</ele>
   </trkpt>
   <trkpt lat="38.507670000000005" lon="-76.14771">
    <ele>1.51</ele>
   </trkpt>
   <trkpt lat="38.50715" lon="-76.14829">
    <ele>1.35</ele>
   </trkpt>
   <trkpt lat="38.506800000000005" lon="-76.14856">
    <ele>1.34</ele>
   </trkpt>
   <trkpt lat="38.50633500022955" lon="-76.1488350018301">
    <ele>1.2300000000000002</ele>
   </trkpt>
   <trkpt lat="38.50587" lon="-76.14911000000001">
    <ele>1.2100000000000002</ele>
   </trkpt>
   <trkpt lat="38.50536" lon="-76.14945">
    <ele>1.3</ele>
   </trkpt>
   <trkpt lat="38.504650000000005" lon="-76.15011000000001">
    <ele>1.24</ele>
   </trkpt>
   <trkpt lat="38.504107503438604" lon="-76.15062751167261">
    <ele>1.27</ele>
   </trkpt>
   <trkpt lat="38.50356500459991" lon="-76.15114501554886">
    <ele>1.26</ele>
   </trkpt>
   <trkpt lat="38.50302250348399" lon="-76.151662511629">
    <ele>1.1</ele>
   </trkpt>
   <trkpt lat="38.502480000000006" lon="-76.15218">
    <ele>0.8700000000000001</ele>
   </trkpt>
   <trkpt lat="38.50209000070161" lon="-76.15258500218856">
    <ele>0.76</ele>
   </trkpt>
   <trkpt lat="38.50170000000001" lon="-76.15299">
    <ele>0.54</ele>
   </trkpt>
   <trkpt lat="38.501430000000006" lon="-76.1533">
    <ele>0.46</ele>
   </trkpt>
   <trkpt lat="38.50111500074945" lon="-76.15372000183751">
    <ele>0.52</ele>
   </trkpt>
   <trkpt lat="38.500800000000005" lon="-76.15414000000001">
    <ele>0.6100000000000001</ele>
   </trkpt>
   <trkpt lat="38.50045500109735" lon="-76.15466000256941">
    <ele>1.01</ele>
   </trkpt>
   <trkpt lat="38.50011000000001" lon="-76.15518">
    <ele>1.08</ele>
   </trkpt>
   <trkpt lat="38.49958" lon="-76.15608">
    <ele>1.18</ele>
   </trkpt>
   <trkpt lat="38.499190000000006" lon="-76.15688">
    <ele>1.16</ele>
   </trkpt>
   <trkpt lat="38.49891" lon="-76.15751">
    <ele>1.1</ele>
   </trkpt>
   <trkpt lat="38.49869000131763" lon="-76.15806500167467">
    <ele>1.25</ele>
   </trkpt>
   <trkpt lat="38.498470000000005" lon="-76.15862000000001">
    <ele>1.17</ele>
   </trkpt>
   <trkpt lat="38.49814333995892" lon="-76.15950334136919">
    <ele>1.18</ele>
   </trkpt>
   <trkpt lat="38.49781667328319" lon="-76.16038667472691">
    <ele>1.17</ele>
   </trkpt>
   <trkpt lat="38.497490000000006" lon="-76.16127">
    <ele>1.1900000000000002</ele>
   </trkpt>
   <trkpt lat="38.49736" lon="-76.16184000000001">
    <ele>1.29</ele>
   </trkpt>
   <trkpt lat="38.49729000000001" lon="-76.16234">
    <ele>1.26</ele>
   </trkpt>
   <trkpt lat="38.49728" lon="-76.16323000000001">
    <ele>1.18</ele>
   </trkpt>
   <trkpt lat="38.49739" lon="-76.16395">
    <ele>1.1300000000000001</ele>
   </trkpt>
   <trkpt lat="38.49752" lon="-76.16448000000001">
    <ele>1.01</ele>
   </trkpt>
   <trkpt lat="38.497690000000006" lon="-76.1649">
    <ele>1.03</ele>
   </trkpt>
   <trkpt lat="38.497840000000004" lon="-76.16521">
    <ele>1.03</ele>
   </trkpt>
   <trkpt lat="38.49808" lon="-76.16561">
    <ele>1.02</ele>
   </trkpt>
   <trkpt lat="38.49839" lon="-76.16601">
    <ele>1.04</ele>
   </trkpt>
   <trkpt lat="38.49895" lon="-76.16659">
    <ele>1.1400000000000001</ele>
   </trkpt>
   <trkpt lat="38.4993300004829" lon="-76.1669299981987">
    <ele>1.2000000000000002</ele>
   </trkpt>
   <trkpt lat="38.49971" lon="-76.16727">
    <ele>1.3</ele>
   </trkpt>
   <trkpt lat="38.50020000000001" lon="-76.16776">
    <ele>1.29</ele>
   </trkpt>
   <trkpt lat="38.50067000081371" lon="-76.1682049970696">
    <ele>1.25</ele>
   </trkpt>
   <trkpt lat="38.50114000000001" lon="-76.16865">
    <ele>1.1900000000000002</ele>
   </trkpt>
   <trkpt lat="38.50151" lon="-76.16902">
    <ele>1.16</ele>
   </trkpt>
   <trkpt lat="38.50191" lon="-76.16955">
    <ele>1.1900000000000002</ele>
   </trkpt>
   <trkpt lat="38.50222" lon="-76.17005">
    <ele>1.28</ele>
   </trkpt>
   <trkpt lat="38.502460000000006" lon="-76.17056000000001">
    <ele>1.34</ele>
   </trkpt>
   <trkpt lat="38.5026" lon="-76.17098">
    <ele>1.3800000000000001</ele>
   </trkpt>
   <trkpt lat="38.50278" lon="-76.17165">
    <ele>1.33</ele>
   </trkpt>
   <trkpt lat="38.50287" lon="-76.17215">
    <ele>1.3800000000000001</ele>
   </trkpt>
   <trkpt lat="38.50292" lon="-76.17283">
    <ele>1.35</ele>
   </trkpt>
   <trkpt lat="38.50294000199277" lon="-76.17351499973508">
    <ele>1.31</ele>
   </trkpt>
   <trkpt lat="38.50296" lon="-76.17420000000001">
    <ele>1.33</ele>
   </trkpt>
   <trkpt lat="38.50300500154468" lon="-76.17480499946716">
    <ele>1.27</ele>
   </trkpt>
   <trkpt lat="38.50305" lon="-76.17541">
    <ele>1.18</ele>
   </trkpt>
   <trkpt lat="38.50314000182069" lon="-76.1760599993639">
    <ele>1.26</ele>
   </trkpt>
   <trkpt lat="38.50323" lon="-76.17671">
    <ele>1.4400000000000002</ele>
   </trkpt>
   <trkpt lat="38.50344500325827" lon="-76.17758499740067">
    <ele>1.4000000000000001</ele>
   </trkpt>
   <trkpt lat="38.50366" lon="-76.17846">
    <ele>1.4400000000000002</ele>
   </trkpt>
   <trkpt lat="38.503880007308624" lon="-76.17938666103393">
    <ele>1.42</ele>
   </trkpt>
   <trkpt lat="38.50410000731547" lon="-76.1803133277293">
    <ele>1.51</ele>
   </trkpt>
   <trkpt lat="38.50432" lon="-76.18124">
    <ele>1.4800000000000002</ele>
   </trkpt>
   <trkpt lat="38.50449667345673" lon="-76.18213332897106">
    <ele>1.4700000000000002</ele>
   </trkpt>
   <trkpt lat="38.50467334012749" lon="-76.18302666232499">
    <ele>1.41</ele>
   </trkpt>
   <trkpt lat="38.504850000000005" lon="-76.18392">
    <ele>1.36</ele>
   </trkpt>
   <trkpt lat="38.50498" lon="-76.18437">
    <ele>1.4400000000000002</ele>
   </trkpt>
   <trkpt lat="38.505210000000005" lon="-76.185">
    <ele>1.4400000000000002</ele>
   </trkpt>
   <trkpt lat="38.505660000000006" lon="-76.18594">
    <ele>1.4000000000000001</ele>
   </trkpt>
   <trkpt lat="38.50592" lon="-76.18638">
    <ele>1.4000000000000001</ele>
   </trkpt>
   <trkpt lat="38.506420000000006" lon="-76.18709000000001">
    <ele>1.41</ele>
   </trkpt>
   <trkpt lat="38.507003342489824" lon="-76.18774664005804">
    <ele>1.26</ele>
   </trkpt>
   <trkpt lat="38.50758668131309" lon="-76.18840329075444">
    <ele>1.3</ele>
   </trkpt>
   <trkpt lat="38.50817001646966" lon="-76.18905995208951">
    <ele>1.3</ele>
   </trkpt>
   <trkpt lat="38.50875334795943" lon="-76.1897166240636">
    <ele>1.41</ele>
   </trkpt>
   <trkpt lat="38.50933667578223" lon="-76.19037330667703">
    <ele>1.53</ele>
   </trkpt>
   <trkpt lat="38.50992" lon="-76.19103000000001">
    <ele>1.6300000000000001</ele>
   </trkpt>
   <trkpt lat="38.510345001172524" lon="-76.19152999717768">
    <ele>1.8200000000000003</ele>
   </trkpt>
   <trkpt lat="38.51077" lon="-76.19203">
    <ele>1.75</ele>
   </trkpt>
   <trkpt lat="38.511115001115996" lon="-76.19253499762662">
    <ele>1.76</ele>
   </trkpt>
   <trkpt lat="38.51146000000001" lon="-76.19304000000001">
    <ele>1.6500000000000001</ele>
   </trkpt>
   <trkpt lat="38.51180500183835" lon="-76.19366499732668">
    <ele>1.67</ele>
   </trkpt>
   <trkpt lat="38.512150000000005" lon="-76.19429000000001">
    <ele>1.56</ele>
   </trkpt>
   <trkpt lat="38.51245500217692" lon="-76.19501499679092">
    <ele>1.4500000000000002</ele>
   </trkpt>
   <trkpt lat="38.51276" lon="-76.19574">
    <ele>1.6300000000000001</ele>
   </trkpt>
   <trkpt lat="38.51308" lon="-76.19672000000001">
    <ele>1.53</ele>
   </trkpt>
   <trkpt lat="38.5133033378741" lon="-76.19744999550063">
    <ele>1.4900000000000002</ele>
   </trkpt>
   <trkpt lat="38.51352667121651" lon="-76.19817999553024">
    <ele>1.59</ele>
   </trkpt>
   <trkpt lat="38.51375" lon="-76.19891000000001">
    <ele>1.58</ele>
   </trkpt>
   <trkpt lat="38.514010000000006" lon="-76.1999">
    <ele>1.61</ele>
   </trkpt>
   <trkpt lat="38.514100000000006" lon="-76.20031">
    <ele>1.62</ele>
   </trkpt>
   <trkpt lat="38.5142" lon="-76.20129">
    <ele>1.55</ele>
   </trkpt>
   <trkpt lat="38.514230000000005" lon="-76.20201">
    <ele>1.4500000000000002</ele>
   </trkpt>
   <trkpt lat="38.51417" lon="-76.20307000000001">
    <ele>1.53</ele>
   </trkpt>
   <trkpt lat="38.514100000000006" lon="-76.20361000000001">
    <ele>1.3200000000000003</ele>
   </trkpt>
   <trkpt lat="38.513980000000004" lon="-76.2042">
    <ele>1.28</ele>
   </trkpt>
   <trkpt lat="38.51377" lon="-76.20500000000001">
    <ele>1.35</ele>
   </trkpt>
   <trkpt lat="38.51352" lon="-76.20568">
    <ele>1.4500000000000002</ele>
   </trkpt>
   <trkpt lat="38.51324" lon="-76.20631">
    <ele>1.4800000000000002</ele>
   </trkpt>
   <trkpt lat="38.51297" lon="-76.2068">
    <ele>1.4800000000000002</ele>
   </trkpt>
   <trkpt lat="38.51254" lon="-76.20743">
    <ele>1.42</ele>
   </trkpt>
   <trkpt lat="38.511930002871" lon="-76.20825500702064">
    <ele>1.2300000000000002</ele>
   </trkpt>
   <trkpt lat="38.511320000000005" lon="-76.20908">
    <ele>1.29</ele>
   </trkpt>
   <trkpt lat="38.51109" lon="-76.20943000000001">
    <ele>1.3200000000000003</ele>
   </trkpt>
   <trkpt lat="38.510780000000004" lon="-76.20996000000001">
    <ele>1.43</ele>
   </trkpt>
   <trkpt lat="38.51052" lon="-76.21048">
    <ele>1.37</ele>
   </trkpt>
   <trkpt lat="38.510200000000005" lon="-76.21127000000001">
    <ele>1.4500000000000002</ele>
   </trkpt>
   <trkpt lat="38.50989287947964" lon="-76.21220573823275">
    <ele>1.33</ele>
   </trkpt>
   <trkpt lat="38.50958575151345" lon="-76.21314146848312">
    <ele>1.2300000000000002</ele>
   </trkpt>
   <trkpt lat="38.50927861610163" lon="-76.21407719075104">
    <ele>1.28</ele>
   </trkpt>
   <trkpt lat="38.50897147324431" lon="-76.21501290503649">
    <ele>1.31</ele>
   </trkpt>
   <trkpt lat="38.50866432294163" lon="-76.21594861133944">
    <ele>1.28</ele>
   </trkpt>
   <trkpt lat="38.50835716519373" lon="-76.21688430965985">
    <ele>1.4000000000000001</ele>
   </trkpt>
   <trkpt lat="38.508050000000004" lon="-76.21782">
    <ele>1.3800000000000001</ele>
   </trkpt>
   <trkpt lat="38.50782" lon="-76.21857">
    <ele>1.52</ele>
   </trkpt>
   <trkpt lat="38.50765500170669" lon="-76.21920000137037">
    <ele>1.3800000000000001</ele>
   </trkpt>
   <trkpt lat="38.507490000000004" lon="-76.21983">
    <ele>1.26</ele>
   </trkpt>
   <trkpt lat="38.507345001955066" lon="-76.22050500127602">
    <ele>1.24</ele>
   </trkpt>
   <trkpt lat="38.507200000000005" lon="-76.22118">
    <ele>1.37</ele>
   </trkpt>
   <trkpt lat="38.507050002851436" lon="-76.22199500154915">
    <ele>1.3800000000000001</ele>
   </trkpt>
   <trkpt lat="38.5069" lon="-76.22281000000001">
    <ele>1.43</ele>
   </trkpt>
   <trkpt lat="38.50667" lon="-76.22374">
    <ele>1.3800000000000001</ele>
   </trkpt>
   <trkpt lat="38.506402012524475" lon="-76.22459801275727">
    <ele>1.2100000000000002</ele>
   </trkpt>
   <trkpt lat="38.5061340187889" lon="-76.22545601912861">
    <ele>1.1300000000000001</ele>
   </trkpt>
   <trkpt lat="38.50586601879338" lon="-76.22631401911397">
    <ele>1.2300000000000002</ele>
   </trkpt>
   <trkpt lat="38.50559801253802" lon="-76.22717201271334">
    <ele>1.24</ele>
   </trkpt>
   <trkpt lat="38.50533" lon="-76.22803">
    <ele>1.24</ele>
   </trkpt>
   <trkpt lat="38.50501751412224" lon="-76.22908251372526">
    <ele>1.29</ele>
   </trkpt>
   <trkpt lat="38.5047050188247" lon="-76.23013501831667">
    <ele>1.34</ele>
   </trkpt>
   <trkpt lat="38.504392514107565" lon="-76.23118751377415">
    <ele>1.28</ele>
   </trkpt>
   <trkpt lat="38.50408" lon="-76.23224">
    <ele>1.27</ele>
   </trkpt>
   <trkpt lat="38.503846672208894" lon="-76.2330466718622">
    <ele>1.16</ele>
   </trkpt>
   <trkpt lat="38.503613338884605" lon="-76.23385333849752">
    <ele>1.3</ele>
   </trkpt>
   <trkpt lat="38.50338" lon="-76.23466">
    <ele>1.34</ele>
   </trkpt>
   <trkpt lat="38.503150000000005" lon="-76.23575000000001">
    <ele>1.31</ele>
   </trkpt>
   <trkpt lat="38.502970000000005" lon="-76.23674000000001">
    <ele>1.34</ele>
   </trkpt>
   <trkpt lat="38.5028" lon="-76.23778">
    <ele>1.37</ele>
   </trkpt>
   <trkpt lat="38.50273" lon="-76.23813000000001">
    <ele>1.37</ele>
   </trkpt>
   <trkpt lat="38.50251" lon="-76.23893000000001">
    <ele>1.5</ele>
   </trkpt>
   <trkpt lat="38.502410000000005" lon="-76.23925000000001">
    <ele>1.5</ele>
   </trkpt>
   <trkpt lat="38.50214500178344" lon="-76.2398900022533">
    <ele>1.5700000000000003</ele>
   </trkpt>
   <trkpt lat="38.50188" lon="-76.24053">
    <ele>1.6500000000000001</ele>
   </trkpt>
   <trkpt lat="38.5016300015406" lon="-76.24110500168547">
    <ele>1.59</ele>
   </trkpt>
   <trkpt lat="38.501380000000005" lon="-76.24168">
    <ele>1.3900000000000001</ele>
   </trkpt>
   <trkpt lat="38.501070000000006" lon="-76.24235">
    <ele>1.35</ele>
   </trkpt>
   <trkpt lat="38.50078000139985" lon="-76.24291000212611">
    <ele>1.4600000000000002</ele>
   </trkpt>
   <trkpt lat="38.500490000000006" lon="-76.24347">
    <ele>1.6</ele>
   </trkpt>
   <trkpt lat="38.500020000000006" lon="-76.24426000000001">
    <ele>1.7300000000000002</ele>
   </trkpt>
   <trkpt lat="38.499770000000005" lon="-76.24461000000001">
    <ele>1.7000000000000002</ele>
   </trkpt>
   <trkpt lat="38.499300000000005" lon="-76.24526">
    <ele>1.62</ele>
   </trkpt>
   <trkpt lat="38.4988" lon="-76.24588">
    <ele>1.58</ele>
   </trkpt>
   <trkpt lat="38.49816736783557" lon="-76.24664142693713">
    <ele>1.59</ele>
   </trkpt>
   <trkpt lat="38.49753473074152" lon="-76.24740284050024">
    <ele>1.4800000000000002</ele>
   </trkpt>
   <trkpt lat="38.496902088718045" lon="-76.2481642406898">
    <ele>1.41</ele>
   </trkpt>
   <trkpt lat="38.49626944176534" lon="-76.24892562750622">
    <ele>1.5</ele>
   </trkpt>
   <trkpt lat="38.49563678988361" lon="-76.24968700094993">
    <ele>1.36</ele>
   </trkpt>
   <trkpt lat="38.49500413307305" lon="-76.2504483610214">
    <ele>1.31</ele>
   </trkpt>
   <trkpt lat="38.49437147133385" lon="-76.25120970772102">
    <ele>1.3800000000000001</ele>
   </trkpt>
   <trkpt lat="38.49373880466623" lon="-76.25197104104922">
    <ele>1.33</ele>
   </trkpt>
   <trkpt lat="38.49310613307037" lon="-76.25273236100647">
    <ele>1.41</ele>
   </trkpt>
   <trkpt lat="38.49247345654648" lon="-76.25349366759319">
    <ele>1.68</ele>
   </trkpt>
   <trkpt lat="38.491840775094744" lon="-76.2542549608098">
    <ele>1.59</ele>
   </trkpt>
   <trkpt lat="38.491208088715354" lon="-76.25501624065674">
    <ele>1.4500000000000002</ele>
   </trkpt>
   <trkpt lat="38.490575397408534" lon="-76.25577750713445">
    <ele>1.43</ele>
   </trkpt>
   <trkpt lat="38.48994270117446" lon="-76.25653876024336">
    <ele>1.4000000000000001</ele>
   </trkpt>
   <trkpt lat="38.48931" lon="-76.2573">
    <ele>1.5700000000000003</ele>
   </trkpt>
   <trkpt lat="38.48908" lon="-76.25765000000001">
    <ele>1.4400000000000002</ele>
   </trkpt>
   <trkpt lat="38.488820000000004" lon="-76.25811">
    <ele>1.4000000000000001</ele>
   </trkpt>
   <trkpt lat="38.48868" lon="-76.25843">
    <ele>1.51</ele>
   </trkpt>
   <trkpt lat="38.488440000000004" lon="-76.25909">
    <ele>1.4900000000000002</ele>
   </trkpt>
   <trkpt lat="38.48828" lon="-76.25976">
    <ele>1.4700000000000002</ele>
   </trkpt>
   <trkpt lat="38.48821" lon="-76.26034">
    <ele>1.4800000000000002</ele>
   </trkpt>
   <trkpt lat="38.488200000000006" lon="-76.2612">
    <ele>1.51</ele>
   </trkpt>
   <trkpt lat="38.48826750970496" lon="-76.26207249750243">
    <ele>1.93</ele>
   </trkpt>
   <trkpt lat="38.488335012937625" lon="-76.26294499663955">
    <ele>2.06</ele>
   </trkpt>
   <trkpt lat="38.488402509697934" lon="-76.26381749741124">
    <ele>1.5700000000000003</ele>
   </trkpt>
   <trkpt lat="38.48847000000001" lon="-76.26469">
    <ele>1.4000000000000001</ele>
   </trkpt>
   <trkpt lat="38.48849000155416" lon="-76.26529499977609">
    <ele>1.59</ele>
   </trkpt>
   <trkpt lat="38.488510000000005" lon="-76.2659">
    <ele>1.5700000000000003</ele>
   </trkpt>
   <trkpt lat="38.48845" lon="-76.26693">
    <ele>1.53</ele>
   </trkpt>
   <trkpt lat="38.488400000000006" lon="-76.26737">
    <ele>1.58</ele>
   </trkpt>
   <trkpt lat="38.48827" lon="-76.26814">
    <ele>1.61</ele>
   </trkpt>
   <trkpt lat="38.488040000000005" lon="-76.26919000000001">
    <ele>1.7000000000000002</ele>
   </trkpt>
   <trkpt lat="38.48784667228761" lon="-76.27000333771147">
    <ele>1.55</ele>
   </trkpt>
   <trkpt lat="38.487653338950906" lon="-76.27081667105885">
    <ele>1.55</ele>
   </trkpt>
   <trkpt lat="38.487460000000006" lon="-76.27163">
    <ele>1.7200000000000002</ele>
   </trkpt>
   <trkpt lat="38.487260000000006" lon="-76.27231">
    <ele>1.7100000000000002</ele>
   </trkpt>
   <trkpt lat="38.486990000000006" lon="-76.27288">
    <ele>1.6900000000000002</ele>
   </trkpt>
   <trkpt lat="38.48675" lon="-76.27323000000001">
    <ele>1.7000000000000002</ele>
   </trkpt>
   <trkpt lat="38.486630000000005" lon="-76.27337">
    <ele>1.7300000000000002</ele>
   </trkpt>
   <trkpt lat="38.48635" lon="-76.27364">
    <ele>1.7200000000000002</ele>
   </trkpt>
   <trkpt lat="38.485652867135826" lon="-76.27426575059552">
    <ele>1.5700000000000003</ele>
   </trkpt>
   <trkpt lat="38.48495573094265" lon="-76.27489148908498">
    <ele>1.5</ele>
   </trkpt>
   <trkpt lat="38.484258591420605" lon="-76.27551721546885">
    <ele>1.37</ele>
   </trkpt>
   <trkpt lat="38.483561448569844" lon="-76.27614292974762">
    <ele>1.36</ele>
   </trkpt>
   <trkpt lat="38.48286430239051" lon="-76.27676863192175">
    <ele>1.35</ele>
   </trkpt>
   <trkpt lat="38.48216715288275" lon="-76.27739432199175">
    <ele>1.2000000000000002</ele>
   </trkpt>
   <trkpt lat="38.48147" lon="-76.27802000000001">
    <ele>1.4600000000000002</ele>
   </trkpt>
   <trkpt lat="38.48084" lon="-76.27853">
    <ele>1.6900000000000002</ele>
   </trkpt>
   <trkpt lat="38.48046" lon="-76.27875">
    <ele>1.87</ele>
   </trkpt>
   <trkpt lat="38.48008" lon="-76.27889">
    <ele>1.75</ele>
   </trkpt>
   <trkpt lat="38.4794833336212" lon="-76.2790633361934">
    <ele>1.51</ele>
   </trkpt>
   <trkpt lat="38.478886666986966" lon="-76.27923666951729">
    <ele>1.35</ele>
   </trkpt>
   <trkpt lat="38.47829" lon="-76.27941000000001">
    <ele>1.9200000000000002</ele>
   </trkpt>
   <trkpt lat="38.47816" lon="-76.27896000000001">
    <ele>1.4000000000000001</ele>
   </trkpt>
   <trkpt lat="38.47802" lon="-76.27875">
    <ele>0.8600000000000001</ele>
   </trkpt>
   <trkpt lat="38.47771" lon="-76.27847000000001">
    <ele>0.62</ele>
   </trkpt>
   <trkpt lat="38.477074004565424" lon="-76.27795198172296">
    <ele>0.64</ele>
   </trkpt>
   <trkpt lat="38.476438006849605" lon="-76.27743397258604">
    <ele>0.8200000000000001</ele>
   </trkpt>
   <trkpt lat="38.47580200685261" lon="-76.27691597258892">
    <ele>0.92</ele>
   </trkpt>
   <trkpt lat="38.47516600457456" lon="-76.27639798173122">
    <ele>0.5700000000000001</ele>
   </trkpt>
   <trkpt lat="38.47453" lon="-76.27588">
    <ele>0.22</ele>
   </trkpt>
   <trkpt lat="38.47433" lon="-76.2757">
    <ele>0.25</ele>
   </trkpt>
   <trkpt lat="38.474030000683776" lon="-76.27525499791406">
    <ele>0.39</ele>
   </trkpt>
   <trkpt lat="38.47373" lon="-76.27481">
    <ele>0.67</ele>
   </trkpt>
   <trkpt lat="38.473345000687125" lon="-76.27440999787137">
    <ele>0.8</ele>
   </trkpt>
   <trkpt lat="38.47296" lon="-76.27401">
    <ele>0.9500000000000001</ele>
   </trkpt>
   <trkpt lat="38.47237000391128" lon="-76.27333332228085">
    <ele>1.12</ele>
   </trkpt>
   <trkpt lat="38.47178000393004" lon="-76.27265665563586">
    <ele>1.04</ele>
   </trkpt>
   <trkpt lat="38.47119" lon="-76.27198">
    <ele>0.9700000000000001</ele>
   </trkpt>
   <trkpt lat="38.4707" lon="-76.27149">
    <ele>0.8</ele>
   </trkpt>
   <trkpt lat="38.470315001203375" lon="-76.270974997352">
    <ele>0.53</ele>
   </trkpt>
   <trkpt lat="38.469930000000005" lon="-76.27046">
    <ele>0.46</ele>
   </trkpt>
   <trkpt lat="38.469640000000005" lon="-76.27016">
    <ele>0.5700000000000001</ele>
   </trkpt>
   <trkpt lat="38.46889500137222" lon="-76.26959499417448">
    <ele>0.7200000000000001</ele>
   </trkpt>
   <trkpt lat="38.46815" lon="-76.26903">
    <ele>0.93</ele>
   </trkpt>
   <trkpt lat="38.468" lon="-76.26894">
    <ele>0.7400000000000001</ele>
   </trkpt>
   <trkpt lat="38.46791" lon="-76.2689">
    <ele>0.7400000000000001</ele>
   </trkpt>
   <trkpt lat="38.467800000000004" lon="-76.2689">
    <ele>0.67</ele>
   </trkpt>
   <trkpt lat="38.467110000000005" lon="-76.26898000000001">
    <ele>0.51</ele>
   </trkpt>
   <trkpt lat="38.46701" lon="-76.26895">
    <ele>0.51</ele>
   </trkpt>
   <trkpt lat="38.46676" lon="-76.26886">
    <ele>0.56</ele>
   </trkpt>
   <trkpt lat="38.466185003052345" lon="-76.26837498844402">
    <ele>0.48000000000000004</ele>
   </trkpt>
   <trkpt lat="38.46561000410506" lon="-76.26788998462197">
    <ele>0.43000000000000005</ele>
   </trkpt>
   <trkpt lat="38.465035003158214" lon="-76.26740498853363">
    <ele>0.44</ele>
   </trkpt>
   <trkpt lat="38.46446" lon="-76.26692000000001">
    <ele>0.34</ele>
   </trkpt>
   <trkpt lat="38.46393000109181" lon="-76.2664049961811">
    <ele>0.47000000000000003</ele>
   </trkpt>
   <trkpt lat="38.4634" lon="-76.26589000000001">
    <ele>0.52</ele>
   </trkpt>
   <trkpt lat="38.46313" lon="-76.26555">
    <ele>0.6100000000000001</ele>
   </trkpt>
   <trkpt lat="38.46266750678638" lon="-76.26481998594384">
    <ele>0.38</ele>
   </trkpt>
   <trkpt lat="38.46220500904277" lon="-76.26408998124967">
    <ele>0.22</ele>
   </trkpt>
   <trkpt lat="38.4617425067693" lon="-76.26335998591728">
    <ele>0.2</ele>
   </trkpt>
   <trkpt lat="38.46128" lon="-76.26263">
    <ele>0.18000000000000002</ele>
   </trkpt>
   <trkpt lat="38.460800000000006" lon="-76.26196">
    <ele>0.55</ele>
   </trkpt>
   <trkpt lat="38.46013000464182" lon="-76.2612199862391">
    <ele>1.03</ele>
   </trkpt>
   <trkpt lat="38.45946000462881" lon="-76.26047998622496">
    <ele>1.12</ele>
   </trkpt>
   <trkpt lat="38.45879" lon="-76.25974000000001">
    <ele>1.01</ele>
   </trkpt>
   <trkpt lat="38.45832500101461" lon="-76.25927499709826">
    <ele>1.06</ele>
   </trkpt>
   <trkpt lat="38.457860000000004" lon="-76.25881000000001">
    <ele>0.81</ele>
   </trkpt>
   <trkpt lat="38.45727500140186" lon="-76.25825499558744">
    <ele>0.65</ele>
   </trkpt>
   <trkpt lat="38.45669" lon="-76.2577">
    <ele>0.4900000000000001</ele>
   </trkpt>
   <trkpt lat="38.456520000000005" lon="-76.25752">
    <ele>0.6600000000000001</ele>
   </trkpt>
   <trkpt lat="38.45628000000001" lon="-76.25720000000001">
    <ele>0.71</ele>
   </trkpt>
   <trkpt lat="38.45598000072895" lon="-76.25673499777186">
    <ele>0.63</ele>
   </trkpt>
   <trkpt lat="38.45568" lon="-76.25627">
    <ele>0.5700000000000001</ele>
   </trkpt>
   <trkpt lat="38.45548" lon="-76.256">
    <ele>0.54</ele>
   </trkpt>
   <trkpt lat="38.455310000000004" lon="-76.25579">
    <ele>0.54</ele>
   </trkpt>
   <trkpt lat="38.45485500090567" lon="-76.25533499715635">
    <ele>0.52</ele>
   </trkpt>
   <trkpt lat="38.4544" lon="-76.25488">
    <ele>0.6000000000000001</ele>
   </trkpt>
   <trkpt lat="38.45405" lon="-76.25439">
    <ele>0.7000000000000001</ele>
   </trkpt>
   <trkpt lat="38.453900000000004" lon="-76.25399">
    <ele>0.8700000000000001</ele>
   </trkpt>
   <trkpt lat="38.45371" lon="-76.25314">
    <ele>1.35</ele>
   </trkpt>
   <trkpt lat="38.453660000000006" lon="-76.253">
    <ele>1.3</ele>
   </trkpt>
   <trkpt lat="38.45327" lon="-76.25250000000001">
    <ele>1.1400000000000001</ele>
   </trkpt>
   <trkpt lat="38.45268" lon="-76.25184">
    <ele>1.06</ele>
   </trkpt>
   <trkpt lat="38.452420000000004" lon="-76.25148">
    <ele>1.09</ele>
   </trkpt>
   <trkpt lat="38.452065001088634" lon="-76.25094499717522">
    <ele>0.7300000000000001</ele>
   </trkpt>
   <trkpt lat="38.451710000000006" lon="-76.25041">
    <ele>0.64</ele>
   </trkpt>
   <trkpt lat="38.45133333794658" lon="-76.24967332564364">
    <ele>0.6000000000000001</ele>
   </trkpt>
   <trkpt lat="38.45095667128052" lon="-76.24893665897831">
    <ele>0.67</ele>
   </trkpt>
   <trkpt lat="38.45058" lon="-76.24820000000001">
    <ele>0.78</ele>
   </trkpt>
   <trkpt lat="38.45014667256083" lon="-76.24736665664201">
    <ele>0.6100000000000001</ele>
   </trkpt>
   <trkpt lat="38.44971333921911" lon="-76.24653332329271">
    <ele>0.77</ele>
   </trkpt>
   <trkpt lat="38.44928" lon="-76.2457">
    <ele>0.78</ele>
   </trkpt>
   <trkpt lat="38.449090000000005" lon="-76.24521">
    <ele>0.81</ele>
   </trkpt>
   <trkpt lat="38.44879" lon="-76.24427">
    <ele>0.5</ele>
   </trkpt>
   <trkpt lat="38.44863" lon="-76.2437">
    <ele>0.4</ele>
   </trkpt>
   <trkpt lat="38.448600000000006" lon="-76.24352">
    <ele>0.4</ele>
   </trkpt>
   <trkpt lat="38.44853000278514" lon="-76.24270999917843">
    <ele>0.24000000000000002</ele>
   </trkpt>
   <trkpt lat="38.448460000000004" lon="-76.2419">
    <ele>0.41000000000000003</ele>
   </trkpt>
   <trkpt lat="38.44833500181382" lon="-76.24124499881607">
    <ele>0.37000000000000005</ele>
   </trkpt>
   <trkpt lat="38.44821" lon="-76.24059000000001">
    <ele>0.52</ele>
   </trkpt>
   <trkpt lat="38.448080000000004" lon="-76.2402">
    <ele>0.48000000000000004</ele>
   </trkpt>
   <trkpt lat="38.44789" lon="-76.23992000000001">
    <ele>0.48000000000000004</ele>
   </trkpt>
   <trkpt lat="38.44776" lon="-76.23976">
    <ele>0.48000000000000004</ele>
   </trkpt>
   <trkpt lat="38.447430000000004" lon="-76.23948">
    <ele>0.45</ele>
   </trkpt>
   <trkpt lat="38.446895001759565" lon="-76.23883499520831">
    <ele>0.7000000000000001</ele>
   </trkpt>
   <trkpt lat="38.446360000000006" lon="-76.23819">
    <ele>0.52</ele>
   </trkpt>
   <trkpt lat="38.4456740092041" lon="-76.23745397201287">
    <ele>0.43000000000000005</ele>
   </trkpt>
   <trkpt lat="38.444988013803915" lon="-76.23671795801765">
    <ele>0.51</ele>
   </trkpt>
   <trkpt lat="38.444302013799664" lon="-76.23598195801382">
    <ele>0.79</ele>
   </trkpt>
   <trkpt lat="38.44361600919155" lon="-76.23524597200087">
    <ele>0.8600000000000001</ele>
   </trkpt>
   <trkpt lat="38.442930000000004" lon="-76.23451">
    <ele>0.78</ele>
   </trkpt>
   <trkpt lat="38.44259" lon="-76.23419000000001">
    <ele>0.7300000000000001</ele>
   </trkpt>
   <trkpt lat="38.442260000000005" lon="-76.23391000000001">
    <ele>0.56</ele>
   </trkpt>
   <trkpt lat="38.44225" lon="-76.23391000000001">
    <ele>0.56</ele>
   </trkpt>
   <trkpt lat="38.441950000000006" lon="-76.2338">
    <ele>0.47000000000000003</ele>
   </trkpt>
   <trkpt lat="38.44149500012544" lon="-76.23377499984916">
    <ele>0.45</ele>
   </trkpt>
   <trkpt lat="38.44104" lon="-76.23375">
    <ele>0.58</ele>
   </trkpt>
   <trkpt lat="38.440870000000004" lon="-76.23375">
    <ele>0.58</ele>
   </trkpt>
   <trkpt lat="38.44073" lon="-76.2338">
    <ele>0.6000000000000001</ele>
   </trkpt>
   <trkpt lat="38.44057" lon="-76.23398">
    <ele>0.58</ele>
   </trkpt>
   <trkpt lat="38.44041" lon="-76.23468000000001">
    <ele>0.48000000000000004</ele>
   </trkpt>
   <trkpt lat="38.440360000000005" lon="-76.23479">
    <ele>0.48000000000000004</ele>
   </trkpt>
   <trkpt lat="38.440220000000004" lon="-76.23505">
    <ele>0.39</ele>
   </trkpt>
   <trkpt lat="38.43999" lon="-76.23528">
    <ele>0.29</ele>
   </trkpt>
   <trkpt lat="38.43986" lon="-76.23537">
    <ele>0.25</ele>
   </trkpt>
   <trkpt lat="38.43967000000001" lon="-76.23545">
    <ele>0.25</ele>
   </trkpt>
   <trkpt lat="38.439510000000006" lon="-76.2355">
    <ele>0.18000000000000002</ele>
   </trkpt>
   <trkpt lat="38.43887999983593" lon="-76.23556500058605">
    <ele>0.08</ele>
   </trkpt>
   <trkpt lat="38.438250000000004" lon="-76.23563">
    <ele>0.05</ele>
   </trkpt>
   <trkpt lat="38.437670000000004" lon="-76.23582">
    <ele>0.08</ele>
   </trkpt>
   <trkpt lat="38.43693666686851" lon="-76.23596666964248">
    <ele>0.05</ele>
   </trkpt>
   <trkpt lat="38.436203333554204" lon="-76.23611333630531">
    <ele>0.34</ele>
   </trkpt>
   <trkpt lat="38.43547" lon="-76.23626">
    <ele>0.28</ele>
   </trkpt>
   <trkpt lat="38.43511" lon="-76.2363">
    <ele>0.35000000000000003</ele>
   </trkpt>
   <trkpt lat="38.43477" lon="-76.23626">
    <ele>0.54</ele>
   </trkpt>
   <trkpt lat="38.4341200010339" lon="-76.23598249252767">
    <ele>0.45</ele>
   </trkpt>
   <trkpt lat="38.433470001413326" lon="-76.23570499005189">
    <ele>0.29</ele>
   </trkpt>
   <trkpt lat="38.43282000113834" lon="-76.23542749257244">
    <ele>0.31</ele>
   </trkpt>
   <trkpt lat="38.432170000000006" lon="-76.23515">
    <ele>0.4</ele>
   </trkpt>
   <trkpt lat="38.431990000000006" lon="-76.2351">
    <ele>0.46</ele>
   </trkpt>
   <trkpt lat="38.431830000000005" lon="-76.23508000000001">
    <ele>0.44</ele>
   </trkpt>
   <trkpt lat="38.43164" lon="-76.23509">
    <ele>0.22</ele>
   </trkpt>
   <trkpt lat="38.431490000000004" lon="-76.2351">
    <ele>0.22</ele>
   </trkpt>
   <trkpt lat="38.43131" lon="-76.23518">
    <ele>0.0</ele>
   </trkpt>
   <trkpt lat="38.43097" lon="-76.23536">
    <ele>-0.02</ele>
   </trkpt>
   <trkpt lat="38.430580000000006" lon="-76.23564">
    <ele>0.030000000000000002</ele>
   </trkpt>
   <trkpt lat="38.43039" lon="-76.23585">
    <ele>-0.04</ele>
   </trkpt>
   <trkpt lat="38.429856671798674" lon="-76.23663001157757">
    <ele>0.08</ele>
   </trkpt>
   <trkpt lat="38.429323338427" lon="-76.2374100116335">
    <ele>0.01</ele>
   </trkpt>
   <trkpt lat="38.428790000000006" lon="-76.23819">
    <ele>0.23</ele>
   </trkpt>
   <trkpt lat="38.42851" lon="-76.2385">
    <ele>0.32</ele>
   </trkpt>
   <trkpt lat="38.42837" lon="-76.23859">
    <ele>0.32</ele>
   </trkpt>
   <trkpt lat="38.42821" lon="-76.23868">
    <ele>0.33000000000000007</ele>
   </trkpt>
   <trkpt lat="38.42797" lon="-76.23876">
    <ele>0.29</ele>
   </trkpt>
   <trkpt lat="38.42746999994092" lon="-76.23885000063994">
    <ele>0.29</ele>
   </trkpt>
   <trkpt lat="38.426970000000004" lon="-76.23894">
    <ele>0.22</ele>
   </trkpt>
   <trkpt lat="38.42678" lon="-76.23903">
    <ele>0.22</ele>
   </trkpt>
   <trkpt lat="38.42669" lon="-76.23909">
    <ele>0.13</ele>
   </trkpt>
   <trkpt lat="38.42645" lon="-76.23935">
    <ele>0.08</ele>
   </trkpt>
   <trkpt lat="38.42606" lon="-76.24006">
    <ele>0.17</ele>
   </trkpt>
   <trkpt lat="38.425990000000006" lon="-76.24015">
    <ele>0.17</ele>
   </trkpt>
   <trkpt lat="38.42578" lon="-76.24033">
    <ele>0.18000000000000002</ele>
   </trkpt>
   <trkpt lat="38.42531" lon="-76.2406">
    <ele>0.24000000000000002</ele>
   </trkpt>
   <trkpt lat="38.424730000000004" lon="-76.24087">
    <ele>0.51</ele>
   </trkpt>
   <trkpt lat="38.42446" lon="-76.24096">
    <ele>0.6600000000000001</ele>
   </trkpt>
   <trkpt lat="38.42419" lon="-76.241">
    <ele>0.6600000000000001</ele>
   </trkpt>
   <trkpt lat="38.42396" lon="-76.24095000000001">
    <ele>0.92</ele>
   </trkpt>
   <trkpt lat="38.423700000000004" lon="-76.24078">
    <ele>1.1500000000000001</ele>
   </trkpt>
   <trkpt lat="38.42354" lon="-76.24063000000001">
    <ele>1.1500000000000001</ele>
   </trkpt>
   <trkpt lat="38.42329" lon="-76.24043">
    <ele>1.1300000000000001</ele>
   </trkpt>
   <trkpt lat="38.42262500146202" lon="-76.23984499462115">
    <ele>1.27</ele>
   </trkpt>
   <trkpt lat="38.421960000000006" lon="-76.23926">
    <ele>1.28</ele>
   </trkpt>
   <trkpt lat="38.421525000371695" lon="-76.23898499837577">
    <ele>1.2100000000000002</ele>
   </trkpt>
   <trkpt lat="38.42109000000001" lon="-76.23871000000001">
    <ele>1.07</ele>
   </trkpt>
   <trkpt lat="38.42042750212687" lon="-76.23829998870968">
    <ele>1.1</ele>
   </trkpt>
   <trkpt lat="38.419765002825265" lon="-76.23788998493991">
    <ele>1.18</ele>
   </trkpt>
   <trkpt lat="38.41910250209523" lon="-76.23747998869042">
    <ele>1.06</ele>
   </trkpt>
   <trkpt lat="38.418440000000004" lon="-76.23707">
    <ele>1.06</ele>
   </trkpt>
   <trkpt lat="38.418260000000004" lon="-76.23694">
    <ele>1.06</ele>
   </trkpt>
   <trkpt lat="38.417780000401535" lon="-76.2366649982188">
    <ele>1.08</ele>
   </trkpt>
   <trkpt lat="38.417300000000004" lon="-76.23639">
    <ele>1.2000000000000002</ele>
   </trkpt>
   <trkpt lat="38.417060000000006" lon="-76.23626">
    <ele>1.16</ele>
   </trkpt>
   <trkpt lat="38.41655" lon="-76.23608">
    <ele>0.92</ele>
   </trkpt>
   <trkpt lat="38.41575" lon="-76.23577">
    <ele>0.9700000000000001</ele>
   </trkpt>
   <trkpt lat="38.415670000000006" lon="-76.23572">
    <ele>1.03</ele>
   </trkpt>
   <trkpt lat="38.41507000119234" lon="-76.23520499577943">
    <ele>1.01</ele>
   </trkpt>
   <trkpt lat="38.41447" lon="-76.23469">
    <ele>1.09</ele>
   </trkpt>
   <trkpt lat="38.41395000094194" lon="-76.2342849972761">
    <ele>1.11</ele>
   </trkpt>
   <trkpt lat="38.413430000000005" lon="-76.23388">
    <ele>0.9800000000000002</ele>
   </trkpt>
   <trkpt lat="38.413320000000006" lon="-76.23375">
    <ele>0.89</ele>
   </trkpt>
   <trkpt lat="38.41290666939029" lon="-76.23318332684356">
    <ele>0.65</ele>
   </trkpt>
   <trkpt lat="38.412493336052066" lon="-76.23261666017025">
    <ele>0.7400000000000001</ele>
   </trkpt>
   <trkpt lat="38.41208" lon="-76.23205">
    <ele>0.6600000000000001</ele>
   </trkpt>
   <trkpt lat="38.41192" lon="-76.23192">
    <ele>0.6600000000000001</ele>
   </trkpt>
   <trkpt lat="38.41107750031878" lon="-76.23176249449158">
    <ele>0.5700000000000001</ele>
   </trkpt>
   <trkpt lat="38.410235000426795" lon="-76.2316049926559">
    <ele>0.8300000000000001</ele>
   </trkpt>
   <trkpt lat="38.40939250032402" lon="-76.23144749449277">
    <ele>0.64</ele>
   </trkpt>
   <trkpt lat="38.408550000000005" lon="-76.23129">
    <ele>0.53</ele>
   </trkpt>
   <trkpt lat="38.40782000006654" lon="-76.23121999929731">
    <ele>0.53</ele>
   </trkpt>
   <trkpt lat="38.407090000000004" lon="-76.23115">
    <ele>0.34</ele>
   </trkpt>
   <trkpt lat="38.4069" lon="-76.23111">
    <ele>0.34</ele>
   </trkpt>
   <trkpt lat="38.40617" lon="-76.2308">
    <ele>0.43000000000000005</ele>
   </trkpt>
   <trkpt lat="38.405910000000006" lon="-76.23071">
    <ele>0.39</ele>
   </trkpt>
   <trkpt lat="38.40520666669126" lon="-76.23064999883175">
    <ele>0.31</ele>
   </trkpt>
   <trkpt lat="38.404503333351904" lon="-76.23058999883125">
    <ele>0.36000000000000004</ele>
   </trkpt>
   <trkpt lat="38.403800000000004" lon="-76.23053">
    <ele>0.43000000000000005</ele>
   </trkpt>
   <trkpt lat="38.403670000000005" lon="-76.23048">
    <ele>0.43000000000000005</ele>
   </trkpt>
   <trkpt lat="38.40357" lon="-76.23043000000001">
    <ele>0.43000000000000005</ele>
   </trkpt>
   <trkpt lat="38.40316" lon="-76.23001000000001">
    <ele>0.46</ele>
   </trkpt>
   <trkpt lat="38.402800000000006" lon="-76.22968">
    <ele>0.29</ele>
   </trkpt>
   <trkpt lat="38.40261" lon="-76.22954">
    <ele>0.13</ele>
   </trkpt>
   <trkpt lat="38.40238" lon="-76.22941">
    <ele>0.13</ele>
   </trkpt>
   <trkpt lat="38.40216" lon="-76.22936">
    <ele>0.13</ele>
   </trkpt>
   <trkpt lat="38.40144000013153" lon="-76.2292499989166">
    <ele>-0.11</ele>
   </trkpt>
   <trkpt lat="38.40072" lon="-76.22914">
    <ele>-0.08</ele>
   </trkpt>
   <trkpt lat="38.40025000000414" lon="-76.22897999892413">
    <ele>-0.16</ele>
   </trkpt>
   <trkpt lat="38.39978" lon="-76.22882000000001">
    <ele>-0.19</ele>
   </trkpt>
   <trkpt lat="38.399460000000005" lon="-76.22878">
    <ele>-0.16</ele>
   </trkpt>
   <trkpt lat="38.399080000000005" lon="-76.22879">
    <ele>-0.16</ele>
   </trkpt>
   <trkpt lat="38.398230000000005" lon="-76.22892">
    <ele>0.21</ele>
   </trkpt>
   <trkpt lat="38.39792500137657" lon="-76.22833999745335">
    <ele>-0.4</ele>
   </trkpt>
   <trkpt lat="38.39762" lon="-76.22776">
    <ele>-0.36000000000000004</ele>
   </trkpt>
   <trkpt lat="38.3973" lon="-76.22691">
    <ele>0.46</ele>
   </trkpt>
   <trkpt lat="38.397330000000004" lon="-76.22624">
    <ele>0.16</ele>
   </trkpt>
   <trkpt lat="38.39732" lon="-76.22529">
    <ele>0.4900000000000001</ele>
   </trkpt>
   <trkpt lat="38.39725500142156" lon="-76.22471499963424">
    <ele>0.6100000000000001</ele>
   </trkpt>
   <trkpt lat="38.39719" lon="-76.22414">
    <ele>0.88</ele>
   </trkpt>
   <trkpt lat="38.3971" lon="-76.22363">
    <ele>0.67</ele>
   </trkpt>
   <trkpt lat="38.396980000000006" lon="-76.22318">
    <ele>0.38</ele>
   </trkpt>
   <trkpt lat="38.39669500230567" lon="-76.22244499713055">
    <ele>0.6000000000000001</ele>
   </trkpt>
   <trkpt lat="38.39641" lon="-76.22171">
    <ele>0.65</ele>
   </trkpt>
   <trkpt lat="38.396280000000004" lon="-76.22125000000001">
    <ele>0.36000000000000004</ele>
   </trkpt>
   <trkpt lat="38.39608667640017" lon="-76.2201799943143">
    <ele>-0.04</ele>
   </trkpt>
   <trkpt lat="38.395893343073425" lon="-76.21910999435093">
    <ele>0.2</ele>
   </trkpt>
   <trkpt lat="38.395700000000005" lon="-76.21804">
    <ele>0.58</ele>
   </trkpt>
   <trkpt lat="38.39552251156661" lon="-76.2170874930108">
    <ele>0.26</ele>
   </trkpt>
   <trkpt lat="38.3953450154253" lon="-76.21613499069824">
    <ele>0.46</ele>
   </trkpt>
   <trkpt lat="38.39516751157617" lon="-76.21518249306243">
    <ele>0.7000000000000001</ele>
   </trkpt>
   <trkpt lat="38.39499" lon="-76.21423">
    <ele>0.9</ele>
   </trkpt>
   <trkpt lat="38.394850000000005" lon="-76.21357">
    <ele>0.9100000000000001</ele>
   </trkpt>
   <trkpt lat="38.39472000000001" lon="-76.21312">
    <ele>0.9</ele>
   </trkpt>
   <trkpt lat="38.39440750772163" lon="-76.21234248996383">
    <ele>1.18</ele>
   </trkpt>
   <trkpt lat="38.39409501030747" lon="-76.21156498664838">
    <ele>1.24</ele>
   </trkpt>
   <trkpt lat="38.393782507757614" lon="-76.21078749005365">
    <ele>0.9800000000000002</ele>
   </trkpt>
   <trkpt lat="38.39347" lon="-76.21001000000001">
    <ele>0.8300000000000001</ele>
   </trkpt>
   <trkpt lat="38.39309667365698" lon="-76.20910332398675">
    <ele>0.44</ele>
   </trkpt>
   <trkpt lat="38.39272334033012" lon="-76.20819665733596">
    <ele>0.5</ele>
   </trkpt>
   <trkpt lat="38.39235" lon="-76.20729">
    <ele>0.51</ele>
   </trkpt>
   <trkpt lat="38.391935003233925" lon="-76.2064149949397">
    <ele>0.4900000000000001</ele>
   </trkpt>
   <trkpt lat="38.39152" lon="-76.20554">
    <ele>0.26</ele>
   </trkpt>
   <trkpt lat="38.39123500137389" lon="-76.20498499794014">
    <ele>0.1</ele>
   </trkpt>
   <trkpt lat="38.390950000000004" lon="-76.20443">
    <ele>0.02</ele>
   </trkpt>
   <trkpt lat="38.39065" lon="-76.20389">
    <ele>0.0</ele>
   </trkpt>
   <trkpt lat="38.39033500102837" lon="-76.20341499803642">
    <ele>0.27</ele>
   </trkpt>
   <trkpt lat="38.39002" lon="-76.20294000000001">
    <ele>0.7400000000000001</ele>
   </trkpt>
   <trkpt lat="38.389492009390366" lon="-76.20219597825117">
    <ele>0.25</ele>
   </trkpt>
   <trkpt lat="38.38896401407803" lon="-76.20145196736667">
    <ele>0.21</ele>
   </trkpt>
   <trkpt lat="38.388436014063174" lon="-76.20070796734622">
    <ele>0.6900000000000001</ele>
   </trkpt>
   <trkpt lat="38.38790800934594" lon="-76.19996397818956">
    <ele>0.77</ele>
   </trkpt>
   <trkpt lat="38.38738" lon="-76.19922000000001">
    <ele>0.48000000000000004</ele>
   </trkpt>
   <trkpt lat="38.38723" lon="-76.19887">
    <ele>0.48000000000000004</ele>
   </trkpt>
   <trkpt lat="38.387130000000006" lon="-76.19848">
    <ele>0.16</ele>
   </trkpt>
   <trkpt lat="38.387073339960686" lon="-76.19759666526308">
    <ele>0.16</ele>
   </trkpt>
   <trkpt lat="38.38701667329278" lon="-76.1967133319103">
    <ele>-0.25</ele>
   </trkpt>
   <trkpt lat="38.38696" lon="-76.19583">
    <ele>-0.04</ele>
   </trkpt>
   <trkpt lat="38.38693000000001" lon="-76.19566">
    <ele>0.19</ele>
   </trkpt>
   <trkpt lat="38.38780000065713" lon="-76.19538000673955">
    <ele>-0.44</ele>
   </trkpt>
   <trkpt lat="38.388670000648226" lon="-76.19510000674254">
    <ele>-0.29</ele>
   </trkpt>
   <trkpt lat="38.389540000000004" lon="-76.19482">
    <ele>0.24000000000000002</ele>
   </trkpt>
   <trkpt lat="38.39040000080809" lon="-76.19456750901">
    <ele>0.28</ele>
   </trkpt>
   <trkpt lat="38.39126000107455" lon="-76.19431501201441">
    <ele>0.13</ele>
   </trkpt>
   <trkpt lat="38.39212000079939" lon="-76.1940625090129">
    <ele>-0.02</ele>
   </trkpt>
   <trkpt lat="38.39298" lon="-76.19381">
    <ele>0.18000000000000002</ele>
   </trkpt>
   <trkpt lat="38.39334" lon="-76.19367000000001">
    <ele>-0.04</ele>
   </trkpt>
   <trkpt lat="38.39358" lon="-76.19346">
    <ele>-0.04</ele>
   </trkpt>
   <trkpt lat="38.39376" lon="-76.19323">
    <ele>-0.04</ele>
   </trkpt>
   <trkpt lat="38.39429500235263" lon="-76.1924750056835">
    <ele>-0.1</ele>
   </trkpt>
   <trkpt lat="38.394830000000006" lon="-76.19172">
    <ele>0.18000000000000002</ele>
   </trkpt>
   <trkpt lat="38.395355006793025" lon="-76.1909900158996">
    <ele>0.23</ele>
   </trkpt>
   <trkpt lat="38.39588000905878" lon="-76.19026002119783">
    <ele>0.17</ele>
   </trkpt>
   <trkpt lat="38.39640500679714" lon="-76.18953001589436">
    <ele>0.17</ele>
   </trkpt>
   <trkpt lat="38.396930000000005" lon="-76.1888">
    <ele>0.28</ele>
   </trkpt>
   <trkpt lat="38.39719" lon="-76.18858">
    <ele>0.32</ele>
   </trkpt>
   <trkpt lat="38.39769500066741" lon="-76.18820500256746">
    <ele>0.35000000000000003</ele>
   </trkpt>
   <trkpt lat="38.3982" lon="-76.18783">
    <ele>0.35000000000000003</ele>
   </trkpt>
   <trkpt lat="38.39871500073796" lon="-76.1874000031029">
    <ele>0.31</ele>
   </trkpt>
   <trkpt lat="38.39923" lon="-76.18697">
    <ele>0.37000000000000005</ele>
   </trkpt>
   <trkpt lat="38.399530000000006" lon="-76.18678000000001">
    <ele>0.37000000000000005</ele>
   </trkpt>
   <trkpt lat="38.40025333455053" lon="-76.18639334109987">
    <ele>0.19</ele>
   </trkpt>
   <trkpt lat="38.40097666783084" lon="-76.18600667446165">
    <ele>0.27</ele>
   </trkpt>
   <trkpt lat="38.401700000000005" lon="-76.18562">
    <ele>0.12000000000000001</ele>
   </trkpt>
   <trkpt lat="38.402300000000004" lon="-76.18532">
    <ele>0.31</ele>
   </trkpt>
   <trkpt lat="38.40261" lon="-76.18526">
    <ele>0.31</ele>
   </trkpt>
   <trkpt lat="38.40327499996371" lon="-76.18532999934999">
    <ele>0.17</ele>
   </trkpt>
   <trkpt lat="38.403940000000006" lon="-76.1854">
    <ele>0.19</ele>
   </trkpt>
   <trkpt lat="38.40449499996499" lon="-76.18537500019367">
    <ele>0.31</ele>
   </trkpt>
   <trkpt lat="38.40505" lon="-76.18535">
    <ele>0.25</ele>
   </trkpt>
   <trkpt lat="38.4056666667477" lon="-76.18542666536224">
    <ele>0.21</ele>
   </trkpt>
   <trkpt lat="38.406283333445465" lon="-76.18550333203275">
    <ele>0.01</ele>
   </trkpt>
   <trkpt lat="38.4069" lon="-76.18558">
    <ele>0.30000000000000004</ele>
   </trkpt>
   <trkpt lat="38.40733" lon="-76.18561000000001">
    <ele>0.30000000000000004</ele>
   </trkpt>
   <trkpt lat="38.40762" lon="-76.18557000000001">
    <ele>0.19</ele>
   </trkpt>
   <trkpt lat="38.40798" lon="-76.18548000000001">
    <ele>0.19</ele>
   </trkpt>
   <trkpt lat="38.40858500009723" lon="-76.18528000169839">
    <ele>0.16</ele>
   </trkpt>
   <trkpt lat="38.40919" lon="-76.18508">
    <ele>0.32</ele>
   </trkpt>
   <trkpt lat="38.409705000019365" lon="-76.18492500112951">
    <ele>0.27</ele>
   </trkpt>
   <trkpt lat="38.41022" lon="-76.18477">
    <ele>0.35000000000000003</ele>
   </trkpt>
   <trkpt lat="38.410836667008304" lon="-76.18457666995891">
    <ele>0.24000000000000002</ele>
   </trkpt>
   <trkpt lat="38.41145333369902" lon="-76.18438333661807">
    <ele>0.32</ele>
   </trkpt>
   <trkpt lat="38.41207" lon="-76.18419">
    <ele>0.22</ele>
   </trkpt>
   <trkpt lat="38.41237" lon="-76.18415">
    <ele>0.22</ele>
   </trkpt>
   <trkpt lat="38.412995000160514" lon="-76.18420499953726">
    <ele>0.27</ele>
   </trkpt>
   <trkpt lat="38.41362" lon="-76.18426000000001">
    <ele>0.2</ele>
   </trkpt>
   <trkpt lat="38.41382" lon="-76.18424">
    <ele>0.2</ele>
   </trkpt>
   <trkpt lat="38.41398" lon="-76.18415">
    <ele>0.22</ele>
   </trkpt>
   <trkpt lat="38.414500000000004" lon="-76.18361">
    <ele>0.24000000000000002</ele>
   </trkpt>
   <trkpt lat="38.414963335560095" lon="-76.18310333978204">
    <ele>0.17</ele>
   </trkpt>
   <trkpt lat="38.415426668938906" lon="-76.18259667306572">
    <ele>0.19</ele>
   </trkpt>
   <trkpt lat="38.415890000000005" lon="-76.18209">
    <ele>0.14</ele>
   </trkpt>
   <trkpt lat="38.41625500073171" lon="-76.18170500183751">
    <ele>0.13</ele>
   </trkpt>
   <trkpt lat="38.41662" lon="-76.18132">
    <ele>0.18000000000000002</ele>
   </trkpt>
   <trkpt lat="38.417176006284315" lon="-76.18071201871479">
    <ele>0.060000000000000005</ele>
   </trkpt>
   <trkpt lat="38.41773200942763" lon="-76.1801040280713">
    <ele>0.0</ele>
   </trkpt>
   <trkpt lat="38.41828800942986" lon="-76.17949602806927">
    <ele>0.30000000000000004</ele>
   </trkpt>
   <trkpt lat="38.418844006290875" lon="-76.17888801870842">
    <ele>0.32</ele>
   </trkpt>
   <trkpt lat="38.4194" lon="-76.17828">
    <ele>0.19</ele>
   </trkpt>
   <trkpt lat="38.41989" lon="-76.17782000000001">
    <ele>0.18000000000000002</ele>
   </trkpt>
   <trkpt lat="38.42018" lon="-76.17756">
    <ele>0.17</ele>
   </trkpt>
   <trkpt lat="38.420550000000006" lon="-76.17731">
    <ele>0.24000000000000002</ele>
   </trkpt>
   <trkpt lat="38.42128000361066" lon="-76.17689835412943">
    <ele>-0.16</ele>
   </trkpt>
   <trkpt lat="38.42201000578136" lon="-76.17648669993854">
    <ele>-0.16</ele>
   </trkpt>
   <trkpt lat="38.42274000651203" lon="-76.17607503742695">
    <ele>-0.01</ele>
   </trkpt>
   <trkpt lat="38.42347000580261" lon="-76.1756633665943">
    <ele>0.16</ele>
   </trkpt>
   <trkpt lat="38.424200003653034" lon="-76.17525168744022">
    <ele>0.35000000000000003</ele>
   </trkpt>
   <trkpt lat="38.42493" lon="-76.17484">
    <ele>0.44</ele>
   </trkpt>
   <trkpt lat="38.42513" lon="-76.17466">
    <ele>0.32</ele>
   </trkpt>
   <trkpt lat="38.4253" lon="-76.17443">
    <ele>0.36000000000000004</ele>
   </trkpt>
   <trkpt lat="38.425380000000004" lon="-76.17425">
    <ele>0.36000000000000004</ele>
   </trkpt>
   <trkpt lat="38.425535001295714" lon="-76.17369000133459">
    <ele>0.27</ele>
   </trkpt>
   <trkpt lat="38.42569" lon="-76.17313">
    <ele>0.29</ele>
   </trkpt>
   <trkpt lat="38.42578" lon="-76.17287">
    <ele>0.21</ele>
   </trkpt>
   <trkpt lat="38.42593" lon="-76.17263000000001">
    <ele>0.19</ele>
   </trkpt>
   <trkpt lat="38.426430001618456" lon="-76.17203000404734">
    <ele>0.24000000000000002</ele>
   </trkpt>
   <trkpt lat="38.426930000000006" lon="-76.17143">
    <ele>0.22</ele>
   </trkpt>
   <trkpt lat="38.42740500144626" lon="-76.17087500348977">
    <ele>0.19</ele>
   </trkpt>
   <trkpt lat="38.42788" lon="-76.17032">
    <ele>0.21</ele>
   </trkpt>
   <trkpt lat="38.428553338092954" lon="-76.1695700140089">
    <ele>0.29</ele>
   </trkpt>
   <trkpt lat="38.429226671405836" lon="-76.16882001403192">
    <ele>0.24000000000000002</ele>
   </trkpt>
   <trkpt lat="38.4299" lon="-76.16807">
    <ele>0.31</ele>
   </trkpt>
   <trkpt lat="38.43003" lon="-76.16789">
    <ele>0.35000000000000003</ele>
   </trkpt>
   <trkpt lat="38.4301" lon="-76.16774000000001">
    <ele>0.46</ele>
   </trkpt>
   <trkpt lat="38.43018" lon="-76.16757000000001">
    <ele>0.48000000000000004</ele>
   </trkpt>
   <trkpt lat="38.43027" lon="-76.16727">
    <ele>0.55</ele>
   </trkpt>
   <trkpt lat="38.430310000000006" lon="-76.16691">
    <ele>0.51</ele>
   </trkpt>
   <trkpt lat="38.43038751466199" lon="-76.16583750346226">
    <ele>0.41000000000000003</ele>
   </trkpt>
   <trkpt lat="38.430465019548905" lon="-76.16476500462213">
    <ele>0.53</ele>
   </trkpt>
   <trkpt lat="38.430542514660736" lon="-76.16369250347985">
    <ele>0.68</ele>
   </trkpt>
   <trkpt lat="38.430620000000005" lon="-76.16262">
    <ele>0.88</ele>
   </trkpt>
   <trkpt lat="38.430670000000006" lon="-76.16212">
    <ele>1.01</ele>
   </trkpt>
   <trkpt lat="38.43074" lon="-76.16171">
    <ele>1.01</ele>
   </trkpt>
   <trkpt lat="38.430910000000004" lon="-76.16113">
    <ele>0.9800000000000002</ele>
   </trkpt>
   <trkpt lat="38.431050000000006" lon="-76.16077">
    <ele>0.9800000000000002</ele>
   </trkpt>
   <trkpt lat="38.43149500340891" lon="-76.15987500550511">
    <ele>0.9400000000000001</ele>
   </trkpt>
   <trkpt lat="38.431940000000004" lon="-76.15898">
    <ele>1.18</ele>
   </trkpt>
   <trkpt lat="38.43216000112477" lon="-76.15846500157431">
    <ele>1.17</ele>
   </trkpt>
   <trkpt lat="38.43238" lon="-76.15795">
    <ele>1.11</ele>
   </trkpt>
   <trkpt lat="38.432570000000005" lon="-76.15738">
    <ele>0.92</ele>
   </trkpt>
   <trkpt lat="38.43287501155648" lon="-76.15642751209798">
    <ele>0.8500000000000001</ele>
   </trkpt>
   <trkpt lat="38.433180015402904" lon="-76.15547501614883">
    <ele>0.71</ele>
   </trkpt>
   <trkpt lat="38.43348501153911" lon="-76.15452251215264">
    <ele>0.8600000000000001</ele>
   </trkpt>
   <trkpt lat="38.43379" lon="-76.15357">
    <ele>0.9700000000000001</ele>
   </trkpt>
   <trkpt lat="38.43401" lon="-76.15312">
    <ele>0.9</ele>
   </trkpt>
   <trkpt lat="38.43422" lon="-76.15272">
    <ele>0.8500000000000001</ele>
   </trkpt>
   <trkpt lat="38.434450000000005" lon="-76.15222">
    <ele>0.79</ele>
   </trkpt>
   <trkpt lat="38.43457" lon="-76.15178">
    <ele>0.79</ele>
   </trkpt>
   <trkpt lat="38.43473" lon="-76.15102">
    <ele>0.77</ele>
   </trkpt>
   <trkpt lat="38.43484" lon="-76.1507">
    <ele>0.8300000000000001</ele>
   </trkpt>
   <trkpt lat="38.43504" lon="-76.15021">
    <ele>0.8300000000000001</ele>
   </trkpt>
   <trkpt lat="38.43542000128735" lon="-76.14967000277363">
    <ele>0.7000000000000001</ele>
   </trkpt>
   <trkpt lat="38.4358" lon="-76.14913">
    <ele>0.78</ele>
   </trkpt>
   <trkpt lat="38.436085001025596" lon="-76.14866000171203">
    <ele>0.9500000000000001</ele>
   </trkpt>
   <trkpt lat="38.436370000000004" lon="-76.14819">
    <ele>1.17</ele>
   </trkpt>
   <trkpt lat="38.43665" lon="-76.1478">
    <ele>1.1300000000000001</ele>
   </trkpt>
   <trkpt lat="38.43713666911269" lon="-76.14726334057075">
    <ele>0.8600000000000001</ele>
   </trkpt>
   <trkpt lat="38.43762333577771" lon="-76.14672667390599">
    <ele>0.84</ele>
   </trkpt>
   <trkpt lat="38.43811" lon="-76.14619">
    <ele>1.04</ele>
   </trkpt>
   <trkpt lat="38.438610000000004" lon="-76.1456">
    <ele>1.03</ele>
   </trkpt>
   <trkpt lat="38.43878" lon="-76.14542">
    <ele>1.07</ele>
   </trkpt>
   <trkpt lat="38.43896" lon="-76.14528">
    <ele>1.05</ele>
   </trkpt>
   <trkpt lat="38.43925" lon="-76.14512">
    <ele>1.09</ele>
   </trkpt>
   <trkpt lat="38.439440000000005" lon="-76.14507">
    <ele>1.09</ele>
   </trkpt>
   <trkpt lat="38.440020000000004" lon="-76.14496000000001">
    <ele>1.12</ele>
   </trkpt>
   <trkpt lat="38.440742500217375" lon="-76.14482750397987">
    <ele>1.02</ele>
   </trkpt>
   <trkpt lat="38.44146500028554" lon="-76.14469500530736">
    <ele>0.88</ele>
   </trkpt>
   <trkpt lat="38.4421875002045" lon="-76.14456250398234">
    <ele>0.81</ele>
   </trkpt>
   <trkpt lat="38.442910000000005" lon="-76.14443">
    <ele>0.84</ele>
   </trkpt>
   <trkpt lat="38.4433" lon="-76.1443">
    <ele>0.8600000000000001</ele>
   </trkpt>
   <trkpt lat="38.44346" lon="-76.14421">
    <ele>0.79</ele>
   </trkpt>
   <trkpt lat="38.4437" lon="-76.14403">
    <ele>0.79</ele>
   </trkpt>
   <trkpt lat="38.44393" lon="-76.14381">
    <ele>0.8200000000000001</ele>
   </trkpt>
   <trkpt lat="38.44408000000001" lon="-76.14362000000001">
    <ele>0.76</ele>
   </trkpt>
   <trkpt lat="38.44424" lon="-76.14335000000001">
    <ele>0.7200000000000001</ele>
   </trkpt>
   <trkpt lat="38.444684011163915" lon="-76.1425400199115">
    <ele>0.58</ele>
   </trkpt>
   <trkpt lat="38.44512801675172" lon="-76.141730029857">
    <ele>0.29</ele>
   </trkpt>
   <trkpt lat="38.445572016763265" lon="-76.14092002983637">
    <ele>0.30000000000000004</ele>
   </trkpt>
   <trkpt lat="38.446016011198395" lon="-76.14011001984946">
    <ele>0.37000000000000005</ele>
   </trkpt>
   <trkpt lat="38.44646" lon="-76.1393">
    <ele>0.4900000000000001</ele>
   </trkpt>
   <trkpt lat="38.44695" lon="-76.13848">
    <ele>0.67</ele>
   </trkpt>
   <trkpt lat="38.44717" lon="-76.13816">
    <ele>0.6000000000000001</ele>
   </trkpt>
   <trkpt lat="38.44744" lon="-76.13793000000001">
    <ele>0.58</ele>
   </trkpt>
   <trkpt lat="38.4478" lon="-76.13771000000001">
    <ele>0.6600000000000001</ele>
   </trkpt>
   <trkpt lat="38.448040000000006" lon="-76.13762000000001">
    <ele>0.63</ele>
   </trkpt>
   <trkpt lat="38.44880666708194" lon="-76.13740000467352">
    <ele>0.24000000000000002</ele>
   </trkpt>
   <trkpt lat="38.44957333375253" lon="-76.13718000467247">
    <ele>-0.22</ele>
   </trkpt>
   <trkpt lat="38.450340000000004" lon="-76.13696">
    <ele>0.16</ele>
   </trkpt>
   <trkpt lat="38.450680000000006" lon="-76.13691">
    <ele>0.67</ele>
   </trkpt>
   <trkpt lat="38.45045500159437" lon="-76.1362849978686">
    <ele>0.18000000000000002</ele>
   </trkpt>
   <trkpt lat="38.450230000000005" lon="-76.13566">
    <ele>0.030000000000000002</ele>
   </trkpt>
   <trkpt lat="38.449950004493395" lon="-76.13493332770764">
    <ele>0.16</ele>
   </trkpt>
   <trkpt lat="38.449670004498614" lon="-76.1342066610546">
    <ele>0.44</ele>
   </trkpt>
   <trkpt lat="38.44939" lon="-76.13348">
    <ele>0.52</ele>
   </trkpt>
   <trkpt lat="38.44903201425361" lon="-76.13256398179861">
    <ele>0.46</ele>
   </trkpt>
   <trkpt lat="38.44867402137546" lon="-76.1316479726857">
    <ele>0.51</ele>
   </trkpt>
   <trkpt lat="38.44831602136573" lon="-76.13073197266122">
    <ele>0.67</ele>
   </trkpt>
   <trkpt lat="38.44795801422458" lon="-76.1298159817252">
    <ele>0.88</ele>
   </trkpt>
   <trkpt lat="38.4476" lon="-76.1289">
    <ele>0.8200000000000001</ele>
   </trkpt>
   <trkpt lat="38.447385001447884" lon="-76.12831499823957">
    <ele>0.9100000000000001</ele>
   </trkpt>
   <trkpt lat="38.44717" lon="-76.12773">
    <ele>0.9700000000000001</ele>
   </trkpt>
   <trkpt lat="38.44702" lon="-76.12725">
    <ele>0.9800000000000002</ele>
   </trkpt>
   <trkpt lat="38.44697" lon="-76.12701000000001">
    <ele>1.06</ele>
   </trkpt>
   <trkpt lat="38.446940000000005" lon="-76.12661">
    <ele>1.05</ele>
   </trkpt>
   <trkpt lat="38.44694500325322" lon="-76.12573500013814">
    <ele>0.8</ele>
   </trkpt>
   <trkpt lat="38.44695" lon="-76.12486000000001">
    <ele>0.76</ele>
   </trkpt>
   <trkpt lat="38.446975001915156" lon="-76.1241900000315">
    <ele>0.84</ele>
   </trkpt>
   <trkpt lat="38.447" lon="-76.12352">
    <ele>1.02</ele>
   </trkpt>
   <trkpt lat="38.447022514664724" lon="-76.12244750099865">
    <ele>1.06</ele>
   </trkpt>
   <trkpt lat="38.44704501955303" lon="-76.12137500132825">
    <ele>1.09</ele>
   </trkpt>
   <trkpt lat="38.44706751466494" lon="-76.12030250098908">
    <ele>1.1500000000000001</ele>
   </trkpt>
   <trkpt lat="38.44709" lon="-76.11923">
    <ele>1.28</ele>
   </trkpt>
   <trkpt lat="38.447017510730454" lon="-76.1183124972128">
    <ele>1.29</ele>
   </trkpt>
   <trkpt lat="38.44694501430609" lon="-76.11739499626887">
    <ele>1.31</ele>
   </trkpt>
   <trkpt lat="38.44687251072694" lon="-76.11647749716838">
    <ele>1.1500000000000001</ele>
   </trkpt>
   <trkpt lat="38.4468" lon="-76.11556">
    <ele>1.2300000000000002</ele>
   </trkpt>
   <trkpt lat="38.44684" lon="-76.11485">
    <ele>1.25</ele>
   </trkpt>
   <trkpt lat="38.44695201866646" lon="-76.11380200653606">
    <ele>1.17</ele>
   </trkpt>
   <trkpt lat="38.44706402799814" lon="-76.11275400981886">
    <ele>1.1500000000000001</ele>
   </trkpt>
   <trkpt lat="38.447176027995006" lon="-76.11170600984866">
    <ele>1.33</ele>
   </trkpt>
   <trkpt lat="38.447288018656955" lon="-76.11065800662568">
    <ele>1.34</ele>
   </trkpt>
   <trkpt lat="38.4474" lon="-76.10961">
    <ele>1.29</ele>
   </trkpt>
   <trkpt lat="38.44751641668493" lon="-76.10849274528914">
    <ele>1.27</ele>
   </trkpt>
   <trkpt lat="38.447632822760404" lon="-76.1073754869738">
    <ele>1.27</ele>
   </trkpt>
   <trkpt lat="38.447749218226356" lon="-76.10625822505423">
    <ele>1.27</ele>
   </trkpt>
   <trkpt lat="38.44786560308272" lon="-76.1051409595308">
    <ele>1.27</ele>
   </trkpt>
   <trkpt lat="38.447981977329384" lon="-76.10402369040378">
    <ele>1.27</ele>
   </trkpt>
   <trkpt lat="38.4480983409663" lon="-76.10290641767345">
    <ele>1.4400000000000002</ele>
   </trkpt>
   <trkpt lat="38.44821469399338" lon="-76.10178914134016">
    <ele>1.4400000000000002</ele>
   </trkpt>
   <trkpt lat="38.448331036410536" lon="-76.1006718614042">
    <ele>1.4400000000000002</ele>
   </trkpt>
   <trkpt lat="38.448447368217714" lon="-76.09955457786583">
    <ele>1.4400000000000002</ele>
   </trkpt>
   <trkpt lat="38.44856368941481" lon="-76.0984372907254">
    <ele>1.4400000000000002</ele>
   </trkpt>
   <trkpt lat="38.44868" lon="-76.09732000000001">
    <ele>1.4400000000000002</ele>
   </trkpt>
   <trkpt lat="38.448750000000004" lon="-76.09651000000001">
    <ele>1.9200000000000002</ele>
   </trkpt>
   <trkpt lat="38.449465007663186" lon="-76.09600253519962">
    <ele>1.78</ele>
   </trkpt>
   <trkpt lat="38.45018001313754" lon="-76.09549506034273">
    <ele>1.4800000000000002</ele>
   </trkpt>
   <trkpt lat="38.45089501642294" lon="-76.09498757542892">
    <ele>1.6300000000000001</ele>
   </trkpt>
   <trkpt lat="38.45161001751929" lon="-76.09448008045777">
    <ele>1.7400000000000002</ele>
   </trkpt>
   <trkpt lat="38.452325016426514" lon="-76.09397257542886">
    <ele>1.76</ele>
   </trkpt>
   <trkpt lat="38.4530400131445" lon="-76.09346506034174">
    <ele>1.86</ele>
   </trkpt>
   <trkpt lat="38.45375500767315" lon="-76.09295753519602">
    <ele>1.9500000000000002</ele>
   </trkpt>
   <trkpt lat="38.45447" lon="-76.09245">
    <ele>2.08</ele>
   </trkpt>
   <trkpt lat="38.454620000000006" lon="-76.09237">
    <ele>2.08</ele>
   </trkpt>
   <trkpt lat="38.45485" lon="-76.09233">
    <ele>2.1100000000000003</ele>
   </trkpt>
   <trkpt lat="38.45517" lon="-76.09236">
    <ele>2.2</ele>
   </trkpt>
   <trkpt lat="38.455450000000006" lon="-76.09254">
    <ele>2.0900000000000003</ele>
   </trkpt>
   <trkpt lat="38.455630000000006" lon="-76.09269">
    <ele>2.0700000000000003</ele>
   </trkpt>
   <trkpt lat="38.455740000000006" lon="-76.09285000000001">
    <ele>2.0700000000000003</ele>
   </trkpt>
   <trkpt lat="38.45591" lon="-76.09316000000001">
    <ele>2.32</ele>
   </trkpt>
   <trkpt lat="38.456070000000004" lon="-76.09366">
    <ele>2.35</ele>
   </trkpt>
   <trkpt lat="38.45629" lon="-76.09461">
    <ele>2.23</ele>
   </trkpt>
   <trkpt lat="38.456390000000006" lon="-76.09492">
    <ele>2.02</ele>
   </trkpt>
   <trkpt lat="38.456570000000006" lon="-76.09536">
    <ele>1.9000000000000001</ele>
   </trkpt>
   <trkpt lat="38.45685" lon="-76.09581">
    <ele>1.78</ele>
   </trkpt>
   <trkpt lat="38.4572" lon="-76.09622">
    <ele>1.4700000000000002</ele>
   </trkpt>
   <trkpt lat="38.45745" lon="-76.0964">
    <ele>1.4600000000000002</ele>
   </trkpt>
   <trkpt lat="38.45778" lon="-76.09661000000001">
    <ele>1.4600000000000002</ele>
   </trkpt>
   <trkpt lat="38.458110000000005" lon="-76.09675">
    <ele>1.8200000000000003</ele>
   </trkpt>
   <trkpt lat="38.45859" lon="-76.09688000000001">
    <ele>1.86</ele>
   </trkpt>
   <trkpt lat="38.45891" lon="-76.09694">
    <ele>2.0100000000000002</ele>
   </trkpt>
   <trkpt lat="38.45956" lon="-76.09698">
    <ele>2.0300000000000002</ele>
   </trkpt>
   <trkpt lat="38.46024500035947" lon="-76.09681000484541">
    <ele>2.2900000000000005</ele>
   </trkpt>
   <trkpt lat="38.460930000473276" lon="-76.09664000646212">
    <ele>2.1300000000000003</ele>
   </trkpt>
   <trkpt lat="38.46161500034143" lon="-76.09647000485002">
    <ele>1.8800000000000001</ele>
   </trkpt>
   <trkpt lat="38.462300000000006" lon="-76.0963">
    <ele>1.9500000000000002</ele>
   </trkpt>
   <trkpt lat="38.46278000030438" lon="-76.09616000086721">
    <ele>1.9500000000000002</ele>
   </trkpt>
   <trkpt lat="38.463260000000005" lon="-76.09602000000001">
    <ele>2.0500000000000003</ele>
   </trkpt>
   <trkpt lat="38.463770000000004" lon="-76.09616000000001">
    <ele>1.98</ele>
   </trkpt>
   <trkpt lat="38.46453" lon="-76.0964">
    <ele>1.9600000000000004</ele>
   </trkpt>
   <trkpt lat="38.46523500044198" lon="-76.09666999741127">
    <ele>2.1</ele>
   </trkpt>
   <trkpt lat="38.46594" lon="-76.09694">
    <ele>2.0100000000000002</ele>
   </trkpt>
   <trkpt lat="38.46666400114365" lon="-76.09719798964359">
    <ele>1.9400000000000002</ele>
   </trkpt>
   <trkpt lat="38.467388001721496" lon="-76.09745598446727">
    <ele>2.0900000000000003</ele>
   </trkpt>
   <trkpt lat="38.46811200173351" lon="-76.09771398447131">
    <ele>1.8900000000000001</ele>
   </trkpt>
   <trkpt lat="38.46883600117966" lon="-76.09797198965593">
    <ele>2.0900000000000003</ele>
   </trkpt>
   <trkpt lat="38.46956" lon="-76.09823">
    <ele>2.0100000000000002</ele>
   </trkpt>
   <trkpt lat="38.470243334026094" lon="-76.09851666123095">
    <ele>2.18</ele>
   </trkpt>
   <trkpt lat="38.470926667353595" lon="-76.09880332789508">
    <ele>2.14</ele>
   </trkpt>
   <trkpt lat="38.471610000000005" lon="-76.09909">
    <ele>2.0900000000000003</ele>
   </trkpt>
   <trkpt lat="38.472357501102564" lon="-76.09938499082206">
    <ele>1.9500000000000002</ele>
   </trkpt>
   <trkpt lat="38.473105001465356" lon="-76.0996799877607">
    <ele>2.06</ele>
   </trkpt>
   <trkpt lat="38.473852501088345" lon="-76.09997499081615">
    <ele>2.1100000000000003</ele>
   </trkpt>
   <trkpt lat="38.4746" lon="-76.10027000000001">
    <ele>2.34</ele>
   </trkpt>
   <trkpt lat="38.47542800158632" lon="-76.10057598594001">
    <ele>2.45</ele>
   </trkpt>
   <trkpt lat="38.47625600237665" lon="-76.1008819789086">
    <ele>2.3000000000000003</ele>
   </trkpt>
   <trkpt lat="38.47708400237098" lon="-76.10118797890613">
    <ele>2.2700000000000005</ele>
   </trkpt>
   <trkpt lat="38.47791200156926" lon="-76.10149398593295">
    <ele>2.45</ele>
   </trkpt>
   <trkpt lat="38.47874" lon="-76.10180000000001">
    <ele>2.5300000000000002</ele>
   </trkpt>
   <trkpt lat="38.479392500787185" lon="-76.1020499932072">
    <ele>2.34</ele>
   </trkpt>
   <trkpt lat="38.48004500104302" lon="-76.1022999909403">
    <ele>2.48</ele>
   </trkpt>
   <trkpt lat="38.48069750076752" lon="-76.10254999319947">
    <ele>2.4400000000000004</ele>
   </trkpt>
   <trkpt lat="38.481350000000006" lon="-76.1028">
    <ele>2.36</ele>
   </trkpt>
   <trkpt lat="38.481970000000004" lon="-76.10306">
    <ele>2.2800000000000002</ele>
   </trkpt>
   <trkpt lat="38.482546667263684" lon="-76.10331332930214">
    <ele>2.08</ele>
   </trkpt>
   <trkpt lat="38.48312333398173" lon="-76.103566662658">
    <ele>2.12</ele>
   </trkpt>
   <trkpt lat="38.483700000000006" lon="-76.10382000000001">
    <ele>2.06</ele>
   </trkpt>
   <trkpt lat="38.484170000190836" lon="-76.1039699990522">
    <ele>2.34</ele>
   </trkpt>
   <trkpt lat="38.484640000000006" lon="-76.10412000000001">
    <ele>2.4600000000000004</ele>
   </trkpt>
   <trkpt lat="38.48523500001804" lon="-76.10428499861067">
    <ele>2.35</ele>
   </trkpt>
   <trkpt lat="38.48583" lon="-76.10445">
    <ele>2.2</ele>
   </trkpt>
   <trkpt lat="38.486340000000006" lon="-76.10455">
    <ele>2.17</ele>
   </trkpt>
   <trkpt lat="38.486650000000004" lon="-76.10459">
    <ele>2.17</ele>
   </trkpt>
   <trkpt lat="38.48749" lon="-76.10459">
    <ele>2.48</ele>
   </trkpt>
   <trkpt lat="38.488170000000004" lon="-76.10472">
    <ele>2.36</ele>
   </trkpt>
   <trkpt lat="38.488550000000004" lon="-76.1049">
    <ele>2.36</ele>
   </trkpt>
   <trkpt lat="38.488910000000004" lon="-76.10508">
    <ele>2.3800000000000003</ele>
   </trkpt>
   <trkpt lat="38.4896" lon="-76.10557">
    <ele>2.5500000000000003</ele>
   </trkpt>
   <trkpt lat="38.490130001057366" lon="-76.10603999664787">
    <ele>2.47</ele>
   </trkpt>
   <trkpt lat="38.490660000000005" lon="-76.10651">
    <ele>2.16</ele>
   </trkpt>
   <trkpt lat="38.4909" lon="-76.10665">
    <ele>1.7000000000000002</ele>
   </trkpt>
   <trkpt lat="38.491260000000004" lon="-76.10682000000001">
    <ele>1.54</ele>
   </trkpt>
   <trkpt lat="38.491620000000005" lon="-76.10691">
    <ele>1.58</ele>
   </trkpt>
   <trkpt lat="38.49248500001053" lon="-76.1070449983688">
    <ele>1.9400000000000002</ele>
   </trkpt>
   <trkpt lat="38.49335000000001" lon="-76.10718">
    <ele>1.9500000000000002</ele>
   </trkpt>
   <trkpt lat="38.49423" lon="-76.10727">
    <ele>1.7300000000000002</ele>
   </trkpt>
   <trkpt lat="38.4949" lon="-76.10732">
    <ele>1.56</ele>
   </trkpt>
   <trkpt lat="38.49517" lon="-76.10732">
    <ele>1.25</ele>
   </trkpt>
   <trkpt lat="38.495360000000005" lon="-76.10727">
    <ele>1.1900000000000002</ele>
   </trkpt>
   <trkpt lat="38.49559" lon="-76.10718">
    <ele>1.18</ele>
   </trkpt>
   <trkpt lat="38.49566" lon="-76.10714">
    <ele>1.2300000000000002</ele>
   </trkpt>
   <trkpt lat="38.49597" lon="-76.10677000000001">
    <ele>1.29</ele>
   </trkpt>
   <trkpt lat="38.49633" lon="-76.10643">
    <ele>1.7100000000000002</ele>
   </trkpt>
   <trkpt lat="38.49676" lon="-76.10629">
    <ele>1.8200000000000003</ele>
   </trkpt>
   <trkpt lat="38.497467500598184" lon="-76.10607500633219">
    <ele>1.9100000000000001</ele>
   </trkpt>
   <trkpt lat="38.49817500080334" lon="-76.10586000844131">
    <ele>2.1100000000000003</ele>
   </trkpt>
   <trkpt lat="38.49888250061547" lon="-76.10564500632715">
    <ele>2.15</ele>
   </trkpt>
   <trkpt lat="38.499590000000005" lon="-76.10543000000001">
    <ele>2.25</ele>
   </trkpt>
   <trkpt lat="38.50037000144001" lon="-76.10517001407686">
    <ele>2.5900000000000003</ele>
   </trkpt>
   <trkpt lat="38.50115000230525" lon="-76.10491002252293">
    <ele>2.67</ele>
   </trkpt>
   <trkpt lat="38.50193000259572" lon="-76.10465002533796">
    <ele>2.71</ele>
   </trkpt>
   <trkpt lat="38.502710002311375" lon="-76.10439002252166">
    <ele>2.6</ele>
   </trkpt>
   <trkpt lat="38.50349000145219" lon="-76.10413001407375">
    <ele>2.4600000000000004</ele>
   </trkpt>
   <trkpt lat="38.504270000000005" lon="-76.10387">
    <ele>2.41</ele>
   </trkpt>
   <trkpt lat="38.50486000013898" lon="-76.10369000147425">
    <ele>2.33</ele>
   </trkpt>
   <trkpt lat="38.50545" lon="-76.10351">
    <ele>2.25</ele>
   </trkpt>
   <trkpt lat="38.505970000000005" lon="-76.10338">
    <ele>2.33</ele>
   </trkpt>
   <trkpt lat="38.50638" lon="-76.10324">
    <ele>2.33</ele>
   </trkpt>
   <trkpt lat="38.50689999993166" lon="-76.10309000113045">
    <ele>2.14</ele>
   </trkpt>
   <trkpt lat="38.50742" lon="-76.10294">
    <ele>1.9100000000000001</ele>
   </trkpt>
   <trkpt lat="38.50766" lon="-76.10293">
    <ele>1.76</ele>
   </trkpt>
   <trkpt lat="38.508290000017034" lon="-76.10297333257516">
    <ele>1.62</ele>
   </trkpt>
   <trkpt lat="38.508920000018115" lon="-76.10301666590856">
    <ele>1.34</ele>
   </trkpt>
   <trkpt lat="38.509550000000004" lon="-76.10306">
    <ele>1.5700000000000003</ele>
   </trkpt>
   <trkpt lat="38.50995" lon="-76.10306">
    <ele>1.51</ele>
   </trkpt>
   <trkpt lat="38.51062666674253" lon="-76.1030166674773">
    <ele>1.4600000000000002</ele>
   </trkpt>
   <trkpt lat="38.51130333346909" lon="-76.10297333414015">
    <ele>2.0100000000000002</ele>
   </trkpt>
   <trkpt lat="38.51198" lon="-76.10293">
    <ele>2.1100000000000003</ele>
   </trkpt>
   <trkpt lat="38.512730000000005" lon="-76.10289">
    <ele>2.3000000000000003</ele>
   </trkpt>
   <trkpt lat="38.51319" lon="-76.10284">
    <ele>2.2900000000000005</ele>
   </trkpt>
   <trkpt lat="38.513940000000005" lon="-76.10266">
    <ele>2.45</ele>
   </trkpt>
   <trkpt lat="38.51478750120418" lon="-76.10235751067009">
    <ele>2.37</ele>
   </trkpt>
   <trkpt lat="38.51563500163024" lon="-76.10205501421824">
    <ele>2.75</ele>
   </trkpt>
   <trkpt lat="38.516482501278105" lon="-76.10175251064409">
    <ele>2.9600000000000004</ele>
   </trkpt>
   <trkpt lat="38.51733" lon="-76.10145">
    <ele>3.12</ele>
   </trkpt>
   <trkpt lat="38.518090001619214" lon="-76.1011750145133">
    <ele>2.93</ele>
   </trkpt>
   <trkpt lat="38.51885000259536" lon="-76.10090002322002">
    <ele>2.83</ele>
   </trkpt>
   <trkpt lat="38.51961000292839" lon="-76.10062502611983">
    <ele>2.7700000000000005</ele>
   </trkpt>
   <trkpt lat="38.52037000261827" lon="-76.10035002321248">
    <ele>2.9899999999999998</ele>
   </trkpt>
   <trkpt lat="38.521130001665" lon="-76.10007501449769">
    <ele>2.9400000000000004</ele>
   </trkpt>
   <trkpt lat="38.521890000000006" lon="-76.0998">
    <ele>3.02</ele>
   </trkpt>
   <trkpt lat="38.522410000289845" lon="-76.09959500143731">
    <ele>3.0100000000000002</ele>
   </trkpt>
   <trkpt lat="38.52293" lon="-76.09939">
    <ele>2.82</ele>
   </trkpt>
   <trkpt lat="38.52361000085743" lon="-76.09913500721764">
    <ele>2.8800000000000003</ele>
   </trkpt>
   <trkpt lat="38.52429000116185" lon="-76.09888000961668">
    <ele>2.89</ele>
   </trkpt>
   <trkpt lat="38.52497000091327" lon="-76.09862500719692">
    <ele>2.9800000000000004</ele>
   </trkpt>
   <trkpt lat="38.525650000000006" lon="-76.09837">
    <ele>3.18</ele>
   </trkpt>
   <trkpt lat="38.52639750093589" lon="-76.0981025083277">
    <ele>3.12</ele>
   </trkpt>
   <trkpt lat="38.52714500126324" lon="-76.09783501109827">
    <ele>2.97</ele>
   </trkpt>
   <trkpt lat="38.527892500982006" lon="-76.09756750831147">
    <ele>2.9800000000000004</ele>
   </trkpt>
   <trkpt lat="38.52864" lon="-76.0973">
    <ele>2.86</ele>
   </trkpt>
   <trkpt lat="38.52949727737993" lon="-76.09696913033757">
    <ele>2.9000000000000004</ele>
   </trkpt>
   <trkpt lat="38.53035455382874" lon="-76.09663825279097">
    <ele>2.8000000000000003</ele>
   </trkpt>
   <trkpt lat="38.53121182934639" lon="-76.0963073673598">
    <ele>2.62</ele>
   </trkpt>
   <trkpt lat="38.532069103932834" lon="-76.09597647404365">
    <ele>2.6</ele>
   </trkpt>
   <trkpt lat="38.53292637758802" lon="-76.09564557284209">
    <ele>3.0</ele>
   </trkpt>
   <trkpt lat="38.533783650311904" lon="-76.0953146637547">
    <ele>2.91</ele>
   </trkpt>
   <trkpt lat="38.53464092210442" lon="-76.09498374678104">
    <ele>3.04</ele>
   </trkpt>
   <trkpt lat="38.535498192965534" lon="-76.09465282192072">
    <ele>3.02</ele>
   </trkpt>
   <trkpt lat="38.536355462895195" lon="-76.09432188917332">
    <ele>2.7800000000000002</ele>
   </trkpt>
   <trkpt lat="38.537212731893334" lon="-76.09399094853836">
    <ele>2.39</ele>
   </trkpt>
   <trkpt lat="38.538070000000005" lon="-76.09366">
    <ele>2.5</ele>
   </trkpt>
   <trkpt lat="38.53857" lon="-76.09358">
    <ele>2.6</ele>
   </trkpt>
   <trkpt lat="38.539460000000005" lon="-76.09373000000001">
    <ele>3.25</ele>
   </trkpt>
   <trkpt lat="38.53989" lon="-76.09384">
    <ele>3.47</ele>
   </trkpt>
   <trkpt lat="38.54074600061051" lon="-76.09402799105217">
    <ele>3.71</ele>
   </trkpt>
   <trkpt lat="38.54160200092041" lon="-76.09421598657903">
    <ele>3.54</ele>
   </trkpt>
   <trkpt lat="38.5424580009297" lon="-76.09440398658083">
    <ele>3.58</ele>
   </trkpt>
   <trkpt lat="38.54331400063833" lon="-76.09459199105778">
    <ele>3.6500000000000004</ele>
   </trkpt>
   <trkpt lat="38.54417" lon="-76.09478">
    <ele>3.75</ele>
   </trkpt>
   <trkpt lat="38.54502" lon="-76.09488">
    <ele>3.94</ele>
   </trkpt>
   <trkpt lat="38.545480000000005" lon="-76.09489">
    <ele>3.920000000000001</ele>
   </trkpt>
   <trkpt lat="38.54549" lon="-76.09489">
    <ele>3.93</ele>
   </trkpt>
   <trkpt lat="38.545140005822404" lon="-76.09572000816782">
    <ele>3.58</ele>
   </trkpt>
   <trkpt lat="38.54479000578491" lon="-76.09655000825661">
    <ele>3.3800000000000003</ele>
   </trkpt>
   <trkpt lat="38.54444" lon="-76.09738">
    <ele>3.41</ele>
   </trkpt>
   <trkpt lat="38.544140000000006" lon="-76.09814">
    <ele>3.4800000000000004</ele>
   </trkpt>
   <trkpt lat="38.54406" lon="-76.09841">
    <ele>3.5500000000000003</ele>
   </trkpt>
   <trkpt lat="38.54408" lon="-76.09863">
    <ele>3.54</ele>
   </trkpt>
   <trkpt lat="38.544180000000004" lon="-76.09899">
    <ele>3.41</ele>
   </trkpt>
   <trkpt lat="38.54435" lon="-76.09939">
    <ele>3.37</ele>
   </trkpt>
   <trkpt lat="38.54459000000001" lon="-76.09989">
    <ele>3.47</ele>
   </trkpt>
   <trkpt lat="38.54462" lon="-76.10001000000001">
    <ele>3.5300000000000002</ele>
   </trkpt>
   <trkpt lat="38.544650000000004" lon="-76.10023000000001">
    <ele>3.6500000000000004</ele>
   </trkpt>
   <trkpt lat="38.544635003681144" lon="-76.10116000002618">
    <ele>3.43</ele>
   </trkpt>
   <trkpt lat="38.54462" lon="-76.10209">
    <ele>3.5500000000000003</ele>
   </trkpt>
   <trkpt lat="38.544740000000004" lon="-76.10309000000001">
    <ele>3.2900000000000005</ele>
   </trkpt>
   <trkpt lat="38.544720000000005" lon="-76.10315">
    <ele>3.2900000000000005</ele>
   </trkpt>
   <trkpt lat="38.544830000000005" lon="-76.10356">
    <ele>2.93</ele>
   </trkpt>
   <trkpt lat="38.54498667181033" lon="-76.10433666334573">
    <ele>2.97</ele>
   </trkpt>
   <trkpt lat="38.54514333848973" lon="-76.10511333007545">
    <ele>3.1300000000000003</ele>
   </trkpt>
   <trkpt lat="38.545300000000005" lon="-76.10589">
    <ele>3.06</ele>
   </trkpt>
   <trkpt lat="38.54548500232312" lon="-76.10662999807296">
    <ele>3.0900000000000003</ele>
   </trkpt>
   <trkpt lat="38.54567" lon="-76.10737">
    <ele>3.04</ele>
   </trkpt>
   <trkpt lat="38.54576" lon="-76.10786">
    <ele>2.91</ele>
   </trkpt>
   <trkpt lat="38.54587" lon="-76.10853">
    <ele>2.95</ele>
   </trkpt>
   <trkpt lat="38.54596" lon="-76.10933">
    <ele>2.8100000000000005</ele>
   </trkpt>
   <trkpt lat="38.546060000000004" lon="-76.11045">
    <ele>2.97</ele>
   </trkpt>
   <trkpt lat="38.54614" lon="-76.11094">
    <ele>3.0500000000000003</ele>
   </trkpt>
   <trkpt lat="38.546310000000005" lon="-76.11162">
    <ele>3.0900000000000003</ele>
   </trkpt>
   <trkpt lat="38.54661" lon="-76.11237000000001">
    <ele>3.1500000000000004</ele>
   </trkpt>
   <trkpt lat="38.546780000000005" lon="-76.11269">
    <ele>3.1400000000000006</ele>
   </trkpt>
   <trkpt lat="38.54713" lon="-76.11323">
    <ele>3.18</ele>
   </trkpt>
   <trkpt lat="38.547250000000005" lon="-76.11345">
    <ele>3.19</ele>
   </trkpt>
   <trkpt lat="38.547380000000004" lon="-76.11376">
    <ele>3.1400000000000006</ele>
   </trkpt>
   <trkpt lat="38.5476675112671" lon="-76.11469998870201">
    <ele>3.04</ele>
   </trkpt>
   <trkpt lat="38.54795501501819" lon="-76.11563998492073">
    <ele>3.02</ele>
   </trkpt>
   <trkpt lat="38.54824251125318" lon="-76.11657998865611">
    <ele>2.8800000000000003</ele>
   </trkpt>
   <trkpt lat="38.54853000000001" lon="-76.11752000000001">
    <ele>2.95</ele>
   </trkpt>
   <trkpt lat="38.548750004714584" lon="-76.11826666200336">
    <ele>2.8100000000000005</ele>
   </trkpt>
   <trkpt lat="38.54897000468682" lon="-76.11901332857576">
    <ele>2.7900000000000005</ele>
   </trkpt>
   <trkpt lat="38.54919" lon="-76.11976">
    <ele>2.9000000000000004</ele>
   </trkpt>
   <trkpt lat="38.54921" lon="-76.12006000000001">
    <ele>2.9600000000000004</ele>
   </trkpt>
   <trkpt lat="38.54908001079194" lon="-76.12118667079105">
    <ele>2.9200000000000004</ele>
   </trkpt>
   <trkpt lat="38.54895001078608" lon="-76.12231333750829">
    <ele>2.37</ele>
   </trkpt>
   <trkpt lat="38.548820000000006" lon="-76.12344">
    <ele>1.43</ele>
   </trkpt>
   <trkpt lat="38.54872" lon="-76.12410000000001">
    <ele>1.17</ele>
   </trkpt>
   <trkpt lat="38.548590000000004" lon="-76.12487">
    <ele>1.26</ele>
   </trkpt>
   <trkpt lat="38.548370000000006" lon="-76.12567">
    <ele>2.1</ele>
   </trkpt>
   <trkpt lat="38.54825" lon="-76.12617">
    <ele>1.81</ele>
   </trkpt>
   <trkpt lat="38.54827" lon="-76.12674000000001">
    <ele>1.62</ele>
   </trkpt>
   <trkpt lat="38.54842" lon="-76.12778">
    <ele>1.42</ele>
   </trkpt>
   <trkpt lat="38.54851" lon="-76.128">
    <ele>1.6500000000000001</ele>
   </trkpt>
   <trkpt lat="38.54905500178267" lon="-76.12862499540188">
    <ele>2.2600000000000002</ele>
   </trkpt>
   <trkpt lat="38.549600000000005" lon="-76.12925000000001">
    <ele>2.66</ele>
   </trkpt>
   <trkpt lat="38.54979" lon="-76.12948">
    <ele>2.7900000000000005</ele>
   </trkpt>
   <trkpt lat="38.54988" lon="-76.12965000000001">
    <ele>2.7900000000000005</ele>
   </trkpt>
   <trkpt lat="38.549890000000005" lon="-76.12974000000001">
    <ele>2.83</ele>
   </trkpt>
   <trkpt lat="38.54988" lon="-76.12988">
    <ele>2.83</ele>
   </trkpt>
   <trkpt lat="38.54977" lon="-76.13015">
    <ele>2.8000000000000003</ele>
   </trkpt>
   <trkpt lat="38.549470002231985" lon="-76.1308800031298">
    <ele>2.58</ele>
   </trkpt>
   <trkpt lat="38.549170000000004" lon="-76.13161000000001">
    <ele>2.65</ele>
   </trkpt>
   <trkpt lat="38.54886500792108" lon="-76.13239750999989">
    <ele>2.6100000000000003</ele>
   </trkpt>
   <trkpt lat="38.54856001056682" lon="-76.1331850133191">
    <ele>2.4400000000000004</ele>
   </trkpt>
   <trkpt lat="38.548255007937314" lon="-76.13397250995767">
    <ele>2.36</ele>
   </trkpt>
   <trkpt lat="38.54795" lon="-76.13476">
    <ele>2.48</ele>
   </trkpt>
   <trkpt lat="38.54782" lon="-76.13516000000001">
    <ele>2.5100000000000002</ele>
   </trkpt>
   <trkpt lat="38.54771" lon="-76.13567">
    <ele>2.37</ele>
   </trkpt>
   <trkpt lat="38.547650000000004" lon="-76.1362">
    <ele>2.12</ele>
   </trkpt>
   <trkpt lat="38.54759000375441" lon="-76.13714000084141">
    <ele>2.0</ele>
   </trkpt>
   <trkpt lat="38.54753" lon="-76.13808">
    <ele>2.0100000000000002</ele>
   </trkpt>
   <trkpt lat="38.54749" lon="-76.13908">
    <ele>1.9400000000000002</ele>
   </trkpt>
   <trkpt lat="38.54743334166653" lon="-76.14007000162586">
    <ele>2.06</ele>
   </trkpt>
   <trkpt lat="38.5473766749961" lon="-76.1410600016915">
    <ele>2.21</ele>
   </trkpt>
   <trkpt lat="38.547320000000006" lon="-76.14205000000001">
    <ele>2.67</ele>
   </trkpt>
   <trkpt lat="38.54737" lon="-76.14228">
    <ele>2.82</ele>
   </trkpt>
   <trkpt lat="38.54750000000001" lon="-76.14246">
    <ele>2.84</ele>
   </trkpt>
   <trkpt lat="38.54762" lon="-76.14256">
    <ele>2.8100000000000005</ele>
   </trkpt>
   <trkpt lat="38.547990000000006" lon="-76.14278">
    <ele>2.5500000000000003</ele>
   </trkpt>
   <trkpt lat="38.548480000000005" lon="-76.143">
    <ele>2.2900000000000005</ele>
   </trkpt>
   <trkpt lat="38.549110000120486" lon="-76.14324499780098">
    <ele>2.02</ele>
   </trkpt>
   <trkpt lat="38.54974" lon="-76.14349">
    <ele>1.8900000000000001</ele>
   </trkpt>
   <trkpt lat="38.55002" lon="-76.14362000000001">
    <ele>1.98</ele>
   </trkpt>
   <trkpt lat="38.5503" lon="-76.14376">
    <ele>2.06</ele>
   </trkpt>
   <trkpt lat="38.55077" lon="-76.14403">
    <ele>2.24</ele>
   </trkpt>
   <trkpt lat="38.55107" lon="-76.14425">
    <ele>2.35</ele>
   </trkpt>
   <trkpt lat="38.55131" lon="-76.14447000000001">
    <ele>2.35</ele>
   </trkpt>
   <trkpt lat="38.55167500044086" lon="-76.14484999789043">
    <ele>2.2700000000000005</ele>
   </trkpt>
   <trkpt lat="38.552040000000005" lon="-76.14523000000001">
    <ele>2.34</ele>
   </trkpt>
   <trkpt lat="38.552260000000004" lon="-76.14547">
    <ele>2.34</ele>
   </trkpt>
   <trkpt lat="38.55239" lon="-76.14565">
    <ele>2.2</ele>
   </trkpt>
   <trkpt lat="38.55299" lon="-76.14631">
    <ele>2.0900000000000003</ele>
   </trkpt>
   <trkpt lat="38.55344500252453" lon="-76.1470749952179">
    <ele>2.1100000000000003</ele>
   </trkpt>
   <trkpt lat="38.553900000000006" lon="-76.14784">
    <ele>2.34</ele>
   </trkpt>
   <trkpt lat="38.554100000000005" lon="-76.1481">
    <ele>2.34</ele>
   </trkpt>
   <trkpt lat="38.5548550015237" lon="-76.14868999383735">
    <ele>2.4200000000000004</ele>
   </trkpt>
   <trkpt lat="38.55561" lon="-76.14928">
    <ele>2.4899999999999998</ele>
   </trkpt>
   <trkpt lat="38.5559" lon="-76.14949">
    <ele>2.4600000000000004</ele>
   </trkpt>
   <trkpt lat="38.55606" lon="-76.14958">
    <ele>2.23</ele>
   </trkpt>
   <trkpt lat="38.55619" lon="-76.14958">
    <ele>2.23</ele>
   </trkpt>
   <trkpt lat="38.55639" lon="-76.14957000000001">
    <ele>2.2</ele>
   </trkpt>
   <trkpt lat="38.55637" lon="-76.14958">
    <ele>2.2</ele>
   </trkpt>
   <trkpt lat="38.55722000026264" lon="-76.14932000308205">
    <ele>2.43</ele>
   </trkpt>
   <trkpt lat="38.55807" lon="-76.14906">
    <ele>2.5700000000000003</ele>
   </trkpt>
   <trkpt lat="38.55877000022915" lon="-76.14887000182982">
    <ele>2.48</ele>
   </trkpt>
   <trkpt lat="38.559470000000005" lon="-76.14868000000001">
    <ele>2.5100000000000002</ele>
   </trkpt>
   <trkpt lat="38.55964" lon="-76.14856">
    <ele>2.5</ele>
   </trkpt>
   <trkpt lat="38.559740000000005" lon="-76.14846">
    <ele>2.58</ele>
   </trkpt>
   <trkpt lat="38.55982" lon="-76.1483">
    <ele>2.58</ele>
   </trkpt>
   <trkpt lat="38.56018500197632" lon="-76.14760000376171">
    <ele>2.5700000000000003</ele>
   </trkpt>
   <trkpt lat="38.560550000000006" lon="-76.1469">
    <ele>2.71</ele>
   </trkpt>
   <trkpt lat="38.56065" lon="-76.14676">
    <ele>2.71</ele>
   </trkpt>
   <trkpt lat="38.560860000000005" lon="-76.14658">
    <ele>2.74</ele>
   </trkpt>
   <trkpt lat="38.561060000000005" lon="-76.14649">
    <ele>2.71</ele>
   </trkpt>
   <trkpt lat="38.561710000277166" lon="-76.14626500201346">
    <ele>2.41</ele>
   </trkpt>
   <trkpt lat="38.562360000000005" lon="-76.14604">
    <ele>2.4899999999999998</ele>
   </trkpt>
   <trkpt lat="38.563060000565585" lon="-76.1457766718056">
    <ele>2.71</ele>
   </trkpt>
   <trkpt lat="38.563760000541244" lon="-76.14551333848154">
    <ele>2.9000000000000004</ele>
   </trkpt>
   <trkpt lat="38.564460000000004" lon="-76.14525">
    <ele>2.97</ele>
   </trkpt>
   <trkpt lat="38.565260001006244" lon="-76.14496500952909">
    <ele>2.9600000000000004</ele>
   </trkpt>
   <trkpt lat="38.56606000132151" lon="-76.14468001271283">
    <ele>2.97</ele>
   </trkpt>
   <trkpt lat="38.566860000945766" lon="-76.14439500955096">
    <ele>2.62</ele>
   </trkpt>
   <trkpt lat="38.567660000000004" lon="-76.14411000000001">
    <ele>2.5</ele>
   </trkpt>
   <trkpt lat="38.56831500024784" lon="-76.1438550023357">
    <ele>2.58</ele>
   </trkpt>
   <trkpt lat="38.56897" lon="-76.1436">
    <ele>2.7800000000000002</ele>
   </trkpt>
   <trkpt lat="38.56922" lon="-76.14345">
    <ele>2.6300000000000003</ele>
   </trkpt>
   <trkpt lat="38.56979500081119" lon="-76.14303000331672">
    <ele>2.6</ele>
   </trkpt>
   <trkpt lat="38.570370000000004" lon="-76.14261">
    <ele>2.72</ele>
   </trkpt>
   <trkpt lat="38.57091000064015" lon="-76.14222500288676">
    <ele>2.5100000000000002</ele>
   </trkpt>
   <trkpt lat="38.571450000000006" lon="-76.14184">
    <ele>2.2900000000000005</ele>
   </trkpt>
   <trkpt lat="38.57184" lon="-76.14152">
    <ele>2.15</ele>
   </trkpt>
   <trkpt lat="38.57215" lon="-76.14112">
    <ele>1.79</ele>
   </trkpt>
   <trkpt lat="38.5726075079673" lon="-76.14033001508774">
    <ele>1.8</ele>
   </trkpt>
   <trkpt lat="38.573065010624944" lon="-76.13954002011405">
    <ele>1.7300000000000002</ele>
   </trkpt>
   <trkpt lat="38.573522507972754" lon="-76.13875001507876">
    <ele>1.53</ele>
   </trkpt>
   <trkpt lat="38.573980000000006" lon="-76.13796">
    <ele>2.0300000000000002</ele>
   </trkpt>
   <trkpt lat="38.573800000000006" lon="-76.13774000000001">
    <ele>2.34</ele>
   </trkpt>
   <trkpt lat="38.57356" lon="-76.13749">
    <ele>2.19</ele>
   </trkpt>
   <trkpt lat="38.57334" lon="-76.13722">
    <ele>2.2900000000000005</ele>
   </trkpt>
   <trkpt lat="38.573060000000005" lon="-76.13678">
    <ele>2.84</ele>
   </trkpt>
   <trkpt lat="38.572900000000004" lon="-76.13642">
    <ele>2.86</ele>
   </trkpt>
   <trkpt lat="38.57252252765838" lon="-76.13545621455344">
    <ele>2.24</ele>
   </trkpt>
   <trkpt lat="38.57214504741398" lon="-76.13449243923452">
    <ele>2.5300000000000002</ele>
   </trkpt>
   <trkpt lat="38.57176755926701" lon="-76.13352867404322">
    <ele>3.37</ele>
   </trkpt>
   <trkpt lat="38.57139006321763" lon="-76.1325649189795">
    <ele>3.56</ele>
   </trkpt>
   <trkpt lat="38.57101255926604" lon="-76.13160117404333">
    <ele>3.62</ele>
   </trkpt>
   <trkpt lat="38.570635047412416" lon="-76.13063743923465">
    <ele>3.71</ele>
   </trkpt>
   <trkpt lat="38.57025752765698" lon="-76.12967371455348">
    <ele>3.6600000000000006</ele>
   </trkpt>
   <trkpt lat="38.569880000000005" lon="-76.12871000000001">
    <ele>3.67</ele>
   </trkpt>
   <trkpt lat="38.569700000000005" lon="-76.12822000000001">
    <ele>3.85</ele>
   </trkpt>
   <trkpt lat="38.56955000000001" lon="-76.12773">
    <ele>3.72</ele>
   </trkpt>
   <trkpt lat="38.56929" lon="-76.12666">
    <ele>3.72</ele>
   </trkpt>
   <trkpt lat="38.56922" lon="-76.12617">
    <ele>3.74</ele>
   </trkpt>
   <trkpt lat="38.56915" lon="-76.12546">
    <ele>3.7</ele>
   </trkpt>
   <trkpt lat="38.569140000000004" lon="-76.12482">
    <ele>3.6</ele>
   </trkpt>
   <trkpt lat="38.5692060192637" lon="-76.12375600389908">
    <ele>3.58</ele>
   </trkpt>
   <trkpt lat="38.569272028895924" lon="-76.12269200584305">
    <ele>3.69</ele>
   </trkpt>
   <trkpt lat="38.569338028896624" lon="-76.12162800583219">
    <ele>4.03</ele>
   </trkpt>
   <trkpt lat="38.56940401926575" lon="-76.1205640038668">
    <ele>4.260000000000001</ele>
   </trkpt>
   <trkpt lat="38.56947" lon="-76.1195">
    <ele>4.220000000000001</ele>
   </trkpt>
   <trkpt lat="38.569480000000006" lon="-76.11918">
    <ele>4.1000000000000005</ele>
   </trkpt>
   <trkpt lat="38.56944" lon="-76.1186">
    <ele>3.74</ele>
   </trkpt>
   <trkpt lat="38.56935" lon="-76.11822000000001">
    <ele>3.7600000000000002</ele>
   </trkpt>
   <trkpt lat="38.5692" lon="-76.11784">
    <ele>3.7900000000000005</ele>
   </trkpt>
   <trkpt lat="38.568755003587974" lon="-76.11691999427651">
    <ele>3.7800000000000002</ele>
   </trkpt>
   <trkpt lat="38.568310000000004" lon="-76.116">
    <ele>3.72</ele>
   </trkpt>
   <trkpt lat="38.5680333373315" lon="-76.11531332801262">
    <ele>3.6300000000000003</ele>
   </trkpt>
   <trkpt lat="38.567756670651534" lon="-76.11462666131301">
    <ele>3.5</ele>
   </trkpt>
   <trkpt lat="38.56748" lon="-76.11394">
    <ele>3.4600000000000004</ele>
   </trkpt>
   <trkpt lat="38.567420000000006" lon="-76.11373">
    <ele>3.4600000000000004</ele>
   </trkpt>
   <trkpt lat="38.56734" lon="-76.11332">
    <ele>3.34</ele>
   </trkpt>
   <trkpt lat="38.567310000000006" lon="-76.11287">
    <ele>3.4800000000000004</ele>
   </trkpt>
   <trkpt lat="38.567390003451294" lon="-76.11197000093772">
    <ele>3.5</ele>
   </trkpt>
   <trkpt lat="38.56747" lon="-76.11107000000001">
    <ele>3.49</ele>
   </trkpt>
   <trkpt lat="38.56756401581131" lon="-76.11010600505266">
    <ele>3.56</ele>
   </trkpt>
   <trkpt lat="38.56765802371663" lon="-76.10914200758288">
    <ele>3.02</ele>
   </trkpt>
   <trkpt lat="38.56775202371587" lon="-76.10817800759084">
    <ele>2.36</ele>
   </trkpt>
   <trkpt lat="38.56784601580902" lon="-76.10721400507673">
    <ele>1.9100000000000001</ele>
   </trkpt>
   <trkpt lat="38.56794" lon="-76.10625">
    <ele>2.37</ele>
   </trkpt>
   <trkpt lat="38.568090000000005" lon="-76.10552000000001">
    <ele>3.36</ele>
   </trkpt>
   <trkpt lat="38.56834333982677" lon="-76.10464667280911">
    <ele>3.8300000000000005</ele>
   </trkpt>
   <trkpt lat="38.568596673164706" lon="-76.10377333946">
    <ele>4.0600000000000005</ele>
   </trkpt>
   <trkpt lat="38.568850000000005" lon="-76.1029">
    <ele>4.07</ele>
   </trkpt>
   <trkpt lat="38.56897" lon="-76.1024">
    <ele>4.03</ele>
   </trkpt>
   <trkpt lat="38.569" lon="-76.10209">
    <ele>4.04</ele>
   </trkpt>
   <trkpt lat="38.569" lon="-76.10177">
    <ele>4.0200000000000005</ele>
   </trkpt>
   <trkpt lat="38.568940000000005" lon="-76.10132">
    <ele>3.6500000000000004</ele>
   </trkpt>
   <trkpt lat="38.568727510117164" lon="-76.10042999214045">
    <ele>3.35</ele>
   </trkpt>
   <trkpt lat="38.56851501349531" lon="-76.09953998954495">
    <ele>3.24</ele>
   </trkpt>
   <trkpt lat="38.56830251013455" lon="-76.09864999221358">
    <ele>3.3800000000000003</ele>
   </trkpt>
   <trkpt lat="38.568090000000005" lon="-76.09776000000001">
    <ele>3.98</ele>
   </trkpt>
   <trkpt lat="38.568090000000005" lon="-76.09775">
    <ele>3.98</ele>
   </trkpt>
   <trkpt lat="38.56895" lon="-76.0976">
    <ele>2.5900000000000003</ele>
   </trkpt>
   <trkpt lat="38.56959333330359" lon="-76.0975033350808">
    <ele>2.3800000000000003</ele>
   </trkpt>
   <trkpt lat="38.57023666652767" lon="-76.09740666843058">
    <ele>3.0500000000000003</ele>
   </trkpt>
   <trkpt lat="38.57088" lon="-76.09731000000001">
    <ele>3.68</ele>
   </trkpt>
   <trkpt lat="38.57159500007534" lon="-76.0972100009906">
    <ele>3.19</ele>
   </trkpt>
   <trkpt lat="38.57231" lon="-76.09711">
    <ele>3.12</ele>
   </trkpt>
   <trkpt lat="38.572480000000006" lon="-76.09715">
    <ele>3.16</ele>
   </trkpt>
   <trkpt lat="38.572610000000005" lon="-76.0972">
    <ele>3.16</ele>
   </trkpt>
   <trkpt lat="38.57283" lon="-76.09738">
    <ele>3.3000000000000003</ele>
   </trkpt>
   <trkpt lat="38.573456669384306" lon="-76.09794665676768">
    <ele>3.5300000000000002</ele>
   </trkpt>
   <trkpt lat="38.57408333603663" lon="-76.09851332342122">
    <ele>3.43</ele>
   </trkpt>
   <trkpt lat="38.57471" lon="-76.09908">
    <ele>3.8300000000000005</ele>
   </trkpt>
   <trkpt lat="38.57549" lon="-76.09961000000001">
    <ele>3.45</ele>
   </trkpt>
   <trkpt lat="38.57606500013424" lon="-76.09990999746894">
    <ele>3.52</ele>
   </trkpt>
   <trkpt lat="38.576640000000005" lon="-76.10021">
    <ele>4.03</ele>
   </trkpt>
   <trkpt lat="38.57683" lon="-76.10024">
    <ele>4.17</ele>
   </trkpt>
   <trkpt lat="38.57697" lon="-76.1002">
    <ele>4.28</ele>
   </trkpt>
   <trkpt lat="38.57712" lon="-76.10014000000001">
    <ele>4.48</ele>
   </trkpt>
   <trkpt lat="38.577070000000006" lon="-76.09992000000001">
    <ele>4.38</ele>
   </trkpt>
   <trkpt lat="38.57701" lon="-76.09895">
    <ele>4.180000000000001</ele>
   </trkpt>
   <trkpt lat="38.57701" lon="-76.09836">
    <ele>4.7700000000000005</ele>
   </trkpt>
   <trkpt lat="38.57706" lon="-76.09797">
    <ele>4.72</ele>
   </trkpt>
   <trkpt lat="38.5771" lon="-76.09778">
    <ele>4.72</ele>
   </trkpt>
   <trkpt lat="38.57733333769992" lon="-76.09706333799959">
    <ele>4.64</ele>
   </trkpt>
   <trkpt lat="38.577566671029935" lon="-76.09634667134318">
    <ele>4.7</ele>
   </trkpt>
   <trkpt lat="38.5778" lon="-76.09563">
    <ele>4.7</ele>
   </trkpt>
   <trkpt lat="38.57814667527269" lon="-76.09462334309697">
    <ele>4.62</ele>
   </trkpt>
   <trkpt lat="38.57849334192333" lon="-76.093616676477">
    <ele>4.580000000000001</ele>
   </trkpt>
   <trkpt lat="38.57884000000001" lon="-76.09261000000001">
    <ele>4.66</ele>
   </trkpt>
   <trkpt lat="38.5791000021824" lon="-76.0918900026699">
    <ele>4.65</ele>
   </trkpt>
   <trkpt lat="38.57936" lon="-76.09117">
    <ele>4.69</ele>
   </trkpt>
   <trkpt lat="38.579750000000004" lon="-76.09025000000001">
    <ele>4.57</ele>
   </trkpt>
   <trkpt lat="38.579140006008714" lon="-76.08940998573956">
    <ele>4.57</ele>
   </trkpt>
   <trkpt lat="38.578530006013814" lon="-76.08856998574684">
    <ele>4.49</ele>
   </trkpt>
   <trkpt lat="38.577920000000006" lon="-76.08773000000001">
    <ele>4.45</ele>
   </trkpt>
   <trkpt lat="38.577490000000004" lon="-76.08718">
    <ele>4.23</ele>
   </trkpt>
   <trkpt lat="38.57706" lon="-76.08658000000001">
    <ele>4.6000000000000005</ele>
   </trkpt>
   <trkpt lat="38.57753333580226" lon="-76.08604334038523">
    <ele>4.21</ele>
   </trkpt>
   <trkpt lat="38.57800666915407" lon="-76.08550667369771">
    <ele>4.99</ele>
   </trkpt>
   <trkpt lat="38.578480000000006" lon="-76.08497000000001">
    <ele>5.61</ele>
   </trkpt>
   <trkpt lat="38.57894" lon="-76.08449">
    <ele>5.81</ele>
   </trkpt>
   <trkpt lat="38.579420001362294" lon="-76.08393000370951">
    <ele>5.880000000000001</ele>
   </trkpt>
   <trkpt lat="38.5799" lon="-76.08337">
    <ele>5.33</ele>
   </trkpt>
   <trkpt lat="38.5805250062256" lon="-76.08267001830568">
    <ele>2.86</ele>
   </trkpt>
   <trkpt lat="38.58115000828221" lon="-76.0819700244288">
    <ele>1.7000000000000002</ele>
   </trkpt>
   <trkpt lat="38.58177500616962" lon="-76.08127001836895">
    <ele>1.4500000000000002</ele>
   </trkpt>
   <trkpt lat="38.5824" lon="-76.08057000000001">
    <ele>1.1300000000000001</ele>
   </trkpt>
  </trkseg>
 </trk>
</gpx>
