<?xml version="1.0" encoding="UTF-8"?>
<gpx creator="StravaGPX" version="1.1" xmlns="http://www.topografix.com/GPX/1/1" xmlns:xsi="http://www.w3.org/2001/XMLSchema-instance" xsi:schemaLocation="http://www.topografix.com/GPX/1/1 http://www.topografix.com/GPX/1/1/gpx.xsd">
 <metadata>
  <name>IRONMAN 70.3 Augusta - ZOOT Bike Course</name>
  <author>
   <name>IRONMAN North America Admin</name>
   <link href="https://www.strava.com/athletes/152522621"/>
  </author>
  <copyright author="OpenStreetMap contributors">
   <year>2020</year>
   <license>https://www.openstreetmap.org/copyright</license>
  </copyright>
  <link href="https://www.strava.com/routes/3315465654416945594"/>
 </metadata>
 <trk>
  <name>IRONMAN 70.3 Augusta - ZOOT Bike Course</name>
  <link href="https://www.strava.com/routes/3315465654416945594"/>
  <type>cycling</type>
  <trkseg>
   <trkpt lat="33.47429" lon="-81.95869">
    <ele>42.57</ele>
   </trkpt>
   <trkpt lat="33.474230000000006" lon="-81.95851">
    <ele>42.57</ele>
   </trkpt>
   <trkpt lat="33.47419" lon="-81.9585">
    <ele>42.57</ele>
   </trkpt>
   <trkpt lat="33.474180000000004" lon="-81.95844000000001">
    <ele>42.57</ele>
   </trkpt>
   <trkpt lat="33.47415" lon="-81.95836000000001">
    <ele>42.5</ele>
   </trkpt>
   <trkpt lat="33.47333500742602" lon="-81.95877004241434">
    <ele>42.64</ele>
   </trkpt>
   <trkpt lat="33.47252001350199" lon="-81.95918007711559">
    <ele>42.25</ele>
   </trkpt>
   <trkpt lat="33.47170501822796" lon="-81.9595901041041">
    <ele>41.74</ele>
   </trkpt>
   <trkpt lat="33.47089002160401" lon="-81.9600001233802">
    <ele>41.59</ele>
   </trkpt>
   <trkpt lat="33.47007502363022" lon="-81.96041013494433">
    <ele>41.220000000000006</ele>
   </trkpt>
   <trkpt lat="33.46926002430664" lon="-81.96082013879679">
    <ele>40.79</ele>
   </trkpt>
   <trkpt lat="33.46844502363334" lon="-81.96123013493803">
    <ele>40.6</ele>
   </trkpt>
   <trkpt lat="33.4676300216104" lon="-81.96164012336835">
    <ele>40.260000000000005</ele>
   </trkpt>
   <trkpt lat="33.46681501823786" lon="-81.96205010408818">
    <ele>40.050000000000004</ele>
   </trkpt>
   <trkpt lat="33.46600001351582" lon="-81.96246007709784">
    <ele>39.769999999999996</ele>
   </trkpt>
   <trkpt lat="33.46518500744431" lon="-81.96287004239774">
    <ele>39.769999999999996</ele>
   </trkpt>
   <trkpt lat="33.46437" lon="-81.96328000000001">
    <ele>39.45</ele>
   </trkpt>
   <trkpt lat="33.46396" lon="-81.96356">
    <ele>39.42</ele>
   </trkpt>
   <trkpt lat="33.46331" lon="-81.96409000000001">
    <ele>39.370000000000005</ele>
   </trkpt>
   <trkpt lat="33.462700003139375" lon="-81.96472000891501">
    <ele>41.13</ele>
   </trkpt>
   <trkpt lat="33.4620900030922" lon="-81.9653500089636">
    <ele>45.910000000000004</ele>
   </trkpt>
   <trkpt lat="33.46148" lon="-81.96598">
    <ele>49.470000000000006</ele>
   </trkpt>
   <trkpt lat="33.460750000000004" lon="-81.96650000000001">
    <ele>45.290000000000006</ele>
   </trkpt>
   <trkpt lat="33.460280000000004" lon="-81.96677000000001">
    <ele>45.720000000000006</ele>
   </trkpt>
   <trkpt lat="33.459970000000006" lon="-81.96691000000001">
    <ele>44.88</ele>
   </trkpt>
   <trkpt lat="33.459173333956414" lon="-81.96719000514798">
    <ele>42.36</ele>
   </trkpt>
   <trkpt lat="33.45837666728342" lon="-81.96747000515013">
    <ele>39.02</ele>
   </trkpt>
   <trkpt lat="33.45758" lon="-81.96775000000001">
    <ele>38.03</ele>
   </trkpt>
   <trkpt lat="33.45712" lon="-81.96797000000001">
    <ele>38.150000000000006</ele>
   </trkpt>
   <trkpt lat="33.456500000000005" lon="-81.96834000000001">
    <ele>39.28</ele>
   </trkpt>
   <trkpt lat="33.455940000000005" lon="-81.96874000000001">
    <ele>39.35</ele>
   </trkpt>
   <trkpt lat="33.45535" lon="-81.96928000000001">
    <ele>39.1</ele>
   </trkpt>
   <trkpt lat="33.454950000000004" lon="-81.96969">
    <ele>38.71</ele>
   </trkpt>
   <trkpt lat="33.45453000235418" lon="-81.9702300052138">
    <ele>38.63</ele>
   </trkpt>
   <trkpt lat="33.454110002367514" lon="-81.97077000519658">
    <ele>38.7</ele>
   </trkpt>
   <trkpt lat="33.45369" lon="-81.97131">
    <ele>39.24</ele>
   </trkpt>
   <trkpt lat="33.453183335476965" lon="-81.97183000610401">
    <ele>39.81</ele>
   </trkpt>
   <trkpt lat="33.45267666878332" lon="-81.97235000613163">
    <ele>39.730000000000004</ele>
   </trkpt>
   <trkpt lat="33.45217" lon="-81.97287">
    <ele>39.589999999999996</ele>
   </trkpt>
   <trkpt lat="33.45149500124917" lon="-81.97342500430914">
    <ele>38.64</ele>
   </trkpt>
   <trkpt lat="33.45082" lon="-81.97398000000001">
    <ele>37.71</ele>
   </trkpt>
   <trkpt lat="33.45025000049254" lon="-81.97436500259946">
    <ele>37.05</ele>
   </trkpt>
   <trkpt lat="33.44968" lon="-81.97475">
    <ele>36.68000000000001</ele>
   </trkpt>
   <trkpt lat="33.448956671124115" lon="-81.97522168633877">
    <ele>36.39000000000001</ele>
   </trkpt>
   <trkpt lat="33.448233340462394" lon="-81.97569336481006">
    <ele>37.13</ele>
   </trkpt>
   <trkpt lat="33.4475100080149" lon="-81.97616503541418">
    <ele>38.73</ele>
   </trkpt>
   <trkpt lat="33.44678667378172" lon="-81.9766366981515">
    <ele>39.43</ele>
   </trkpt>
   <trkpt lat="33.44606333776294" lon="-81.97710835302232">
    <ele>40.06</ele>
   </trkpt>
   <trkpt lat="33.44534" lon="-81.97758">
    <ele>40.93</ele>
   </trkpt>
   <trkpt lat="33.44467" lon="-81.97815000000001">
    <ele>40.68</ele>
   </trkpt>
   <trkpt lat="33.44433" lon="-81.97847">
    <ele>40.82</ele>
   </trkpt>
   <trkpt lat="33.443940000000005" lon="-81.97896">
    <ele>40.370000000000005</ele>
   </trkpt>
   <trkpt lat="33.443650000000005" lon="-81.97934000000001">
    <ele>40.120000000000005</ele>
   </trkpt>
   <trkpt lat="33.44327000289867" lon="-81.97994333865537">
    <ele>39.95</ele>
   </trkpt>
   <trkpt lat="33.442890002875714" lon="-81.98054667202511">
    <ele>40.010000000000005</ele>
   </trkpt>
   <trkpt lat="33.442510000000006" lon="-81.98115000000001">
    <ele>40.150000000000006</ele>
   </trkpt>
   <trkpt lat="33.442240000000005" lon="-81.98167000000001">
    <ele>40.370000000000005</ele>
   </trkpt>
   <trkpt lat="33.4421" lon="-81.98204000000001">
    <ele>40.370000000000005</ele>
   </trkpt>
   <trkpt lat="33.44193" lon="-81.9825">
    <ele>40.370000000000005</ele>
   </trkpt>
   <trkpt lat="33.44176" lon="-81.98313">
    <ele>40.370000000000005</ele>
   </trkpt>
   <trkpt lat="33.44167" lon="-81.98366">
    <ele>44.910000000000004</ele>
   </trkpt>
   <trkpt lat="33.4415800020078" lon="-81.9843650006276">
    <ele>44.910000000000004</ele>
   </trkpt>
   <trkpt lat="33.44149" lon="-81.98507000000001">
    <ele>44.910000000000004</ele>
   </trkpt>
   <trkpt lat="33.44137001430371" lon="-81.98601400522813">
    <ele>44.83</ele>
   </trkpt>
   <trkpt lat="33.441250021455154" lon="-81.98695800784506">
    <ele>44.83</ele>
   </trkpt>
   <trkpt lat="33.44113002145441" lon="-81.98790200785064">
    <ele>39.95</ele>
   </trkpt>
   <trkpt lat="33.441010014301526" lon="-81.98884600524475">
    <ele>39.95</ele>
   </trkpt>
   <trkpt lat="33.44089" lon="-81.98979000000001">
    <ele>39.550000000000004</ele>
   </trkpt>
   <trkpt lat="33.44081500188077" lon="-81.9904700003595">
    <ele>40.0</ele>
   </trkpt>
   <trkpt lat="33.440740000000005" lon="-81.99115">
    <ele>40.0</ele>
   </trkpt>
   <trkpt lat="33.440625009969416" lon="-81.9920600036177">
    <ele>40.0</ele>
   </trkpt>
   <trkpt lat="33.440510013292574" lon="-81.99297000482314">
    <ele>47.010000000000005</ele>
   </trkpt>
   <trkpt lat="33.44039500996957" lon="-81.99388000361617">
    <ele>47.010000000000005</ele>
   </trkpt>
   <trkpt lat="33.44028" lon="-81.99479000000001">
    <ele>47.730000000000004</ele>
   </trkpt>
   <trkpt lat="33.4401800022564" lon="-81.99554000087085">
    <ele>47.730000000000004</ele>
   </trkpt>
   <trkpt lat="33.44008" lon="-81.99629">
    <ele>44.300000000000004</ele>
   </trkpt>
   <trkpt lat="33.43995" lon="-81.99685000000001">
    <ele>44.300000000000004</ele>
   </trkpt>
   <trkpt lat="33.43972" lon="-81.99780000000001">
    <ele>43.14</ele>
   </trkpt>
   <trkpt lat="33.439690000000006" lon="-81.99802000000001">
    <ele>43.190000000000005</ele>
   </trkpt>
   <trkpt lat="33.43953500146501" lon="-81.99861000079468">
    <ele>43.32</ele>
   </trkpt>
   <trkpt lat="33.43938" lon="-81.9992">
    <ele>43.99</ele>
   </trkpt>
   <trkpt lat="33.43909" lon="-81.99990000000001">
    <ele>44.51</ele>
   </trkpt>
   <trkpt lat="33.4388750013344" lon="-82.00048500155542">
    <ele>44.61</ele>
   </trkpt>
   <trkpt lat="33.438660000000006" lon="-82.00107000000001">
    <ele>45.040000000000006</ele>
   </trkpt>
   <trkpt lat="33.43842000174737" lon="-82.0017450020948">
    <ele>45.040000000000006</ele>
   </trkpt>
   <trkpt lat="33.43818" lon="-82.00242">
    <ele>45.46</ele>
   </trkpt>
   <trkpt lat="33.438100000000006" lon="-82.00296">
    <ele>45.550000000000004</ele>
   </trkpt>
   <trkpt lat="33.43811" lon="-82.00322000000001">
    <ele>45.550000000000004</ele>
   </trkpt>
   <trkpt lat="33.438210000000005" lon="-82.00408">
    <ele>45.82000000000001</ele>
   </trkpt>
   <trkpt lat="33.438210000000005" lon="-82.00426">
    <ele>45.82000000000001</ele>
   </trkpt>
   <trkpt lat="33.43818" lon="-82.00456000000001">
    <ele>45.82000000000001</ele>
   </trkpt>
   <trkpt lat="33.438140000000004" lon="-82.0047">
    <ele>45.82000000000001</ele>
   </trkpt>
   <trkpt lat="33.43807" lon="-82.00487000000001">
    <ele>45.82000000000001</ele>
   </trkpt>
   <trkpt lat="33.43797" lon="-82.00506">
    <ele>45.81</ele>
   </trkpt>
   <trkpt lat="33.437850000000005" lon="-82.00524">
    <ele>45.81</ele>
   </trkpt>
   <trkpt lat="33.43722000174497" lon="-82.00588500460564">
    <ele>45.980000000000004</ele>
   </trkpt>
   <trkpt lat="33.43659" lon="-82.00653000000001">
    <ele>45.980000000000004</ele>
   </trkpt>
   <trkpt lat="33.43643" lon="-82.00673">
    <ele>45.99</ele>
   </trkpt>
   <trkpt lat="33.436350000000004" lon="-82.00689000000001">
    <ele>45.99</ele>
   </trkpt>
   <trkpt lat="33.436080000000004" lon="-82.00757">
    <ele>46.11000000000001</ele>
   </trkpt>
   <trkpt lat="33.43594" lon="-82.00769000000001">
    <ele>46.11000000000001</ele>
   </trkpt>
   <trkpt lat="33.43576" lon="-82.00816">
    <ele>46.11000000000001</ele>
   </trkpt>
   <trkpt lat="33.435480000000005" lon="-82.00901">
    <ele>46.080000000000005</ele>
   </trkpt>
   <trkpt lat="33.43511" lon="-82.00998000000001">
    <ele>45.6</ele>
   </trkpt>
   <trkpt lat="33.43451" lon="-82.00932">
    <ele>46.510000000000005</ele>
   </trkpt>
   <trkpt lat="33.43406" lon="-82.00899000000001">
    <ele>45.56</ele>
   </trkpt>
   <trkpt lat="33.433453333921975" lon="-82.00872666299894">
    <ele>43.300000000000004</ele>
   </trkpt>
   <trkpt lat="33.43284666728745" lon="-82.00846332967961">
    <ele>41.92</ele>
   </trkpt>
   <trkpt lat="33.43224" lon="-82.0082">
    <ele>42.17</ele>
   </trkpt>
   <trkpt lat="33.43198" lon="-82.00806">
    <ele>42.11</ele>
   </trkpt>
   <trkpt lat="33.43144" lon="-82.00766">
    <ele>42.45</ele>
   </trkpt>
   <trkpt lat="33.43103" lon="-82.0073">
    <ele>42.77</ele>
   </trkpt>
   <trkpt lat="33.43045" lon="-82.00672">
    <ele>43.28000000000001</ele>
   </trkpt>
   <trkpt lat="33.4302" lon="-82.00653000000001">
    <ele>43.4</ele>
   </trkpt>
   <trkpt lat="33.429750000000006" lon="-82.00630000000001">
    <ele>42.510000000000005</ele>
   </trkpt>
   <trkpt lat="33.429390000000005" lon="-82.00621000000001">
    <ele>42.86</ele>
   </trkpt>
   <trkpt lat="33.428960000000004" lon="-82.00618">
    <ele>42.42000000000001</ele>
   </trkpt>
   <trkpt lat="33.42818999994073" lon="-82.00616499986576">
    <ele>42.38</ele>
   </trkpt>
   <trkpt lat="33.427420000000005" lon="-82.00615">
    <ele>42.480000000000004</ele>
   </trkpt>
   <trkpt lat="33.42671250001389" lon="-82.00614749993893">
    <ele>42.06</ele>
   </trkpt>
   <trkpt lat="33.42600500002772" lon="-82.0061449999186">
    <ele>41.900000000000006</ele>
   </trkpt>
   <trkpt lat="33.4252975000415" lon="-82.00614249993902">
    <ele>41.5</ele>
   </trkpt>
   <trkpt lat="33.42459" lon="-82.00614">
    <ele>41.64</ele>
   </trkpt>
   <trkpt lat="33.42374" lon="-82.00623">
    <ele>41.760000000000005</ele>
   </trkpt>
   <trkpt lat="33.423012500457126" lon="-82.00642000477043">
    <ele>41.56</ele>
   </trkpt>
   <trkpt lat="33.42228500062458" lon="-82.00661000635652">
    <ele>41.49</ele>
   </trkpt>
   <trkpt lat="33.42155750050239" lon="-82.00680000475845">
    <ele>41.63</ele>
   </trkpt>
   <trkpt lat="33.42083" lon="-82.00699">
    <ele>41.400000000000006</ele>
   </trkpt>
   <trkpt lat="33.420210000000004" lon="-82.00712">
    <ele>41.760000000000005</ele>
   </trkpt>
   <trkpt lat="33.419430000000006" lon="-82.00721">
    <ele>41.84</ele>
   </trkpt>
   <trkpt lat="33.41899" lon="-82.00720000000001">
    <ele>42.18</ele>
   </trkpt>
   <trkpt lat="33.418499999853076" lon="-82.00714999970185">
    <ele>42.190000000000005</ele>
   </trkpt>
   <trkpt lat="33.41801" lon="-82.00710000000001">
    <ele>42.690000000000005</ele>
   </trkpt>
   <trkpt lat="33.41713692329553" lon="-82.00703229952576">
    <ele>43.77</ele>
   </trkpt>
   <trkpt lat="33.41626384655431" lon="-82.00696460041284">
    <ele>44.660000000000004</ele>
   </trkpt>
   <trkpt lat="33.415390769776295" lon="-82.00689690266118">
    <ele>45.4</ele>
   </trkpt>
   <trkpt lat="33.41451769296153" lon="-82.00682920627071">
    <ele>45.660000000000004</ele>
   </trkpt>
   <trkpt lat="33.41364461611" lon="-82.00676151124136">
    <ele>46.68000000000001</ele>
   </trkpt>
   <trkpt lat="33.41277153922169" lon="-82.00669381757305">
    <ele>48.2</ele>
   </trkpt>
   <trkpt lat="33.411898462296634" lon="-82.00662612526571">
    <ele>48.27</ele>
   </trkpt>
   <trkpt lat="33.4110253853348" lon="-82.00655843431927">
    <ele>48.650000000000006</ele>
   </trkpt>
   <trkpt lat="33.41015230833622" lon="-82.00649074473367">
    <ele>48.290000000000006</ele>
   </trkpt>
   <trkpt lat="33.40927923130089" lon="-82.0064230565088">
    <ele>48.35</ele>
   </trkpt>
   <trkpt lat="33.40840615422879" lon="-82.00635536964462">
    <ele>48.56</ele>
   </trkpt>
   <trkpt lat="33.40753307711995" lon="-82.00628768414106">
    <ele>48.92</ele>
   </trkpt>
   <trkpt lat="33.40666" lon="-82.00622000000001">
    <ele>48.89</ele>
   </trkpt>
   <trkpt lat="33.40646" lon="-82.00627">
    <ele>48.970000000000006</ele>
   </trkpt>
   <trkpt lat="33.405860000000004" lon="-82.00624">
    <ele>48.830000000000005</ele>
   </trkpt>
   <trkpt lat="33.40504444458027" lon="-82.00617443952133">
    <ele>48.25</ele>
   </trkpt>
   <trkpt lat="33.40422888912607" lon="-82.00610888027353">
    <ele>47.839999999999996</ele>
   </trkpt>
   <trkpt lat="33.403413333637396" lon="-82.00604332225653">
    <ele>48.660000000000004</ele>
   </trkpt>
   <trkpt lat="33.40259777811424" lon="-82.00597776547032">
    <ele>48.790000000000006</ele>
   </trkpt>
   <trkpt lat="33.40178222255661" lon="-82.00591220991481">
    <ele>48.480000000000004</ele>
   </trkpt>
   <trkpt lat="33.40096666696452" lon="-82.00584665558992">
    <ele>49.02</ele>
   </trkpt>
   <trkpt lat="33.400151111337955" lon="-82.00578110249562">
    <ele>48.89</ele>
   </trkpt>
   <trkpt lat="33.39933555567692" lon="-82.00571555063185">
    <ele>48.56</ele>
   </trkpt>
   <trkpt lat="33.398520000000005" lon="-82.00565">
    <ele>48.89</ele>
   </trkpt>
   <trkpt lat="33.39828" lon="-82.00554000000001">
    <ele>49.06</ele>
   </trkpt>
   <trkpt lat="33.397980000000004" lon="-82.00557">
    <ele>49.290000000000006</ele>
   </trkpt>
   <trkpt lat="33.39740000002065" lon="-82.00551499963373">
    <ele>49.6</ele>
   </trkpt>
   <trkpt lat="33.396820000000005" lon="-82.00546000000001">
    <ele>49.510000000000005</ele>
   </trkpt>
   <trkpt lat="33.39618" lon="-82.00542">
    <ele>49.900000000000006</ele>
   </trkpt>
   <trkpt lat="33.395474999916786" lon="-82.00535499946348">
    <ele>50.11</ele>
   </trkpt>
   <trkpt lat="33.39477" lon="-82.00529">
    <ele>49.900000000000006</ele>
   </trkpt>
   <trkpt lat="33.39437" lon="-82.00528000000001">
    <ele>49.92</ele>
   </trkpt>
   <trkpt lat="33.394180000000006" lon="-82.00529">
    <ele>49.910000000000004</ele>
   </trkpt>
   <trkpt lat="33.39357499982518" lon="-82.00522999956358">
    <ele>49.900000000000006</ele>
   </trkpt>
   <trkpt lat="33.392970000000005" lon="-82.00517">
    <ele>49.86</ele>
   </trkpt>
   <trkpt lat="33.392160000060244" lon="-82.00510833045887">
    <ele>49.88</ele>
   </trkpt>
   <trkpt lat="33.39135000008998" lon="-82.00504666206709">
    <ele>50.080000000000005</ele>
   </trkpt>
   <trkpt lat="33.39054000008921" lon="-82.00498499482465">
    <ele>49.78</ele>
   </trkpt>
   <trkpt lat="33.389730000057945" lon="-82.00492332873146">
    <ele>49.67</ele>
   </trkpt>
   <trkpt lat="33.38891999999618" lon="-82.0048616637875">
    <ele>49.35</ele>
   </trkpt>
   <trkpt lat="33.388110000000005" lon="-82.0048">
    <ele>49.61</ele>
   </trkpt>
   <trkpt lat="33.387660000000004" lon="-82.00475">
    <ele>49.71</ele>
   </trkpt>
   <trkpt lat="33.38734" lon="-82.00467">
    <ele>49.400000000000006</ele>
   </trkpt>
   <trkpt lat="33.38669500021472" lon="-82.00444499833479">
    <ele>48.68</ele>
   </trkpt>
   <trkpt lat="33.386050000000004" lon="-82.00422">
    <ele>48.1</ele>
   </trkpt>
   <trkpt lat="33.38534" lon="-82.004">
    <ele>46.06</ele>
   </trkpt>
   <trkpt lat="33.38480500031036" lon="-82.00378499872726">
    <ele>44.99</ele>
   </trkpt>
   <trkpt lat="33.38427" lon="-82.00357000000001">
    <ele>44.81</ele>
   </trkpt>
   <trkpt lat="33.38354000143528" lon="-82.00330165539954">
    <ele>45.7</ele>
   </trkpt>
   <trkpt lat="33.38281000229312" lon="-82.00303331530499">
    <ele>46.99</ele>
   </trkpt>
   <trkpt lat="33.38208000257356" lon="-82.00276497971616">
    <ele>51.58</ele>
   </trkpt>
   <trkpt lat="33.381350002276626" lon="-82.00249664863283">
    <ele>55.42</ele>
   </trkpt>
   <trkpt lat="33.38062000140233" lon="-82.00222832205479">
    <ele>58.52</ele>
   </trkpt>
   <trkpt lat="33.37989" lon="-82.00196000000001">
    <ele>63.6</ele>
   </trkpt>
   <trkpt lat="33.3791066674073" lon="-82.00164999440342">
    <ele>69.93</ele>
   </trkpt>
   <trkpt lat="33.37832333404401" lon="-82.00133999439164">
    <ele>77.26</ele>
   </trkpt>
   <trkpt lat="33.37754" lon="-82.00103">
    <ele>83.06</ele>
   </trkpt>
   <trkpt lat="33.37682833561617" lon="-82.00069331956426">
    <ele>87.59</ele>
   </trkpt>
   <trkpt lat="33.37611667032346" lon="-82.00035664463852">
    <ele>89.87</ele>
   </trkpt>
   <trkpt lat="33.37540500412191" lon="-82.0000199752225">
    <ele>90.49</ele>
   </trkpt>
   <trkpt lat="33.374693337011564" lon="-81.99968331131598">
    <ele>90.19</ele>
   </trkpt>
   <trkpt lat="33.37398166899246" lon="-81.99934665291877">
    <ele>90.39000000000001</ele>
   </trkpt>
   <trkpt lat="33.373270000000005" lon="-81.99901000000001">
    <ele>90.27</ele>
   </trkpt>
   <trkpt lat="33.37248000153989" lon="-81.9986524902609">
    <ele>91.29</ele>
   </trkpt>
   <trkpt lat="33.37169000205503" lon="-81.99829498701558">
    <ele>90.27</ele>
   </trkpt>
   <trkpt lat="33.37090000154548" lon="-81.99793749026375">
    <ele>87.56000000000002</ele>
   </trkpt>
   <trkpt lat="33.370110000000004" lon="-81.99758000000001">
    <ele>84.34</ele>
   </trkpt>
   <trkpt lat="33.369490000000006" lon="-81.99727">
    <ele>82.30000000000001</ele>
   </trkpt>
   <trkpt lat="33.36896" lon="-81.99705">
    <ele>83.12</ele>
   </trkpt>
   <trkpt lat="33.368790000000004" lon="-81.997">
    <ele>83.33</ele>
   </trkpt>
   <trkpt lat="33.36808500054327" lon="-81.99664999718969">
    <ele>85.99000000000001</ele>
   </trkpt>
   <trkpt lat="33.367380000000004" lon="-81.9963">
    <ele>87.20000000000002</ele>
   </trkpt>
   <trkpt lat="33.366800000000005" lon="-81.99599">
    <ele>86.83</ele>
   </trkpt>
   <trkpt lat="33.36623" lon="-81.99565000000001">
    <ele>86.85000000000001</ele>
   </trkpt>
   <trkpt lat="33.366020000000006" lon="-81.99607">
    <ele>85.44</ele>
   </trkpt>
   <trkpt lat="33.365840000000006" lon="-81.99633">
    <ele>84.52000000000001</ele>
   </trkpt>
   <trkpt lat="33.36572" lon="-81.99644">
    <ele>84.0</ele>
   </trkpt>
   <trkpt lat="33.365500000000004" lon="-81.9966">
    <ele>82.95</ele>
   </trkpt>
   <trkpt lat="33.365370000000006" lon="-81.99667000000001">
    <ele>82.61</ele>
   </trkpt>
   <trkpt lat="33.364990000000006" lon="-81.99678">
    <ele>81.84</ele>
   </trkpt>
   <trkpt lat="33.364450000000005" lon="-81.99681000000001">
    <ele>81.38000000000001</ele>
   </trkpt>
   <trkpt lat="33.363820000000004" lon="-81.99688">
    <ele>79.96000000000001</ele>
   </trkpt>
   <trkpt lat="33.363048333430406" lon="-81.99694666962195">
    <ele>78.92</ele>
   </trkpt>
   <trkpt lat="33.362276666825174" lon="-81.99701333806144">
    <ele>78.56</ele>
   </trkpt>
   <trkpt lat="33.36150500018432" lon="-81.99708000531851">
    <ele>77.23</ele>
   </trkpt>
   <trkpt lat="33.36073333350783" lon="-81.99714667139322">
    <ele>75.81</ele>
   </trkpt>
   <trkpt lat="33.35996166679572" lon="-81.99721333628567">
    <ele>74.34</ele>
   </trkpt>
   <trkpt lat="33.359190000000005" lon="-81.99728">
    <ele>73.11000000000001</ele>
   </trkpt>
   <trkpt lat="33.358645000234674" lon="-81.99734000035149">
    <ele>72.68</ele>
   </trkpt>
   <trkpt lat="33.3581" lon="-81.99740000000001">
    <ele>72.73</ele>
   </trkpt>
   <trkpt lat="33.35775" lon="-81.99745">
    <ele>73.13</ele>
   </trkpt>
   <trkpt lat="33.3573" lon="-81.99755">
    <ele>73.08</ele>
   </trkpt>
   <trkpt lat="33.356880000000004" lon="-81.99773">
    <ele>73.07000000000001</ele>
   </trkpt>
   <trkpt lat="33.35622000078559" lon="-81.99814500308695">
    <ele>72.69</ele>
   </trkpt>
   <trkpt lat="33.355560000000004" lon="-81.99856000000001">
    <ele>72.52</ele>
   </trkpt>
   <trkpt lat="33.35487500082272" lon="-81.99900500348312">
    <ele>72.49000000000001</ele>
   </trkpt>
   <trkpt lat="33.35419" lon="-81.99945000000001">
    <ele>72.46000000000001</ele>
   </trkpt>
   <trkpt lat="33.35369" lon="-81.99974">
    <ele>71.93</ele>
   </trkpt>
   <trkpt lat="33.353550000000006" lon="-81.99986000000001">
    <ele>71.93</ele>
   </trkpt>
   <trkpt lat="33.352845000670555" lon="-82.00027000332236">
    <ele>70.77</ele>
   </trkpt>
   <trkpt lat="33.352140000000006" lon="-82.00068">
    <ele>69.4</ele>
   </trkpt>
   <trkpt lat="33.35142500248956" lon="-82.00113501121064">
    <ele>67.52000000000001</ele>
   </trkpt>
   <trkpt lat="33.35071000331974" lon="-82.00159001494707">
    <ele>64.95</ele>
   </trkpt>
   <trkpt lat="33.349995002490594" lon="-82.00204501120962">
    <ele>61.99</ele>
   </trkpt>
   <trkpt lat="33.34928" lon="-82.00250000000001">
    <ele>59.53000000000001</ele>
   </trkpt>
   <trkpt lat="33.34849000098118" lon="-82.00297500426376">
    <ele>56.88</ele>
   </trkpt>
   <trkpt lat="33.3477" lon="-82.00345">
    <ele>54.36000000000001</ele>
   </trkpt>
   <trkpt lat="33.34722" lon="-82.00380000000001">
    <ele>52.870000000000005</ele>
   </trkpt>
   <trkpt lat="33.34643000082955" lon="-82.0042500040726">
    <ele>48.81</ele>
   </trkpt>
   <trkpt lat="33.34564" lon="-82.0047">
    <ele>46.230000000000004</ele>
   </trkpt>
   <trkpt lat="33.34503" lon="-82.00488">
    <ele>46.290000000000006</ele>
   </trkpt>
   <trkpt lat="33.344273333830934" lon="-82.00513667113758">
    <ele>46.540000000000006</ele>
   </trkpt>
   <trkpt lat="33.34351666713392" lon="-82.00539333781448">
    <ele>46.86000000000001</ele>
   </trkpt>
   <trkpt lat="33.342760000000006" lon="-82.00565">
    <ele>48.39</ele>
   </trkpt>
   <trkpt lat="33.3432" lon="-82.00614">
    <ele>47.510000000000005</ele>
   </trkpt>
   <trkpt lat="33.343500000000006" lon="-82.00641">
    <ele>47.35</ele>
   </trkpt>
   <trkpt lat="33.34375" lon="-82.00667">
    <ele>47.370000000000005</ele>
   </trkpt>
   <trkpt lat="33.343900000000005" lon="-82.00689000000001">
    <ele>47.510000000000005</ele>
   </trkpt>
   <trkpt lat="33.34413" lon="-82.00735">
    <ele>47.95</ele>
   </trkpt>
   <trkpt lat="33.34418" lon="-82.00757">
    <ele>48.32</ele>
   </trkpt>
   <trkpt lat="33.3442" lon="-82.00775">
    <ele>48.52</ele>
   </trkpt>
   <trkpt lat="33.344190000000005" lon="-82.0082">
    <ele>49.09</ele>
   </trkpt>
   <trkpt lat="33.34414" lon="-82.00842">
    <ele>49.300000000000004</ele>
   </trkpt>
   <trkpt lat="33.34390000136135" lon="-82.0089800012991">
    <ele>50.14</ele>
   </trkpt>
   <trkpt lat="33.34366" lon="-82.00954">
    <ele>51.09</ele>
   </trkpt>
   <trkpt lat="33.34335667047933" lon="-82.0102266713737">
    <ele>52.22</ele>
   </trkpt>
   <trkpt lat="33.34305333717989" lon="-82.01091333796361">
    <ele>53.93000000000001</ele>
   </trkpt>
   <trkpt lat="33.34275" lon="-82.0116">
    <ele>56.14</ele>
   </trkpt>
   <trkpt lat="33.34244" lon="-82.01205">
    <ele>58.06000000000001</ele>
   </trkpt>
   <trkpt lat="33.341860000000004" lon="-82.01268">
    <ele>59.31</ele>
   </trkpt>
   <trkpt lat="33.34133" lon="-82.01317">
    <ele>60.9</ele>
   </trkpt>
   <trkpt lat="33.34085" lon="-82.0137">
    <ele>62.480000000000004</ele>
   </trkpt>
   <trkpt lat="33.34028" lon="-82.01437000000001">
    <ele>64.89</ele>
   </trkpt>
   <trkpt lat="33.340120000000006" lon="-82.01469">
    <ele>67.37</ele>
   </trkpt>
   <trkpt lat="33.339980000000004" lon="-82.01507000000001">
    <ele>69.35000000000001</ele>
   </trkpt>
   <trkpt lat="33.339890000000004" lon="-82.01545">
    <ele>71.63</ele>
   </trkpt>
   <trkpt lat="33.33983" lon="-82.01589000000001">
    <ele>73.91</ele>
   </trkpt>
   <trkpt lat="33.33983" lon="-82.01622">
    <ele>76.65</ele>
   </trkpt>
   <trkpt lat="33.33988" lon="-82.01661">
    <ele>78.66000000000001</ele>
   </trkpt>
   <trkpt lat="33.34" lon="-82.01702">
    <ele>80.42</ele>
   </trkpt>
   <trkpt lat="33.340250000000005" lon="-82.01765">
    <ele>83.89</ele>
   </trkpt>
   <trkpt lat="33.34051" lon="-82.01819">
    <ele>85.64</ele>
   </trkpt>
   <trkpt lat="33.34075" lon="-82.01876">
    <ele>88.42000000000002</ele>
   </trkpt>
   <trkpt lat="33.34089" lon="-82.01917">
    <ele>90.38</ele>
   </trkpt>
   <trkpt lat="33.340990000000005" lon="-82.01957">
    <ele>92.96</ele>
   </trkpt>
   <trkpt lat="33.34113" lon="-82.02033">
    <ele>96.11</ele>
   </trkpt>
   <trkpt lat="33.34122500387189" lon="-82.02130999917476">
    <ele>99.37000000000002</ele>
   </trkpt>
   <trkpt lat="33.34132" lon="-82.02229000000001">
    <ele>101.49000000000001</ele>
   </trkpt>
   <trkpt lat="33.34136" lon="-82.02284">
    <ele>102.25</ele>
   </trkpt>
   <trkpt lat="33.34134" lon="-82.02315">
    <ele>102.56000000000002</ele>
   </trkpt>
   <trkpt lat="33.34129" lon="-82.02346">
    <ele>103.75</ele>
   </trkpt>
   <trkpt lat="33.3411200020064" lon="-82.02416000118937">
    <ele>104.58</ele>
   </trkpt>
   <trkpt lat="33.34095" lon="-82.02486">
    <ele>106.52</ele>
   </trkpt>
   <trkpt lat="33.340900000000005" lon="-82.02520000000001">
    <ele>106.91</ele>
   </trkpt>
   <trkpt lat="33.340900000000005" lon="-82.02557">
    <ele>108.12</ele>
   </trkpt>
   <trkpt lat="33.34095000140585" lon="-82.02615500006874">
    <ele>110.45</ele>
   </trkpt>
   <trkpt lat="33.341" lon="-82.02674">
    <ele>111.82000000000001</ele>
   </trkpt>
   <trkpt lat="33.34096" lon="-82.02718">
    <ele>111.38000000000001</ele>
   </trkpt>
   <trkpt lat="33.340810000000005" lon="-82.02821">
    <ele>108.38</ele>
   </trkpt>
   <trkpt lat="33.34073" lon="-82.02915">
    <ele>105.81000000000002</ele>
   </trkpt>
   <trkpt lat="33.34071" lon="-82.02982">
    <ele>103.51</ele>
   </trkpt>
   <trkpt lat="33.34074000179084" lon="-82.03048999959356">
    <ele>102.9</ele>
   </trkpt>
   <trkpt lat="33.340770000000006" lon="-82.03116">
    <ele>104.81000000000002</ele>
   </trkpt>
   <trkpt lat="33.340830000000004" lon="-82.03197">
    <ele>108.31</ele>
   </trkpt>
   <trkpt lat="33.34092500303423" lon="-82.03283999906365">
    <ele>110.77000000000001</ele>
   </trkpt>
   <trkpt lat="33.34102" lon="-82.03371000000001">
    <ele>112.03</ele>
   </trkpt>
   <trkpt lat="33.34104" lon="-82.03425">
    <ele>112.46000000000001</ele>
   </trkpt>
   <trkpt lat="33.341005002631384" lon="-82.0350600002694">
    <ele>112.03</ele>
   </trkpt>
   <trkpt lat="33.340970000000006" lon="-82.03587">
    <ele>112.34</ele>
   </trkpt>
   <trkpt lat="33.34091" lon="-82.03645">
    <ele>113.62</ele>
   </trkpt>
   <trkpt lat="33.3408" lon="-82.03693000000001">
    <ele>114.42</ele>
   </trkpt>
   <trkpt lat="33.34061000181528" lon="-82.03760500150946">
    <ele>115.52000000000001</ele>
   </trkpt>
   <trkpt lat="33.34042" lon="-82.03828">
    <ele>116.79</ele>
   </trkpt>
   <trkpt lat="33.340300000000006" lon="-82.03877000000001">
    <ele>117.62000000000002</ele>
   </trkpt>
   <trkpt lat="33.3401900012315" lon="-82.03933000083488">
    <ele>118.12</ele>
   </trkpt>
   <trkpt lat="33.34008" lon="-82.03989">
    <ele>118.81000000000002</ele>
   </trkpt>
   <trkpt lat="33.33993" lon="-82.04039">
    <ele>118.59000000000002</ele>
   </trkpt>
   <trkpt lat="33.3397" lon="-82.04093">
    <ele>118.03</ele>
   </trkpt>
   <trkpt lat="33.33928500748737" lon="-82.04172001132065">
    <ele>117.48000000000002</ele>
   </trkpt>
   <trkpt lat="33.33887000997333" lon="-82.04251001511273">
    <ele>117.27000000000001</ele>
   </trkpt>
   <trkpt lat="33.33845500745799" lon="-82.04330001137627">
    <ele>117.95000000000002</ele>
   </trkpt>
   <trkpt lat="33.33804" lon="-82.04409000000001">
    <ele>117.29</ele>
   </trkpt>
   <trkpt lat="33.337770000000006" lon="-82.04464">
    <ele>115.97</ele>
   </trkpt>
   <trkpt lat="33.33762" lon="-82.04504">
    <ele>115.46000000000001</ele>
   </trkpt>
   <trkpt lat="33.337500000000006" lon="-82.04548000000001">
    <ele>116.41000000000001</ele>
   </trkpt>
   <trkpt lat="33.33728500360084" lon="-82.04643000241225">
    <ele>117.51</ele>
   </trkpt>
   <trkpt lat="33.337070000000004" lon="-82.04738">
    <ele>117.13000000000001</ele>
   </trkpt>
   <trkpt lat="33.336259999906034" lon="-82.04732999952863">
    <ele>118.53</ele>
   </trkpt>
   <trkpt lat="33.33545" lon="-82.04728">
    <ele>123.4</ele>
   </trkpt>
   <trkpt lat="33.33470000004839" lon="-82.04722499858029">
    <ele>124.42000000000002</ele>
   </trkpt>
   <trkpt lat="33.33395000007253" lon="-82.04716999810765">
    <ele>122.78000000000002</ele>
   </trkpt>
   <trkpt lat="33.33320000007244" lon="-82.04711499858209">
    <ele>122.67000000000002</ele>
   </trkpt>
   <trkpt lat="33.33245" lon="-82.04706">
    <ele>123.23</ele>
   </trkpt>
   <trkpt lat="33.33165500002946" lon="-82.04697999927036">
    <ele>124.89000000000001</ele>
   </trkpt>
   <trkpt lat="33.33086" lon="-82.04690000000001">
    <ele>127.65</ele>
   </trkpt>
   <trkpt lat="33.33013000026194" lon="-82.046689998265">
    <ele>128.09</ele>
   </trkpt>
   <trkpt lat="33.3294" lon="-82.04648">
    <ele>127.53</ele>
   </trkpt>
   <trkpt lat="33.328680000000006" lon="-82.04620000000001">
    <ele>126.02000000000002</ele>
   </trkpt>
   <trkpt lat="33.328340000000004" lon="-82.04598">
    <ele>124.85000000000001</ele>
   </trkpt>
   <trkpt lat="33.32775" lon="-82.0455">
    <ele>122.49000000000001</ele>
   </trkpt>
   <trkpt lat="33.32741" lon="-82.04513">
    <ele>121.67000000000002</ele>
   </trkpt>
   <trkpt lat="33.327090000000005" lon="-82.04464">
    <ele>121.14000000000001</ele>
   </trkpt>
   <trkpt lat="33.32688" lon="-82.04423000000001">
    <ele>120.66</ele>
   </trkpt>
   <trkpt lat="33.32669000121789" lon="-82.04369499903405">
    <ele>120.66</ele>
   </trkpt>
   <trkpt lat="33.3265" lon="-82.04316">
    <ele>120.3</ele>
   </trkpt>
   <trkpt lat="33.3262233392105" lon="-82.04230332788497">
    <ele>120.53000000000002</ele>
   </trkpt>
   <trkpt lat="33.32594667254106" lon="-82.04144666120983">
    <ele>120.41</ele>
   </trkpt>
   <trkpt lat="33.32567" lon="-82.04059000000001">
    <ele>120.62</ele>
   </trkpt>
   <trkpt lat="33.3253600069445" lon="-82.0396599934279">
    <ele>120.47</ele>
   </trkpt>
   <trkpt lat="33.32505000695938" lon="-82.03872999347267">
    <ele>119.89000000000001</ele>
   </trkpt>
   <trkpt lat="33.324740000000006" lon="-82.0378">
    <ele>118.97</ele>
   </trkpt>
   <trkpt lat="33.32464" lon="-82.03739">
    <ele>118.92000000000002</ele>
   </trkpt>
   <trkpt lat="33.324580000000005" lon="-82.03705000000001">
    <ele>119.28000000000002</ele>
   </trkpt>
   <trkpt lat="33.32384400024995" lon="-82.0371760042573">
    <ele>119.70000000000002</ele>
   </trkpt>
   <trkpt lat="33.32310800037268" lon="-82.03730200638623">
    <ele>119.19</ele>
   </trkpt>
   <trkpt lat="33.32237200036822" lon="-82.03742800638692">
    <ele>116.0</ele>
   </trkpt>
   <trkpt lat="33.321636000236566" lon="-82.0375540042594">
    <ele>112.59</ele>
   </trkpt>
   <trkpt lat="33.3209" lon="-82.03768000000001">
    <ele>109.7</ele>
   </trkpt>
   <trkpt lat="33.320690000000006" lon="-82.0377">
    <ele>108.7</ele>
   </trkpt>
   <trkpt lat="33.3203" lon="-82.0377">
    <ele>105.41</ele>
   </trkpt>
   <trkpt lat="33.320080000000004" lon="-82.03766">
    <ele>104.29</ele>
   </trkpt>
   <trkpt lat="33.319860000000006" lon="-82.03757">
    <ele>101.76</ele>
   </trkpt>
   <trkpt lat="33.31965" lon="-82.03743">
    <ele>99.39</ele>
   </trkpt>
   <trkpt lat="33.31926000067091" lon="-82.03706999852929">
    <ele>96.07000000000001</ele>
   </trkpt>
   <trkpt lat="33.318870000000004" lon="-82.03671000000001">
    <ele>91.80000000000001</ele>
   </trkpt>
   <trkpt lat="33.31864" lon="-82.03658">
    <ele>90.31</ele>
   </trkpt>
   <trkpt lat="33.318400000000004" lon="-82.03649">
    <ele>88.52</ele>
   </trkpt>
   <trkpt lat="33.31804" lon="-82.03636">
    <ele>87.0</ele>
   </trkpt>
   <trkpt lat="33.31756499990605" lon="-82.03626999948563">
    <ele>84.37</ele>
   </trkpt>
   <trkpt lat="33.31709" lon="-82.03618">
    <ele>81.46000000000001</ele>
   </trkpt>
   <trkpt lat="33.316372500068816" lon="-82.03607749746078">
    <ele>76.65</ele>
   </trkpt>
   <trkpt lat="33.315655000053475" lon="-82.03597499660897">
    <ele>73.48</ele>
   </trkpt>
   <trkpt lat="33.31493749995397" lon="-82.03587249744447">
    <ele>69.63000000000001</ele>
   </trkpt>
   <trkpt lat="33.314220000000006" lon="-82.03577000000001">
    <ele>66.80000000000001</ele>
   </trkpt>
   <trkpt lat="33.313640002615195" lon="-82.03495999459342">
    <ele>62.63</ele>
   </trkpt>
   <trkpt lat="33.31306" lon="-82.03415000000001">
    <ele>61.64000000000001</ele>
   </trkpt>
   <trkpt lat="33.312810000000006" lon="-82.03368">
    <ele>62.85</ele>
   </trkpt>
   <trkpt lat="33.31275" lon="-82.03345">
    <ele>63.53</ele>
   </trkpt>
   <trkpt lat="33.31264" lon="-82.03277000000001">
    <ele>66.11</ele>
   </trkpt>
   <trkpt lat="33.312310018189294" lon="-82.03189998024226">
    <ele>71.01</ele>
   </trkpt>
   <trkpt lat="33.31198003031528" lon="-82.03102996707044">
    <ele>71.27</ele>
   </trkpt>
   <trkpt lat="33.31165003637808" lon="-82.03015996048453">
    <ele>66.99000000000001</ele>
   </trkpt>
   <trkpt lat="33.31132003637783" lon="-82.0292899604845">
    <ele>65.83</ele>
   </trkpt>
   <trkpt lat="33.31099003031462" lon="-82.02841996707036">
    <ele>68.45</ele>
   </trkpt>
   <trkpt lat="33.3106600181886" lon="-82.0275499802421">
    <ele>71.71000000000001</ele>
   </trkpt>
   <trkpt lat="33.31033" lon="-82.02668000000001">
    <ele>74.81</ele>
   </trkpt>
   <trkpt lat="33.31015000192391" lon="-82.02598499852417">
    <ele>76.02</ele>
   </trkpt>
   <trkpt lat="33.30997" lon="-82.02529000000001">
    <ele>75.13</ele>
   </trkpt>
   <trkpt lat="33.309870000000004" lon="-82.02513">
    <ele>74.9</ele>
   </trkpt>
   <trkpt lat="33.309676687980165" lon="-82.02409832189544">
    <ele>69.74000000000001</ele>
   </trkpt>
   <trkpt lat="33.30948336743475" lon="-82.02306664836557">
    <ele>66.29</ele>
   </trkpt>
   <trkpt lat="33.30929003836384" lon="-82.02203497941056">
    <ele>65.48</ele>
   </trkpt>
   <trkpt lat="33.30909670076757" lon="-82.02100331503054">
    <ele>67.37</ele>
   </trkpt>
   <trkpt lat="33.30890335464601" lon="-82.01997165522569">
    <ele>69.74000000000001</ele>
   </trkpt>
   <trkpt lat="33.308710000000005" lon="-82.01894">
    <ele>70.03</ele>
   </trkpt>
   <trkpt lat="33.30852" lon="-82.01812000000001">
    <ele>71.32000000000001</ele>
   </trkpt>
   <trkpt lat="33.30852" lon="-82.01811000000001">
    <ele>71.32000000000001</ele>
   </trkpt>
   <trkpt lat="33.30852" lon="-82.0181">
    <ele>71.37</ele>
   </trkpt>
   <trkpt lat="33.30776" lon="-82.01807000000001">
    <ele>72.04</ele>
   </trkpt>
   <trkpt lat="33.307134999974345" lon="-82.01812500039753">
    <ele>71.23</ele>
   </trkpt>
   <trkpt lat="33.30651" lon="-82.01818">
    <ele>70.57000000000001</ele>
   </trkpt>
   <trkpt lat="33.30568" lon="-82.01835000000001">
    <ele>68.59000000000002</ele>
   </trkpt>
   <trkpt lat="33.305170000000004" lon="-82.01849">
    <ele>66.27000000000001</ele>
   </trkpt>
   <trkpt lat="33.30449999998502" lon="-82.01865000125728">
    <ele>64.12</ele>
   </trkpt>
   <trkpt lat="33.303830000000005" lon="-82.01881">
    <ele>62.68</ele>
   </trkpt>
   <trkpt lat="33.30311500028059" lon="-82.01901000160596">
    <ele>59.620000000000005</ele>
   </trkpt>
   <trkpt lat="33.302400000000006" lon="-82.01921">
    <ele>56.68</ele>
   </trkpt>
   <trkpt lat="33.30181" lon="-82.01935">
    <ele>54.28</ele>
   </trkpt>
   <trkpt lat="33.30115" lon="-82.01966">
    <ele>53.26</ele>
   </trkpt>
   <trkpt lat="33.300510001518745" lon="-82.02009333968245">
    <ele>55.2</ele>
   </trkpt>
   <trkpt lat="33.29987000153355" lon="-82.02052667300566">
    <ele>58.870000000000005</ele>
   </trkpt>
   <trkpt lat="33.29923" lon="-82.02096">
    <ele>61.190000000000005</ele>
   </trkpt>
   <trkpt lat="33.29887" lon="-82.02117000000001">
    <ele>61.77</ele>
   </trkpt>
   <trkpt lat="33.29847" lon="-82.02135000000001">
    <ele>62.46000000000001</ele>
   </trkpt>
   <trkpt lat="33.29796" lon="-82.02149">
    <ele>62.150000000000006</ele>
   </trkpt>
   <trkpt lat="33.29713000008589" lon="-82.0216600016236">
    <ele>61.64000000000001</ele>
   </trkpt>
   <trkpt lat="33.2963" lon="-82.02183000000001">
    <ele>64.97</ele>
   </trkpt>
   <trkpt lat="33.29552500024714" lon="-82.02197000372895">
    <ele>68.0</ele>
   </trkpt>
   <trkpt lat="33.29475000033729" lon="-82.02211000497047">
    <ele>63.28</ele>
   </trkpt>
   <trkpt lat="33.293975000270486" lon="-82.02225000372462">
    <ele>58.72</ele>
   </trkpt>
   <trkpt lat="33.293200000000006" lon="-82.02239">
    <ele>55.650000000000006</ele>
   </trkpt>
   <trkpt lat="33.29260999998626" lon="-82.02252000089705">
    <ele>54.12</ele>
   </trkpt>
   <trkpt lat="33.29202" lon="-82.02265000000001">
    <ele>53.03000000000001</ele>
   </trkpt>
   <trkpt lat="33.29142" lon="-82.0227">
    <ele>51.57</ele>
   </trkpt>
   <trkpt lat="33.29068" lon="-82.02265000000001">
    <ele>51.42000000000001</ele>
   </trkpt>
   <trkpt lat="33.28994" lon="-82.02252">
    <ele>52.57000000000001</ele>
   </trkpt>
   <trkpt lat="33.289306666816216" lon="-82.02239666488178">
    <ele>54.61000000000001</ele>
   </trkpt>
   <trkpt lat="33.28867333351063" lon="-82.02227333155388">
    <ele>56.5</ele>
   </trkpt>
   <trkpt lat="33.28804" lon="-82.02215000000001">
    <ele>59.21000000000001</ele>
   </trkpt>
   <trkpt lat="33.287330000000004" lon="-82.02204">
    <ele>61.410000000000004</ele>
   </trkpt>
   <trkpt lat="33.286880000000004" lon="-82.0219">
    <ele>63.77</ele>
   </trkpt>
   <trkpt lat="33.28652" lon="-82.02172">
    <ele>66.0</ele>
   </trkpt>
   <trkpt lat="33.28618" lon="-82.02148000000001">
    <ele>67.83</ele>
   </trkpt>
   <trkpt lat="33.2855000075691" lon="-82.02091854518049">
    <ele>71.22</ele>
   </trkpt>
   <trkpt lat="33.28482001261412" lon="-82.02035709911017">
    <ele>74.3</ele>
   </trkpt>
   <trkpt lat="33.28414001513518" lon="-82.0197956617887">
    <ele>75.80000000000001</ele>
   </trkpt>
   <trkpt lat="33.283460015132384" lon="-82.01923423321581">
    <ele>77.86000000000001</ele>
   </trkpt>
   <trkpt lat="33.28278001260582" lon="-82.0186728133911">
    <ele>80.08000000000001</ele>
   </trkpt>
   <trkpt lat="33.28210000755561" lon="-82.01811140231428">
    <ele>87.66</ele>
   </trkpt>
   <trkpt lat="33.281420000000004" lon="-82.01755">
    <ele>91.29</ele>
   </trkpt>
   <trkpt lat="33.28081666859205" lon="-82.01705999322876">
    <ele>93.79</ele>
   </trkpt>
   <trkpt lat="33.28021333526169" lon="-82.01656999323126">
    <ele>97.88000000000001</ele>
   </trkpt>
   <trkpt lat="33.279610000000005" lon="-82.01608">
    <ele>101.18</ele>
   </trkpt>
   <trkpt lat="33.2793" lon="-82.01589000000001">
    <ele>102.82000000000001</ele>
   </trkpt>
   <trkpt lat="33.27868" lon="-82.01558">
    <ele>104.68</ele>
   </trkpt>
   <trkpt lat="33.27793000050522" lon="-82.01537749478432">
    <ele>105.95</ele>
   </trkpt>
   <trkpt lat="33.277180000682115" lon="-82.01517499304816">
    <ele>107.61000000000001</ele>
   </trkpt>
   <trkpt lat="33.27643000053071" lon="-82.01497249479137">
    <ele>109.26</ele>
   </trkpt>
   <trkpt lat="33.27568" lon="-82.01477000000001">
    <ele>111.18</ele>
   </trkpt>
   <trkpt lat="33.275090000000006" lon="-82.01446">
    <ele>112.24000000000001</ele>
   </trkpt>
   <trkpt lat="33.27485" lon="-82.01431000000001">
    <ele>113.01</ele>
   </trkpt>
   <trkpt lat="33.274137505094565" lon="-82.01388372565405">
    <ele>113.62</ele>
   </trkpt>
   <trkpt lat="33.27342500873441" lon="-82.01345745826528">
    <ele>113.18</ele>
   </trkpt>
   <trkpt lat="33.27271251091961" lon="-82.01303119783337">
    <ele>112.2</ele>
   </trkpt>
   <trkpt lat="33.27200001165024" lon="-82.01260494435805">
    <ele>110.95</ele>
   </trkpt>
   <trkpt lat="33.271287510926356" lon="-82.01217869783902">
    <ele>110.85000000000001</ele>
   </trkpt>
   <trkpt lat="33.270575008748004" lon="-82.011752458276">
    <ele>112.65</ele>
   </trkpt>
   <trkpt lat="33.26986250511527" lon="-82.01132622566872">
    <ele>112.86000000000001</ele>
   </trkpt>
   <trkpt lat="33.26915" lon="-82.0109">
    <ele>110.76</ele>
   </trkpt>
   <trkpt lat="33.26872500008252" lon="-82.01065999874841">
    <ele>109.46000000000001</ele>
   </trkpt>
   <trkpt lat="33.2683" lon="-82.01042000000001">
    <ele>108.9</ele>
   </trkpt>
   <trkpt lat="33.267850000062666" lon="-82.0102049988337">
    <ele>108.66000000000001</ele>
   </trkpt>
   <trkpt lat="33.2674" lon="-82.00999">
    <ele>108.83000000000001</ele>
   </trkpt>
   <trkpt lat="33.26680500029892" lon="-82.00974499835502">
    <ele>109.18</ele>
   </trkpt>
   <trkpt lat="33.26621" lon="-82.0095">
    <ele>109.12</ele>
   </trkpt>
   <trkpt lat="33.265800000000006" lon="-82.00937">
    <ele>108.76</ele>
   </trkpt>
   <trkpt lat="33.265083333622975" lon="-82.00915999653516">
    <ele>107.64000000000001</ele>
   </trkpt>
   <trkpt lat="33.26436666689294" lon="-82.00894999651665">
    <ele>108.30000000000001</ele>
   </trkpt>
   <trkpt lat="33.263650000000005" lon="-82.00874">
    <ele>109.36000000000001</ele>
   </trkpt>
   <trkpt lat="33.26294" lon="-82.00851">
    <ele>110.14000000000001</ele>
   </trkpt>
   <trkpt lat="33.262465000320624" lon="-82.00837499933628">
    <ele>110.07000000000001</ele>
   </trkpt>
   <trkpt lat="33.261990000000004" lon="-82.00824">
    <ele>109.49</ele>
   </trkpt>
   <trkpt lat="33.26123000022681" lon="-82.00807666382744">
    <ele>108.11000000000001</ele>
   </trkpt>
   <trkpt lat="33.26047000024006" lon="-82.00791333049699">
    <ele>106.87</ele>
   </trkpt>
   <trkpt lat="33.259710000000005" lon="-82.00775">
    <ele>105.2</ele>
   </trkpt>
   <trkpt lat="33.25900750019023" lon="-82.0076149967378">
    <ele>104.3</ele>
   </trkpt>
   <trkpt lat="33.258305000234586" lon="-82.00747999564678">
    <ele>102.94</ele>
   </trkpt>
   <trkpt lat="33.25760250013307" lon="-82.00734499672689">
    <ele>101.97</ele>
   </trkpt>
   <trkpt lat="33.2569" lon="-82.00721">
    <ele>102.25</ele>
   </trkpt>
   <trkpt lat="33.256620000000005" lon="-82.00704">
    <ele>101.66000000000001</ele>
   </trkpt>
   <trkpt lat="33.256280000000004" lon="-82.00677">
    <ele>100.34</ele>
   </trkpt>
   <trkpt lat="33.25609" lon="-82.00667">
    <ele>100.13000000000001</ele>
   </trkpt>
   <trkpt lat="33.255720000000004" lon="-82.0065">
    <ele>98.77000000000001</ele>
   </trkpt>
   <trkpt lat="33.25495" lon="-82.00623">
    <ele>96.60000000000001</ele>
   </trkpt>
   <trkpt lat="33.254365000062464" lon="-82.00607999898865">
    <ele>95.4</ele>
   </trkpt>
   <trkpt lat="33.253780000000006" lon="-82.00593">
    <ele>94.82</ele>
   </trkpt>
   <trkpt lat="33.25298333355598" lon="-82.00576333029437">
    <ele>93.96</ele>
   </trkpt>
   <trkpt lat="33.25218666688962" lon="-82.00559666362781">
    <ele>93.1</ele>
   </trkpt>
   <trkpt lat="33.25139" lon="-82.00543">
    <ele>92.99</ele>
   </trkpt>
   <trkpt lat="33.25092" lon="-82.00529">
    <ele>93.78</ele>
   </trkpt>
   <trkpt lat="33.25035000028487" lon="-82.00506499856492">
    <ele>94.66000000000001</ele>
   </trkpt>
   <trkpt lat="33.24978" lon="-82.00484">
    <ele>96.41000000000001</ele>
   </trkpt>
   <trkpt lat="33.24909000139043" lon="-82.00454399064701">
    <ele>97.14</ele>
   </trkpt>
   <trkpt lat="33.24840000207965" lon="-82.00424798596815">
    <ele>96.28</ele>
   </trkpt>
   <trkpt lat="33.247710002067684" lon="-82.00395198596323">
    <ele>94.08000000000001</ele>
   </trkpt>
   <trkpt lat="33.2470200013546" lon="-82.00365599063205">
    <ele>92.64000000000001</ele>
   </trkpt>
   <trkpt lat="33.24633" lon="-82.00336">
    <ele>90.32000000000001</ele>
   </trkpt>
   <trkpt lat="33.245650000280726" lon="-82.00316333026493">
    <ele>88.64000000000001</ele>
   </trkpt>
   <trkpt lat="33.24497000025193" lon="-82.00296666358999">
    <ele>88.2</ele>
   </trkpt>
   <trkpt lat="33.24429" lon="-82.00277000000001">
    <ele>85.45000000000002</ele>
   </trkpt>
   <trkpt lat="33.243430000276646" lon="-82.00257999625875">
    <ele>80.89999999999999</ele>
   </trkpt>
   <trkpt lat="33.24257000026439" lon="-82.00238999625608">
    <ele>76.72000000000001</ele>
   </trkpt>
   <trkpt lat="33.241710000000005" lon="-82.0022">
    <ele>70.47</ele>
   </trkpt>
   <trkpt lat="33.24123" lon="-82.00206">
    <ele>67.36</ele>
   </trkpt>
   <trkpt lat="33.24064000038067" lon="-82.00185333055744">
    <ele>63.64</ele>
   </trkpt>
   <trkpt lat="33.240050000419565" lon="-82.00164666390442">
    <ele>59.980000000000004</ele>
   </trkpt>
   <trkpt lat="33.23946" lon="-82.00144">
    <ele>56.71</ele>
   </trkpt>
   <trkpt lat="33.23895" lon="-82.0013">
    <ele>54.63</ele>
   </trkpt>
   <trkpt lat="33.23839" lon="-82.00122">
    <ele>52.43000000000001</ele>
   </trkpt>
   <trkpt lat="33.23764333338157" lon="-82.0012466671206">
    <ele>50.050000000000004</ele>
   </trkpt>
   <trkpt lat="33.23689666675747" lon="-82.00127333378576">
    <ele>48.21</ele>
   </trkpt>
   <trkpt lat="33.23615" lon="-82.0013">
    <ele>47.14</ele>
   </trkpt>
   <trkpt lat="33.235530000000004" lon="-82.00129000000001">
    <ele>46.790000000000006</ele>
   </trkpt>
   <trkpt lat="33.235170000000004" lon="-82.00125000000001">
    <ele>47.45</ele>
   </trkpt>
   <trkpt lat="33.23481" lon="-82.00112">
    <ele>48.1</ele>
   </trkpt>
   <trkpt lat="33.234410000000004" lon="-82.00091">
    <ele>49.18</ele>
   </trkpt>
   <trkpt lat="33.234500000000004" lon="-82.0005">
    <ele>49.510000000000005</ele>
   </trkpt>
   <trkpt lat="33.234550000000006" lon="-82.00009">
    <ele>50.9</ele>
   </trkpt>
   <trkpt lat="33.234570000000005" lon="-81.99961">
    <ele>52.10000000000001</ele>
   </trkpt>
   <trkpt lat="33.23454" lon="-81.99924">
    <ele>52.46000000000001</ele>
   </trkpt>
   <trkpt lat="33.234460000000006" lon="-81.99894">
    <ele>52.96000000000001</ele>
   </trkpt>
   <trkpt lat="33.23416000225986" lon="-81.99819499754217">
    <ele>53.160000000000004</ele>
   </trkpt>
   <trkpt lat="33.23386" lon="-81.99745">
    <ele>52.480000000000004</ele>
   </trkpt>
   <trkpt lat="33.233740000000004" lon="-81.99692">
    <ele>51.690000000000005</ele>
   </trkpt>
   <trkpt lat="33.23366" lon="-81.99644">
    <ele>51.120000000000005</ele>
   </trkpt>
   <trkpt lat="33.23366" lon="-81.99593">
    <ele>50.17</ele>
   </trkpt>
   <trkpt lat="33.23371" lon="-81.99558">
    <ele>49.650000000000006</ele>
   </trkpt>
   <trkpt lat="33.233900000000006" lon="-81.99499">
    <ele>47.64</ele>
   </trkpt>
   <trkpt lat="33.23413" lon="-81.9945">
    <ele>46.160000000000004</ele>
   </trkpt>
   <trkpt lat="33.234260000000006" lon="-81.99425000000001">
    <ele>45.86000000000001</ele>
   </trkpt>
   <trkpt lat="33.23463" lon="-81.99365">
    <ele>47.730000000000004</ele>
   </trkpt>
   <trkpt lat="33.234820000000006" lon="-81.99341000000001">
    <ele>49.290000000000006</ele>
   </trkpt>
   <trkpt lat="33.2351" lon="-81.99311">
    <ele>51.330000000000005</ele>
   </trkpt>
   <trkpt lat="33.23528" lon="-81.99289">
    <ele>53.910000000000004</ele>
   </trkpt>
   <trkpt lat="33.23565" lon="-81.99221">
    <ele>58.21</ele>
   </trkpt>
   <trkpt lat="33.235890000000005" lon="-81.99186">
    <ele>62.65000000000001</ele>
   </trkpt>
   <trkpt lat="33.236110000000004" lon="-81.99159">
    <ele>63.27</ele>
   </trkpt>
   <trkpt lat="33.23628" lon="-81.99144000000001">
    <ele>65.60000000000001</ele>
   </trkpt>
   <trkpt lat="33.23653" lon="-81.99124">
    <ele>67.24000000000001</ele>
   </trkpt>
   <trkpt lat="33.23691" lon="-81.99105">
    <ele>68.87</ele>
   </trkpt>
   <trkpt lat="33.23734" lon="-81.99092">
    <ele>71.62</ele>
   </trkpt>
   <trkpt lat="33.23804333339834" lon="-81.99081000177478">
    <ele>74.95</ele>
   </trkpt>
   <trkpt lat="33.23874666669987" lon="-81.99070000177979">
    <ele>78.54</ele>
   </trkpt>
   <trkpt lat="33.239450000000005" lon="-81.99059000000001">
    <ele>82.5</ele>
   </trkpt>
   <trkpt lat="33.239650000000005" lon="-81.99052">
    <ele>84.84000000000002</ele>
   </trkpt>
   <trkpt lat="33.23988" lon="-81.99042">
    <ele>86.79</ele>
   </trkpt>
   <trkpt lat="33.240210000000005" lon="-81.9902">
    <ele>88.54</ele>
   </trkpt>
   <trkpt lat="33.24038" lon="-81.99002">
    <ele>89.36000000000001</ele>
   </trkpt>
   <trkpt lat="33.24086600910977" lon="-81.98926601674926">
    <ele>91.37</ele>
   </trkpt>
   <trkpt lat="33.24135201367056" lon="-81.9885120251151">
    <ele>91.65</ele>
   </trkpt>
   <trkpt lat="33.24183801368224" lon="-81.98775802509735">
    <ele>90.50000000000001</ele>
   </trkpt>
   <trkpt lat="33.24232400914469" lon="-81.98700401669585">
    <ele>89.32000000000001</ele>
   </trkpt>
   <trkpt lat="33.242810000000006" lon="-81.98625000000001">
    <ele>89.16</ele>
   </trkpt>
   <trkpt lat="33.243080000000006" lon="-81.98580000000001">
    <ele>88.67000000000002</ele>
   </trkpt>
   <trkpt lat="33.243550000000006" lon="-81.98491000000001">
    <ele>87.06000000000002</ele>
   </trkpt>
   <trkpt lat="33.243995015960536" lon="-81.98401668941577">
    <ele>86.21000000000001</ele>
   </trkpt>
   <trkpt lat="33.244440025535276" lon="-81.9831233697357">
    <ele>86.14</ele>
   </trkpt>
   <trkpt lat="33.24488502872406" lon="-81.98223004095965">
    <ele>86.04</ele>
   </trkpt>
   <trkpt lat="33.2453300255267" lon="-81.9813367030875">
    <ele>86.62</ele>
   </trkpt>
   <trkpt lat="33.245775015943" lon="-81.98044335611917">
    <ele>88.33</ele>
   </trkpt>
   <trkpt lat="33.24622" lon="-81.97955">
    <ele>90.83000000000001</ele>
   </trkpt>
   <trkpt lat="33.246340000000004" lon="-81.97934000000001">
    <ele>91.97000000000001</ele>
   </trkpt>
   <trkpt lat="33.24663" lon="-81.97901">
    <ele>92.59</ele>
   </trkpt>
   <trkpt lat="33.247150000661364" lon="-81.97867000189287">
    <ele>93.08000000000001</ele>
   </trkpt>
   <trkpt lat="33.24767" lon="-81.97833">
    <ele>92.6</ele>
   </trkpt>
   <trkpt lat="33.247890000000005" lon="-81.97811">
    <ele>92.84</ele>
   </trkpt>
   <trkpt lat="33.24803" lon="-81.97793">
    <ele>93.17</ele>
   </trkpt>
   <trkpt lat="33.248180000000005" lon="-81.97811">
    <ele>92.88</ele>
   </trkpt>
   <trkpt lat="33.248250000000006" lon="-81.97824000000001">
    <ele>92.88</ele>
   </trkpt>
   <trkpt lat="33.248310000000004" lon="-81.97842">
    <ele>92.41000000000001</ele>
   </trkpt>
   <trkpt lat="33.24847335545909" lon="-81.97947165682828">
    <ele>90.77</ele>
   </trkpt>
   <trkpt lat="33.24863670206732" lon="-81.98052331758785">
    <ele>89.39000000000001</ele>
   </trkpt>
   <trkpt lat="33.24880003982462" lon="-81.98157498227857">
    <ele>88.12</ele>
   </trkpt>
   <trkpt lat="33.2489633687309" lon="-81.98262665090026">
    <ele>87.35000000000001</ele>
   </trkpt>
   <trkpt lat="33.249126688786056" lon="-81.98367832345271">
    <ele>87.09</ele>
   </trkpt>
   <trkpt lat="33.24929" lon="-81.98473000000001">
    <ele>87.32000000000001</ele>
   </trkpt>
   <trkpt lat="33.24942" lon="-81.98518">
    <ele>87.47</ele>
   </trkpt>
   <trkpt lat="33.24967" lon="-81.98581">
    <ele>87.74000000000001</ele>
   </trkpt>
   <trkpt lat="33.24998" lon="-81.98635">
    <ele>88.27</ele>
   </trkpt>
   <trkpt lat="33.250460000000004" lon="-81.98702">
    <ele>88.54</ele>
   </trkpt>
   <trkpt lat="33.25099" lon="-81.98768000000001">
    <ele>89.57000000000001</ele>
   </trkpt>
   <trkpt lat="33.251200000000004" lon="-81.98791000000001">
    <ele>90.32000000000001</ele>
   </trkpt>
   <trkpt lat="33.251450000000006" lon="-81.9881">
    <ele>90.96000000000001</ele>
   </trkpt>
   <trkpt lat="33.251870000000004" lon="-81.98836">
    <ele>91.39000000000001</ele>
   </trkpt>
   <trkpt lat="33.25227" lon="-81.98854">
    <ele>91.7</ele>
   </trkpt>
   <trkpt lat="33.25255" lon="-81.98863">
    <ele>91.97000000000001</ele>
   </trkpt>
   <trkpt lat="33.25321" lon="-81.98868">
    <ele>91.99</ele>
   </trkpt>
   <trkpt lat="33.25382500015886" lon="-81.98859000061495">
    <ele>91.46000000000001</ele>
   </trkpt>
   <trkpt lat="33.25444" lon="-81.9885">
    <ele>92.09</ele>
   </trkpt>
   <trkpt lat="33.25502" lon="-81.9885">
    <ele>92.03</ele>
   </trkpt>
   <trkpt lat="33.25551" lon="-81.98854">
    <ele>92.23</ele>
   </trkpt>
   <trkpt lat="33.256356000307626" lon="-81.9886819944974">
    <ele>93.65</ele>
   </trkpt>
   <trkpt lat="33.25720200045387" lon="-81.98882399174467">
    <ele>95.03</ele>
   </trkpt>
   <trkpt lat="33.258048000438734" lon="-81.98896599174199">
    <ele>93.98</ele>
   </trkpt>
   <trkpt lat="33.25889400026222" lon="-81.98910799448947">
    <ele>91.27</ele>
   </trkpt>
   <trkpt lat="33.25974" lon="-81.98925000000001">
    <ele>91.27</ele>
   </trkpt>
   <trkpt lat="33.26061" lon="-81.98931">
    <ele>94.66000000000001</ele>
   </trkpt>
   <trkpt lat="33.26139999995627" lon="-81.98933666618268">
    <ele>96.86</ele>
   </trkpt>
   <trkpt lat="33.26218999990683" lon="-81.98936333284765">
    <ele>98.01</ele>
   </trkpt>
   <trkpt lat="33.262980000000006" lon="-81.98939">
    <ele>98.37</ele>
   </trkpt>
   <trkpt lat="33.26324" lon="-81.98867000000001">
    <ele>98.27000000000001</ele>
   </trkpt>
   <trkpt lat="33.263380000000005" lon="-81.98805">
    <ele>98.47</ele>
   </trkpt>
   <trkpt lat="33.26346" lon="-81.98746000000001">
    <ele>98.30000000000001</ele>
   </trkpt>
   <trkpt lat="33.2635" lon="-81.98689">
    <ele>97.61</ele>
   </trkpt>
   <trkpt lat="33.263490000000004" lon="-81.98622">
    <ele>97.29</ele>
   </trkpt>
   <trkpt lat="33.26346" lon="-81.98586">
    <ele>97.27000000000001</ele>
   </trkpt>
   <trkpt lat="33.26335" lon="-81.98518">
    <ele>96.76</ele>
   </trkpt>
   <trkpt lat="33.263180000000006" lon="-81.98455000000001">
    <ele>96.59</ele>
   </trkpt>
   <trkpt lat="33.263070000000006" lon="-81.98421">
    <ele>96.60000000000001</ele>
   </trkpt>
   <trkpt lat="33.26285" lon="-81.98368">
    <ele>96.97000000000001</ele>
   </trkpt>
   <trkpt lat="33.262615000922594" lon="-81.9831999987096">
    <ele>97.02000000000001</ele>
   </trkpt>
   <trkpt lat="33.26238" lon="-81.98272">
    <ele>97.06</ele>
   </trkpt>
   <trkpt lat="33.26194334882737" lon="-81.98183997800021">
    <ele>96.17</ele>
   </trkpt>
   <trkpt lat="33.26150669145597" lon="-81.98095996479856">
    <ele>93.80000000000001</ele>
   </trkpt>
   <trkpt lat="33.26107002788593" lon="-81.98007996039496">
    <ele>91.88</ele>
   </trkpt>
   <trkpt lat="33.26063335811746" lon="-81.9791999647893">
    <ele>90.10000000000001</ele>
   </trkpt>
   <trkpt lat="33.26019668215069" lon="-81.97831997798147">
    <ele>88.54</ele>
   </trkpt>
   <trkpt lat="33.25976" lon="-81.97744">
    <ele>86.61</ele>
   </trkpt>
   <trkpt lat="33.25931001497388" lon="-81.97657497772549">
    <ele>86.09000000000002</ele>
   </trkpt>
   <trkpt lat="33.25886002395871" lon="-81.9757099643624">
    <ele>85.67</ele>
   </trkpt>
   <trkpt lat="33.258410026954685" lon="-81.97484495991054">
    <ele>85.78</ele>
   </trkpt>
   <trkpt lat="33.25796002396195" lon="-81.97397996436979">
    <ele>86.22</ele>
   </trkpt>
   <trkpt lat="33.25751001498068" lon="-81.9731149777401">
    <ele>86.96000000000001</ele>
   </trkpt>
   <trkpt lat="33.25706" lon="-81.97225">
    <ele>89.98</ele>
   </trkpt>
   <trkpt lat="33.25657" lon="-81.97242">
    <ele>87.32000000000001</ele>
   </trkpt>
   <trkpt lat="33.255970000230995" lon="-81.97258666895334">
    <ele>86.88000000000001</ele>
   </trkpt>
   <trkpt lat="33.25537000023966" lon="-81.97275333561757">
    <ele>87.47</ele>
   </trkpt>
   <trkpt lat="33.25477" lon="-81.97292">
    <ele>88.87</ele>
   </trkpt>
   <trkpt lat="33.25443" lon="-81.97296">
    <ele>89.19</ele>
   </trkpt>
   <trkpt lat="33.254290000000005" lon="-81.97296">
    <ele>89.06000000000002</ele>
   </trkpt>
   <trkpt lat="33.25414" lon="-81.97292">
    <ele>88.94</ele>
   </trkpt>
   <trkpt lat="33.253910000000005" lon="-81.97283">
    <ele>88.23</ele>
   </trkpt>
   <trkpt lat="33.253430000050145" lon="-81.97258499855714">
    <ele>87.35000000000001</ele>
   </trkpt>
   <trkpt lat="33.252950000000006" lon="-81.97234">
    <ele>86.8</ele>
   </trkpt>
   <trkpt lat="33.25219250099998" lon="-81.97204999245464">
    <ele>85.68</ele>
   </trkpt>
   <trkpt lat="33.251435001326875" lon="-81.97175998993723">
    <ele>85.70000000000002</ele>
   </trkpt>
   <trkpt lat="33.250677500980714" lon="-81.97146999244751">
    <ele>85.18</ele>
   </trkpt>
   <trkpt lat="33.24992" lon="-81.97118">
    <ele>84.18</ele>
   </trkpt>
   <trkpt lat="33.2498" lon="-81.97112000000001">
    <ele>84.52000000000001</ele>
   </trkpt>
   <trkpt lat="33.24969" lon="-81.97098000000001">
    <ele>84.58</ele>
   </trkpt>
   <trkpt lat="33.24951" lon="-81.97059">
    <ele>84.57000000000001</ele>
   </trkpt>
   <trkpt lat="33.249410000000005" lon="-81.97042">
    <ele>84.87</ele>
   </trkpt>
   <trkpt lat="33.24922" lon="-81.97029">
    <ele>86.12</ele>
   </trkpt>
   <trkpt lat="33.249300000000005" lon="-81.97001">
    <ele>85.52000000000001</ele>
   </trkpt>
   <trkpt lat="33.24935" lon="-81.96966">
    <ele>84.67</ele>
   </trkpt>
   <trkpt lat="33.24943668305204" lon="-81.96875500449634">
    <ele>84.06</ele>
   </trkpt>
   <trkpt lat="33.249523359549634" lon="-81.96785000719744">
    <ele>84.0</ele>
   </trkpt>
   <trkpt lat="33.24961002949277" lon="-81.96694500810342">
    <ele>82.62</ele>
   </trkpt>
   <trkpt lat="33.2496966928814" lon="-81.96604000721446">
    <ele>80.67</ele>
   </trkpt>
   <trkpt lat="33.24978334971551" lon="-81.9651350045306">
    <ele>80.14</ele>
   </trkpt>
   <trkpt lat="33.24987" lon="-81.96423">
    <ele>81.11</ele>
   </trkpt>
   <trkpt lat="33.249960003898856" lon="-81.96324500083311">
    <ele>80.47</ele>
   </trkpt>
   <trkpt lat="33.25005" lon="-81.96226">
    <ele>75.81</ele>
   </trkpt>
   <trkpt lat="33.25003" lon="-81.96182">
    <ele>74.08000000000001</ele>
   </trkpt>
   <trkpt lat="33.249950000000005" lon="-81.96141">
    <ele>72.01</ele>
   </trkpt>
   <trkpt lat="33.249860000000005" lon="-81.96109000000001">
    <ele>70.08</ele>
   </trkpt>
   <trkpt lat="33.24958" lon="-81.96038">
    <ele>64.35000000000001</ele>
   </trkpt>
   <trkpt lat="33.24912667289631" lon="-81.95949999093315">
    <ele>61.85</ele>
   </trkpt>
   <trkpt lat="33.2486733395952" lon="-81.95861999099587">
    <ele>66.96000000000001</ele>
   </trkpt>
   <trkpt lat="33.24822" lon="-81.95774">
    <ele>68.78</ele>
   </trkpt>
   <trkpt lat="33.24794000336782" lon="-81.95708666236835">
    <ele>66.14</ele>
   </trkpt>
   <trkpt lat="33.24766000331976" lon="-81.9564333289229">
    <ele>65.0</ele>
   </trkpt>
   <trkpt lat="33.24738" lon="-81.95578">
    <ele>66.18</ele>
   </trkpt>
   <trkpt lat="33.247330000000005" lon="-81.9556">
    <ele>66.99000000000001</ele>
   </trkpt>
   <trkpt lat="33.247310000000006" lon="-81.95539000000001">
    <ele>67.32000000000001</ele>
   </trkpt>
   <trkpt lat="33.247330000000005" lon="-81.95515">
    <ele>65.93</ele>
   </trkpt>
   <trkpt lat="33.24741" lon="-81.95495000000001">
    <ele>64.63000000000001</ele>
   </trkpt>
   <trkpt lat="33.247400000000006" lon="-81.95496">
    <ele>64.63000000000001</ele>
   </trkpt>
   <trkpt lat="33.24754" lon="-81.95469000000001">
    <ele>60.50000000000001</ele>
   </trkpt>
   <trkpt lat="33.24763" lon="-81.95455000000001">
    <ele>59.43</ele>
   </trkpt>
   <trkpt lat="33.248070000000006" lon="-81.95501">
    <ele>62.00000000000001</ele>
   </trkpt>
   <trkpt lat="33.248650000000005" lon="-81.95545000000001">
    <ele>65.83</ele>
   </trkpt>
   <trkpt lat="33.248900000000006" lon="-81.95559">
    <ele>67.52000000000001</ele>
   </trkpt>
   <trkpt lat="33.24938" lon="-81.95581">
    <ele>70.86</ele>
   </trkpt>
   <trkpt lat="33.24992" lon="-81.95598000000001">
    <ele>73.46000000000001</ele>
   </trkpt>
   <trkpt lat="33.25052" lon="-81.95608">
    <ele>75.27</ele>
   </trkpt>
   <trkpt lat="33.25122" lon="-81.95608">
    <ele>76.69000000000001</ele>
   </trkpt>
   <trkpt lat="33.25169" lon="-81.95599">
    <ele>77.61000000000001</ele>
   </trkpt>
   <trkpt lat="33.25251428685476" lon="-81.95577286943109">
    <ele>79.10000000000001</ele>
   </trkpt>
   <trkpt lat="33.25333857333221" lon="-81.95555573476568">
    <ele>79.60000000000001</ele>
   </trkpt>
   <trkpt lat="33.25416285943233" lon="-81.95533859600361">
    <ele>80.10000000000001</ele>
   </trkpt>
   <trkpt lat="33.25498714515506" lon="-81.95512145314467">
    <ele>80.27000000000001</ele>
   </trkpt>
   <trkpt lat="33.25581143050044" lon="-81.95490430618862">
    <ele>80.75</ele>
   </trkpt>
   <trkpt lat="33.256635715468406" lon="-81.95468715513529">
    <ele>82.0</ele>
   </trkpt>
   <trkpt lat="33.25746" lon="-81.95447">
    <ele>82.31</ele>
   </trkpt>
   <trkpt lat="33.258300000000006" lon="-81.95429">
    <ele>81.14</ele>
   </trkpt>
   <trkpt lat="33.25876" lon="-81.95423000000001">
    <ele>79.47000000000001</ele>
   </trkpt>
   <trkpt lat="33.259150000000005" lon="-81.9542">
    <ele>76.72000000000001</ele>
   </trkpt>
   <trkpt lat="33.25961" lon="-81.9542">
    <ele>72.34</ele>
   </trkpt>
   <trkpt lat="33.26020999999261" lon="-81.95423499975888">
    <ele>67.78</ele>
   </trkpt>
   <trkpt lat="33.26081" lon="-81.95427000000001">
    <ele>64.03999999999999</ele>
   </trkpt>
   <trkpt lat="33.26161800006005" lon="-81.95432999778015">
    <ele>59.56</ele>
   </trkpt>
   <trkpt lat="33.26242600009128" lon="-81.95438999667027">
    <ele>53.39000000000001</ele>
   </trkpt>
   <trkpt lat="33.263234000093696" lon="-81.95444999667039">
    <ele>48.21</ele>
   </trkpt>
   <trkpt lat="33.2640420000673" lon="-81.95450999778056">
    <ele>44.97</ele>
   </trkpt>
   <trkpt lat="33.26485" lon="-81.95457">
    <ele>44.6</ele>
   </trkpt>
   <trkpt lat="33.265615000042985" lon="-81.95461999780973">
    <ele>48.760000000000005</ele>
   </trkpt>
   <trkpt lat="33.26638000006594" lon="-81.95466999649533">
    <ele>54.2</ele>
   </trkpt>
   <trkpt lat="33.26714500006889" lon="-81.95471999605684">
    <ele>57.56</ele>
   </trkpt>
   <trkpt lat="33.267910000051835" lon="-81.9547699964943">
    <ele>59.54</ele>
   </trkpt>
   <trkpt lat="33.26867500001477" lon="-81.95481999780775">
    <ele>62.71</ele>
   </trkpt>
   <trkpt lat="33.26944" lon="-81.95487">
    <ele>65.38000000000001</ele>
   </trkpt>
   <trkpt lat="33.269960000000005" lon="-81.95496">
    <ele>66.48</ele>
   </trkpt>
   <trkpt lat="33.270270000000004" lon="-81.95505">
    <ele>68.60000000000001</ele>
   </trkpt>
   <trkpt lat="33.270700000000005" lon="-81.95522000000001">
    <ele>70.41</ele>
   </trkpt>
   <trkpt lat="33.27151800209097" lon="-81.95558198643175">
    <ele>73.63</ele>
   </trkpt>
   <trkpt lat="33.272336003132914" lon="-81.9559439796457">
    <ele>76.47000000000001</ele>
   </trkpt>
   <trkpt lat="33.27315400312581" lon="-81.9563059796422">
    <ele>77.2</ele>
   </trkpt>
   <trkpt lat="33.273972002069584" lon="-81.95666798642158">
    <ele>78.01</ele>
   </trkpt>
   <trkpt lat="33.27479" lon="-81.95703">
    <ele>77.67</ele>
   </trkpt>
   <trkpt lat="33.27561" lon="-81.95729">
    <ele>78.19000000000001</ele>
   </trkpt>
   <trkpt lat="33.276140000151265" lon="-81.9573749995036">
    <ele>79.29</ele>
   </trkpt>
   <trkpt lat="33.27667" lon="-81.95746000000001">
    <ele>81.9</ele>
   </trkpt>
   <trkpt lat="33.27721000000404" lon="-81.95751499965897">
    <ele>84.49000000000001</ele>
   </trkpt>
   <trkpt lat="33.277750000000005" lon="-81.95757">
    <ele>85.89</ele>
   </trkpt>
   <trkpt lat="33.278516666838314" lon="-81.95765999604892">
    <ele>86.95000000000002</ele>
   </trkpt>
   <trkpt lat="33.279283333611765" lon="-81.95774999367865">
    <ele>88.23</ele>
   </trkpt>
   <trkpt lat="33.280050000320365" lon="-81.9578399928892">
    <ele>89.68</ele>
   </trkpt>
   <trkpt lat="33.28081666696412" lon="-81.95792999368066">
    <ele>91.89000000000001</ele>
   </trkpt>
   <trkpt lat="33.28158333354301" lon="-81.95801999605314">
    <ele>93.2</ele>
   </trkpt>
   <trkpt lat="33.28235" lon="-81.95811">
    <ele>95.66000000000001</ele>
   </trkpt>
   <trkpt lat="33.28312000010395" lon="-81.95818999717702">
    <ele>96.42</ele>
   </trkpt>
   <trkpt lat="33.28389000015665" lon="-81.95826999576553">
    <ele>97.15</ele>
   </trkpt>
   <trkpt lat="33.28466000015812" lon="-81.9583499957656">
    <ele>96.27000000000001</ele>
   </trkpt>
   <trkpt lat="33.28543000010834" lon="-81.95842999717735">
    <ele>95.38000000000001</ele>
   </trkpt>
   <trkpt lat="33.2862" lon="-81.95851">
    <ele>95.11000000000001</ele>
   </trkpt>
   <trkpt lat="33.28676000001592" lon="-81.95857499958278">
    <ele>94.72000000000001</ele>
   </trkpt>
   <trkpt lat="33.28732" lon="-81.95864">
    <ele>94.94000000000001</ele>
   </trkpt>
   <trkpt lat="33.287238017589274" lon="-81.9575919960637">
    <ele>94.25000000000001</ele>
   </trkpt>
   <trkpt lat="33.287156026383975" lon="-81.9565439940966">
    <ele>93.06</ele>
   </trkpt>
   <trkpt lat="33.287074026384126" lon="-81.9554959940989">
    <ele>90.71000000000001</ele>
   </trkpt>
   <trkpt lat="33.286992017589775" lon="-81.95444799607078">
    <ele>87.33</ele>
   </trkpt>
   <trkpt lat="33.286910000000006" lon="-81.9534">
    <ele>85.20000000000002</ele>
   </trkpt>
   <trkpt lat="33.28685667133512" lon="-81.95263666577311">
    <ele>83.64</ele>
   </trkpt>
   <trkpt lat="33.28680333800454" lon="-81.95187333247921">
    <ele>86.24000000000001</ele>
   </trkpt>
   <trkpt lat="33.286750000000005" lon="-81.95111">
    <ele>89.11000000000001</ele>
   </trkpt>
   <trkpt lat="33.286730000000006" lon="-81.95048000000001">
    <ele>90.39000000000001</ele>
   </trkpt>
   <trkpt lat="33.2867175100565" lon="-81.94956499965184">
    <ele>90.39000000000001</ele>
   </trkpt>
   <trkpt lat="33.28670501340907" lon="-81.94864999956567">
    <ele>89.39000000000001</ele>
   </trkpt>
   <trkpt lat="33.28669251005772" lon="-81.94773499974158">
    <ele>89.35000000000001</ele>
   </trkpt>
   <trkpt lat="33.286680000000004" lon="-81.94682">
    <ele>90.47000000000001</ele>
   </trkpt>
   <trkpt lat="33.28666501033297" lon="-81.9458924995503">
    <ele>91.25000000000001</ele>
   </trkpt>
   <trkpt lat="33.28665001377759" lon="-81.94496499941927">
    <ele>91.34</ele>
   </trkpt>
   <trkpt lat="33.286635010333875" lon="-81.94403749960712">
    <ele>91.02</ele>
   </trkpt>
   <trkpt lat="33.28662" lon="-81.94311">
    <ele>89.52</ele>
   </trkpt>
   <trkpt lat="33.286630002219226" lon="-81.94236500030156">
    <ele>88.67000000000002</ele>
   </trkpt>
   <trkpt lat="33.286640000000006" lon="-81.94162">
    <ele>88.62</ele>
   </trkpt>
   <trkpt lat="33.28670251011352" lon="-81.94070250193298">
    <ele>90.31</ele>
   </trkpt>
   <trkpt lat="33.28676501348645" lon="-81.93978500255162">
    <ele>92.38</ele>
   </trkpt>
   <trkpt lat="33.28682751011877" lon="-81.93886750185608">
    <ele>93.78</ele>
   </trkpt>
   <trkpt lat="33.28689" lon="-81.93795">
    <ele>93.51</ele>
   </trkpt>
   <trkpt lat="33.28689" lon="-81.93715">
    <ele>92.18</ele>
   </trkpt>
   <trkpt lat="33.28683" lon="-81.93634">
    <ele>91.45</ele>
   </trkpt>
   <trkpt lat="33.286726673097704" lon="-81.93544333114973">
    <ele>92.09</ele>
   </trkpt>
   <trkpt lat="33.28662333975742" lon="-81.93454666442284">
    <ele>93.97000000000001</ele>
   </trkpt>
   <trkpt lat="33.28652" lon="-81.93365">
    <ele>95.47000000000001</ele>
   </trkpt>
   <trkpt lat="33.286480000000005" lon="-81.93317">
    <ele>96.04</ele>
   </trkpt>
   <trkpt lat="33.28651" lon="-81.93229000000001">
    <ele>96.32000000000001</ele>
   </trkpt>
   <trkpt lat="33.28654" lon="-81.93191">
    <ele>96.60000000000001</ele>
   </trkpt>
   <trkpt lat="33.28667500261172" lon="-81.93110500114244">
    <ele>96.57000000000001</ele>
   </trkpt>
   <trkpt lat="33.28681" lon="-81.9303">
    <ele>95.85000000000001</ele>
   </trkpt>
   <trkpt lat="33.28696000543873" lon="-81.92947666943816">
    <ele>94.72000000000001</ele>
   </trkpt>
   <trkpt lat="33.28711000544947" lon="-81.9286533360459">
    <ele>94.26</ele>
   </trkpt>
   <trkpt lat="33.28726" lon="-81.92783">
    <ele>94.46</ele>
   </trkpt>
   <trkpt lat="33.287420000000004" lon="-81.92734">
    <ele>94.4</ele>
   </trkpt>
   <trkpt lat="33.28754" lon="-81.92703">
    <ele>94.27000000000001</ele>
   </trkpt>
   <trkpt lat="33.28783" lon="-81.92645">
    <ele>94.85000000000001</ele>
   </trkpt>
   <trkpt lat="33.28806" lon="-81.92612000000001">
    <ele>94.52000000000001</ele>
   </trkpt>
   <trkpt lat="33.28829" lon="-81.92582">
    <ele>93.95</ele>
   </trkpt>
   <trkpt lat="33.288540000000005" lon="-81.92555">
    <ele>93.58000000000001</ele>
   </trkpt>
   <trkpt lat="33.28905" lon="-81.92515">
    <ele>93.67</ele>
   </trkpt>
   <trkpt lat="33.28953500041513" lon="-81.92483500173924">
    <ele>92.94000000000001</ele>
   </trkpt>
   <trkpt lat="33.290020000000005" lon="-81.92452">
    <ele>92.49</ele>
   </trkpt>
   <trkpt lat="33.29081000103826" lon="-81.92405000416385">
    <ele>92.94000000000001</ele>
   </trkpt>
   <trkpt lat="33.2916" lon="-81.92358">
    <ele>95.25</ele>
   </trkpt>
   <trkpt lat="33.29195" lon="-81.9234">
    <ele>96.12</ele>
   </trkpt>
   <trkpt lat="33.292390000000005" lon="-81.92332">
    <ele>95.83000000000001</ele>
   </trkpt>
   <trkpt lat="33.2924" lon="-81.92332">
    <ele>95.83000000000001</ele>
   </trkpt>
   <trkpt lat="33.292640000000006" lon="-81.92331">
    <ele>95.58000000000001</ele>
   </trkpt>
   <trkpt lat="33.292820000000006" lon="-81.92331">
    <ele>95.23</ele>
   </trkpt>
   <trkpt lat="33.293350000000004" lon="-81.9234">
    <ele>94.76</ele>
   </trkpt>
   <trkpt lat="33.293420000000005" lon="-81.92349">
    <ele>94.76</ele>
   </trkpt>
   <trkpt lat="33.29346" lon="-81.92351000000001">
    <ele>94.76</ele>
   </trkpt>
   <trkpt lat="33.29421" lon="-81.9239">
    <ele>95.09</ele>
   </trkpt>
   <trkpt lat="33.29492286077667" lon="-81.9242885523811">
    <ele>95.41000000000001</ele>
   </trkpt>
   <trkpt lat="33.295635720344286" lon="-81.92467711111206">
    <ele>94.60000000000001</ele>
   </trkpt>
   <trkpt lat="33.2963485787028" lon="-81.92506567619319">
    <ele>92.38</ele>
   </trkpt>
   <trkpt lat="33.29706143585214" lon="-81.9254542476247">
    <ele>90.31</ele>
   </trkpt>
   <trkpt lat="33.29777429179227" lon="-81.9258428254069">
    <ele>88.81000000000002</ele>
   </trkpt>
   <trkpt lat="33.29848714652314" lon="-81.92623140954002">
    <ele>88.04</ele>
   </trkpt>
   <trkpt lat="33.299200000000006" lon="-81.92662">
    <ele>87.73</ele>
   </trkpt>
   <trkpt lat="33.299620000000004" lon="-81.92689">
    <ele>87.84</ele>
   </trkpt>
   <trkpt lat="33.299960000000006" lon="-81.92720000000001">
    <ele>87.44</ele>
   </trkpt>
   <trkpt lat="33.30015" lon="-81.9274">
    <ele>86.58</ele>
   </trkpt>
   <trkpt lat="33.30033" lon="-81.92765">
    <ele>85.59000000000002</ele>
   </trkpt>
   <trkpt lat="33.300430000000006" lon="-81.92782000000001">
    <ele>85.27000000000001</ele>
   </trkpt>
   <trkpt lat="33.300720000000005" lon="-81.92846">
    <ele>84.89</ele>
   </trkpt>
   <trkpt lat="33.30111251037558" lon="-81.9293899874092">
    <ele>83.75</ele>
   </trkpt>
   <trkpt lat="33.30150501382424" lon="-81.93031998318861">
    <ele>84.64</ele>
   </trkpt>
   <trkpt lat="33.30189751034584" lon="-81.9312499873383">
    <ele>85.28</ele>
   </trkpt>
   <trkpt lat="33.30229" lon="-81.93218">
    <ele>83.84</ele>
   </trkpt>
   <trkpt lat="33.302670010397165" lon="-81.93298598593367">
    <ele>80.76</ele>
   </trkpt>
   <trkpt lat="33.30305001559138" lon="-81.93379197889092">
    <ele>77.44000000000001</ele>
   </trkpt>
   <trkpt lat="33.303430015582514" lon="-81.93459797887178">
    <ele>73.77</ele>
   </trkpt>
   <trkpt lat="33.30381001037045" lon="-81.93540398587633">
    <ele>70.45000000000002</ele>
   </trkpt>
   <trkpt lat="33.304190000000006" lon="-81.93621">
    <ele>67.96000000000001</ele>
   </trkpt>
   <trkpt lat="33.30456500784996" lon="-81.93701748961765">
    <ele>66.12</ele>
   </trkpt>
   <trkpt lat="33.30494001047738" lon="-81.93782498617983">
    <ele>61.76</ele>
   </trkpt>
   <trkpt lat="33.305315007882136" lon="-81.9386324896866">
    <ele>55.190000000000005</ele>
   </trkpt>
   <trkpt lat="33.305690000000006" lon="-81.93944">
    <ele>52.13</ele>
   </trkpt>
   <trkpt lat="33.306121467912035" lon="-81.94030922980068">
    <ele>49.0</ele>
   </trkpt>
   <trkpt lat="33.30655292977222" lon="-81.94117846820284">
    <ele>47.7</ele>
   </trkpt>
   <trkpt lat="33.3069843855804" lon="-81.94204771520663">
    <ele>45.19</ele>
   </trkpt>
   <trkpt lat="33.30741583533642" lon="-81.94291697081215">
    <ele>42.35</ele>
   </trkpt>
   <trkpt lat="33.307847279040125" lon="-81.94378623501952">
    <ele>39.6</ele>
   </trkpt>
   <trkpt lat="33.30827871669134" lon="-81.94465550782878">
    <ele>40.1</ele>
   </trkpt>
   <trkpt lat="33.30871014828993" lon="-81.94552478924011">
    <ele>42.1</ele>
   </trkpt>
   <trkpt lat="33.30914157383572" lon="-81.94639407925358">
    <ele>43.96000000000001</ele>
   </trkpt>
   <trkpt lat="33.30957299332856" lon="-81.94726337786932">
    <ele>44.95</ele>
   </trkpt>
   <trkpt lat="33.31000440676827" lon="-81.94813268508742">
    <ele>45.53</ele>
   </trkpt>
   <trkpt lat="33.3104358141547" lon="-81.94900200090794">
    <ele>44.83</ele>
   </trkpt>
   <trkpt lat="33.31086721548771" lon="-81.94987132533109">
    <ele>43.58</ele>
   </trkpt>
   <trkpt lat="33.31129861076712" lon="-81.95074065835688">
    <ele>42.97</ele>
   </trkpt>
   <trkpt lat="33.311730000000004" lon="-81.95161">
    <ele>44.45</ele>
   </trkpt>
   <trkpt lat="33.31188" lon="-81.95196">
    <ele>46.470000000000006</ele>
   </trkpt>
   <trkpt lat="33.31208" lon="-81.95255">
    <ele>47.290000000000006</ele>
   </trkpt>
   <trkpt lat="33.312180000000005" lon="-81.95299">
    <ele>48.38</ele>
   </trkpt>
   <trkpt lat="33.31226" lon="-81.95344">
    <ele>48.370000000000005</ele>
   </trkpt>
   <trkpt lat="33.3123" lon="-81.95381">
    <ele>48.21</ele>
   </trkpt>
   <trkpt lat="33.31288" lon="-81.95402">
    <ele>45.31</ele>
   </trkpt>
   <trkpt lat="33.31298" lon="-81.95402">
    <ele>43.11</ele>
   </trkpt>
   <trkpt lat="33.31336" lon="-81.9542">
    <ele>41.800000000000004</ele>
   </trkpt>
   <trkpt lat="33.313789999984834" lon="-81.95436499913848">
    <ele>37.83</ele>
   </trkpt>
   <trkpt lat="33.314220000000006" lon="-81.95453">
    <ele>36.300000000000004</ele>
   </trkpt>
   <trkpt lat="33.31495" lon="-81.95483">
    <ele>34.75</ele>
   </trkpt>
   <trkpt lat="33.31526" lon="-81.95492">
    <ele>35.0</ele>
   </trkpt>
   <trkpt lat="33.315740000000005" lon="-81.95501">
    <ele>35.27</ele>
   </trkpt>
   <trkpt lat="33.316537500019265" lon="-81.95507999807525">
    <ele>35.85</ele>
   </trkpt>
   <trkpt lat="33.31733499999927" lon="-81.9551499974313">
    <ele>35.86</ele>
   </trkpt>
   <trkpt lat="33.31813249994001" lon="-81.95521999806823">
    <ele>36.480000000000004</ele>
   </trkpt>
   <trkpt lat="33.31893" lon="-81.95529">
    <ele>35.980000000000004</ele>
   </trkpt>
   <trkpt lat="33.31942000008655" lon="-81.95534499969915">
    <ele>37.24</ele>
   </trkpt>
   <trkpt lat="33.31991" lon="-81.95540000000001">
    <ele>38.01</ele>
   </trkpt>
   <trkpt lat="33.32043" lon="-81.9555">
    <ele>38.37</ele>
   </trkpt>
   <trkpt lat="33.32083" lon="-81.9556">
    <ele>38.43000000000001</ele>
   </trkpt>
   <trkpt lat="33.32148" lon="-81.95587">
    <ele>38.720000000000006</ele>
   </trkpt>
   <trkpt lat="33.322210000000005" lon="-81.95626">
    <ele>37.86000000000001</ele>
   </trkpt>
   <trkpt lat="33.322740000245155" lon="-81.95661499766712">
    <ele>37.06</ele>
   </trkpt>
   <trkpt lat="33.32327" lon="-81.95697000000001">
    <ele>37.21</ele>
   </trkpt>
   <trkpt lat="33.32369000019498" lon="-81.95720999882289">
    <ele>37.19</ele>
   </trkpt>
   <trkpt lat="33.324110000000005" lon="-81.95745000000001">
    <ele>37.720000000000006</ele>
   </trkpt>
   <trkpt lat="33.32479" lon="-81.95792">
    <ele>38.49</ele>
   </trkpt>
   <trkpt lat="33.32513" lon="-81.95809000000001">
    <ele>38.760000000000005</ele>
   </trkpt>
   <trkpt lat="33.32587" lon="-81.95858000000001">
    <ele>39.45</ele>
   </trkpt>
   <trkpt lat="33.32645500052266" lon="-81.958919997752">
    <ele>40.220000000000006</ele>
   </trkpt>
   <trkpt lat="33.327040000000004" lon="-81.95926">
    <ele>40.53</ele>
   </trkpt>
   <trkpt lat="33.32746" lon="-81.95954">
    <ele>40.480000000000004</ele>
   </trkpt>
   <trkpt lat="33.328100000620196" lon="-81.959929997142">
    <ele>40.620000000000005</ele>
   </trkpt>
   <trkpt lat="33.32874" lon="-81.96032000000001">
    <ele>40.269999999999996</ele>
   </trkpt>
   <trkpt lat="33.32930666779583" lon="-81.96067999537483">
    <ele>40.46</ele>
   </trkpt>
   <trkpt lat="33.32987333455326" lon="-81.96103999543244">
    <ele>40.730000000000004</ele>
   </trkpt>
   <trkpt lat="33.33044" lon="-81.96140000000001">
    <ele>41.25</ele>
   </trkpt>
   <trkpt lat="33.33082" lon="-81.9616">
    <ele>41.660000000000004</ele>
   </trkpt>
   <trkpt lat="33.33147000073857" lon="-81.96201499693474">
    <ele>44.17</ele>
   </trkpt>
   <trkpt lat="33.33212" lon="-81.96243000000001">
    <ele>45.76</ele>
   </trkpt>
   <trkpt lat="33.3325" lon="-81.96270000000001">
    <ele>47.6</ele>
   </trkpt>
   <trkpt lat="33.33274" lon="-81.96293">
    <ele>49.120000000000005</ele>
   </trkpt>
   <trkpt lat="33.33294" lon="-81.96306000000001">
    <ele>51.28000000000001</ele>
   </trkpt>
   <trkpt lat="33.33315" lon="-81.96322">
    <ele>52.57000000000001</ele>
   </trkpt>
   <trkpt lat="33.33359" lon="-81.96361">
    <ele>56.11000000000001</ele>
   </trkpt>
   <trkpt lat="33.33382" lon="-81.96386000000001">
    <ele>57.13</ele>
   </trkpt>
   <trkpt lat="33.33417" lon="-81.96414">
    <ele>60.10000000000001</ele>
   </trkpt>
   <trkpt lat="33.334540000000004" lon="-81.96454000000001">
    <ele>61.43000000000001</ele>
   </trkpt>
   <trkpt lat="33.33487" lon="-81.96481">
    <ele>62.93</ele>
   </trkpt>
   <trkpt lat="33.335325000915084" lon="-81.96526499770894">
    <ele>64.62</ele>
   </trkpt>
   <trkpt lat="33.33578" lon="-81.96572">
    <ele>65.02000000000001</ele>
   </trkpt>
   <trkpt lat="33.33619000065472" lon="-81.96607499845871">
    <ele>65.35000000000001</ele>
   </trkpt>
   <trkpt lat="33.336600000000004" lon="-81.96643">
    <ele>66.08</ele>
   </trkpt>
   <trkpt lat="33.33727000345653" lon="-81.96708332331727">
    <ele>67.53</ele>
   </trkpt>
   <trkpt lat="33.33794000349264" lon="-81.96773665668563">
    <ele>68.59000000000002</ele>
   </trkpt>
   <trkpt lat="33.33861" lon="-81.96839000000001">
    <ele>69.77000000000001</ele>
   </trkpt>
   <trkpt lat="33.33900500045406" lon="-81.96874999830787">
    <ele>70.10000000000001</ele>
   </trkpt>
   <trkpt lat="33.339400000000005" lon="-81.96911">
    <ele>69.89</ele>
   </trkpt>
   <trkpt lat="33.33991666912234" lon="-81.9696633267703">
    <ele>70.20000000000002</ele>
   </trkpt>
   <trkpt lat="33.34043333579108" lon="-81.97021666010576">
    <ele>70.44</ele>
   </trkpt>
   <trkpt lat="33.34095" lon="-81.97077">
    <ele>71.48</ele>
   </trkpt>
   <trkpt lat="33.34142" lon="-81.97121000000001">
    <ele>72.24000000000001</ele>
   </trkpt>
   <trkpt lat="33.341730000000005" lon="-81.97157">
    <ele>72.85000000000001</ele>
   </trkpt>
   <trkpt lat="33.3422900027517" lon="-81.97215332585671">
    <ele>73.42</ele>
   </trkpt>
   <trkpt lat="33.34285000277642" lon="-81.97273665921571">
    <ele>74.58000000000001</ele>
   </trkpt>
   <trkpt lat="33.343410000000006" lon="-81.97332">
    <ele>74.22000000000001</ele>
   </trkpt>
   <trkpt lat="33.343940001075296" lon="-81.97383499687763">
    <ele>73.49</ele>
   </trkpt>
   <trkpt lat="33.34447" lon="-81.97435">
    <ele>72.53000000000002</ele>
   </trkpt>
   <trkpt lat="33.34481" lon="-81.97471">
    <ele>71.42000000000002</ele>
   </trkpt>
   <trkpt lat="33.345320001067414" lon="-81.9751999972312">
    <ele>68.35000000000001</ele>
   </trkpt>
   <trkpt lat="33.34583" lon="-81.97569">
    <ele>65.75</ele>
   </trkpt>
   <trkpt lat="33.34651000187165" lon="-81.97636499477389">
    <ele>65.33</ele>
   </trkpt>
   <trkpt lat="33.347190000000005" lon="-81.97704">
    <ele>67.0</ele>
   </trkpt>
   <trkpt lat="33.34779" lon="-81.97758">
    <ele>70.98</ele>
   </trkpt>
   <trkpt lat="33.34840500146368" lon="-81.97819499560379">
    <ele>73.86000000000001</ele>
   </trkpt>
   <trkpt lat="33.34902" lon="-81.97881000000001">
    <ele>75.26</ele>
   </trkpt>
   <trkpt lat="33.3493" lon="-81.9791">
    <ele>74.93</ele>
   </trkpt>
   <trkpt lat="33.349920002868146" lon="-81.97969999143736">
    <ele>73.77</ele>
   </trkpt>
   <trkpt lat="33.35054000285094" lon="-81.9802999914206">
    <ele>73.19</ele>
   </trkpt>
   <trkpt lat="33.35116" lon="-81.9809">
    <ele>72.31</ele>
   </trkpt>
   <trkpt lat="33.35179000165542" lon="-81.98153999538246">
    <ele>70.51</ele>
   </trkpt>
   <trkpt lat="33.35242" lon="-81.98218">
    <ele>70.69</ele>
   </trkpt>
   <trkpt lat="33.35297000111403" lon="-81.98270999664001">
    <ele>71.38</ele>
   </trkpt>
   <trkpt lat="33.35352" lon="-81.98324000000001">
    <ele>72.26</ele>
   </trkpt>
   <trkpt lat="33.35397000072745" lon="-81.98369999749869">
    <ele>73.04</ele>
   </trkpt>
   <trkpt lat="33.354420000000005" lon="-81.98416">
    <ele>74.16</ele>
   </trkpt>
   <trkpt lat="33.35477" lon="-81.98447">
    <ele>74.77</ele>
   </trkpt>
   <trkpt lat="33.355250000000005" lon="-81.98497">
    <ele>75.22000000000001</ele>
   </trkpt>
   <trkpt lat="33.35533" lon="-81.98502">
    <ele>75.28</ele>
   </trkpt>
   <trkpt lat="33.355700000000006" lon="-81.98546">
    <ele>76.14</ele>
   </trkpt>
   <trkpt lat="33.35626000317759" lon="-81.986086658636">
    <ele>76.65</ele>
   </trkpt>
   <trkpt lat="33.35682000320737" lon="-81.98671332533586">
    <ele>77.08000000000001</ele>
   </trkpt>
   <trkpt lat="33.357380000000006" lon="-81.98734">
    <ele>77.58000000000001</ele>
   </trkpt>
   <trkpt lat="33.35785000181022" lon="-81.9878199947783">
    <ele>78.03</ele>
   </trkpt>
   <trkpt lat="33.35832000177358" lon="-81.98829999474083">
    <ele>78.91000000000001</ele>
   </trkpt>
   <trkpt lat="33.358790000000006" lon="-81.98878">
    <ele>79.21000000000001</ele>
   </trkpt>
   <trkpt lat="33.35904" lon="-81.98897000000001">
    <ele>78.57</ele>
   </trkpt>
   <trkpt lat="33.35964333553651" lon="-81.98949332608376">
    <ele>76.99</ele>
   </trkpt>
   <trkpt lat="33.36024666887761" lon="-81.99001665942374">
    <ele>75.57000000000001</ele>
   </trkpt>
   <trkpt lat="33.36085" lon="-81.99054000000001">
    <ele>75.98</ele>
   </trkpt>
   <trkpt lat="33.361070000000005" lon="-81.9902">
    <ele>74.44</ele>
   </trkpt>
   <trkpt lat="33.36141000379168" lon="-81.98923500360239">
    <ele>71.29</ele>
   </trkpt>
   <trkpt lat="33.36175" lon="-81.98827">
    <ele>68.02000000000001</ele>
   </trkpt>
   <trkpt lat="33.36193500129071" lon="-81.98771000108839">
    <ele>66.18</ele>
   </trkpt>
   <trkpt lat="33.362120000000004" lon="-81.98715">
    <ele>64.64</ele>
   </trkpt>
   <trkpt lat="33.36235" lon="-81.98676">
    <ele>63.35</ele>
   </trkpt>
   <trkpt lat="33.3629" lon="-81.98617">
    <ele>60.13</ele>
   </trkpt>
   <trkpt lat="33.362970000000004" lon="-81.98607000000001">
    <ele>60.13</ele>
   </trkpt>
   <trkpt lat="33.363080000000004" lon="-81.98577">
    <ele>59.29</ele>
   </trkpt>
   <trkpt lat="33.363110000000006" lon="-81.9855">
    <ele>58.36</ele>
   </trkpt>
   <trkpt lat="33.36305" lon="-81.98504000000001">
    <ele>57.20000000000001</ele>
   </trkpt>
   <trkpt lat="33.36299" lon="-81.98488">
    <ele>56.93</ele>
   </trkpt>
   <trkpt lat="33.36269" lon="-81.98452">
    <ele>56.650000000000006</ele>
   </trkpt>
   <trkpt lat="33.362640000000006" lon="-81.98442">
    <ele>56.650000000000006</ele>
   </trkpt>
   <trkpt lat="33.36262" lon="-81.9842">
    <ele>56.690000000000005</ele>
   </trkpt>
   <trkpt lat="33.362640000000006" lon="-81.98389">
    <ele>56.410000000000004</ele>
   </trkpt>
   <trkpt lat="33.362610000000004" lon="-81.98361000000001">
    <ele>55.760000000000005</ele>
   </trkpt>
   <trkpt lat="33.36251500132102" lon="-81.9830299991999">
    <ele>54.37</ele>
   </trkpt>
   <trkpt lat="33.36242" lon="-81.98245">
    <ele>52.18</ele>
   </trkpt>
   <trkpt lat="33.36232500818641" lon="-81.98162499731654">
    <ele>50.07</ele>
   </trkpt>
   <trkpt lat="33.36223001091663" lon="-81.98079999643429">
    <ele>48.580000000000005</ele>
   </trkpt>
   <trkpt lat="33.36213500819064" lon="-81.9799749973534">
    <ele>46.35</ele>
   </trkpt>
   <trkpt lat="33.36204" lon="-81.97915">
    <ele>43.92</ele>
   </trkpt>
   <trkpt lat="33.362" lon="-81.97829">
    <ele>42.940000000000005</ele>
   </trkpt>
   <trkpt lat="33.3619300030752" lon="-81.97741499937655">
    <ele>41.190000000000005</ele>
   </trkpt>
   <trkpt lat="33.36186" lon="-81.97654">
    <ele>41.03</ele>
   </trkpt>
   <trkpt lat="33.36188" lon="-81.97619">
    <ele>41.050000000000004</ele>
   </trkpt>
   <trkpt lat="33.361940000000004" lon="-81.97589">
    <ele>40.89</ele>
   </trkpt>
   <trkpt lat="33.36227001276565" lon="-81.97499801350712">
    <ele>40.690000000000005</ele>
   </trkpt>
   <trkpt lat="33.36260001915307" lon="-81.97410602024863">
    <ele>40.470000000000006</ele>
   </trkpt>
   <trkpt lat="33.36293001916211" lon="-81.97321402022456">
    <ele>40.21</ele>
   </trkpt>
   <trkpt lat="33.363260012792644" lon="-81.97232201343488">
    <ele>40.449999999999996</ele>
   </trkpt>
   <trkpt lat="33.36359" lon="-81.97143000000001">
    <ele>40.690000000000005</ele>
   </trkpt>
   <trkpt lat="33.36434800763479" lon="-81.97188996393321">
    <ele>40.38</ele>
   </trkpt>
   <trkpt lat="33.365106013573495" lon="-81.9723499358805">
    <ele>40.84</ele>
   </trkpt>
   <trkpt lat="33.36586401781602" lon="-81.97280991584225">
    <ele>40.96</ele>
   </trkpt>
   <trkpt lat="33.36662202036229" lon="-81.97326990381879">
    <ele>41.14</ele>
   </trkpt>
   <trkpt lat="33.36738002121225" lon="-81.9737298998105">
    <ele>41.42</ele>
   </trkpt>
   <trkpt lat="33.36813802036578" lon="-81.9741899038177">
    <ele>41.7</ele>
   </trkpt>
   <trkpt lat="33.368896017822834" lon="-81.97464991584079">
    <ele>41.82</ele>
   </trkpt>
   <trkpt lat="33.36965401358332" lon="-81.97510993588007">
    <ele>42.4</ele>
   </trkpt>
   <trkpt lat="33.370412007647175" lon="-81.9755699639359">
    <ele>42.96</ele>
   </trkpt>
   <trkpt lat="33.37117" lon="-81.97603000000001">
    <ele>43.99</ele>
   </trkpt>
   <trkpt lat="33.37163" lon="-81.97624">
    <ele>44.18</ele>
   </trkpt>
   <trkpt lat="33.37189" lon="-81.97638">
    <ele>44.49</ele>
   </trkpt>
   <trkpt lat="33.37219" lon="-81.97658000000001">
    <ele>45.03</ele>
   </trkpt>
   <trkpt lat="33.37247" lon="-81.97670000000001">
    <ele>45.03</ele>
   </trkpt>
   <trkpt lat="33.372820000000004" lon="-81.97683">
    <ele>45.44</ele>
   </trkpt>
   <trkpt lat="33.37314" lon="-81.97691">
    <ele>45.7</ele>
   </trkpt>
   <trkpt lat="33.37357" lon="-81.97699">
    <ele>45.86000000000001</ele>
   </trkpt>
   <trkpt lat="33.3738" lon="-81.97699">
    <ele>46.05</ele>
   </trkpt>
   <trkpt lat="33.37424" lon="-81.97695">
    <ele>46.26</ele>
   </trkpt>
   <trkpt lat="33.374570000000006" lon="-81.9769">
    <ele>46.220000000000006</ele>
   </trkpt>
   <trkpt lat="33.375273333605314" lon="-81.97671666963113">
    <ele>45.89000000000001</ele>
   </trkpt>
   <trkpt lat="33.375976666941135" lon="-81.97653333629718">
    <ele>46.14</ele>
   </trkpt>
   <trkpt lat="33.37668" lon="-81.97635000000001">
    <ele>45.76</ele>
   </trkpt>
   <trkpt lat="33.37750857248898" lon="-81.97614001200499">
    <ele>45.63</ele>
   </trkpt>
   <trkpt lat="33.37833714462438" lon="-81.97593002000866">
    <ele>45.50000000000001</ele>
   </trkpt>
   <trkpt lat="33.3791657164062" lon="-81.97572002401087">
    <ele>45.56</ele>
   </trkpt>
   <trkpt lat="33.379994287834414" lon="-81.97551002401136">
    <ele>45.63</ele>
   </trkpt>
   <trkpt lat="33.380822858909" lon="-81.97530002000998">
    <ele>45.92</ele>
   </trkpt>
   <trkpt lat="33.38165142962993" lon="-81.97509001200649">
    <ele>46.26</ele>
   </trkpt>
   <trkpt lat="33.38248" lon="-81.97488000000001">
    <ele>46.400000000000006</ele>
   </trkpt>
   <trkpt lat="33.38297" lon="-81.97476">
    <ele>46.00000000000001</ele>
   </trkpt>
   <trkpt lat="33.38385" lon="-81.97462">
    <ele>44.550000000000004</ele>
   </trkpt>
   <trkpt lat="33.3844" lon="-81.97458">
    <ele>43.71000000000001</ele>
   </trkpt>
   <trkpt lat="33.38528666667656" lon="-81.97455833443817">
    <ele>42.75</ele>
   </trkpt>
   <trkpt lat="33.38617333334937" lon="-81.97453666843445">
    <ele>42.24000000000001</ele>
   </trkpt>
   <trkpt lat="33.387060000018415" lon="-81.97451500198878">
    <ele>40.550000000000004</ele>
   </trkpt>
   <trkpt lat="33.38794666668369" lon="-81.97449333510116">
    <ele>39.470000000000006</ele>
   </trkpt>
   <trkpt lat="33.388833333345204" lon="-81.97447166777155">
    <ele>39.45</ele>
   </trkpt>
   <trkpt lat="33.389720000000004" lon="-81.97445">
    <ele>39.82</ele>
   </trkpt>
   <trkpt lat="33.39021" lon="-81.97445">
    <ele>40.06</ele>
   </trkpt>
   <trkpt lat="33.39065" lon="-81.97448">
    <ele>40.080000000000005</ele>
   </trkpt>
   <trkpt lat="33.3911" lon="-81.97453">
    <ele>39.940000000000005</ele>
   </trkpt>
   <trkpt lat="33.39139" lon="-81.97460000000001">
    <ele>39.96</ele>
   </trkpt>
   <trkpt lat="33.39155" lon="-81.97461000000001">
    <ele>39.900000000000006</ele>
   </trkpt>
   <trkpt lat="33.39162" lon="-81.97457">
    <ele>39.769999999999996</ele>
   </trkpt>
   <trkpt lat="33.391690000000004" lon="-81.97452000000001">
    <ele>39.67</ele>
   </trkpt>
   <trkpt lat="33.39172" lon="-81.97437000000001">
    <ele>39.440000000000005</ele>
   </trkpt>
   <trkpt lat="33.39161" lon="-81.97417">
    <ele>39.010000000000005</ele>
   </trkpt>
   <trkpt lat="33.3910233353935" lon="-81.97366332649531">
    <ele>38.68000000000001</ele>
   </trkpt>
   <trkpt lat="33.390436668728185" lon="-81.97315665982991">
    <ele>38.66</ele>
   </trkpt>
   <trkpt lat="33.38985" lon="-81.97265">
    <ele>38.62</ele>
   </trkpt>
   <trkpt lat="33.3891240061199" lon="-81.97203197935025">
    <ele>38.68000000000001</ele>
   </trkpt>
   <trkpt lat="33.38839800917674" lon="-81.97141396902326">
    <ele>39.040000000000006</ele>
   </trkpt>
   <trkpt lat="33.387672009170664" lon="-81.97079596901861">
    <ele>39.14</ele>
   </trkpt>
   <trkpt lat="33.38694600610181" lon="-81.97017797933589">
    <ele>39.16</ele>
   </trkpt>
   <trkpt lat="33.38622" lon="-81.96956">
    <ele>39.6</ele>
   </trkpt>
   <trkpt lat="33.3858" lon="-81.96925">
    <ele>39.7</ele>
   </trkpt>
   <trkpt lat="33.3855" lon="-81.96905000000001">
    <ele>39.769999999999996</ele>
   </trkpt>
   <trkpt lat="33.38496" lon="-81.96884">
    <ele>39.760000000000005</ele>
   </trkpt>
   <trkpt lat="33.384570000000004" lon="-81.96871">
    <ele>39.78</ele>
   </trkpt>
   <trkpt lat="33.38378500019939" lon="-81.9685299983908">
    <ele>40.040000000000006</ele>
   </trkpt>
   <trkpt lat="33.383" lon="-81.96835">
    <ele>41.5</ele>
   </trkpt>
   <trkpt lat="33.382247500440464" lon="-81.96815999506877">
    <ele>42.38</ele>
   </trkpt>
   <trkpt lat="33.38149500059144" lon="-81.96796999342617">
    <ele>42.5</ele>
   </trkpt>
   <trkpt lat="33.38074250045296" lon="-81.96777999507208">
    <ele>42.49000000000001</ele>
   </trkpt>
   <trkpt lat="33.37999" lon="-81.96759">
    <ele>42.31</ele>
   </trkpt>
   <trkpt lat="33.37951" lon="-81.96741">
    <ele>42.2</ele>
   </trkpt>
   <trkpt lat="33.37921" lon="-81.96727000000001">
    <ele>42.17</ele>
   </trkpt>
   <trkpt lat="33.3787" lon="-81.96692">
    <ele>41.95</ele>
   </trkpt>
   <trkpt lat="33.37839" lon="-81.96665">
    <ele>41.86</ele>
   </trkpt>
   <trkpt lat="33.37796" lon="-81.9662">
    <ele>41.510000000000005</ele>
   </trkpt>
   <trkpt lat="33.37765" lon="-81.9658">
    <ele>41.43</ele>
   </trkpt>
   <trkpt lat="33.37751" lon="-81.96558">
    <ele>41.52</ele>
   </trkpt>
   <trkpt lat="33.37716000145973" lon="-81.96497499755192">
    <ele>42.0</ele>
   </trkpt>
   <trkpt lat="33.376810000000006" lon="-81.96437">
    <ele>42.370000000000005</ele>
   </trkpt>
   <trkpt lat="33.37634667119895" lon="-81.96361999204468">
    <ele>42.32</ele>
   </trkpt>
   <trkpt lat="33.37588333788766" lon="-81.96286999208048">
    <ele>42.440000000000005</ele>
   </trkpt>
   <trkpt lat="33.375420000000005" lon="-81.96212000000001">
    <ele>42.580000000000005</ele>
   </trkpt>
   <trkpt lat="33.37518" lon="-81.96168">
    <ele>42.71</ele>
   </trkpt>
   <trkpt lat="33.374970000000005" lon="-81.96122000000001">
    <ele>42.56</ele>
   </trkpt>
   <trkpt lat="33.3748" lon="-81.96078">
    <ele>42.56</ele>
   </trkpt>
   <trkpt lat="33.374660000000006" lon="-81.96034">
    <ele>42.54</ele>
   </trkpt>
   <trkpt lat="33.37449" lon="-81.95958">
    <ele>42.45</ele>
   </trkpt>
   <trkpt lat="33.374376672879094" lon="-81.95869999773288">
    <ele>42.14</ele>
   </trkpt>
   <trkpt lat="33.37426333954911" lon="-81.95781999775895">
    <ele>41.99000000000001</ele>
   </trkpt>
   <trkpt lat="33.37415" lon="-81.95694">
    <ele>41.92</ele>
   </trkpt>
   <trkpt lat="33.37406" lon="-81.95648000000001">
    <ele>41.940000000000005</ele>
   </trkpt>
   <trkpt lat="33.373920000000005" lon="-81.95599">
    <ele>41.81000000000001</ele>
   </trkpt>
   <trkpt lat="33.373740000000005" lon="-81.95559">
    <ele>41.45</ele>
   </trkpt>
   <trkpt lat="33.373630000000006" lon="-81.95537">
    <ele>41.330000000000005</ele>
   </trkpt>
   <trkpt lat="33.37315500187433" lon="-81.95467499611391">
    <ele>40.620000000000005</ele>
   </trkpt>
   <trkpt lat="33.37268" lon="-81.95398">
    <ele>40.440000000000005</ele>
   </trkpt>
   <trkpt lat="33.37236" lon="-81.95345">
    <ele>40.46</ele>
   </trkpt>
   <trkpt lat="33.37216" lon="-81.95304">
    <ele>40.64</ele>
   </trkpt>
   <trkpt lat="33.37201" lon="-81.95259">
    <ele>40.74</ele>
   </trkpt>
   <trkpt lat="33.37189" lon="-81.95196">
    <ele>40.940000000000005</ele>
   </trkpt>
   <trkpt lat="33.37185667420698" lon="-81.95098999915669">
    <ele>41.160000000000004</ele>
   </trkpt>
   <trkpt lat="33.37182334087021" lon="-81.95001999905669">
    <ele>41.67</ele>
   </trkpt>
   <trkpt lat="33.371790000000004" lon="-81.94905">
    <ele>42.160000000000004</ele>
   </trkpt>
   <trkpt lat="33.37091" lon="-81.94890000000001">
    <ele>42.120000000000005</ele>
   </trkpt>
   <trkpt lat="33.3701600001375" lon="-81.94879249721942">
    <ele>40.470000000000006</ele>
   </trkpt>
   <trkpt lat="33.36941000018236" lon="-81.94868499629246">
    <ele>39.760000000000005</ele>
   </trkpt>
   <trkpt lat="33.368660000134554" lon="-81.94857749721908">
    <ele>39.32</ele>
   </trkpt>
   <trkpt lat="33.36791" lon="-81.94847">
    <ele>39.690000000000005</ele>
   </trkpt>
   <trkpt lat="33.36784" lon="-81.94848">
    <ele>39.690000000000005</ele>
   </trkpt>
   <trkpt lat="33.36732" lon="-81.94838">
    <ele>36.910000000000004</ele>
   </trkpt>
   <trkpt lat="33.36722" lon="-81.94829">
    <ele>36.32000000000001</ele>
   </trkpt>
   <trkpt lat="33.36717" lon="-81.9482">
    <ele>36.02</ele>
   </trkpt>
   <trkpt lat="33.36712" lon="-81.94801000000001">
    <ele>35.65</ele>
   </trkpt>
   <trkpt lat="33.367830000000005" lon="-81.94809000000001">
    <ele>36.26</ele>
   </trkpt>
   <trkpt lat="33.3678" lon="-81.94837000000001">
    <ele>38.150000000000006</ele>
   </trkpt>
   <trkpt lat="33.36784" lon="-81.94848">
    <ele>39.690000000000005</ele>
   </trkpt>
   <trkpt lat="33.36791" lon="-81.94847">
    <ele>39.690000000000005</ele>
   </trkpt>
   <trkpt lat="33.36866000014044" lon="-81.94857749721992">
    <ele>39.32</ele>
   </trkpt>
   <trkpt lat="33.36941000018825" lon="-81.94868499629331">
    <ele>39.760000000000005</ele>
   </trkpt>
   <trkpt lat="33.37016000014341" lon="-81.94879249722025">
    <ele>40.470000000000006</ele>
   </trkpt>
   <trkpt lat="33.37091" lon="-81.94890000000001">
    <ele>42.120000000000005</ele>
   </trkpt>
   <trkpt lat="33.371790000000004" lon="-81.94905">
    <ele>42.160000000000004</ele>
   </trkpt>
   <trkpt lat="33.3718233408805" lon="-81.95001999935651">
    <ele>41.67</ele>
   </trkpt>
   <trkpt lat="33.371856674217284" lon="-81.95098999945648">
    <ele>41.1</ele>
   </trkpt>
   <trkpt lat="33.37189" lon="-81.95196">
    <ele>40.75</ele>
   </trkpt>
   <trkpt lat="33.37201" lon="-81.95259">
    <ele>40.650000000000006</ele>
   </trkpt>
   <trkpt lat="33.37216" lon="-81.95304">
    <ele>40.64</ele>
   </trkpt>
   <trkpt lat="33.37236" lon="-81.95345">
    <ele>40.46</ele>
   </trkpt>
   <trkpt lat="33.37268" lon="-81.95398">
    <ele>40.440000000000005</ele>
   </trkpt>
   <trkpt lat="33.37315500199844" lon="-81.95467499629548">
    <ele>40.800000000000004</ele>
   </trkpt>
   <trkpt lat="33.373630000000006" lon="-81.95537">
    <ele>41.45</ele>
   </trkpt>
   <trkpt lat="33.373740000000005" lon="-81.95559">
    <ele>41.45</ele>
   </trkpt>
   <trkpt lat="33.373920000000005" lon="-81.95599">
    <ele>41.85</ele>
   </trkpt>
   <trkpt lat="33.37406" lon="-81.95648000000001">
    <ele>41.940000000000005</ele>
   </trkpt>
   <trkpt lat="33.37415" lon="-81.95694">
    <ele>41.92</ele>
   </trkpt>
   <trkpt lat="33.37426333953901" lon="-81.95781999768057">
    <ele>41.99000000000001</ele>
   </trkpt>
   <trkpt lat="33.374376672869" lon="-81.95869999765448">
    <ele>42.21</ele>
   </trkpt>
   <trkpt lat="33.37449" lon="-81.95958">
    <ele>42.45</ele>
   </trkpt>
   <trkpt lat="33.374660000000006" lon="-81.96034">
    <ele>42.54</ele>
   </trkpt>
   <trkpt lat="33.3748" lon="-81.96078">
    <ele>42.56</ele>
   </trkpt>
   <trkpt lat="33.374970000000005" lon="-81.96122000000001">
    <ele>42.56</ele>
   </trkpt>
   <trkpt lat="33.37518" lon="-81.96168">
    <ele>42.71</ele>
   </trkpt>
   <trkpt lat="33.375420000000005" lon="-81.96212000000001">
    <ele>42.580000000000005</ele>
   </trkpt>
   <trkpt lat="33.37588333782142" lon="-81.96286999197326">
    <ele>42.440000000000005</ele>
   </trkpt>
   <trkpt lat="33.37634667113272" lon="-81.96361999193746">
    <ele>42.36</ele>
   </trkpt>
   <trkpt lat="33.376810000000006" lon="-81.96437">
    <ele>42.370000000000005</ele>
   </trkpt>
   <trkpt lat="33.37716000147513" lon="-81.96497499757855">
    <ele>42.0</ele>
   </trkpt>
   <trkpt lat="33.37751" lon="-81.96558">
    <ele>41.52</ele>
   </trkpt>
   <trkpt lat="33.37765" lon="-81.9658">
    <ele>41.43</ele>
   </trkpt>
   <trkpt lat="33.37796" lon="-81.9662">
    <ele>41.510000000000005</ele>
   </trkpt>
   <trkpt lat="33.37839" lon="-81.96665">
    <ele>41.86</ele>
   </trkpt>
   <trkpt lat="33.3787" lon="-81.96692">
    <ele>41.95</ele>
   </trkpt>
   <trkpt lat="33.37921" lon="-81.96727000000001">
    <ele>42.17</ele>
   </trkpt>
   <trkpt lat="33.37951" lon="-81.96741">
    <ele>42.2</ele>
   </trkpt>
   <trkpt lat="33.37999" lon="-81.96759">
    <ele>42.31</ele>
   </trkpt>
   <trkpt lat="33.38074250042797" lon="-81.96777999506575">
    <ele>42.49000000000001</ele>
   </trkpt>
   <trkpt lat="33.38149500056646" lon="-81.96796999341986">
    <ele>42.5</ele>
   </trkpt>
   <trkpt lat="33.38224750041549" lon="-81.96815999506246">
    <ele>42.18</ele>
   </trkpt>
   <trkpt lat="33.383" lon="-81.96835">
    <ele>41.5</ele>
   </trkpt>
   <trkpt lat="33.38378500006043" lon="-81.96852999835896">
    <ele>40.040000000000006</ele>
   </trkpt>
   <trkpt lat="33.384570000000004" lon="-81.96871">
    <ele>39.78</ele>
   </trkpt>
   <trkpt lat="33.38496" lon="-81.96884">
    <ele>39.760000000000005</ele>
   </trkpt>
   <trkpt lat="33.3855" lon="-81.96905000000001">
    <ele>39.769999999999996</ele>
   </trkpt>
   <trkpt lat="33.3858" lon="-81.96925">
    <ele>39.7</ele>
   </trkpt>
   <trkpt lat="33.38622" lon="-81.96956">
    <ele>39.6</ele>
   </trkpt>
   <trkpt lat="33.38694600613151" lon="-81.97017797936118">
    <ele>39.16</ele>
   </trkpt>
   <trkpt lat="33.387672009200365" lon="-81.97079596904389">
    <ele>39.14</ele>
   </trkpt>
   <trkpt lat="33.38839800920644" lon="-81.97141396904853">
    <ele>38.91</ele>
   </trkpt>
   <trkpt lat="33.3891240061496" lon="-81.97203197937552">
    <ele>38.68000000000001</ele>
   </trkpt>
   <trkpt lat="33.38985" lon="-81.97265">
    <ele>38.62</ele>
   </trkpt>
   <trkpt lat="33.390436668724064" lon="-81.97315665982634">
    <ele>38.66</ele>
   </trkpt>
   <trkpt lat="33.39102333538939" lon="-81.97366332649176">
    <ele>38.68000000000001</ele>
   </trkpt>
   <trkpt lat="33.39161" lon="-81.97417">
    <ele>39.010000000000005</ele>
   </trkpt>
   <trkpt lat="33.39172" lon="-81.97437000000001">
    <ele>39.470000000000006</ele>
   </trkpt>
   <trkpt lat="33.391760000000005" lon="-81.97462">
    <ele>39.74</ele>
   </trkpt>
   <trkpt lat="33.3918" lon="-81.97467">
    <ele>39.82</ele>
   </trkpt>
   <trkpt lat="33.39193" lon="-81.97478000000001">
    <ele>39.88</ele>
   </trkpt>
   <trkpt lat="33.39269" lon="-81.97519000000001">
    <ele>39.790000000000006</ele>
   </trkpt>
   <trkpt lat="33.393080000000005" lon="-81.97543">
    <ele>39.85</ele>
   </trkpt>
   <trkpt lat="33.393480000000004" lon="-81.97577000000001">
    <ele>40.03</ele>
   </trkpt>
   <trkpt lat="33.394202504604" lon="-81.97638998452018">
    <ele>40.230000000000004</ele>
   </trkpt>
   <trkpt lat="33.394925006125106" lon="-81.97700997934824">
    <ele>40.040000000000006</ele>
   </trkpt>
   <trkpt lat="33.39564750456319" lon="-81.97762998448462">
    <ele>39.96</ele>
   </trkpt>
   <trkpt lat="33.396370000000005" lon="-81.97825">
    <ele>39.81</ele>
   </trkpt>
   <trkpt lat="33.39699500124391" lon="-81.9787799962879">
    <ele>39.470000000000006</ele>
   </trkpt>
   <trkpt lat="33.39762" lon="-81.97931000000001">
    <ele>39.870000000000005</ele>
   </trkpt>
   <trkpt lat="33.398352232082416" lon="-81.97986440706633">
    <ele>39.68</ele>
   </trkpt>
   <trkpt lat="33.39908446169946" lon="-81.98041882347584">
    <ele>39.400000000000006</ele>
   </trkpt>
   <trkpt lat="33.399816688851026" lon="-81.98097324922897">
    <ele>39.32</ele>
   </trkpt>
   <trkpt lat="33.400548913537015" lon="-81.98152768432602">
    <ele>38.940000000000005</ele>
   </trkpt>
   <trkpt lat="33.401281135757316" lon="-81.98208212876744">
    <ele>38.99</ele>
   </trkpt>
   <trkpt lat="33.402013355511805" lon="-81.98263658255358">
    <ele>38.400000000000006</ele>
   </trkpt>
   <trkpt lat="33.40274557280038" lon="-81.98319104568488">
    <ele>37.93000000000001</ele>
   </trkpt>
   <trkpt lat="33.40347778762293" lon="-81.98374551816167">
    <ele>37.63</ele>
   </trkpt>
   <trkpt lat="33.404210000000006" lon="-81.9843">
    <ele>40.35</ele>
   </trkpt>
   <trkpt lat="33.40485750310064" lon="-81.98480748865394">
    <ele>42.14</ele>
   </trkpt>
   <trkpt lat="33.40550500413532" lon="-81.98531498487257">
    <ele>43.59</ele>
   </trkpt>
   <trkpt lat="33.406152503103996" lon="-81.98582248865625">
    <ele>44.54</ele>
   </trkpt>
   <trkpt lat="33.406800000000004" lon="-81.98633000000001">
    <ele>44.76</ele>
   </trkpt>
   <trkpt lat="33.40747500140695" lon="-81.9869199954249">
    <ele>42.93</ele>
   </trkpt>
   <trkpt lat="33.408150000000006" lon="-81.98751">
    <ele>40.35</ele>
   </trkpt>
   <trkpt lat="33.408640000000005" lon="-81.98800000000001">
    <ele>38.510000000000005</ele>
   </trkpt>
   <trkpt lat="33.40922800596958" lon="-81.98860998348226">
    <ele>37.61000000000001</ele>
   </trkpt>
   <trkpt lat="33.40981600895428" lon="-81.98921997522292">
    <ele>36.83</ele>
   </trkpt>
   <trkpt lat="33.41040400895398" lon="-81.98982997522224">
    <ele>36.42</ele>
   </trkpt>
   <trkpt lat="33.41099200596856" lon="-81.99043998348047">
    <ele>36.160000000000004</ele>
   </trkpt>
   <trkpt lat="33.41158" lon="-81.99105">
    <ele>36.18</ele>
   </trkpt>
   <trkpt lat="33.41205500067879" lon="-81.9914699976776">
    <ele>36.660000000000004</ele>
   </trkpt>
   <trkpt lat="33.412530000000004" lon="-81.99189000000001">
    <ele>36.93000000000001</ele>
   </trkpt>
   <trkpt lat="33.413180000000004" lon="-81.99235">
    <ele>37.3</ele>
   </trkpt>
   <trkpt lat="33.41376" lon="-81.99271">
    <ele>37.62</ele>
   </trkpt>
   <trkpt lat="33.41438" lon="-81.99302">
    <ele>38.05</ele>
   </trkpt>
   <trkpt lat="33.41513500056272" lon="-81.99334999718606">
    <ele>38.25000000000001</ele>
   </trkpt>
   <trkpt lat="33.415890000000005" lon="-81.99368000000001">
    <ele>38.42</ele>
   </trkpt>
   <trkpt lat="33.41677" lon="-81.99386000000001">
    <ele>37.82000000000001</ele>
   </trkpt>
   <trkpt lat="33.416760000000004" lon="-81.99385000000001">
    <ele>37.82000000000001</ele>
   </trkpt>
   <trkpt lat="33.41731" lon="-81.99387">
    <ele>37.480000000000004</ele>
   </trkpt>
   <trkpt lat="33.41774" lon="-81.99386000000001">
    <ele>37.51</ele>
   </trkpt>
   <trkpt lat="33.41817" lon="-81.99378">
    <ele>37.49</ele>
   </trkpt>
   <trkpt lat="33.41859" lon="-81.99369">
    <ele>37.67</ele>
   </trkpt>
   <trkpt lat="33.41928500063715" lon="-81.99346000552276">
    <ele>37.7</ele>
   </trkpt>
   <trkpt lat="33.4199800008499" lon="-81.99323000736368">
    <ele>37.7</ele>
   </trkpt>
   <trkpt lat="33.4206750006382" lon="-81.99300000552259">
    <ele>37.75000000000001</ele>
   </trkpt>
   <trkpt lat="33.42137" lon="-81.99277000000001">
    <ele>38.03</ele>
   </trkpt>
   <trkpt lat="33.422055000559126" lon="-81.99255250515141">
    <ele>38.02</ele>
   </trkpt>
   <trkpt lat="33.42274000073871" lon="-81.9923350068708">
    <ele>38.44</ele>
   </trkpt>
   <trkpt lat="33.423425000538714" lon="-81.99211750515803">
    <ele>38.540000000000006</ele>
   </trkpt>
   <trkpt lat="33.424110000000006" lon="-81.9919">
    <ele>38.970000000000006</ele>
   </trkpt>
   <trkpt lat="33.424730000000004" lon="-81.99168">
    <ele>38.88</ele>
   </trkpt>
   <trkpt lat="33.42531" lon="-81.99135000000001">
    <ele>38.45</ele>
   </trkpt>
   <trkpt lat="33.42569" lon="-81.99106">
    <ele>38.28</ele>
   </trkpt>
   <trkpt lat="33.42640600565343" lon="-81.99046601960563">
    <ele>38.45</ele>
   </trkpt>
   <trkpt lat="33.427122008475806" lon="-81.98987202941252">
    <ele>38.540000000000006</ele>
   </trkpt>
   <trkpt lat="33.427838008466985" lon="-81.98927802942033">
    <ele>39.080000000000005</ele>
   </trkpt>
   <trkpt lat="33.42855400562686" lon="-81.98868401962865">
    <ele>39.550000000000004</ele>
   </trkpt>
   <trkpt lat="33.42927" lon="-81.98809">
    <ele>40.019999999999996</ele>
   </trkpt>
   <trkpt lat="33.4298000016129" lon="-81.9876466720511">
    <ele>39.89</ele>
   </trkpt>
   <trkpt lat="33.43033000164863" lon="-81.98720333868795">
    <ele>39.85</ele>
   </trkpt>
   <trkpt lat="33.43086" lon="-81.98676">
    <ele>39.36000000000001</ele>
   </trkpt>
   <trkpt lat="33.431400000000004" lon="-81.98629000000001">
    <ele>39.769999999999996</ele>
   </trkpt>
   <trkpt lat="33.43178500051461" lon="-81.98591500171187">
    <ele>39.839999999999996</ele>
   </trkpt>
   <trkpt lat="33.43217" lon="-81.98554">
    <ele>40.11</ele>
   </trkpt>
   <trkpt lat="33.43270500421793" lon="-81.9849475109664">
    <ele>40.480000000000004</ele>
   </trkpt>
   <trkpt lat="33.433240005618714" lon="-81.98435501462778">
    <ele>40.150000000000006</ele>
   </trkpt>
   <trkpt lat="33.43377500420232" lon="-81.98376251098398">
    <ele>39.86000000000001</ele>
   </trkpt>
   <trkpt lat="33.43431" lon="-81.98317">
    <ele>39.66</ele>
   </trkpt>
   <trkpt lat="33.43491" lon="-81.98263">
    <ele>39.910000000000004</ele>
   </trkpt>
   <trkpt lat="33.435280000000006" lon="-81.98241">
    <ele>39.620000000000005</ele>
   </trkpt>
   <trkpt lat="33.43605600250464" lon="-81.98201601408738">
    <ele>39.18000000000001</ele>
   </trkpt>
   <trkpt lat="33.43683200376353" lon="-81.98162202112809">
    <ele>39.21</ele>
   </trkpt>
   <trkpt lat="33.437608003776596" lon="-81.9812280211218">
    <ele>39.32</ele>
   </trkpt>
   <trkpt lat="33.43838400254382" lon="-81.98083401406818">
    <ele>40.0</ele>
   </trkpt>
   <trkpt lat="33.43916" lon="-81.98044">
    <ele>40.42</ele>
   </trkpt>
   <trkpt lat="33.43957" lon="-81.98028000000001">
    <ele>40.77</ele>
   </trkpt>
   <trkpt lat="33.43988" lon="-81.98021000000001">
    <ele>40.57</ele>
   </trkpt>
   <trkpt lat="33.440310000000004" lon="-81.98014">
    <ele>40.400000000000006</ele>
   </trkpt>
   <trkpt lat="33.44064" lon="-81.98014">
    <ele>38.50000000000001</ele>
   </trkpt>
   <trkpt lat="33.441100000000006" lon="-81.98022">
    <ele>38.32</ele>
   </trkpt>
   <trkpt lat="33.44147" lon="-81.98034000000001">
    <ele>39.370000000000005</ele>
   </trkpt>
   <trkpt lat="33.441810000000004" lon="-81.98049">
    <ele>39.510000000000005</ele>
   </trkpt>
   <trkpt lat="33.442170000000004" lon="-81.98057">
    <ele>39.66</ele>
   </trkpt>
   <trkpt lat="33.4424" lon="-81.98057">
    <ele>39.620000000000005</ele>
   </trkpt>
   <trkpt lat="33.44252" lon="-81.98052000000001">
    <ele>39.36000000000001</ele>
   </trkpt>
   <trkpt lat="33.44277" lon="-81.98028000000001">
    <ele>39.67</ele>
   </trkpt>
   <trkpt lat="33.443180001615765" lon="-81.97964500300483">
    <ele>39.03</ele>
   </trkpt>
   <trkpt lat="33.44359" lon="-81.97901">
    <ele>39.52</ele>
   </trkpt>
   <trkpt lat="33.44397" lon="-81.97855000000001">
    <ele>39.53</ele>
   </trkpt>
   <trkpt lat="33.44445" lon="-81.97805000000001">
    <ele>39.95</ele>
   </trkpt>
   <trkpt lat="33.44474" lon="-81.9778">
    <ele>39.620000000000005</ele>
   </trkpt>
   <trkpt lat="33.44551500112677" lon="-81.97727500467659">
    <ele>39.99</ele>
   </trkpt>
   <trkpt lat="33.446290000000005" lon="-81.97675000000001">
    <ele>39.03</ele>
   </trkpt>
   <trkpt lat="33.4469666706547" lon="-81.97630501734864">
    <ele>39.02</ele>
   </trkpt>
   <trkpt lat="33.447643339720024" lon="-81.97586002775441">
    <ele>37.37</ele>
   </trkpt>
   <trkpt lat="33.448320007195925" lon="-81.975415031217">
    <ele>35.06</ele>
   </trkpt>
   <trkpt lat="33.44899667308231" lon="-81.97497002773619">
    <ele>34.33</ele>
   </trkpt>
   <trkpt lat="33.44967333737915" lon="-81.97452501731168">
    <ele>34.79</ele>
   </trkpt>
   <trkpt lat="33.45035" lon="-81.97408">
    <ele>35.31</ele>
   </trkpt>
   <trkpt lat="33.45076500042799" lon="-81.97377000145181">
    <ele>36.01</ele>
   </trkpt>
   <trkpt lat="33.45118" lon="-81.97346">
    <ele>37.05</ele>
   </trkpt>
   <trkpt lat="33.45163" lon="-81.9731">
    <ele>38.080000000000005</ele>
   </trkpt>
   <trkpt lat="33.45202500074689" lon="-81.97272000156983">
    <ele>39.470000000000006</ele>
   </trkpt>
   <trkpt lat="33.452420000000004" lon="-81.97234">
    <ele>39.56</ele>
   </trkpt>
   <trkpt lat="33.45295000122408" lon="-81.97179500329804">
    <ele>39.220000000000006</ele>
   </trkpt>
   <trkpt lat="33.453480000000006" lon="-81.97125000000001">
    <ele>38.940000000000005</ele>
   </trkpt>
   <trkpt lat="33.45393666961324" lon="-81.97064333973354">
    <ele>38.68000000000001</ele>
   </trkpt>
   <trkpt lat="33.45439333627205" lon="-81.9700366730774">
    <ele>38.940000000000005</ele>
   </trkpt>
   <trkpt lat="33.45485" lon="-81.96943">
    <ele>39.720000000000006</ele>
   </trkpt>
   <trkpt lat="33.455350000987565" lon="-81.96893500285026">
    <ele>39.470000000000006</ele>
   </trkpt>
   <trkpt lat="33.455850000000005" lon="-81.96844">
    <ele>39.080000000000005</ele>
   </trkpt>
   <trkpt lat="33.45619" lon="-81.96821000000001">
    <ele>38.13</ele>
   </trkpt>
   <trkpt lat="33.456680000000006" lon="-81.9679">
    <ele>38.36000000000001</ele>
   </trkpt>
   <trkpt lat="33.457480000000004" lon="-81.96759">
    <ele>38.400000000000006</ele>
   </trkpt>
   <trkpt lat="33.45824" lon="-81.96732">
    <ele>38.31</ele>
   </trkpt>
   <trkpt lat="33.45887666720113" lon="-81.96708333677769">
    <ele>40.620000000000005</ele>
   </trkpt>
   <trkpt lat="33.45951333395261" lon="-81.96684667007955">
    <ele>43.74</ele>
   </trkpt>
   <trkpt lat="33.460150000000006" lon="-81.96661">
    <ele>45.01</ele>
   </trkpt>
   <trkpt lat="33.46068" lon="-81.96633000000001">
    <ele>45.480000000000004</ele>
   </trkpt>
   <trkpt lat="33.46094" lon="-81.96616">
    <ele>45.86000000000001</ele>
   </trkpt>
   <trkpt lat="33.46128" lon="-81.96589">
    <ele>45.84</ele>
   </trkpt>
   <trkpt lat="33.46182" lon="-81.9654">
    <ele>45.76</ele>
   </trkpt>
   <trkpt lat="33.462326669104655" lon="-81.96484333989522">
    <ele>42.96</ele>
   </trkpt>
   <trkpt lat="33.46283333572149" lon="-81.9642866732834">
    <ele>39.769999999999996</ele>
   </trkpt>
   <trkpt lat="33.46334" lon="-81.96373000000001">
    <ele>39.260000000000005</ele>
   </trkpt>
   <trkpt lat="33.46393000161295" lon="-81.96311000414659">
    <ele>39.260000000000005</ele>
   </trkpt>
   <trkpt lat="33.46452" lon="-81.96249">
    <ele>39.400000000000006</ele>
   </trkpt>
   <trkpt lat="33.46459" lon="-81.96235">
    <ele>39.400000000000006</ele>
   </trkpt>
   <trkpt lat="33.464510000000004" lon="-81.962">
    <ele>39.330000000000005</ele>
   </trkpt>
   <trkpt lat="33.46417251150164" lon="-81.96102248856639">
    <ele>39.35</ele>
   </trkpt>
   <trkpt lat="33.463835015331725" lon="-81.9600449847445">
    <ele>39.35</ele>
   </trkpt>
   <trkpt lat="33.46349751149044" lon="-81.95906748853437">
    <ele>39.620000000000005</ele>
   </trkpt>
   <trkpt lat="33.46316" lon="-81.95809000000001">
    <ele>39.550000000000004</ele>
   </trkpt>
   <trkpt lat="33.46393500181367" lon="-81.95770251039096">
    <ele>39.800000000000004</ele>
   </trkpt>
   <trkpt lat="33.46471000242184" lon="-81.95731501385302">
    <ele>39.03</ele>
   </trkpt>
   <trkpt lat="33.46548500182445" lon="-81.95692751038591">
    <ele>38.25000000000001</ele>
   </trkpt>
   <trkpt lat="33.466260000000005" lon="-81.95654">
    <ele>39.88</ele>
   </trkpt>
   <trkpt lat="33.46595501554371" lon="-81.95565998451684">
    <ele>38.470000000000006</ele>
   </trkpt>
   <trkpt lat="33.465650024869696" lon="-81.95477997522669">
    <ele>38.89</ele>
   </trkpt>
   <trkpt lat="33.46534502797806" lon="-81.95389997212952">
    <ele>39.88</ele>
   </trkpt>
   <trkpt lat="33.46504002486894" lon="-81.95301997522536">
    <ele>39.86000000000001</ele>
   </trkpt>
   <trkpt lat="33.46473501554244" lon="-81.95213998451422">
    <ele>39.790000000000006</ele>
   </trkpt>
   <trkpt lat="33.46443" lon="-81.95126">
    <ele>39.690000000000005</ele>
   </trkpt>
   <trkpt lat="33.46443" lon="-81.95125">
    <ele>39.690000000000005</ele>
   </trkpt>
   <trkpt lat="33.465063334193765" lon="-81.9509366712098">
    <ele>40.080000000000005</ele>
   </trkpt>
   <trkpt lat="33.465696667599275" lon="-81.95062333784082">
    <ele>40.510000000000005</ele>
   </trkpt>
   <trkpt lat="33.46633" lon="-81.95031">
    <ele>40.690000000000005</ele>
   </trkpt>
   <trkpt lat="33.46665094367468" lon="-81.95123814744608">
    <ele>40.71</ele>
   </trkpt>
   <trkpt lat="33.466971880432716" lon="-81.95216630176577">
    <ele>40.88</ele>
   </trkpt>
   <trkpt lat="33.46729281027397" lon="-81.95309446295904">
    <ele>40.85</ele>
   </trkpt>
   <trkpt lat="33.4676137331983" lon="-81.9540226310259">
    <ele>41.160000000000004</ele>
   </trkpt>
   <trkpt lat="33.467934649205574" lon="-81.95495080596626">
    <ele>41.18</ele>
   </trkpt>
   <trkpt lat="33.46825555829566" lon="-81.95587898778018">
    <ele>40.78</ele>
   </trkpt>
   <trkpt lat="33.46857646046843" lon="-81.9568071764676">
    <ele>40.690000000000005</ele>
   </trkpt>
   <trkpt lat="33.46889735572373" lon="-81.95773537202857">
    <ele>41.1</ele>
   </trkpt>
   <trkpt lat="33.46921824406144" lon="-81.958663574463">
    <ele>40.95</ele>
   </trkpt>
   <trkpt lat="33.46953912548142" lon="-81.95959178377092">
    <ele>40.85</ele>
   </trkpt>
   <trkpt lat="33.469860000000004" lon="-81.96052">
    <ele>41.14</ele>
   </trkpt>
   <trkpt lat="33.470575002609145" lon="-81.9601600148475">
    <ele>41.53</ele>
   </trkpt>
   <trkpt lat="33.471290004177725" lon="-81.95980002375482">
    <ele>41.760000000000005</ele>
   </trkpt>
   <trkpt lat="33.47200500470572" lon="-81.95944002672165">
    <ele>41.92</ele>
   </trkpt>
   <trkpt lat="33.47272000419309" lon="-81.9590800237478">
    <ele>42.53</ele>
   </trkpt>
   <trkpt lat="33.473435002639775" lon="-81.95872001483299">
    <ele>42.64</ele>
   </trkpt>
   <trkpt lat="33.47415" lon="-81.95836000000001">
    <ele>42.5</ele>
   </trkpt>
   <trkpt lat="33.474250000000005" lon="-81.95833">
    <ele>42.67000000000001</ele>
   </trkpt>
   <trkpt lat="33.474360000000004" lon="-81.95862000000001">
    <ele>43.03000000000001</ele>
   </trkpt>
  </trkseg>
 </trk>
</gpx>
