<?xml version="1.0" encoding="UTF-8"?>
<gpx creator="StravaGPX" version="1.1" xmlns="http://www.topografix.com/GPX/1/1" xmlns:xsi="http://www.w3.org/2001/XMLSchema-instance" xsi:schemaLocation="http://www.topografix.com/GPX/1/1 http://www.topografix.com/GPX/1/1/gpx.xsd">
 <metadata>
  <name>ISUZU IRONMAN 70.3 Durban - ZOOT Bike course</name>
  <author>
   <name>IRONMAN Africa Admin</name>
   <link href="https://www.strava.com/athletes/152917804"/>
  </author>
  <copyright author="OpenStreetMap contributors">
   <year>2020</year>
   <license>https://www.openstreetmap.org/copyright</license>
  </copyright>
  <link href="https://www.strava.com/routes/3302218849509243280"/>
 </metadata>
 <trk>
  <name>ISUZU IRONMAN 70.3 Durban - ZOOT Bike course</name>
  <link href="https://www.strava.com/routes/3302218849509243280"/>
  <type>cycling</type>
  <trkseg>
   <trkpt lat="-29.860260000000004" lon="31.04174">
    <ele>8.870000000000001</ele>
   </trkpt>
   <trkpt lat="-29.85945000047679" lon="31.04139999725788">
    <ele>8.68</ele>
   </trkpt>
   <trkpt lat="-29.85864" lon="31.04106">
    <ele>8.41</ele>
   </trkpt>
   <trkpt lat="-29.857820000317457" lon="31.040759997527406">
    <ele>8.270000000000001</ele>
   </trkpt>
   <trkpt lat="-29.857000000000003" lon="31.040460000000003">
    <ele>8.33</ele>
   </trkpt>
   <trkpt lat="-29.856640000000002" lon="31.04032">
    <ele>8.3</ele>
   </trkpt>
   <trkpt lat="-29.85658" lon="31.040260000000004">
    <ele>8.23</ele>
   </trkpt>
   <trkpt lat="-29.8562" lon="31.039770000000004">
    <ele>7.08</ele>
   </trkpt>
   <trkpt lat="-29.85555" lon="31.039630000000002">
    <ele>7.04</ele>
   </trkpt>
   <trkpt lat="-29.855390000000003" lon="31.03965">
    <ele>7.0</ele>
   </trkpt>
   <trkpt lat="-29.85478" lon="31.04004">
    <ele>6.82</ele>
   </trkpt>
   <trkpt lat="-29.854570000000002" lon="31.040060000000004">
    <ele>6.85</ele>
   </trkpt>
   <trkpt lat="-29.85452" lon="31.040070000000004">
    <ele>6.86</ele>
   </trkpt>
   <trkpt lat="-29.8538050002211" lon="31.03980999812556">
    <ele>6.73</ele>
   </trkpt>
   <trkpt lat="-29.85309" lon="31.039550000000002">
    <ele>6.640000000000001</ele>
   </trkpt>
   <trkpt lat="-29.852302001480968" lon="31.039239990225553">
    <ele>6.630000000000001</ele>
   </trkpt>
   <trkpt lat="-29.851514002237806" lon="31.038929985345007">
    <ele>6.51</ele>
   </trkpt>
   <trkpt lat="-29.850726002270537" lon="31.038619985358125">
    <ele>6.59</ele>
   </trkpt>
   <trkpt lat="-29.849938001579197" lon="31.03830999026468">
    <ele>6.51</ele>
   </trkpt>
   <trkpt lat="-29.84915" lon="31.038000000000004">
    <ele>6.57</ele>
   </trkpt>
   <trkpt lat="-29.848546667123763" lon="31.03777999737502">
    <ele>6.5200000000000005</ele>
   </trkpt>
   <trkpt lat="-29.847943333882874" lon="31.03755999740875">
    <ele>6.430000000000001</ele>
   </trkpt>
   <trkpt lat="-29.847340000000003" lon="31.037340000000004">
    <ele>6.61</ele>
   </trkpt>
   <trkpt lat="-29.846905000147455" lon="31.037159999226372">
    <ele>6.57</ele>
   </trkpt>
   <trkpt lat="-29.846470000000004" lon="31.036980000000003">
    <ele>6.7</ele>
   </trkpt>
   <trkpt lat="-29.846120000000003" lon="31.03685">
    <ele>6.86</ele>
   </trkpt>
   <trkpt lat="-29.84551666691093" lon="31.03666666444864">
    <ele>7.280000000000001</ele>
   </trkpt>
   <trkpt lat="-29.84491333356863" lon="31.03648333111261">
    <ele>8.450000000000001</ele>
   </trkpt>
   <trkpt lat="-29.844310000000004" lon="31.036300000000004">
    <ele>10.0</ele>
   </trkpt>
   <trkpt lat="-29.84387499994191" lon="31.03612499916796">
    <ele>10.97</ele>
   </trkpt>
   <trkpt lat="-29.84344" lon="31.035950000000003">
    <ele>11.250000000000002</ele>
   </trkpt>
   <trkpt lat="-29.843170000000004" lon="31.03582">
    <ele>11.63</ele>
   </trkpt>
   <trkpt lat="-29.84288" lon="31.035650000000004">
    <ele>11.72</ele>
   </trkpt>
   <trkpt lat="-29.8424" lon="31.03552">
    <ele>12.280000000000001</ele>
   </trkpt>
   <trkpt lat="-29.84167333333765" lon="31.035496666327145">
    <ele>12.34</ele>
   </trkpt>
   <trkpt lat="-29.84094666667119" lon="31.035473332993824">
    <ele>12.21</ele>
   </trkpt>
   <trkpt lat="-29.840220000000002" lon="31.03545">
    <ele>11.89</ele>
   </trkpt>
   <trkpt lat="-29.84005" lon="31.035490000000003">
    <ele>11.89</ele>
   </trkpt>
   <trkpt lat="-29.839910000000003" lon="31.035690000000002">
    <ele>11.61</ele>
   </trkpt>
   <trkpt lat="-29.839650000000002" lon="31.035880000000002">
    <ele>11.590000000000002</ele>
   </trkpt>
   <trkpt lat="-29.83949" lon="31.035960000000003">
    <ele>11.47</ele>
   </trkpt>
   <trkpt lat="-29.838720000000002" lon="31.035930000000004">
    <ele>11.35</ele>
   </trkpt>
   <trkpt lat="-29.838260000000002" lon="31.035940000000004">
    <ele>11.200000000000001</ele>
   </trkpt>
   <trkpt lat="-29.838040000000003" lon="31.035970000000002">
    <ele>11.22</ele>
   </trkpt>
   <trkpt lat="-29.837860000000003" lon="31.035940000000004">
    <ele>11.22</ele>
   </trkpt>
   <trkpt lat="-29.8377" lon="31.035890000000002">
    <ele>11.410000000000002</ele>
   </trkpt>
   <trkpt lat="-29.837660000000003" lon="31.035790000000002">
    <ele>11.410000000000002</ele>
   </trkpt>
   <trkpt lat="-29.83762" lon="31.035560000000004">
    <ele>11.580000000000002</ele>
   </trkpt>
   <trkpt lat="-29.83753" lon="31.035490000000003">
    <ele>11.57</ele>
   </trkpt>
   <trkpt lat="-29.837450000000004" lon="31.035460000000004">
    <ele>11.57</ele>
   </trkpt>
   <trkpt lat="-29.83725" lon="31.035390000000003">
    <ele>11.57</ele>
   </trkpt>
   <trkpt lat="-29.83668" lon="31.035410000000002">
    <ele>11.860000000000001</ele>
   </trkpt>
   <trkpt lat="-29.836560000000002" lon="31.035390000000003">
    <ele>11.840000000000002</ele>
   </trkpt>
   <trkpt lat="-29.836470000000002" lon="31.035400000000003">
    <ele>11.840000000000002</ele>
   </trkpt>
   <trkpt lat="-29.836280000000002" lon="31.035460000000004">
    <ele>11.840000000000002</ele>
   </trkpt>
   <trkpt lat="-29.83574" lon="31.035470000000004">
    <ele>11.850000000000001</ele>
   </trkpt>
   <trkpt lat="-29.83556" lon="31.035470000000004">
    <ele>12.020000000000001</ele>
   </trkpt>
   <trkpt lat="-29.835330000000003" lon="31.035400000000003">
    <ele>12.100000000000001</ele>
   </trkpt>
   <trkpt lat="-29.834650000000003" lon="31.03543">
    <ele>12.010000000000002</ele>
   </trkpt>
   <trkpt lat="-29.83406500012193" lon="31.035424999971763">
    <ele>12.05</ele>
   </trkpt>
   <trkpt lat="-29.83348" lon="31.035420000000002">
    <ele>11.81</ele>
   </trkpt>
   <trkpt lat="-29.83297499988719" lon="31.03544000010562">
    <ele>11.72</ele>
   </trkpt>
   <trkpt lat="-29.83247" lon="31.035460000000004">
    <ele>11.66</ele>
   </trkpt>
   <trkpt lat="-29.831974999916003" lon="31.035449999948757">
    <ele>11.56</ele>
   </trkpt>
   <trkpt lat="-29.831480000000003" lon="31.03544">
    <ele>11.46</ele>
   </trkpt>
   <trkpt lat="-29.831010000377788" lon="31.035194998926663">
    <ele>10.780000000000001</ele>
   </trkpt>
   <trkpt lat="-29.830540000000003" lon="31.034950000000002">
    <ele>8.31</ele>
   </trkpt>
   <trkpt lat="-29.83031" lon="31.034390000000002">
    <ele>7.33</ele>
   </trkpt>
   <trkpt lat="-29.83011" lon="31.033890000000003">
    <ele>6.880000000000001</ele>
   </trkpt>
   <trkpt lat="-29.829845002412544" lon="31.033084997780865">
    <ele>7.65</ele>
   </trkpt>
   <trkpt lat="-29.829580000000004" lon="31.032280000000004">
    <ele>8.650000000000002</ele>
   </trkpt>
   <trkpt lat="-29.82877500042512" lon="31.0326050026071">
    <ele>9.88</ele>
   </trkpt>
   <trkpt lat="-29.827970000000004" lon="31.032930000000004">
    <ele>11.510000000000002</ele>
   </trkpt>
   <trkpt lat="-29.82785" lon="31.033130000000003">
    <ele>11.600000000000001</ele>
   </trkpt>
   <trkpt lat="-29.827840000000002" lon="31.033260000000002">
    <ele>11.580000000000002</ele>
   </trkpt>
   <trkpt lat="-29.82786" lon="31.033360000000002">
    <ele>11.53</ele>
   </trkpt>
   <trkpt lat="-29.827930000000002" lon="31.03346">
    <ele>11.53</ele>
   </trkpt>
   <trkpt lat="-29.828190000000003" lon="31.033690000000004">
    <ele>11.540000000000001</ele>
   </trkpt>
   <trkpt lat="-29.828670000000002" lon="31.033860000000004">
    <ele>10.950000000000001</ele>
   </trkpt>
   <trkpt lat="-29.828750000000003" lon="31.033910000000002">
    <ele>10.950000000000001</ele>
   </trkpt>
   <trkpt lat="-29.828960000000002" lon="31.034110000000002">
    <ele>10.870000000000001</ele>
   </trkpt>
   <trkpt lat="-29.829050000000002" lon="31.03423">
    <ele>10.910000000000002</ele>
   </trkpt>
   <trkpt lat="-29.829120000000003" lon="31.034380000000002">
    <ele>11.02</ele>
   </trkpt>
   <trkpt lat="-29.829100000000004" lon="31.034740000000003">
    <ele>11.680000000000001</ele>
   </trkpt>
   <trkpt lat="-29.8288" lon="31.035010000000003">
    <ele>11.0</ele>
   </trkpt>
   <trkpt lat="-29.828630000000004" lon="31.035100000000003">
    <ele>11.15</ele>
   </trkpt>
   <trkpt lat="-29.828400000000002" lon="31.03525">
    <ele>11.21</ele>
   </trkpt>
   <trkpt lat="-29.827690000000004" lon="31.035590000000003">
    <ele>10.81</ele>
   </trkpt>
   <trkpt lat="-29.827700000000004" lon="31.035590000000003">
    <ele>10.81</ele>
   </trkpt>
   <trkpt lat="-29.826900000000002" lon="31.035880000000002">
    <ele>10.560000000000002</ele>
   </trkpt>
   <trkpt lat="-29.826400000000003" lon="31.03601">
    <ele>10.440000000000001</ele>
   </trkpt>
   <trkpt lat="-29.825860000088927" lon="31.036110000530833">
    <ele>10.09</ele>
   </trkpt>
   <trkpt lat="-29.82532" lon="31.036210000000004">
    <ele>9.89</ele>
   </trkpt>
   <trkpt lat="-29.824460000000002" lon="31.036330000000003">
    <ele>9.65</ele>
   </trkpt>
   <trkpt lat="-29.823603333360662" lon="31.036403334591544">
    <ele>9.81</ele>
   </trkpt>
   <trkpt lat="-29.82274666668082" lon="31.036476667925978">
    <ele>10.530000000000001</ele>
   </trkpt>
   <trkpt lat="-29.821890000000003" lon="31.036550000000002">
    <ele>10.92</ele>
   </trkpt>
   <trkpt lat="-29.8211" lon="31.03665">
    <ele>11.18</ele>
   </trkpt>
   <trkpt lat="-29.820262000287727" lon="31.036790004695707">
    <ele>11.13</ele>
   </trkpt>
   <trkpt lat="-29.819424000427855" lon="31.036930007044063">
    <ele>10.97</ele>
   </trkpt>
   <trkpt lat="-29.818586000420403" lon="31.037070007045195">
    <ele>10.730000000000002</ele>
   </trkpt>
   <trkpt lat="-29.817748000265365" lon="31.0372100046992">
    <ele>10.46</ele>
   </trkpt>
   <trkpt lat="-29.816910000000004" lon="31.037350000000004">
    <ele>9.99</ele>
   </trkpt>
   <trkpt lat="-29.81619750025102" lon="31.037500003207548">
    <ele>8.67</ele>
   </trkpt>
   <trkpt lat="-29.815485000332608" lon="31.037650004277097">
    <ele>8.49</ele>
   </trkpt>
   <trkpt lat="-29.814772500244796" lon="31.03780000320876">
    <ele>10.190000000000001</ele>
   </trkpt>
   <trkpt lat="-29.81406" lon="31.037950000000002">
    <ele>11.540000000000001</ele>
   </trkpt>
   <trkpt lat="-29.813480000000002" lon="31.038050000000002">
    <ele>11.290000000000001</ele>
   </trkpt>
   <trkpt lat="-29.812636666762234" lon="31.03813666812453">
    <ele>10.4</ele>
   </trkpt>
   <trkpt lat="-29.811793333467907" lon="31.038223334787162">
    <ele>10.31</ele>
   </trkpt>
   <trkpt lat="-29.810950000000002" lon="31.038310000000003">
    <ele>10.14</ele>
   </trkpt>
   <trkpt lat="-29.81096" lon="31.038310000000003">
    <ele>10.14</ele>
   </trkpt>
   <trkpt lat="-29.81012000010009" lon="31.038395002140035">
    <ele>10.200000000000001</ele>
   </trkpt>
   <trkpt lat="-29.809280000145773" lon="31.038480002852076">
    <ele>10.270000000000001</ele>
   </trkpt>
   <trkpt lat="-29.808440000137068" lon="31.03856500213622">
    <ele>10.3</ele>
   </trkpt>
   <trkpt lat="-29.8076" lon="31.038650000000004">
    <ele>10.57</ele>
   </trkpt>
   <trkpt lat="-29.80677500017415" lon="31.038745000767484">
    <ele>9.860000000000001</ele>
   </trkpt>
   <trkpt lat="-29.805950000000003" lon="31.038840000000004">
    <ele>10.040000000000001</ele>
   </trkpt>
   <trkpt lat="-29.80520000030276" lon="31.039030002841475">
    <ele>11.72</ele>
   </trkpt>
   <trkpt lat="-29.804450000333766" lon="31.039220002833577">
    <ele>13.73</ele>
   </trkpt>
   <trkpt lat="-29.803700000000003" lon="31.039410000000004">
    <ele>15.89</ele>
   </trkpt>
   <trkpt lat="-29.80291571531691" lon="31.03962429579587">
    <ele>16.810000000000002</ele>
   </trkpt>
   <trkpt lat="-29.802131430288153" lon="31.039838588231472">
    <ele>16.17</ele>
   </trkpt>
   <trkpt lat="-29.80134714491375" lon="31.040052877306955">
    <ele>15.82</ele>
   </trkpt>
   <trkpt lat="-29.800562859193697" lon="31.040267163022488">
    <ele>15.260000000000002</ele>
   </trkpt>
   <trkpt lat="-29.799778573128037" lon="31.040481445378234">
    <ele>14.8</ele>
   </trkpt>
   <trkpt lat="-29.798994286716773" lon="31.040695724374334">
    <ele>15.05</ele>
   </trkpt>
   <trkpt lat="-29.79821" lon="31.040910000000004">
    <ele>17.7</ele>
   </trkpt>
   <trkpt lat="-29.79791" lon="31.041010000000004">
    <ele>17.7</ele>
   </trkpt>
   <trkpt lat="-29.797410000000003" lon="31.041240000000002">
    <ele>18.46</ele>
   </trkpt>
   <trkpt lat="-29.796960000000002" lon="31.041520000000002">
    <ele>18.55</ele>
   </trkpt>
   <trkpt lat="-29.796580000000002" lon="31.04183">
    <ele>17.990000000000002</ele>
   </trkpt>
   <trkpt lat="-29.79603000240855" lon="31.042393339505608">
    <ele>16.28</ele>
   </trkpt>
   <trkpt lat="-29.795480002428658" lon="31.042956672818264">
    <ele>14.76</ele>
   </trkpt>
   <trkpt lat="-29.79493" lon="31.04352">
    <ele>12.900000000000002</ele>
   </trkpt>
   <trkpt lat="-29.794710000000002" lon="31.04371">
    <ele>12.900000000000002</ele>
   </trkpt>
   <trkpt lat="-29.794380000000004" lon="31.043930000000003">
    <ele>11.81</ele>
   </trkpt>
   <trkpt lat="-29.7936" lon="31.044300000000003">
    <ele>11.260000000000002</ele>
   </trkpt>
   <trkpt lat="-29.79361" lon="31.044300000000003">
    <ele>11.27</ele>
   </trkpt>
   <trkpt lat="-29.7929100007062" lon="31.044616671118668">
    <ele>10.24</ele>
   </trkpt>
   <trkpt lat="-29.79221000065772" lon="31.0449333378072">
    <ele>9.36</ele>
   </trkpt>
   <trkpt lat="-29.791510000000002" lon="31.045250000000003">
    <ele>9.340000000000002</ele>
   </trkpt>
   <trkpt lat="-29.791140000000002" lon="31.04539">
    <ele>9.91</ele>
   </trkpt>
   <trkpt lat="-29.790840000000003" lon="31.04548">
    <ele>10.68</ele>
   </trkpt>
   <trkpt lat="-29.7906" lon="31.045530000000003">
    <ele>10.910000000000002</ele>
   </trkpt>
   <trkpt lat="-29.790080000000003" lon="31.045590000000004">
    <ele>12.020000000000001</ele>
   </trkpt>
   <trkpt lat="-29.789204999877647" lon="31.04557499986676">
    <ele>13.73</ele>
   </trkpt>
   <trkpt lat="-29.788330000000002" lon="31.045560000000002">
    <ele>15.600000000000001</ele>
   </trkpt>
   <trkpt lat="-29.787930000000003" lon="31.04558">
    <ele>16.14</ele>
   </trkpt>
   <trkpt lat="-29.7877" lon="31.045620000000003">
    <ele>16.400000000000002</ele>
   </trkpt>
   <trkpt lat="-29.787490000000002" lon="31.04567">
    <ele>16.560000000000002</ele>
   </trkpt>
   <trkpt lat="-29.787080000000003" lon="31.045820000000003">
    <ele>16.76</ele>
   </trkpt>
   <trkpt lat="-29.786314004484613" lon="31.046184025068506">
    <ele>17.02</ele>
   </trkpt>
   <trkpt lat="-29.785548007972107" lon="31.04654804456575">
    <ele>17.32</ele>
   </trkpt>
   <trkpt lat="-29.784782010462518" lon="31.04691205849201">
    <ele>17.720000000000002</ele>
   </trkpt>
   <trkpt lat="-29.784016011955913" lon="31.04727606684752">
    <ele>18.62</ele>
   </trkpt>
   <trkpt lat="-29.783250012452317" lon="31.04764006963253">
    <ele>20.17</ele>
   </trkpt>
   <trkpt lat="-29.78248401195179" lon="31.04800406684729">
    <ele>22.26</ele>
   </trkpt>
   <trkpt lat="-29.781718010454377" lon="31.048368058492066">
    <ele>24.720000000000002</ele>
   </trkpt>
   <trkpt lat="-29.78095200796011" lon="31.04873204456709">
    <ele>28.290000000000003</ele>
   </trkpt>
   <trkpt lat="-29.78018600446906" lon="31.04909602507262">
    <ele>30.150000000000002</ele>
   </trkpt>
   <trkpt lat="-29.779420000000002" lon="31.049460000000003">
    <ele>30.8</ele>
   </trkpt>
   <trkpt lat="-29.77905" lon="31.049670000000003">
    <ele>30.320000000000004</ele>
   </trkpt>
   <trkpt lat="-29.778750000000002" lon="31.04989">
    <ele>29.740000000000002</ele>
   </trkpt>
   <trkpt lat="-29.77822" lon="31.050340000000002">
    <ele>28.17</ele>
   </trkpt>
   <trkpt lat="-29.777625004248613" lon="31.050955010983195">
    <ele>24.880000000000003</ele>
   </trkpt>
   <trkpt lat="-29.77703000565161" lon="31.051570014657678">
    <ele>23.360000000000003</ele>
   </trkpt>
   <trkpt lat="-29.776435004209112" lon="31.05218501102369">
    <ele>20.25</ele>
   </trkpt>
   <trkpt lat="-29.775840000000002" lon="31.0528">
    <ele>18.31</ele>
   </trkpt>
   <trkpt lat="-29.775550000000003" lon="31.05308">
    <ele>17.63</ele>
   </trkpt>
   <trkpt lat="-29.775080000000003" lon="31.05347">
    <ele>17.150000000000002</ele>
   </trkpt>
   <trkpt lat="-29.774440000000002" lon="31.05392">
    <ele>17.150000000000002</ele>
   </trkpt>
   <trkpt lat="-29.77370000387107" lon="31.054428015021823">
    <ele>17.18</ele>
   </trkpt>
   <trkpt lat="-29.772960005800687" lon="31.05493602253642">
    <ele>17.720000000000002</ele>
   </trkpt>
   <trkpt lat="-29.772220005788952" lon="31.055444022544105">
    <ele>19.520000000000003</ele>
   </trkpt>
   <trkpt lat="-29.771480003835926" lon="31.05595201504519">
    <ele>20.73</ele>
   </trkpt>
   <trkpt lat="-29.770740000000004" lon="31.05646">
    <ele>22.12</ele>
   </trkpt>
   <trkpt lat="-29.76997078158078" lon="31.056983125122045">
    <ele>23.700000000000003</ele>
   </trkpt>
   <trkpt lat="-29.769201561103074" lon="31.057506242209506">
    <ele>24.39</ele>
   </trkpt>
   <trkpt lat="-29.768432338566946" lon="31.058029351262736">
    <ele>23.89</ele>
   </trkpt>
   <trkpt lat="-29.76766311397253" lon="31.05855245228209">
    <ele>22.8</ele>
   </trkpt>
   <trkpt lat="-29.766893887319895" lon="31.05907554526792">
    <ele>21.67</ele>
   </trkpt>
   <trkpt lat="-29.76612465860915" lon="31.059598630220584">
    <ele>20.130000000000003</ele>
   </trkpt>
   <trkpt lat="-29.765355427840383" lon="31.06012170714043">
    <ele>20.18</ele>
   </trkpt>
   <trkpt lat="-29.764586195013692" lon="31.060644776027804">
    <ele>20.89</ele>
   </trkpt>
   <trkpt lat="-29.763816960129166" lon="31.061167836883058">
    <ele>21.43</ele>
   </trkpt>
   <trkpt lat="-29.763047723186915" lon="31.061690889706558">
    <ele>21.460000000000004</ele>
   </trkpt>
   <trkpt lat="-29.762278484187032" lon="31.06221393449864">
    <ele>21.01</ele>
   </trkpt>
   <trkpt lat="-29.761509243129602" lon="31.06273697125967">
    <ele>20.540000000000003</ele>
   </trkpt>
   <trkpt lat="-29.760740000000002" lon="31.063260000000003">
    <ele>20.290000000000003</ele>
   </trkpt>
   <trkpt lat="-29.76027000053283" lon="31.0636200016537">
    <ele>19.900000000000002</ele>
   </trkpt>
   <trkpt lat="-29.759800000000002" lon="31.06398">
    <ele>19.31</ele>
   </trkpt>
   <trkpt lat="-29.759280000436917" lon="31.064345001938992">
    <ele>19.12</ele>
   </trkpt>
   <trkpt lat="-29.758760000000002" lon="31.06471">
    <ele>18.860000000000003</ele>
   </trkpt>
   <trkpt lat="-29.758060000877737" lon="31.06517000315918">
    <ele>18.51</ele>
   </trkpt>
   <trkpt lat="-29.757360000000002" lon="31.065630000000002">
    <ele>18.39</ele>
   </trkpt>
   <trkpt lat="-29.75671" lon="31.06604">
    <ele>17.71</ele>
   </trkpt>
   <trkpt lat="-29.75630000031136" lon="31.066275000901925">
    <ele>17.640000000000004</ele>
   </trkpt>
   <trkpt lat="-29.75589" lon="31.06651">
    <ele>17.330000000000002</ele>
   </trkpt>
   <trkpt lat="-29.755375000362193" lon="31.066780001341193">
    <ele>17.28</ele>
   </trkpt>
   <trkpt lat="-29.75486" lon="31.067050000000002">
    <ele>17.05</ele>
   </trkpt>
   <trkpt lat="-29.754197501455938" lon="31.067412507202448">
    <ele>16.099999999999998</ele>
   </trkpt>
   <trkpt lat="-29.75353500192369" lon="31.067775009612735">
    <ele>15.790000000000001</ele>
   </trkpt>
   <trkpt lat="-29.752872501403328" lon="31.068137507231032">
    <ele>15.540000000000001</ele>
   </trkpt>
   <trkpt lat="-29.75221" lon="31.068500000000004">
    <ele>17.03</ele>
   </trkpt>
   <trkpt lat="-29.751450001144416" lon="31.068893339307376">
    <ele>19.669999999999998</ele>
   </trkpt>
   <trkpt lat="-29.750690001125488" lon="31.069286672650403">
    <ele>25.200000000000003</ele>
   </trkpt>
   <trkpt lat="-29.749930000000003" lon="31.06968">
    <ele>28.880000000000003</ele>
   </trkpt>
   <trkpt lat="-29.749292501294974" lon="31.07002000649093">
    <ele>31.880000000000006</ele>
   </trkpt>
   <trkpt lat="-29.748655001720724" lon="31.070360008657605">
    <ele>34.67</ele>
   </trkpt>
   <trkpt lat="-29.748017501277282" lon="31.070700006500182">
    <ele>36.910000000000004</ele>
   </trkpt>
   <trkpt lat="-29.747380000000003" lon="31.071040000000004">
    <ele>38.66</ele>
   </trkpt>
   <trkpt lat="-29.746570000000002" lon="31.071440000000003">
    <ele>40.290000000000006</ele>
   </trkpt>
   <trkpt lat="-29.746150000000004" lon="31.071700000000003">
    <ele>41.160000000000004</ele>
   </trkpt>
   <trkpt lat="-29.745700000109643" lon="31.071955001220864">
    <ele>42.2</ele>
   </trkpt>
   <trkpt lat="-29.745250000000002" lon="31.072210000000002">
    <ele>42.72</ele>
   </trkpt>
   <trkpt lat="-29.744430000697996" lon="31.07262500336826">
    <ele>44.79</ele>
   </trkpt>
   <trkpt lat="-29.743610000000004" lon="31.073040000000002">
    <ele>45.42</ele>
   </trkpt>
   <trkpt lat="-29.742810000000002" lon="31.073460000000004">
    <ele>46.470000000000006</ele>
   </trkpt>
   <trkpt lat="-29.74224000033914" lon="31.073745001603086">
    <ele>46.88</ele>
   </trkpt>
   <trkpt lat="-29.741670000000003" lon="31.074030000000004">
    <ele>47.290000000000006</ele>
   </trkpt>
   <trkpt lat="-29.740893334601598" lon="31.07444333974412">
    <ele>48.1</ele>
   </trkpt>
   <trkpt lat="-29.740116667918816" lon="31.074856673085925">
    <ele>48.85</ele>
   </trkpt>
   <trkpt lat="-29.739340000000002" lon="31.075270000000003">
    <ele>49.45</ele>
   </trkpt>
   <trkpt lat="-29.738526667910275" lon="31.075683340057843">
    <ele>49.92</ele>
   </trkpt>
   <trkpt lat="-29.73771333453623" lon="31.076096673411755">
    <ele>50.84</ele>
   </trkpt>
   <trkpt lat="-29.736900000000002" lon="31.076510000000003">
    <ele>51.940000000000005</ele>
   </trkpt>
   <trkpt lat="-29.73624400175068" lon="31.07685200895086">
    <ele>52.89000000000001</ele>
   </trkpt>
   <trkpt lat="-29.735588002622123" lon="31.07719401342813">
    <ele>53.76</ele>
   </trkpt>
   <trkpt lat="-29.734932002614332" lon="31.077536013432002">
    <ele>54.64</ele>
   </trkpt>
   <trkpt lat="-29.734276001727366" lon="31.07787800896264">
    <ele>55.620000000000005</ele>
   </trkpt>
   <trkpt lat="-29.733620000000002" lon="31.07822">
    <ele>56.34</ele>
   </trkpt>
   <trkpt lat="-29.732936667388074" lon="31.078530004223712">
    <ele>57.02</ele>
   </trkpt>
   <trkpt lat="-29.7322533340538" lon="31.078840004224077">
    <ele>58.260000000000005</ele>
   </trkpt>
   <trkpt lat="-29.73157" lon="31.079150000000002">
    <ele>58.85000000000001</ele>
   </trkpt>
   <trkpt lat="-29.730838893101023" lon="31.079524466274872">
    <ele>59.25</ele>
   </trkpt>
   <trkpt lat="-29.730107785148107" lon="31.079898927091985">
    <ele>59.38</ele>
   </trkpt>
   <trkpt lat="-29.729376676141296" lon="31.080273382451605">
    <ele>58.980000000000004</ele>
   </trkpt>
   <trkpt lat="-29.728645566080637" lon="31.080647832353947">
    <ele>58.050000000000004</ele>
   </trkpt>
   <trkpt lat="-29.72791445496619" lon="31.081022276799242">
    <ele>57.06</ele>
   </trkpt>
   <trkpt lat="-29.72718334279798" lon="31.081396715787736">
    <ele>55.77</ele>
   </trkpt>
   <trkpt lat="-29.72645222957607" lon="31.081771149319657">
    <ele>54.900000000000006</ele>
   </trkpt>
   <trkpt lat="-29.72572111530049" lon="31.082145577395234">
    <ele>54.32000000000001</ele>
   </trkpt>
   <trkpt lat="-29.724990000000002" lon="31.082520000000002">
    <ele>54.45</ele>
   </trkpt>
   <trkpt lat="-29.72435" lon="31.08292">
    <ele>54.14000000000001</ele>
   </trkpt>
   <trkpt lat="-29.723750000000003" lon="31.083410000000004">
    <ele>53.660000000000004</ele>
   </trkpt>
   <trkpt lat="-29.723390000000002" lon="31.083750000000002">
    <ele>53.300000000000004</ele>
   </trkpt>
   <trkpt lat="-29.722910000000002" lon="31.084260000000004">
    <ele>52.64000000000001</ele>
   </trkpt>
   <trkpt lat="-29.722620000000003" lon="31.08453">
    <ele>52.07000000000001</ele>
   </trkpt>
   <trkpt lat="-29.722320000000003" lon="31.084760000000003">
    <ele>51.99</ele>
   </trkpt>
   <trkpt lat="-29.72165400260999" lon="31.085178011105178">
    <ele>52.04</ele>
   </trkpt>
   <trkpt lat="-29.720988003906914" lon="31.085596016662585">
    <ele>51.85000000000001</ele>
   </trkpt>
   <trkpt lat="-29.720322003890825" lon="31.086014016672433">
    <ele>51.02</ele>
   </trkpt>
   <trkpt lat="-29.719656002561795" lon="31.08643201113494">
    <ele>50.42000000000001</ele>
   </trkpt>
   <trkpt lat="-29.71899" lon="31.086850000000002">
    <ele>49.99000000000001</ele>
   </trkpt>
   <trkpt lat="-29.71835000142003" lon="31.087293339026118">
    <ele>49.36</ele>
   </trkpt>
   <trkpt lat="-29.717710001363166" lon="31.087736672398766">
    <ele>48.75</ele>
   </trkpt>
   <trkpt lat="-29.717070000000003" lon="31.08818">
    <ele>47.92</ele>
   </trkpt>
   <trkpt lat="-29.71693" lon="31.088300000000004">
    <ele>47.760000000000005</ele>
   </trkpt>
   <trkpt lat="-29.716360000430548" lon="31.08867500219366">
    <ele>47.36000000000001</ele>
   </trkpt>
   <trkpt lat="-29.715790000000002" lon="31.089050000000004">
    <ele>47.150000000000006</ele>
   </trkpt>
   <trkpt lat="-29.71505571912597" lon="31.08951287744823">
    <ele>46.52</ele>
   </trkpt>
   <trkpt lat="-29.714321436642102" lon="31.08997574812519">
    <ele>45.03</ele>
   </trkpt>
   <trkpt lat="-29.713587152548467" lon="31.09043861203117">
    <ele>41.300000000000004</ele>
   </trkpt>
   <trkpt lat="-29.712852866845143" lon="31.09090146916645">
    <ele>37.64</ele>
   </trkpt>
   <trkpt lat="-29.712118579532202" lon="31.09136431953133">
    <ele>32.550000000000004</ele>
   </trkpt>
   <trkpt lat="-29.71138429060972" lon="31.09182716312608">
    <ele>29.6</ele>
   </trkpt>
   <trkpt lat="-29.71065" lon="31.092290000000002">
    <ele>27.750000000000004</ele>
   </trkpt>
   <trkpt lat="-29.710250000000002" lon="31.0926">
    <ele>26.79</ele>
   </trkpt>
   <trkpt lat="-29.70957715074259" lon="31.093191452348076">
    <ele>25.560000000000002</ele>
   </trkpt>
   <trkpt lat="-29.708904298857075" lon="31.093782896769614">
    <ele>23.98</ele>
   </trkpt>
   <trkpt lat="-29.708231444343593" lon="31.09437433326491">
    <ele>21.57</ele>
   </trkpt>
   <trkpt lat="-29.70755858720222" lon="31.094965761834256">
    <ele>19.82</ele>
   </trkpt>
   <trkpt lat="-29.70688572743309" lon="31.095557182477947">
    <ele>18.47</ele>
   </trkpt>
   <trkpt lat="-29.706212865036303" lon="31.096148595196258">
    <ele>17.080000000000002</ele>
   </trkpt>
   <trkpt lat="-29.705540000000003" lon="31.096740000000004">
    <ele>16.020000000000003</ele>
   </trkpt>
   <trkpt lat="-29.70509500037895" lon="31.09706500145306">
    <ele>14.430000000000001</ele>
   </trkpt>
   <trkpt lat="-29.70465" lon="31.097390000000004">
    <ele>13.53</ele>
   </trkpt>
   <trkpt lat="-29.703930007711005" lon="31.097896695724778">
    <ele>11.420000000000002</ele>
   </trkpt>
   <trkpt lat="-29.7032100134934" lon="31.098403384184802">
    <ele>10.900000000000002</ele>
   </trkpt>
   <trkpt lat="-29.702490017347277" lon="31.098910065380363">
    <ele>10.6</ele>
   </trkpt>
   <trkpt lat="-29.701770019272704" lon="31.099416739311764">
    <ele>10.64</ele>
   </trkpt>
   <trkpt lat="-29.70105001926979" lon="31.0999234059793">
    <ele>12.24</ele>
   </trkpt>
   <trkpt lat="-29.700330017338597" lon="31.10043006538327">
    <ele>14.600000000000001</ele>
   </trkpt>
   <trkpt lat="-29.69961001347921" lon="31.10093671752396">
    <ele>17.740000000000002</ele>
   </trkpt>
   <trkpt lat="-29.69889000769173" lon="31.101443362401685">
    <ele>20.810000000000002</ele>
   </trkpt>
   <trkpt lat="-29.69817" lon="31.101950000000002">
    <ele>22.430000000000003</ele>
   </trkpt>
   <trkpt lat="-29.697670000000002" lon="31.102280000000004">
    <ele>24.6</ele>
   </trkpt>
   <trkpt lat="-29.69694" lon="31.10264">
    <ele>26.7</ele>
   </trkpt>
   <trkpt lat="-29.696187501290805" lon="31.102980007645026">
    <ele>28.8</ele>
   </trkpt>
   <trkpt lat="-29.695435001713335" lon="31.103320010196704">
    <ele>30.890000000000004</ele>
   </trkpt>
   <trkpt lat="-29.694682501267632" lon="31.10366000765525">
    <ele>32.92</ele>
   </trkpt>
   <trkpt lat="-29.69393" lon="31.104000000000003">
    <ele>35.85</ele>
   </trkpt>
   <trkpt lat="-29.69365" lon="31.10412">
    <ele>36.93000000000001</ele>
   </trkpt>
   <trkpt lat="-29.693330000000003" lon="31.10423">
    <ele>37.970000000000006</ele>
   </trkpt>
   <trkpt lat="-29.692580000631185" lon="31.10443600615202">
    <ele>42.09</ele>
   </trkpt>
   <trkpt lat="-29.691830000943646" lon="31.10464200922875">
    <ele>47.470000000000006</ele>
   </trkpt>
   <trkpt lat="-29.691080000937404" lon="31.10484800923032">
    <ele>52.2</ele>
   </trkpt>
   <trkpt lat="-29.690330000612473" lon="31.105054006156873">
    <ele>56.31</ele>
   </trkpt>
   <trkpt lat="-29.689580000000003" lon="31.10526">
    <ele>60.300000000000004</ele>
   </trkpt>
   <trkpt lat="-29.689130000000002" lon="31.10536">
    <ele>62.290000000000006</ele>
   </trkpt>
   <trkpt lat="-29.688820000000003" lon="31.105410000000003">
    <ele>63.79</ele>
   </trkpt>
   <trkpt lat="-29.688350000000003" lon="31.10545">
    <ele>65.64</ele>
   </trkpt>
   <trkpt lat="-29.68758333335554" lon="31.10542833250732">
    <ele>67.82000000000001</ele>
   </trkpt>
   <trkpt lat="-29.686816666707557" lon="31.10540666534522">
    <ele>69.70000000000002</ele>
   </trkpt>
   <trkpt lat="-29.68605000005605" lon="31.105384998513685">
    <ele>70.53</ele>
   </trkpt>
   <trkpt lat="-29.685283333401006" lon="31.105363332012686">
    <ele>70.75</ele>
   </trkpt>
   <trkpt lat="-29.68451666674245" lon="31.10534166584223">
    <ele>69.95000000000002</ele>
   </trkpt>
   <trkpt lat="-29.683750000000003" lon="31.105320000000003">
    <ele>68.87</ele>
   </trkpt>
   <trkpt lat="-29.683120000000002" lon="31.105230000000002">
    <ele>68.49000000000001</ele>
   </trkpt>
   <trkpt lat="-29.682920000000003" lon="31.105180000000004">
    <ele>68.49000000000001</ele>
   </trkpt>
   <trkpt lat="-29.68288" lon="31.105090000000004">
    <ele>68.49000000000001</ele>
   </trkpt>
   <trkpt lat="-29.682810000000003" lon="31.105020000000003">
    <ele>68.54</ele>
   </trkpt>
   <trkpt lat="-29.68269" lon="31.10498">
    <ele>68.54</ele>
   </trkpt>
   <trkpt lat="-29.682570000000002" lon="31.105010000000004">
    <ele>68.55</ele>
   </trkpt>
   <trkpt lat="-29.682380000000002" lon="31.105180000000004">
    <ele>68.68</ele>
   </trkpt>
   <trkpt lat="-29.682280000000002" lon="31.105210000000003">
    <ele>68.8</ele>
   </trkpt>
   <trkpt lat="-29.681980000000003" lon="31.105210000000003">
    <ele>69.59</ele>
   </trkpt>
   <trkpt lat="-29.681990000000003" lon="31.105210000000003">
    <ele>69.57000000000001</ele>
   </trkpt>
   <trkpt lat="-29.681500000000003" lon="31.105220000000003">
    <ele>71.47</ele>
   </trkpt>
   <trkpt lat="-29.680684999951087" lon="31.105169999591066">
    <ele>76.27</ele>
   </trkpt>
   <trkpt lat="-29.67987" lon="31.105120000000003">
    <ele>82.55000000000001</ele>
   </trkpt>
   <trkpt lat="-29.679153333408763" lon="31.104983331372527">
    <ele>88.08</ele>
   </trkpt>
   <trkpt lat="-29.678436666677285" lon="31.10484666469353">
    <ele>92.42</ele>
   </trkpt>
   <trkpt lat="-29.67772" lon="31.104710000000004">
    <ele>95.81</ele>
   </trkpt>
   <trkpt lat="-29.67697400034704" lon="31.104557995488996">
    <ele>97.44000000000001</ele>
   </trkpt>
   <trkpt lat="-29.676228000520606" lon="31.104405993233605">
    <ele>97.5</ele>
   </trkpt>
   <trkpt lat="-29.67548200052071" lon="31.104253993233726">
    <ele>95.83000000000001</ele>
   </trkpt>
   <trkpt lat="-29.67473600034736" lon="31.104101995489263">
    <ele>92.38</ele>
   </trkpt>
   <trkpt lat="-29.673990000000003" lon="31.10395">
    <ele>88.7</ele>
   </trkpt>
   <trkpt lat="-29.67342000007359" lon="31.103824999294734">
    <ele>85.46000000000001</ele>
   </trkpt>
   <trkpt lat="-29.672850000000004" lon="31.103700000000003">
    <ele>82.84</ele>
   </trkpt>
   <trkpt lat="-29.672620000000002" lon="31.103600000000004">
    <ele>81.95</ele>
   </trkpt>
   <trkpt lat="-29.671960000000002" lon="31.103440000000003">
    <ele>81.11</ele>
   </trkpt>
   <trkpt lat="-29.671560000000003" lon="31.10337">
    <ele>81.61</ele>
   </trkpt>
   <trkpt lat="-29.67132" lon="31.103350000000002">
    <ele>81.71000000000001</ele>
   </trkpt>
   <trkpt lat="-29.670930000000002" lon="31.103360000000002">
    <ele>83.13000000000001</ele>
   </trkpt>
   <trkpt lat="-29.670460000000002" lon="31.103420000000003">
    <ele>85.28</ele>
   </trkpt>
   <trkpt lat="-29.670080000000002" lon="31.103510000000004">
    <ele>86.25</ele>
   </trkpt>
   <trkpt lat="-29.669610000000002" lon="31.103680000000004">
    <ele>87.22</ele>
   </trkpt>
   <trkpt lat="-29.668836667852077" lon="31.104086672949748">
    <ele>86.66</ele>
   </trkpt>
   <trkpt lat="-29.668063334462722" lon="31.104493339645774">
    <ele>84.89</ele>
   </trkpt>
   <trkpt lat="-29.66729" lon="31.104900000000004">
    <ele>81.73</ele>
   </trkpt>
   <trkpt lat="-29.667060000000003" lon="31.10499">
    <ele>78.92999999999999</ele>
   </trkpt>
   <trkpt lat="-29.66636500035296" lon="31.105295002105688">
    <ele>75.25000000000001</ele>
   </trkpt>
   <trkpt lat="-29.665670000000002" lon="31.105600000000003">
    <ele>72.82000000000001</ele>
   </trkpt>
   <trkpt lat="-29.66485" lon="31.10581">
    <ele>73.71000000000001</ele>
   </trkpt>
   <trkpt lat="-29.664314999918215" lon="31.1059150005826">
    <ele>75.53</ele>
   </trkpt>
   <trkpt lat="-29.663780000000003" lon="31.10602">
    <ele>77.29</ele>
   </trkpt>
   <trkpt lat="-29.663940002062972" lon="31.10676499872202">
    <ele>76.59</ele>
   </trkpt>
   <trkpt lat="-29.6641" lon="31.10751">
    <ele>73.58</ele>
   </trkpt>
   <trkpt lat="-29.6643" lon="31.107340000000004">
    <ele>72.45</ele>
   </trkpt>
   <trkpt lat="-29.664310000000004" lon="31.107340000000004">
    <ele>72.42000000000002</ele>
   </trkpt>
   <trkpt lat="-29.6648600011099" lon="31.106810002844142">
    <ele>70.10000000000001</ele>
   </trkpt>
   <trkpt lat="-29.66541" lon="31.10628">
    <ele>70.01</ele>
   </trkpt>
   <trkpt lat="-29.66561" lon="31.10611">
    <ele>70.85000000000001</ele>
   </trkpt>
   <trkpt lat="-29.66606" lon="31.105800000000002">
    <ele>73.06</ele>
   </trkpt>
   <trkpt lat="-29.66607" lon="31.105790000000002">
    <ele>73.17000000000002</ele>
   </trkpt>
   <trkpt lat="-29.666710000341567" lon="31.10542500241276">
    <ele>77.25000000000001</ele>
   </trkpt>
   <trkpt lat="-29.667350000000003" lon="31.10506">
    <ele>80.17</ele>
   </trkpt>
   <trkpt lat="-29.667550000000002" lon="31.104900000000004">
    <ele>81.2</ele>
   </trkpt>
   <trkpt lat="-29.66803" lon="31.104660000000003">
    <ele>83.34</ele>
   </trkpt>
   <trkpt lat="-29.668810000682345" lon="31.10425000315262">
    <ele>85.33</ele>
   </trkpt>
   <trkpt lat="-29.669590000000003" lon="31.10384">
    <ele>85.31</ele>
   </trkpt>
   <trkpt lat="-29.669970000000003" lon="31.103680000000004">
    <ele>84.82000000000001</ele>
   </trkpt>
   <trkpt lat="-29.670360000000002" lon="31.10357">
    <ele>84.15</ele>
   </trkpt>
   <trkpt lat="-29.670930000000002" lon="31.103490000000004">
    <ele>82.42</ele>
   </trkpt>
   <trkpt lat="-29.671380000000003" lon="31.103490000000004">
    <ele>81.03</ele>
   </trkpt>
   <trkpt lat="-29.671740000000003" lon="31.103530000000003">
    <ele>80.61</ele>
   </trkpt>
   <trkpt lat="-29.672620000000002" lon="31.103680000000004">
    <ele>81.59</ele>
   </trkpt>
   <trkpt lat="-29.672850000000004" lon="31.103700000000003">
    <ele>82.84</ele>
   </trkpt>
   <trkpt lat="-29.67342000004372" lon="31.10382499928819">
    <ele>85.95000000000002</ele>
   </trkpt>
   <trkpt lat="-29.673990000000003" lon="31.10395">
    <ele>88.7</ele>
   </trkpt>
   <trkpt lat="-29.674736000346794" lon="31.10410199548915">
    <ele>93.02000000000001</ele>
   </trkpt>
   <trkpt lat="-29.675482000520137" lon="31.104253993233606">
    <ele>95.83000000000001</ele>
   </trkpt>
   <trkpt lat="-29.676228000520027" lon="31.10440599323348">
    <ele>97.5</ele>
   </trkpt>
   <trkpt lat="-29.67697400034647" lon="31.104557995488882">
    <ele>97.44000000000001</ele>
   </trkpt>
   <trkpt lat="-29.67772" lon="31.104710000000004">
    <ele>95.81</ele>
   </trkpt>
   <trkpt lat="-29.67843666687171" lon="31.10484666473061">
    <ele>92.42</ele>
   </trkpt>
   <trkpt lat="-29.679153333603185" lon="31.10498333140961">
    <ele>88.08</ele>
   </trkpt>
   <trkpt lat="-29.67987" lon="31.105120000000003">
    <ele>82.55000000000001</ele>
   </trkpt>
   <trkpt lat="-29.68068500006769" lon="31.10516999959822">
    <ele>76.27</ele>
   </trkpt>
   <trkpt lat="-29.681500000000003" lon="31.105220000000003">
    <ele>71.47</ele>
   </trkpt>
   <trkpt lat="-29.682190000000002" lon="31.105300000000003">
    <ele>69.35000000000001</ele>
   </trkpt>
   <trkpt lat="-29.68231" lon="31.105330000000002">
    <ele>68.84000000000002</ele>
   </trkpt>
   <trkpt lat="-29.68258" lon="31.105520000000002">
    <ele>68.84000000000002</ele>
   </trkpt>
   <trkpt lat="-29.68268" lon="31.10554">
    <ele>68.45</ele>
   </trkpt>
   <trkpt lat="-29.68277" lon="31.10553">
    <ele>68.45</ele>
   </trkpt>
   <trkpt lat="-29.682850000000002" lon="31.105480000000004">
    <ele>68.31</ele>
   </trkpt>
   <trkpt lat="-29.682900000000004" lon="31.105390000000003">
    <ele>68.31</ele>
   </trkpt>
   <trkpt lat="-29.683130000000002" lon="31.10534">
    <ele>68.08</ele>
   </trkpt>
   <trkpt lat="-29.683750000000003" lon="31.105320000000003">
    <ele>68.87</ele>
   </trkpt>
   <trkpt lat="-29.68451666666209" lon="31.105341665839948">
    <ele>70.16</ele>
   </trkpt>
   <trkpt lat="-29.68528333332065" lon="31.10536333201041">
    <ele>70.75</ele>
   </trkpt>
   <trkpt lat="-29.68604999997569" lon="31.105384998511404">
    <ele>70.53</ele>
   </trkpt>
   <trkpt lat="-29.6868166666272" lon="31.105406665342947">
    <ele>68.81</ele>
   </trkpt>
   <trkpt lat="-29.687583333275196" lon="31.105428332505046">
    <ele>67.22</ele>
   </trkpt>
   <trkpt lat="-29.688350000000003" lon="31.10545">
    <ele>64.58</ele>
   </trkpt>
   <trkpt lat="-29.688820000000003" lon="31.105410000000003">
    <ele>63.08000000000001</ele>
   </trkpt>
   <trkpt lat="-29.689130000000002" lon="31.10536">
    <ele>61.45</ele>
   </trkpt>
   <trkpt lat="-29.689580000000003" lon="31.10526">
    <ele>59.54</ele>
   </trkpt>
   <trkpt lat="-29.690330000643613" lon="31.105054006148325">
    <ele>55.03</ele>
   </trkpt>
   <trkpt lat="-29.691080000968547" lon="31.10484800922177">
    <ele>49.75</ele>
   </trkpt>
   <trkpt lat="-29.69183000097479" lon="31.104642009220196">
    <ele>43.940000000000005</ele>
   </trkpt>
   <trkpt lat="-29.69258000066233" lon="31.104436006143473">
    <ele>40.410000000000004</ele>
   </trkpt>
   <trkpt lat="-29.693330000000003" lon="31.10423">
    <ele>37.43000000000001</ele>
   </trkpt>
   <trkpt lat="-29.69365" lon="31.10412">
    <ele>35.85</ele>
   </trkpt>
   <trkpt lat="-29.69393" lon="31.104000000000003">
    <ele>35.21000000000001</ele>
   </trkpt>
   <trkpt lat="-29.694682501313906" lon="31.103660007634346">
    <ele>32.92</ele>
   </trkpt>
   <trkpt lat="-29.69543500175961" lon="31.103320010175793">
    <ele>30.890000000000004</ele>
   </trkpt>
   <trkpt lat="-29.696187501337086" lon="31.102980007624115">
    <ele>28.8</ele>
   </trkpt>
   <trkpt lat="-29.69694" lon="31.10264">
    <ele>26.7</ele>
   </trkpt>
   <trkpt lat="-29.697670000000002" lon="31.102280000000004">
    <ele>24.6</ele>
   </trkpt>
   <trkpt lat="-29.69817" lon="31.101950000000002">
    <ele>22.430000000000003</ele>
   </trkpt>
   <trkpt lat="-29.6988900077155" lon="31.10144336238496">
    <ele>19.520000000000003</ele>
   </trkpt>
   <trkpt lat="-29.69961001350299" lon="31.10093671750723">
    <ele>17.740000000000002</ele>
   </trkpt>
   <trkpt lat="-29.700330017362372" lon="31.100430065366538">
    <ele>14.600000000000001</ele>
   </trkpt>
   <trkpt lat="-29.701050019293557" lon="31.099923405962564">
    <ele>11.99</ele>
   </trkpt>
   <trkpt lat="-29.701770019296486" lon="31.09941673929503">
    <ele>10.55</ele>
   </trkpt>
   <trkpt lat="-29.702490017371048" lon="31.098910065363633">
    <ele>10.6</ele>
   </trkpt>
   <trkpt lat="-29.703210013517175" lon="31.09840338416807">
    <ele>10.97</ele>
   </trkpt>
   <trkpt lat="-29.70393000773478" lon="31.09789669570805">
    <ele>11.56</ele>
   </trkpt>
   <trkpt lat="-29.70465" lon="31.097390000000004">
    <ele>13.53</ele>
   </trkpt>
   <trkpt lat="-29.705095000414527" lon="31.09706500142708">
    <ele>15.150000000000002</ele>
   </trkpt>
   <trkpt lat="-29.705540000000003" lon="31.096740000000004">
    <ele>16.020000000000003</ele>
   </trkpt>
   <trkpt lat="-29.706212865024348" lon="31.096148595206763">
    <ele>17.62</ele>
   </trkpt>
   <trkpt lat="-29.706885727421145" lon="31.095557182488445">
    <ele>19.15</ele>
   </trkpt>
   <trkpt lat="-29.707558587190274" lon="31.09496576184476">
    <ele>20.900000000000002</ele>
   </trkpt>
   <trkpt lat="-29.708231444331638" lon="31.094374333275415">
    <ele>22.740000000000002</ele>
   </trkpt>
   <trkpt lat="-29.70890429884513" lon="31.09378289678012">
    <ele>23.98</ele>
   </trkpt>
   <trkpt lat="-29.709577150730638" lon="31.093191452358575">
    <ele>25.560000000000002</ele>
   </trkpt>
   <trkpt lat="-29.710250000000002" lon="31.0926">
    <ele>27.23</ele>
   </trkpt>
   <trkpt lat="-29.71065" lon="31.092290000000002">
    <ele>27.970000000000002</ele>
   </trkpt>
   <trkpt lat="-29.71138429053197" lon="31.091827163175086">
    <ele>30.1</ele>
   </trkpt>
   <trkpt lat="-29.712118579454465" lon="31.09136431958034">
    <ele>33.440000000000005</ele>
   </trkpt>
   <trkpt lat="-29.7128528667674" lon="31.090901469215467">
    <ele>37.64</ele>
   </trkpt>
   <trkpt lat="-29.713587152470723" lon="31.09043861208018">
    <ele>42.52</ele>
   </trkpt>
   <trkpt lat="-29.71432143656435" lon="31.089975748174204">
    <ele>45.290000000000006</ele>
   </trkpt>
   <trkpt lat="-29.715055719048216" lon="31.089512877497246">
    <ele>46.68000000000001</ele>
   </trkpt>
   <trkpt lat="-29.715790000000002" lon="31.089050000000004">
    <ele>47.150000000000006</ele>
   </trkpt>
   <trkpt lat="-29.7163600006261" lon="31.08867500206501">
    <ele>47.36000000000001</ele>
   </trkpt>
   <trkpt lat="-29.71693" lon="31.088300000000004">
    <ele>47.92</ele>
   </trkpt>
   <trkpt lat="-29.717100000000002" lon="31.088240000000003">
    <ele>47.92</ele>
   </trkpt>
   <trkpt lat="-29.71782143324022" lon="31.087784305374793">
    <ele>48.480000000000004</ele>
   </trkpt>
   <trkpt lat="-29.718542864920046" lon="31.087328604199215">
    <ele>48.84</ele>
   </trkpt>
   <trkpt lat="-29.719264295039416" lon="31.086872896472997">
    <ele>49.160000000000004</ele>
   </trkpt>
   <trkpt lat="-29.719985723598242" lon="31.086417182195866">
    <ele>49.77</ele>
   </trkpt>
   <trkpt lat="-29.720707150596485" lon="31.085961461367557">
    <ele>50.22</ele>
   </trkpt>
   <trkpt lat="-29.72142857603405" lon="31.085505733987784">
    <ele>50.82</ele>
   </trkpt>
   <trkpt lat="-29.722150000000003" lon="31.085050000000003">
    <ele>51.67000000000001</ele>
   </trkpt>
   <trkpt lat="-29.722420000000003" lon="31.084860000000003">
    <ele>51.730000000000004</ele>
   </trkpt>
   <trkpt lat="-29.72294" lon="31.084410000000002">
    <ele>51.97</ele>
   </trkpt>
   <trkpt lat="-29.72342" lon="31.083910000000003">
    <ele>52.21000000000001</ele>
   </trkpt>
   <trkpt lat="-29.72389" lon="31.083470000000002">
    <ele>52.06</ele>
   </trkpt>
   <trkpt lat="-29.72434" lon="31.08311">
    <ele>52.08</ele>
   </trkpt>
   <trkpt lat="-29.724700000000002" lon="31.082870000000003">
    <ele>52.300000000000004</ele>
   </trkpt>
   <trkpt lat="-29.725130000000004" lon="31.08263">
    <ele>52.7</ele>
   </trkpt>
   <trkpt lat="-29.725888005146146" lon="31.082240026514924">
    <ele>53.14000000000001</ele>
   </trkpt>
   <trkpt lat="-29.72664600914933" lon="31.081850047138087">
    <ele>54.28</ele>
   </trkpt>
   <trkpt lat="-29.727404012009508" lon="31.08146006186923">
    <ele>56.150000000000006</ele>
   </trkpt>
   <trkpt lat="-29.728162013726624" lon="31.081070070708083">
    <ele>56.830000000000005</ele>
   </trkpt>
   <trkpt lat="-29.728920014300627" lon="31.080680073654396">
    <ele>58.260000000000005</ele>
   </trkpt>
   <trkpt lat="-29.729678013731476" lon="31.080290070707893">
    <ele>58.78</ele>
   </trkpt>
   <trkpt lat="-29.730436012019098" lon="31.079900061868326">
    <ele>59.04</ele>
   </trkpt>
   <trkpt lat="-29.731194009163453" lon="31.07951004713543">
    <ele>58.92000000000001</ele>
   </trkpt>
   <trkpt lat="-29.731952005164487" lon="31.079120026508946">
    <ele>58.190000000000005</ele>
   </trkpt>
   <trkpt lat="-29.73271" lon="31.078730000000004">
    <ele>57.18</ele>
   </trkpt>
   <trkpt lat="-29.732910000000004" lon="31.078550000000003">
    <ele>57.02</ele>
   </trkpt>
   <trkpt lat="-29.733620000000002" lon="31.07822">
    <ele>56.34</ele>
   </trkpt>
   <trkpt lat="-29.73427600176612" lon="31.077878008942427">
    <ele>55.620000000000005</ele>
   </trkpt>
   <trkpt lat="-29.734932002653093" lon="31.077536013411795">
    <ele>54.64</ele>
   </trkpt>
   <trkpt lat="-29.735588002660876" lon="31.07719401340793">
    <ele>53.76</ele>
   </trkpt>
   <trkpt lat="-29.736244001789448" lon="31.07685200893065">
    <ele>52.89000000000001</ele>
   </trkpt>
   <trkpt lat="-29.736900000000002" lon="31.076510000000003">
    <ele>51.940000000000005</ele>
   </trkpt>
   <trkpt lat="-29.737713334658306" lon="31.076096673349713">
    <ele>50.84</ele>
   </trkpt>
   <trkpt lat="-29.73852666803235" lon="31.075683339995802">
    <ele>49.92</ele>
   </trkpt>
   <trkpt lat="-29.739340000000002" lon="31.075270000000003">
    <ele>49.32</ele>
   </trkpt>
   <trkpt lat="-29.740116667967108" lon="31.074856673060232">
    <ele>48.85</ele>
   </trkpt>
   <trkpt lat="-29.740893334649893" lon="31.074443339718428">
    <ele>47.910000000000004</ele>
   </trkpt>
   <trkpt lat="-29.741670000000003" lon="31.074030000000004">
    <ele>47.24</ele>
   </trkpt>
   <trkpt lat="-29.742240000271508" lon="31.0737450016369">
    <ele>46.660000000000004</ele>
   </trkpt>
   <trkpt lat="-29.742810000000002" lon="31.073460000000004">
    <ele>46.470000000000006</ele>
   </trkpt>
   <trkpt lat="-29.743610000000004" lon="31.073040000000002">
    <ele>45.42</ele>
   </trkpt>
   <trkpt lat="-29.744430000596846" lon="31.072625003419454">
    <ele>44.54</ele>
   </trkpt>
   <trkpt lat="-29.745250000000002" lon="31.072210000000002">
    <ele>42.72</ele>
   </trkpt>
   <trkpt lat="-29.745700000379248" lon="31.07195500106809">
    <ele>42.2</ele>
   </trkpt>
   <trkpt lat="-29.746150000000004" lon="31.071700000000003">
    <ele>41.160000000000004</ele>
   </trkpt>
   <trkpt lat="-29.746920000000003" lon="31.07137">
    <ele>40.010000000000005</ele>
   </trkpt>
   <trkpt lat="-29.747732002723595" lon="31.07094401380432">
    <ele>38.09</ele>
   </trkpt>
   <trkpt lat="-29.748544004082778" lon="31.07051802070821">
    <ele>36.49</ele>
   </trkpt>
   <trkpt lat="-29.749356004077477" lon="31.070092020711353">
    <ele>33.77</ele>
   </trkpt>
   <trkpt lat="-29.75016800270763" lon="31.069666013813418">
    <ele>28.64</ele>
   </trkpt>
   <trkpt lat="-29.750980000000002" lon="31.069240000000004">
    <ele>23.94</ele>
   </trkpt>
   <trkpt lat="-29.75166" lon="31.068900000000003">
    <ele>19.250000000000004</ele>
   </trkpt>
   <trkpt lat="-29.75238000113334" lon="31.0685066723337">
    <ele>16.41</ele>
   </trkpt>
   <trkpt lat="-29.753100001103363" lon="31.068113339016836">
    <ele>15.13</ele>
   </trkpt>
   <trkpt lat="-29.75382" lon="31.06772">
    <ele>16.5</ele>
   </trkpt>
   <trkpt lat="-29.7539" lon="31.067700000000002">
    <ele>16.5</ele>
   </trkpt>
   <trkpt lat="-29.75439" lon="31.067410000000002">
    <ele>17.07</ele>
   </trkpt>
   <trkpt lat="-29.75501250125378" lon="31.0670725063055">
    <ele>18.02</ele>
   </trkpt>
   <trkpt lat="-29.75563500165102" lon="31.066735008418657">
    <ele>18.65</ele>
   </trkpt>
   <trkpt lat="-29.756257501191683" lon="31.066397506339335">
    <ele>18.82</ele>
   </trkpt>
   <trkpt lat="-29.756880000000002" lon="31.066060000000004">
    <ele>18.94</ele>
   </trkpt>
   <trkpt lat="-29.757482501754282" lon="31.065662507187938">
    <ele>19.21</ele>
   </trkpt>
   <trkpt lat="-29.75808500232033" lon="31.065265009596388">
    <ele>19.19</ele>
   </trkpt>
   <trkpt lat="-29.75868750169812" lon="31.064867507225188">
    <ele>19.110000000000003</ele>
   </trkpt>
   <trkpt lat="-29.759290000000004" lon="31.064470000000004">
    <ele>19.49</ele>
   </trkpt>
   <trkpt lat="-29.759885000737324" lon="31.064020002690242">
    <ele>19.810000000000002</ele>
   </trkpt>
   <trkpt lat="-29.76048" lon="31.063570000000002">
    <ele>20.05</ele>
   </trkpt>
   <trkpt lat="-29.76090000038679" lon="31.063270001222918">
    <ele>20.46</ele>
   </trkpt>
   <trkpt lat="-29.76132" lon="31.062970000000004">
    <ele>20.630000000000003</ele>
   </trkpt>
   <trkpt lat="-29.762026372267886" lon="31.06249094286751">
    <ele>21.0</ele>
   </trkpt>
   <trkpt lat="-29.7627327428097" lon="31.0620118789805">
    <ele>21.23</ele>
   </trkpt>
   <trkpt lat="-29.76343911162539" lon="31.061532808338693">
    <ele>21.57</ele>
   </trkpt>
   <trkpt lat="-29.764145478714873" lon="31.061053730941826">
    <ele>21.37</ele>
   </trkpt>
   <trkpt lat="-29.764851844078077" lon="31.060574646789632">
    <ele>20.830000000000002</ele>
   </trkpt>
   <trkpt lat="-29.765558207714918" lon="31.06009555588182">
    <ele>20.09</ele>
   </trkpt>
   <trkpt lat="-29.76626456962534" lon="31.059616458218134">
    <ele>20.19</ele>
   </trkpt>
   <trkpt lat="-29.766970929809247" lon="31.05913735379829">
    <ele>21.57</ele>
   </trkpt>
   <trkpt lat="-29.767677288266597" lon="31.05865824262203">
    <ele>22.51</ele>
   </trkpt>
   <trkpt lat="-29.768383644997282" lon="31.058179124689072">
    <ele>23.87</ele>
   </trkpt>
   <trkpt lat="-29.769090000000002" lon="31.057700000000004">
    <ele>24.44</ele>
   </trkpt>
   <trkpt lat="-29.769780005908732" lon="31.05722627284526">
    <ele>24.16</ele>
   </trkpt>
   <trkpt lat="-29.77047001012933" lon="31.056752539163853">
    <ele>22.950000000000003</ele>
   </trkpt>
   <trkpt lat="-29.771160012661728" lon="31.056278798955535">
    <ele>21.78</ele>
   </trkpt>
   <trkpt lat="-29.771850013505844" lon="31.055805052220048">
    <ele>20.560000000000002</ele>
   </trkpt>
   <trkpt lat="-29.772540012661622" lon="31.05533129895713">
    <ele>18.88</ele>
   </trkpt>
   <trkpt lat="-29.773230010128977" lon="31.05485753916654">
    <ele>18.2</ele>
   </trkpt>
   <trkpt lat="-29.77392000590785" lon="31.054383772848002">
    <ele>17.25</ele>
   </trkpt>
   <trkpt lat="-29.774610000000003" lon="31.053910000000002">
    <ele>17.560000000000002</ele>
   </trkpt>
   <trkpt lat="-29.774600000000003" lon="31.05392">
    <ele>17.550000000000004</ele>
   </trkpt>
   <trkpt lat="-29.775160000000003" lon="31.053510000000003">
    <ele>18.29</ele>
   </trkpt>
   <trkpt lat="-29.775170000000003" lon="31.053510000000003">
    <ele>18.3</ele>
   </trkpt>
   <trkpt lat="-29.775380000000002" lon="31.05336">
    <ele>18.740000000000002</ele>
   </trkpt>
   <trkpt lat="-29.775820000000003" lon="31.052960000000002">
    <ele>19.23</ele>
   </trkpt>
   <trkpt lat="-29.776405001385736" lon="31.05236500342094">
    <ele>20.82</ele>
   </trkpt>
   <trkpt lat="-29.77699" lon="31.05177">
    <ele>22.740000000000002</ele>
   </trkpt>
   <trkpt lat="-29.777" lon="31.05177">
    <ele>22.740000000000002</ele>
   </trkpt>
   <trkpt lat="-29.77745666826404" lon="31.05130667091073">
    <ele>24.92</ele>
   </trkpt>
   <trkpt lat="-29.777913334913" lon="31.050843337595417">
    <ele>26.400000000000002</ele>
   </trkpt>
   <trkpt lat="-29.778370000000002" lon="31.050380000000004">
    <ele>28.720000000000002</ele>
   </trkpt>
   <trkpt lat="-29.778850000000002" lon="31.04999">
    <ele>30.140000000000004</ele>
   </trkpt>
   <trkpt lat="-29.77915" lon="31.0498">
    <ele>30.69</ele>
   </trkpt>
   <trkpt lat="-29.779410000000002" lon="31.049670000000003">
    <ele>30.930000000000003</ele>
   </trkpt>
   <trkpt lat="-29.779420000000002" lon="31.049670000000003">
    <ele>30.930000000000003</ele>
   </trkpt>
   <trkpt lat="-29.780126001656527" lon="31.0493380093652">
    <ele>30.92</ele>
   </trkpt>
   <trkpt lat="-29.78083200248379" lon="31.04900601404848">
    <ele>29.710000000000004</ele>
   </trkpt>
   <trkpt lat="-29.781538002481753" lon="31.04867401404965">
    <ele>27.650000000000002</ele>
   </trkpt>
   <trkpt lat="-29.782244001650373" lon="31.04834200936851">
    <ele>24.87</ele>
   </trkpt>
   <trkpt lat="-29.782950000000003" lon="31.04801">
    <ele>21.800000000000004</ele>
   </trkpt>
   <trkpt lat="-29.783725000482765" lon="31.047645002834336">
    <ele>19.19</ele>
   </trkpt>
   <trkpt lat="-29.7845" lon="31.047280000000004">
    <ele>17.550000000000004</ele>
   </trkpt>
   <trkpt lat="-29.785222501412143" lon="31.046925007691808">
    <ele>17.080000000000002</ele>
   </trkpt>
   <trkpt lat="-29.785945001876023" lon="31.046570010259263">
    <ele>16.84</ele>
   </trkpt>
   <trkpt lat="-29.78666750139161" lon="31.046215007702138">
    <ele>16.310000000000002</ele>
   </trkpt>
   <trkpt lat="-29.787390000000002" lon="31.04586">
    <ele>16.18</ele>
   </trkpt>
   <trkpt lat="-29.787570000000002" lon="31.045790000000004">
    <ele>16.130000000000003</ele>
   </trkpt>
   <trkpt lat="-29.787820000000004" lon="31.045730000000002">
    <ele>15.940000000000003</ele>
   </trkpt>
   <trkpt lat="-29.787830000000003" lon="31.045730000000002">
    <ele>15.940000000000003</ele>
   </trkpt>
   <trkpt lat="-29.787950000000002" lon="31.045710000000003">
    <ele>15.9</ele>
   </trkpt>
   <trkpt lat="-29.788200000000003" lon="31.045690000000004">
    <ele>15.520000000000001</ele>
   </trkpt>
   <trkpt lat="-29.78889666662775" lon="31.04569999986023">
    <ele>14.610000000000001</ele>
   </trkpt>
   <trkpt lat="-29.78959333325474" lon="31.045709999859653">
    <ele>13.9</ele>
   </trkpt>
   <trkpt lat="-29.790290000000002" lon="31.045720000000003">
    <ele>13.05</ele>
   </trkpt>
   <trkpt lat="-29.7907" lon="31.04567">
    <ele>11.750000000000002</ele>
   </trkpt>
   <trkpt lat="-29.791120000000003" lon="31.045560000000002">
    <ele>11.3</ele>
   </trkpt>
   <trkpt lat="-29.791130000000003" lon="31.045560000000002">
    <ele>11.290000000000001</ele>
   </trkpt>
   <trkpt lat="-29.79145" lon="31.045440000000003">
    <ele>10.81</ele>
   </trkpt>
   <trkpt lat="-29.792100000977964" lon="31.04515000563802">
    <ele>9.61</ele>
   </trkpt>
   <trkpt lat="-29.79275000132304" lon="31.044860007508948">
    <ele>10.26</ele>
   </trkpt>
   <trkpt lat="-29.793400001035202" lon="31.044570005612645">
    <ele>10.730000000000002</ele>
   </trkpt>
   <trkpt lat="-29.794050000000002" lon="31.044280000000004">
    <ele>11.53</ele>
   </trkpt>
   <trkpt lat="-29.794470000000004" lon="31.04406">
    <ele>12.100000000000001</ele>
   </trkpt>
   <trkpt lat="-29.794780000000003" lon="31.043850000000003">
    <ele>12.430000000000001</ele>
   </trkpt>
   <trkpt lat="-29.79502" lon="31.043620000000004">
    <ele>13.240000000000002</ele>
   </trkpt>
   <trkpt lat="-29.795513335358077" lon="31.043103338411562">
    <ele>14.430000000000001</ele>
   </trkpt>
   <trkpt lat="-29.796006668707097" lon="31.04258667172852">
    <ele>15.72</ele>
   </trkpt>
   <trkpt lat="-29.7965" lon="31.042070000000002">
    <ele>17.61</ele>
   </trkpt>
   <trkpt lat="-29.79697" lon="31.041660000000004">
    <ele>18.14</ele>
   </trkpt>
   <trkpt lat="-29.797400000000003" lon="31.041390000000003">
    <ele>17.990000000000002</ele>
   </trkpt>
   <trkpt lat="-29.797410000000003" lon="31.041390000000003">
    <ele>17.980000000000004</ele>
   </trkpt>
   <trkpt lat="-29.797980000000003" lon="31.041130000000003">
    <ele>16.970000000000002</ele>
   </trkpt>
   <trkpt lat="-29.798270000000002" lon="31.041030000000003">
    <ele>16.970000000000002</ele>
   </trkpt>
   <trkpt lat="-29.799046667512822" lon="31.040818341548533">
    <ele>14.71</ele>
   </trkpt>
   <trkpt lat="-29.79982333468845" lon="31.040606679810857">
    <ele>14.59</ele>
   </trkpt>
   <trkpt lat="-29.800600001526867" lon="31.0403950147868">
    <ele>15.200000000000001</ele>
   </trkpt>
   <trkpt lat="-29.80137666802805" lon="31.040183346476233">
    <ele>15.780000000000003</ele>
   </trkpt>
   <trkpt lat="-29.802153334191985" lon="31.039971674878984">
    <ele>16.28</ele>
   </trkpt>
   <trkpt lat="-29.802930000000003" lon="31.03976">
    <ele>16.73</ele>
   </trkpt>
   <trkpt lat="-29.802930000000003" lon="31.03975">
    <ele>16.740000000000002</ele>
   </trkpt>
   <trkpt lat="-29.803685000083604" lon="31.039555001487194">
    <ele>16.540000000000003</ele>
   </trkpt>
   <trkpt lat="-29.804440000000003" lon="31.039360000000002">
    <ele>14.600000000000001</ele>
   </trkpt>
   <trkpt lat="-29.804440000000003" lon="31.039350000000002">
    <ele>14.57</ele>
   </trkpt>
   <trkpt lat="-29.80525000011388" lon="31.039140001714127">
    <ele>11.57</ele>
   </trkpt>
   <trkpt lat="-29.806060000000002" lon="31.038930000000004">
    <ele>9.540000000000001</ele>
   </trkpt>
   <trkpt lat="-29.806600000000003" lon="31.038850000000004">
    <ele>9.4</ele>
   </trkpt>
   <trkpt lat="-29.806610000000003" lon="31.038850000000004">
    <ele>9.4</ele>
   </trkpt>
   <trkpt lat="-29.806910000000002" lon="31.03881">
    <ele>9.56</ele>
   </trkpt>
   <trkpt lat="-29.807748333469878" lon="31.038725003562533">
    <ele>10.280000000000001</ele>
   </trkpt>
   <trkpt lat="-29.808586666885375" lon="31.03864000570012">
    <ele>10.270000000000001</ele>
   </trkpt>
   <trkpt lat="-29.809425000246478" lon="31.0385550064127">
    <ele>10.24</ele>
   </trkpt>
   <trkpt lat="-29.810263333553205" lon="31.0384700057002">
    <ele>10.5</ele>
   </trkpt>
   <trkpt lat="-29.81110166680552" lon="31.038385003562542">
    <ele>10.39</ele>
   </trkpt>
   <trkpt lat="-29.811940000000003" lon="31.038300000000003">
    <ele>10.34</ele>
   </trkpt>
   <trkpt lat="-29.812754999954887" lon="31.03822000065884">
    <ele>9.860000000000001</ele>
   </trkpt>
   <trkpt lat="-29.813570000000002" lon="31.038140000000002">
    <ele>10.92</ele>
   </trkpt>
   <trkpt lat="-29.814275000140174" lon="31.038010000902513">
    <ele>11.0</ele>
   </trkpt>
   <trkpt lat="-29.814980000000002" lon="31.03788">
    <ele>10.42</ele>
   </trkpt>
   <trkpt lat="-29.815230000000003" lon="31.037830000000003">
    <ele>9.99</ele>
   </trkpt>
   <trkpt lat="-29.815330000000003" lon="31.037810000000004">
    <ele>10.0</ele>
   </trkpt>
   <trkpt lat="-29.81603750015285" lon="31.037692502495013">
    <ele>9.7</ele>
   </trkpt>
   <trkpt lat="-29.81674500020173" lon="31.03757500332707">
    <ele>10.180000000000001</ele>
   </trkpt>
   <trkpt lat="-29.817452500146672" lon="31.037457502496114">
    <ele>11.120000000000001</ele>
   </trkpt>
   <trkpt lat="-29.818160000000002" lon="31.037340000000004">
    <ele>12.32</ele>
   </trkpt>
   <trkpt lat="-29.818905000207394" lon="31.037210002903606">
    <ele>11.0</ele>
   </trkpt>
   <trkpt lat="-29.819650000287538" lon="31.03708000386961">
    <ele>10.560000000000002</ele>
   </trkpt>
   <trkpt lat="-29.820395000240424" lon="31.036950002897928">
    <ele>10.730000000000002</ele>
   </trkpt>
   <trkpt lat="-29.821140000000003" lon="31.036820000000002">
    <ele>10.8</ele>
   </trkpt>
   <trkpt lat="-29.821915000038306" lon="31.036737501923128">
    <ele>11.09</ele>
   </trkpt>
   <trkpt lat="-29.822690000025364" lon="31.03665500256694">
    <ele>11.250000000000002</ele>
   </trkpt>
   <trkpt lat="-29.823464999961168" lon="31.0365725019314">
    <ele>9.600000000000001</ele>
   </trkpt>
   <trkpt lat="-29.824240000000003" lon="31.036490000000004">
    <ele>12.0</ele>
   </trkpt>
   <trkpt lat="-29.825016666799417" lon="31.03636666858067">
    <ele>12.39</ele>
   </trkpt>
   <trkpt lat="-29.82579333348429" lon="31.036243335244478">
    <ele>12.51</ele>
   </trkpt>
   <trkpt lat="-29.826570000000004" lon="31.036120000000004">
    <ele>11.01</ele>
   </trkpt>
   <trkpt lat="-29.827216667200172" lon="31.03585333678537">
    <ele>11.940000000000001</ele>
   </trkpt>
   <trkpt lat="-29.8278633338648" lon="31.03558667011959">
    <ele>11.66</ele>
   </trkpt>
   <trkpt lat="-29.82851" lon="31.035320000000002">
    <ele>13.56</ele>
   </trkpt>
   <trkpt lat="-29.82891500028808" lon="31.035065001006295">
    <ele>11.06</ele>
   </trkpt>
   <trkpt lat="-29.829320000000003" lon="31.034810000000004">
    <ele>12.32</ele>
   </trkpt>
   <trkpt lat="-29.829880001129233" lon="31.034430004231012">
    <ele>10.14</ele>
   </trkpt>
   <trkpt lat="-29.830440001170935" lon="31.034050004202765">
    <ele>8.81</ele>
   </trkpt>
   <trkpt lat="-29.831000000000003" lon="31.033670000000004">
    <ele>10.08</ele>
   </trkpt>
   <trkpt lat="-29.831690001651346" lon="31.0332033397713">
    <ele>11.500000000000002</ele>
   </trkpt>
   <trkpt lat="-29.83238000166246" lon="31.03273667309721">
    <ele>10.020000000000001</ele>
   </trkpt>
   <trkpt lat="-29.833070000000003" lon="31.032270000000004">
    <ele>9.0</ele>
   </trkpt>
   <trkpt lat="-29.833515000392225" lon="31.031980001242488">
    <ele>9.0</ele>
   </trkpt>
   <trkpt lat="-29.83396" lon="31.03169">
    <ele>8.88</ele>
   </trkpt>
   <trkpt lat="-29.834680000000002" lon="31.031350000000003">
    <ele>9.22</ele>
   </trkpt>
   <trkpt lat="-29.835420000833274" lon="31.031114006994535">
    <ele>8.0</ele>
   </trkpt>
   <trkpt lat="-29.836160001247045" lon="31.030878010492884">
    <ele>8.370000000000001</ele>
   </trkpt>
   <trkpt lat="-29.836900001241297" lon="31.030642010494873">
    <ele>9.260000000000002</ele>
   </trkpt>
   <trkpt lat="-29.837640000816013" lon="31.030406007000362">
    <ele>6.010000000000001</ele>
   </trkpt>
   <trkpt lat="-29.83838" lon="31.030170000000002">
    <ele>9.0</ele>
   </trkpt>
   <trkpt lat="-29.838330000000003" lon="31.029940000000003">
    <ele>9.0</ele>
   </trkpt>
   <trkpt lat="-29.83770000003799" lon="31.030140001297138">
    <ele>7.46</ele>
   </trkpt>
   <trkpt lat="-29.837070000000004" lon="31.030340000000002">
    <ele>6.16</ele>
   </trkpt>
   <trkpt lat="-29.836356667006896" lon="31.03057000330347">
    <ele>7.29</ele>
   </trkpt>
   <trkpt lat="-29.835643333615316" lon="31.030800003322202">
    <ele>5.9799999999999995</ele>
   </trkpt>
   <trkpt lat="-29.834930000000004" lon="31.03103">
    <ele>7.37</ele>
   </trkpt>
   <trkpt lat="-29.834490000031344" lon="31.03124500101666">
    <ele>9.14</ele>
   </trkpt>
   <trkpt lat="-29.83405" lon="31.031460000000003">
    <ele>9.01</ele>
   </trkpt>
   <trkpt lat="-29.833513334335425" lon="31.03181667046918">
    <ele>9.0</ele>
   </trkpt>
   <trkpt lat="-29.83297666771269" lon="31.032173337106606">
    <ele>8.88</ele>
   </trkpt>
   <trkpt lat="-29.832440000000002" lon="31.03253">
    <ele>9.05</ele>
   </trkpt>
   <trkpt lat="-29.83179250215569" lon="31.03296250837999">
    <ele>12.4</ele>
   </trkpt>
   <trkpt lat="-29.831145002902467" lon="31.033395011154298">
    <ele>11.55</ele>
   </trkpt>
   <trkpt lat="-29.830497502240412" lon="31.033827508323153">
    <ele>8.4</ele>
   </trkpt>
   <trkpt lat="-29.829850000000004" lon="31.034260000000003">
    <ele>9.09</ele>
   </trkpt>
   <trkpt lat="-29.82934000055211" lon="31.034605001690533">
    <ele>10.96</ele>
   </trkpt>
   <trkpt lat="-29.828830000000004" lon="31.034950000000002">
    <ele>11.0</ele>
   </trkpt>
   <trkpt lat="-29.828630000000004" lon="31.035100000000003">
    <ele>11.15</ele>
   </trkpt>
   <trkpt lat="-29.828400000000002" lon="31.03525">
    <ele>11.21</ele>
   </trkpt>
   <trkpt lat="-29.827650000000002" lon="31.035610000000002">
    <ele>10.77</ele>
   </trkpt>
   <trkpt lat="-29.826900000000002" lon="31.035880000000002">
    <ele>10.560000000000002</ele>
   </trkpt>
   <trkpt lat="-29.826400000000003" lon="31.03601">
    <ele>10.440000000000001</ele>
   </trkpt>
   <trkpt lat="-29.825860000088927" lon="31.036110000530833">
    <ele>10.09</ele>
   </trkpt>
   <trkpt lat="-29.82532" lon="31.036210000000004">
    <ele>9.89</ele>
   </trkpt>
   <trkpt lat="-29.824460000000002" lon="31.036330000000003">
    <ele>9.65</ele>
   </trkpt>
   <trkpt lat="-29.823603333360662" lon="31.036403334591544">
    <ele>9.81</ele>
   </trkpt>
   <trkpt lat="-29.82274666668082" lon="31.036476667925978">
    <ele>10.530000000000001</ele>
   </trkpt>
   <trkpt lat="-29.821890000000003" lon="31.036550000000002">
    <ele>10.92</ele>
   </trkpt>
   <trkpt lat="-29.8211" lon="31.03665">
    <ele>11.18</ele>
   </trkpt>
   <trkpt lat="-29.820262000287727" lon="31.036790004695707">
    <ele>11.13</ele>
   </trkpt>
   <trkpt lat="-29.819424000427855" lon="31.036930007044063">
    <ele>10.97</ele>
   </trkpt>
   <trkpt lat="-29.818586000420403" lon="31.037070007045195">
    <ele>10.730000000000002</ele>
   </trkpt>
   <trkpt lat="-29.817748000265365" lon="31.0372100046992">
    <ele>10.46</ele>
   </trkpt>
   <trkpt lat="-29.816910000000004" lon="31.037350000000004">
    <ele>9.99</ele>
   </trkpt>
   <trkpt lat="-29.81619750025102" lon="31.037500003207548">
    <ele>8.67</ele>
   </trkpt>
   <trkpt lat="-29.815485000332608" lon="31.037650004277097">
    <ele>8.49</ele>
   </trkpt>
   <trkpt lat="-29.814772500244796" lon="31.03780000320876">
    <ele>10.190000000000001</ele>
   </trkpt>
   <trkpt lat="-29.81406" lon="31.037950000000002">
    <ele>11.540000000000001</ele>
   </trkpt>
   <trkpt lat="-29.813480000000002" lon="31.038050000000002">
    <ele>11.290000000000001</ele>
   </trkpt>
   <trkpt lat="-29.812680000000004" lon="31.038140000000002">
    <ele>10.4</ele>
   </trkpt>
   <trkpt lat="-29.811833333467785" lon="31.038225003598505">
    <ele>10.31</ele>
   </trkpt>
   <trkpt lat="-29.810986666881178" lon="31.03831000575757">
    <ele>10.14</ele>
   </trkpt>
   <trkpt lat="-29.810140000240175" lon="31.03839500647727">
    <ele>10.200000000000001</ele>
   </trkpt>
   <trkpt lat="-29.809293333544773" lon="31.038480005757677">
    <ele>10.270000000000001</ele>
   </trkpt>
   <trkpt lat="-29.808446666794985" lon="31.03856500359888">
    <ele>10.3</ele>
   </trkpt>
   <trkpt lat="-29.8076" lon="31.038650000000004">
    <ele>10.57</ele>
   </trkpt>
   <trkpt lat="-29.80677500017415" lon="31.038745000767484">
    <ele>9.860000000000001</ele>
   </trkpt>
   <trkpt lat="-29.805950000000003" lon="31.038840000000004">
    <ele>10.040000000000001</ele>
   </trkpt>
   <trkpt lat="-29.80520000030276" lon="31.039030002841475">
    <ele>11.72</ele>
   </trkpt>
   <trkpt lat="-29.804450000333766" lon="31.039220002833577">
    <ele>13.73</ele>
   </trkpt>
   <trkpt lat="-29.803700000000003" lon="31.039410000000004">
    <ele>15.89</ele>
   </trkpt>
   <trkpt lat="-29.80291571531691" lon="31.03962429579587">
    <ele>16.810000000000002</ele>
   </trkpt>
   <trkpt lat="-29.802131430288153" lon="31.039838588231472">
    <ele>16.17</ele>
   </trkpt>
   <trkpt lat="-29.80134714491375" lon="31.040052877306955">
    <ele>15.82</ele>
   </trkpt>
   <trkpt lat="-29.800562859193697" lon="31.040267163022488">
    <ele>15.260000000000002</ele>
   </trkpt>
   <trkpt lat="-29.799778573128037" lon="31.040481445378234">
    <ele>14.8</ele>
   </trkpt>
   <trkpt lat="-29.798994286716773" lon="31.040695724374334">
    <ele>15.05</ele>
   </trkpt>
   <trkpt lat="-29.79821" lon="31.040910000000004">
    <ele>17.7</ele>
   </trkpt>
   <trkpt lat="-29.79791" lon="31.041010000000004">
    <ele>17.7</ele>
   </trkpt>
   <trkpt lat="-29.797410000000003" lon="31.041240000000002">
    <ele>18.46</ele>
   </trkpt>
   <trkpt lat="-29.796960000000002" lon="31.041520000000002">
    <ele>18.55</ele>
   </trkpt>
   <trkpt lat="-29.796580000000002" lon="31.04183">
    <ele>17.990000000000002</ele>
   </trkpt>
   <trkpt lat="-29.79603000240855" lon="31.042393339505608">
    <ele>16.28</ele>
   </trkpt>
   <trkpt lat="-29.795480002428658" lon="31.042956672818264">
    <ele>14.76</ele>
   </trkpt>
   <trkpt lat="-29.79493" lon="31.04352">
    <ele>12.900000000000002</ele>
   </trkpt>
   <trkpt lat="-29.794710000000002" lon="31.04371">
    <ele>12.900000000000002</ele>
   </trkpt>
   <trkpt lat="-29.794380000000004" lon="31.043930000000003">
    <ele>11.81</ele>
   </trkpt>
   <trkpt lat="-29.793950000000002" lon="31.044140000000002">
    <ele>11.520000000000001</ele>
   </trkpt>
   <trkpt lat="-29.793136667656345" lon="31.04451000603277">
    <ele>10.81</ele>
   </trkpt>
   <trkpt lat="-29.792323334282386" lon="31.044880006051137">
    <ele>9.36</ele>
   </trkpt>
   <trkpt lat="-29.791510000000002" lon="31.045250000000003">
    <ele>9.340000000000002</ele>
   </trkpt>
   <trkpt lat="-29.791140000000002" lon="31.04539">
    <ele>9.91</ele>
   </trkpt>
   <trkpt lat="-29.790840000000003" lon="31.04548">
    <ele>10.68</ele>
   </trkpt>
   <trkpt lat="-29.7906" lon="31.045530000000003">
    <ele>10.910000000000002</ele>
   </trkpt>
   <trkpt lat="-29.790080000000003" lon="31.045590000000004">
    <ele>12.020000000000001</ele>
   </trkpt>
   <trkpt lat="-29.789204999877647" lon="31.04557499986676">
    <ele>13.73</ele>
   </trkpt>
   <trkpt lat="-29.788330000000002" lon="31.045560000000002">
    <ele>15.600000000000001</ele>
   </trkpt>
   <trkpt lat="-29.787930000000003" lon="31.04558">
    <ele>16.14</ele>
   </trkpt>
   <trkpt lat="-29.7877" lon="31.045620000000003">
    <ele>16.400000000000002</ele>
   </trkpt>
   <trkpt lat="-29.787490000000002" lon="31.04567">
    <ele>16.560000000000002</ele>
   </trkpt>
   <trkpt lat="-29.787080000000003" lon="31.045820000000003">
    <ele>16.76</ele>
   </trkpt>
   <trkpt lat="-29.786314004484613" lon="31.046184025068506">
    <ele>17.02</ele>
   </trkpt>
   <trkpt lat="-29.785548007972107" lon="31.04654804456575">
    <ele>17.32</ele>
   </trkpt>
   <trkpt lat="-29.784782010462518" lon="31.04691205849201">
    <ele>17.720000000000002</ele>
   </trkpt>
   <trkpt lat="-29.784016011955913" lon="31.04727606684752">
    <ele>18.22</ele>
   </trkpt>
   <trkpt lat="-29.783250012452317" lon="31.04764006963253">
    <ele>20.17</ele>
   </trkpt>
   <trkpt lat="-29.78248401195179" lon="31.04800406684729">
    <ele>23.75</ele>
   </trkpt>
   <trkpt lat="-29.781718010454377" lon="31.048368058492066">
    <ele>24.720000000000002</ele>
   </trkpt>
   <trkpt lat="-29.78095200796011" lon="31.04873204456709">
    <ele>28.290000000000003</ele>
   </trkpt>
   <trkpt lat="-29.78018600446906" lon="31.04909602507262">
    <ele>30.150000000000002</ele>
   </trkpt>
   <trkpt lat="-29.779420000000002" lon="31.049460000000003">
    <ele>30.8</ele>
   </trkpt>
   <trkpt lat="-29.77905" lon="31.049670000000003">
    <ele>30.320000000000004</ele>
   </trkpt>
   <trkpt lat="-29.778750000000002" lon="31.04989">
    <ele>29.740000000000002</ele>
   </trkpt>
   <trkpt lat="-29.77822" lon="31.050340000000002">
    <ele>28.17</ele>
   </trkpt>
   <trkpt lat="-29.777625004248613" lon="31.050955010983195">
    <ele>24.880000000000003</ele>
   </trkpt>
   <trkpt lat="-29.77703000565161" lon="31.051570014657678">
    <ele>23.360000000000003</ele>
   </trkpt>
   <trkpt lat="-29.776435004209112" lon="31.05218501102369">
    <ele>20.25</ele>
   </trkpt>
   <trkpt lat="-29.775840000000002" lon="31.0528">
    <ele>18.31</ele>
   </trkpt>
   <trkpt lat="-29.775550000000003" lon="31.05308">
    <ele>17.63</ele>
   </trkpt>
   <trkpt lat="-29.775080000000003" lon="31.05347">
    <ele>17.150000000000002</ele>
   </trkpt>
   <trkpt lat="-29.774420003897486" lon="31.053925014989733">
    <ele>17.150000000000002</ele>
   </trkpt>
   <trkpt lat="-29.773760006237463" lon="31.05438002398219">
    <ele>17.080000000000002</ele>
   </trkpt>
   <trkpt lat="-29.773100007019988" lon="31.054835026977603">
    <ele>17.62</ele>
   </trkpt>
   <trkpt lat="-29.772440006245116" lon="31.055290023976198">
    <ele>18.46</ele>
   </trkpt>
   <trkpt lat="-29.77178000391293" lon="31.05574501497819">
    <ele>20.21</ele>
   </trkpt>
   <trkpt lat="-29.771120000000003" lon="31.056200000000004">
    <ele>21.16</ele>
   </trkpt>
   <trkpt lat="-29.771130000000003" lon="31.05619">
    <ele>21.150000000000002</ele>
   </trkpt>
   <trkpt lat="-29.770372009041672" lon="31.056707035213826">
    <ele>22.840000000000003</ele>
   </trkpt>
   <trkpt lat="-29.769614016072484" lon="31.05722406260238">
    <ele>23.970000000000002</ele>
   </trkpt>
   <trkpt lat="-29.768856021092507" lon="31.057741082166004">
    <ele>24.380000000000003</ele>
   </trkpt>
   <trkpt lat="-29.768098024101857" lon="31.05825809390504">
    <ele>23.560000000000002</ele>
   </trkpt>
   <trkpt lat="-29.767340025100616" lon="31.058775097819822">
    <ele>22.19</ele>
   </trkpt>
   <trkpt lat="-29.766582024088883" lon="31.05929209391069">
    <ele>20.71</ele>
   </trkpt>
   <trkpt lat="-29.765824021066734" lon="31.059809082177974">
    <ele>20.0</ele>
   </trkpt>
   <trkpt lat="-29.76506601603428" lon="31.060326062622025">
    <ele>20.240000000000002</ele>
   </trkpt>
   <trkpt lat="-29.7643080089916" lon="31.060843035243167">
    <ele>21.14</ele>
   </trkpt>
   <trkpt lat="-29.763550000000002" lon="31.061360000000004">
    <ele>21.62</ele>
   </trkpt>
   <trkpt lat="-29.762847502540296" lon="31.061835009994496">
    <ele>21.39</ele>
   </trkpt>
   <trkpt lat="-29.76214500338359" lon="31.062310013328133">
    <ele>20.950000000000003</ele>
   </trkpt>
   <trkpt lat="-29.761442502529963" lon="31.062785010001168">
    <ele>20.540000000000003</ele>
   </trkpt>
   <trkpt lat="-29.760740000000002" lon="31.063260000000003">
    <ele>20.290000000000003</ele>
   </trkpt>
   <trkpt lat="-29.76027000053283" lon="31.0636200016537">
    <ele>20.0</ele>
   </trkpt>
   <trkpt lat="-29.759800000000002" lon="31.06398">
    <ele>19.55</ele>
   </trkpt>
   <trkpt lat="-29.759280000436917" lon="31.064345001938992">
    <ele>19.12</ele>
   </trkpt>
   <trkpt lat="-29.758760000000002" lon="31.06471">
    <ele>18.860000000000003</ele>
   </trkpt>
   <trkpt lat="-29.758060000877737" lon="31.06517000315918">
    <ele>18.51</ele>
   </trkpt>
   <trkpt lat="-29.757360000000002" lon="31.065630000000002">
    <ele>18.39</ele>
   </trkpt>
   <trkpt lat="-29.75671" lon="31.06604">
    <ele>17.71</ele>
   </trkpt>
   <trkpt lat="-29.75630000031136" lon="31.066275000901925">
    <ele>17.640000000000004</ele>
   </trkpt>
   <trkpt lat="-29.75589" lon="31.06651">
    <ele>17.330000000000002</ele>
   </trkpt>
   <trkpt lat="-29.755375000362193" lon="31.066780001341193">
    <ele>17.28</ele>
   </trkpt>
   <trkpt lat="-29.75486" lon="31.067050000000002">
    <ele>17.05</ele>
   </trkpt>
   <trkpt lat="-29.754197501455938" lon="31.067412507202448">
    <ele>16.099999999999998</ele>
   </trkpt>
   <trkpt lat="-29.75353500192369" lon="31.067775009612735">
    <ele>15.790000000000001</ele>
   </trkpt>
   <trkpt lat="-29.752872501403328" lon="31.068137507231032">
    <ele>15.540000000000001</ele>
   </trkpt>
   <trkpt lat="-29.75221" lon="31.068500000000004">
    <ele>17.03</ele>
   </trkpt>
   <trkpt lat="-29.751460003454127" lon="31.068891446143816">
    <ele>19.669999999999998</ele>
   </trkpt>
   <trkpt lat="-29.75071000575607" lon="31.069282886430102">
    <ele>25.200000000000003</ele>
   </trkpt>
   <trkpt lat="-29.74996000690589" lon="31.069674320859143">
    <ele>28.880000000000003</ele>
   </trkpt>
   <trkpt lat="-29.749210006903642" lon="31.070065749431176">
    <ele>33.64</ele>
   </trkpt>
   <trkpt lat="-29.74846000574938" lon="31.07045717214646">
    <ele>36.2</ele>
   </trkpt>
   <trkpt lat="-29.747710003443153" lon="31.070848589005262">
    <ele>37.470000000000006</ele>
   </trkpt>
   <trkpt lat="-29.74696" lon="31.071240000000003">
    <ele>39.260000000000005</ele>
   </trkpt>
   <trkpt lat="-29.74697" lon="31.071240000000003">
    <ele>39.24</ele>
   </trkpt>
   <trkpt lat="-29.746570000000002" lon="31.071440000000003">
    <ele>40.290000000000006</ele>
   </trkpt>
   <trkpt lat="-29.746150000000004" lon="31.071700000000003">
    <ele>41.160000000000004</ele>
   </trkpt>
   <trkpt lat="-29.745700000109643" lon="31.071955001220864">
    <ele>42.2</ele>
   </trkpt>
   <trkpt lat="-29.745250000000002" lon="31.072210000000002">
    <ele>42.72</ele>
   </trkpt>
   <trkpt lat="-29.744430000697996" lon="31.07262500336826">
    <ele>44.54</ele>
   </trkpt>
   <trkpt lat="-29.743610000000004" lon="31.073040000000002">
    <ele>45.42</ele>
   </trkpt>
   <trkpt lat="-29.742810000000002" lon="31.073460000000004">
    <ele>46.470000000000006</ele>
   </trkpt>
   <trkpt lat="-29.74224000033914" lon="31.073745001603086">
    <ele>46.88</ele>
   </trkpt>
   <trkpt lat="-29.741670000000003" lon="31.074030000000004">
    <ele>47.24</ele>
   </trkpt>
   <trkpt lat="-29.740893334601598" lon="31.07444333974412">
    <ele>47.910000000000004</ele>
   </trkpt>
   <trkpt lat="-29.740116667918816" lon="31.074856673085925">
    <ele>48.85</ele>
   </trkpt>
   <trkpt lat="-29.739340000000002" lon="31.075270000000003">
    <ele>49.45</ele>
   </trkpt>
   <trkpt lat="-29.738526667910275" lon="31.075683340057843">
    <ele>49.92</ele>
   </trkpt>
   <trkpt lat="-29.73771333453623" lon="31.076096673411755">
    <ele>50.84</ele>
   </trkpt>
   <trkpt lat="-29.736900000000002" lon="31.076510000000003">
    <ele>51.940000000000005</ele>
   </trkpt>
   <trkpt lat="-29.73624400175068" lon="31.07685200895086">
    <ele>52.89000000000001</ele>
   </trkpt>
   <trkpt lat="-29.735588002622123" lon="31.07719401342813">
    <ele>53.76</ele>
   </trkpt>
   <trkpt lat="-29.734932002614332" lon="31.077536013432002">
    <ele>54.64</ele>
   </trkpt>
   <trkpt lat="-29.734276001727366" lon="31.07787800896264">
    <ele>55.620000000000005</ele>
   </trkpt>
   <trkpt lat="-29.733620000000002" lon="31.07822">
    <ele>56.34</ele>
   </trkpt>
   <trkpt lat="-29.732925000424014" lon="31.078535002159192">
    <ele>57.02</ele>
   </trkpt>
   <trkpt lat="-29.73223" lon="31.078850000000003">
    <ele>58.06000000000001</ele>
   </trkpt>
   <trkpt lat="-29.73224" lon="31.078850000000003">
    <ele>58.050000000000004</ele>
   </trkpt>
   <trkpt lat="-29.73157" lon="31.079150000000002">
    <ele>58.85000000000001</ele>
   </trkpt>
   <trkpt lat="-29.730838893101023" lon="31.079524466274872">
    <ele>59.25</ele>
   </trkpt>
   <trkpt lat="-29.730107785148107" lon="31.079898927091985">
    <ele>59.4</ele>
   </trkpt>
   <trkpt lat="-29.729376676141296" lon="31.080273382451605">
    <ele>58.980000000000004</ele>
   </trkpt>
   <trkpt lat="-29.728645566080637" lon="31.080647832353947">
    <ele>58.050000000000004</ele>
   </trkpt>
   <trkpt lat="-29.72791445496619" lon="31.081022276799242">
    <ele>57.49</ele>
   </trkpt>
   <trkpt lat="-29.72718334279798" lon="31.081396715787736">
    <ele>55.980000000000004</ele>
   </trkpt>
   <trkpt lat="-29.72645222957607" lon="31.081771149319657">
    <ele>54.900000000000006</ele>
   </trkpt>
   <trkpt lat="-29.72572111530049" lon="31.082145577395234">
    <ele>54.38</ele>
   </trkpt>
   <trkpt lat="-29.724990000000002" lon="31.082520000000002">
    <ele>54.45</ele>
   </trkpt>
   <trkpt lat="-29.72435" lon="31.08292">
    <ele>54.28</ele>
   </trkpt>
   <trkpt lat="-29.724140000000002" lon="31.083090000000002">
    <ele>54.11000000000001</ele>
   </trkpt>
   <trkpt lat="-29.724140000000002" lon="31.083080000000002">
    <ele>54.11000000000001</ele>
   </trkpt>
   <trkpt lat="-29.723750000000003" lon="31.083410000000004">
    <ele>53.660000000000004</ele>
   </trkpt>
   <trkpt lat="-29.723390000000002" lon="31.083750000000002">
    <ele>53.300000000000004</ele>
   </trkpt>
   <trkpt lat="-29.722910000000002" lon="31.084260000000004">
    <ele>52.64000000000001</ele>
   </trkpt>
   <trkpt lat="-29.722620000000003" lon="31.08453">
    <ele>52.07000000000001</ele>
   </trkpt>
   <trkpt lat="-29.722320000000003" lon="31.084760000000003">
    <ele>52.010000000000005</ele>
   </trkpt>
   <trkpt lat="-29.72165400260999" lon="31.085178011105178">
    <ele>52.03000000000001</ele>
   </trkpt>
   <trkpt lat="-29.720988003906914" lon="31.085596016662585">
    <ele>51.92</ele>
   </trkpt>
   <trkpt lat="-29.720322003890825" lon="31.086014016672433">
    <ele>51.02</ele>
   </trkpt>
   <trkpt lat="-29.719656002561795" lon="31.08643201113494">
    <ele>50.42000000000001</ele>
   </trkpt>
   <trkpt lat="-29.71899" lon="31.086850000000002">
    <ele>49.99000000000001</ele>
   </trkpt>
   <trkpt lat="-29.71843000110396" lon="31.087236670994596">
    <ele>49.510000000000005</ele>
   </trkpt>
   <trkpt lat="-29.71787000108444" lon="31.087623337674692">
    <ele>48.95</ele>
   </trkpt>
   <trkpt lat="-29.71731" lon="31.088010000000004">
    <ele>48.34</ele>
   </trkpt>
   <trkpt lat="-29.71731" lon="31.088">
    <ele>48.35</ele>
   </trkpt>
   <trkpt lat="-29.717070000000003" lon="31.08818">
    <ele>48.150000000000006</ele>
   </trkpt>
   <trkpt lat="-29.71693" lon="31.088300000000004">
    <ele>47.92</ele>
   </trkpt>
   <trkpt lat="-29.716360000430548" lon="31.08867500219366">
    <ele>47.36000000000001</ele>
   </trkpt>
   <trkpt lat="-29.715790000000002" lon="31.089050000000004">
    <ele>47.150000000000006</ele>
   </trkpt>
   <trkpt lat="-29.71505571912597" lon="31.08951287744823">
    <ele>46.52</ele>
   </trkpt>
   <trkpt lat="-29.714321436642102" lon="31.08997574812519">
    <ele>45.03</ele>
   </trkpt>
   <trkpt lat="-29.713587152548467" lon="31.09043861203117">
    <ele>41.940000000000005</ele>
   </trkpt>
   <trkpt lat="-29.712852866845143" lon="31.09090146916645">
    <ele>37.64</ele>
   </trkpt>
   <trkpt lat="-29.712118579532202" lon="31.09136431953133">
    <ele>33.440000000000005</ele>
   </trkpt>
   <trkpt lat="-29.71138429060972" lon="31.09182716312608">
    <ele>29.6</ele>
   </trkpt>
   <trkpt lat="-29.71065" lon="31.092290000000002">
    <ele>27.970000000000002</ele>
   </trkpt>
   <trkpt lat="-29.710250000000002" lon="31.0926">
    <ele>27.23</ele>
   </trkpt>
   <trkpt lat="-29.709598578794" lon="31.093171450808722">
    <ele>25.560000000000002</ele>
   </trkpt>
   <trkpt lat="-29.708947155134645" lon="31.093742894202855">
    <ele>23.98</ele>
   </trkpt>
   <trkpt lat="-29.708295729022048" lon="31.09431433018266">
    <ele>22.740000000000002</ele>
   </trkpt>
   <trkpt lat="-29.707644300456295" lon="31.09488575874841">
    <ele>20.900000000000002</ele>
   </trkpt>
   <trkpt lat="-29.706992869437496" lon="31.09545717990036">
    <ele>18.97</ele>
   </trkpt>
   <trkpt lat="-29.706341435965737" lon="31.09602859363879">
    <ele>17.62</ele>
   </trkpt>
   <trkpt lat="-29.705690000000004" lon="31.096600000000002">
    <ele>16.42</ele>
   </trkpt>
   <trkpt lat="-29.705690000000004" lon="31.096590000000003">
    <ele>16.42</ele>
   </trkpt>
   <trkpt lat="-29.705540000000003" lon="31.096740000000004">
    <ele>16.020000000000003</ele>
   </trkpt>
   <trkpt lat="-29.70509500037895" lon="31.09706500145306">
    <ele>14.430000000000001</ele>
   </trkpt>
   <trkpt lat="-29.70465" lon="31.097390000000004">
    <ele>13.53</ele>
   </trkpt>
   <trkpt lat="-29.703930007711005" lon="31.097896695724778">
    <ele>11.56</ele>
   </trkpt>
   <trkpt lat="-29.7032100134934" lon="31.098403384184802">
    <ele>10.97</ele>
   </trkpt>
   <trkpt lat="-29.702490017347277" lon="31.098910065380363">
    <ele>10.6</ele>
   </trkpt>
   <trkpt lat="-29.701770019272704" lon="31.099416739311764">
    <ele>10.55</ele>
   </trkpt>
   <trkpt lat="-29.70105001926979" lon="31.0999234059793">
    <ele>11.99</ele>
   </trkpt>
   <trkpt lat="-29.700330017338597" lon="31.10043006538327">
    <ele>14.600000000000001</ele>
   </trkpt>
   <trkpt lat="-29.69961001347921" lon="31.10093671752396">
    <ele>17.740000000000002</ele>
   </trkpt>
   <trkpt lat="-29.69889000769173" lon="31.101443362401685">
    <ele>19.520000000000003</ele>
   </trkpt>
   <trkpt lat="-29.69817" lon="31.101950000000002">
    <ele>22.430000000000003</ele>
   </trkpt>
   <trkpt lat="-29.697670000000002" lon="31.102280000000004">
    <ele>24.6</ele>
   </trkpt>
   <trkpt lat="-29.69694" lon="31.10264">
    <ele>26.7</ele>
   </trkpt>
   <trkpt lat="-29.696187501290805" lon="31.102980007645026">
    <ele>28.8</ele>
   </trkpt>
   <trkpt lat="-29.695435001713335" lon="31.103320010196704">
    <ele>30.890000000000004</ele>
   </trkpt>
   <trkpt lat="-29.694682501267632" lon="31.10366000765525">
    <ele>32.92</ele>
   </trkpt>
   <trkpt lat="-29.69393" lon="31.104000000000003">
    <ele>35.21000000000001</ele>
   </trkpt>
   <trkpt lat="-29.69365" lon="31.10412">
    <ele>35.85</ele>
   </trkpt>
   <trkpt lat="-29.693330000000003" lon="31.10423">
    <ele>37.43000000000001</ele>
   </trkpt>
   <trkpt lat="-29.692580000631185" lon="31.10443600615202">
    <ele>40.410000000000004</ele>
   </trkpt>
   <trkpt lat="-29.691830000943646" lon="31.10464200922875">
    <ele>43.940000000000005</ele>
   </trkpt>
   <trkpt lat="-29.691080000937404" lon="31.10484800923032">
    <ele>49.75</ele>
   </trkpt>
   <trkpt lat="-29.690330000612473" lon="31.105054006156873">
    <ele>55.03</ele>
   </trkpt>
   <trkpt lat="-29.689580000000003" lon="31.10526">
    <ele>59.54</ele>
   </trkpt>
   <trkpt lat="-29.689130000000002" lon="31.10536">
    <ele>62.290000000000006</ele>
   </trkpt>
   <trkpt lat="-29.688820000000003" lon="31.105410000000003">
    <ele>63.45</ele>
   </trkpt>
   <trkpt lat="-29.688350000000003" lon="31.10545">
    <ele>64.58</ele>
   </trkpt>
   <trkpt lat="-29.68758333335554" lon="31.10542833250732">
    <ele>67.22</ele>
   </trkpt>
   <trkpt lat="-29.686816666707557" lon="31.10540666534522">
    <ele>69.70000000000002</ele>
   </trkpt>
   <trkpt lat="-29.68605000005605" lon="31.105384998513685">
    <ele>70.53</ele>
   </trkpt>
   <trkpt lat="-29.685283333401006" lon="31.105363332012686">
    <ele>70.75</ele>
   </trkpt>
   <trkpt lat="-29.68451666674245" lon="31.10534166584223">
    <ele>70.16</ele>
   </trkpt>
   <trkpt lat="-29.683750000000003" lon="31.105320000000003">
    <ele>68.87</ele>
   </trkpt>
   <trkpt lat="-29.683120000000002" lon="31.105230000000002">
    <ele>68.41000000000001</ele>
   </trkpt>
   <trkpt lat="-29.682920000000003" lon="31.105180000000004">
    <ele>68.49000000000001</ele>
   </trkpt>
   <trkpt lat="-29.68288" lon="31.105090000000004">
    <ele>68.49000000000001</ele>
   </trkpt>
   <trkpt lat="-29.682810000000003" lon="31.105020000000003">
    <ele>68.54</ele>
   </trkpt>
   <trkpt lat="-29.68269" lon="31.10498">
    <ele>68.54</ele>
   </trkpt>
   <trkpt lat="-29.682570000000002" lon="31.105010000000004">
    <ele>68.55</ele>
   </trkpt>
   <trkpt lat="-29.682380000000002" lon="31.105180000000004">
    <ele>68.68</ele>
   </trkpt>
   <trkpt lat="-29.682280000000002" lon="31.105210000000003">
    <ele>68.8</ele>
   </trkpt>
   <trkpt lat="-29.681990000000003" lon="31.105210000000003">
    <ele>69.54</ele>
   </trkpt>
   <trkpt lat="-29.682000000000002" lon="31.105210000000003">
    <ele>69.54</ele>
   </trkpt>
   <trkpt lat="-29.681500000000003" lon="31.105220000000003">
    <ele>71.47</ele>
   </trkpt>
   <trkpt lat="-29.680684999951087" lon="31.105169999591066">
    <ele>76.27</ele>
   </trkpt>
   <trkpt lat="-29.67987" lon="31.105120000000003">
    <ele>82.55000000000001</ele>
   </trkpt>
   <trkpt lat="-29.679153333408763" lon="31.104983331372527">
    <ele>88.08</ele>
   </trkpt>
   <trkpt lat="-29.678436666677285" lon="31.10484666469353">
    <ele>92.42</ele>
   </trkpt>
   <trkpt lat="-29.67772" lon="31.104710000000004">
    <ele>95.81</ele>
   </trkpt>
   <trkpt lat="-29.67697400034704" lon="31.104557995488996">
    <ele>97.44000000000001</ele>
   </trkpt>
   <trkpt lat="-29.676228000520606" lon="31.104405993233605">
    <ele>97.5</ele>
   </trkpt>
   <trkpt lat="-29.67548200052071" lon="31.104253993233726">
    <ele>95.83000000000001</ele>
   </trkpt>
   <trkpt lat="-29.67473600034736" lon="31.104101995489263">
    <ele>92.38</ele>
   </trkpt>
   <trkpt lat="-29.673990000000003" lon="31.10395">
    <ele>88.7</ele>
   </trkpt>
   <trkpt lat="-29.67342000007359" lon="31.103824999294734">
    <ele>85.46000000000001</ele>
   </trkpt>
   <trkpt lat="-29.672850000000004" lon="31.103700000000003">
    <ele>82.84</ele>
   </trkpt>
   <trkpt lat="-29.672620000000002" lon="31.103600000000004">
    <ele>81.95</ele>
   </trkpt>
   <trkpt lat="-29.67218" lon="31.103490000000004">
    <ele>81.21000000000001</ele>
   </trkpt>
   <trkpt lat="-29.671960000000002" lon="31.103440000000003">
    <ele>81.11</ele>
   </trkpt>
   <trkpt lat="-29.671560000000003" lon="31.10337">
    <ele>81.47</ele>
   </trkpt>
   <trkpt lat="-29.67132" lon="31.103350000000002">
    <ele>81.71000000000001</ele>
   </trkpt>
   <trkpt lat="-29.670930000000002" lon="31.103360000000002">
    <ele>83.13000000000001</ele>
   </trkpt>
   <trkpt lat="-29.670460000000002" lon="31.103420000000003">
    <ele>85.28</ele>
   </trkpt>
   <trkpt lat="-29.670080000000002" lon="31.103510000000004">
    <ele>86.25</ele>
   </trkpt>
   <trkpt lat="-29.669610000000002" lon="31.103680000000004">
    <ele>87.22</ele>
   </trkpt>
   <trkpt lat="-29.668836667852077" lon="31.104086672949748">
    <ele>86.66</ele>
   </trkpt>
   <trkpt lat="-29.668063334462722" lon="31.104493339645774">
    <ele>85.14</ele>
   </trkpt>
   <trkpt lat="-29.66729" lon="31.104900000000004">
    <ele>81.73</ele>
   </trkpt>
   <trkpt lat="-29.667060000000003" lon="31.10499">
    <ele>78.92999999999999</ele>
   </trkpt>
   <trkpt lat="-29.66636500035296" lon="31.105295002105688">
    <ele>75.25000000000001</ele>
   </trkpt>
   <trkpt lat="-29.665670000000002" lon="31.105600000000003">
    <ele>72.82000000000001</ele>
   </trkpt>
   <trkpt lat="-29.66485" lon="31.10581">
    <ele>73.71000000000001</ele>
   </trkpt>
   <trkpt lat="-29.664314999918215" lon="31.1059150005826">
    <ele>75.53</ele>
   </trkpt>
   <trkpt lat="-29.663780000000003" lon="31.10602">
    <ele>77.29</ele>
   </trkpt>
   <trkpt lat="-29.66392" lon="31.106710000000003">
    <ele>76.55000000000001</ele>
   </trkpt>
   <trkpt lat="-29.6641" lon="31.10751">
    <ele>73.58</ele>
   </trkpt>
   <trkpt lat="-29.66428" lon="31.107360000000003">
    <ele>72.77</ele>
   </trkpt>
   <trkpt lat="-29.664865001265127" lon="31.10680000317224">
    <ele>70.10000000000001</ele>
   </trkpt>
   <trkpt lat="-29.665450000000003" lon="31.106240000000003">
    <ele>70.24000000000001</ele>
   </trkpt>
   <trkpt lat="-29.665460000000003" lon="31.106240000000003">
    <ele>70.25</ele>
   </trkpt>
   <trkpt lat="-29.66561" lon="31.10611">
    <ele>70.85000000000001</ele>
   </trkpt>
   <trkpt lat="-29.666050000000002" lon="31.10581">
    <ele>73.49</ele>
   </trkpt>
   <trkpt lat="-29.666700000444283" lon="31.10543500247147">
    <ele>77.25000000000001</ele>
   </trkpt>
   <trkpt lat="-29.667350000000003" lon="31.10506">
    <ele>80.17</ele>
   </trkpt>
   <trkpt lat="-29.667550000000002" lon="31.104900000000004">
    <ele>81.2</ele>
   </trkpt>
   <trkpt lat="-29.668120000000002" lon="31.10461">
    <ele>83.62000000000002</ele>
   </trkpt>
   <trkpt lat="-29.66814" lon="31.1046">
    <ele>83.69</ele>
   </trkpt>
   <trkpt lat="-29.66886500055484" lon="31.104220002732447">
    <ele>85.4</ele>
   </trkpt>
   <trkpt lat="-29.669590000000003" lon="31.10384">
    <ele>85.31</ele>
   </trkpt>
   <trkpt lat="-29.669970000000003" lon="31.103680000000004">
    <ele>84.82000000000001</ele>
   </trkpt>
   <trkpt lat="-29.670360000000002" lon="31.10357">
    <ele>84.15</ele>
   </trkpt>
   <trkpt lat="-29.670930000000002" lon="31.103490000000004">
    <ele>82.42</ele>
   </trkpt>
   <trkpt lat="-29.671380000000003" lon="31.103490000000004">
    <ele>81.03</ele>
   </trkpt>
   <trkpt lat="-29.671740000000003" lon="31.103530000000003">
    <ele>80.61</ele>
   </trkpt>
   <trkpt lat="-29.67236500009127" lon="31.103629999387095">
    <ele>81.18</ele>
   </trkpt>
   <trkpt lat="-29.672990000000002" lon="31.103730000000002">
    <ele>83.46000000000001</ele>
   </trkpt>
   <trkpt lat="-29.673490000298116" lon="31.103839999508647">
    <ele>85.95000000000002</ele>
   </trkpt>
   <trkpt lat="-29.673990000000003" lon="31.10395">
    <ele>88.7</ele>
   </trkpt>
   <trkpt lat="-29.674736000346794" lon="31.10410199548915">
    <ele>93.02000000000001</ele>
   </trkpt>
   <trkpt lat="-29.675482000520137" lon="31.104253993233606">
    <ele>95.83000000000001</ele>
   </trkpt>
   <trkpt lat="-29.676228000520027" lon="31.10440599323348">
    <ele>97.5</ele>
   </trkpt>
   <trkpt lat="-29.67697400034647" lon="31.104557995488882">
    <ele>97.44000000000001</ele>
   </trkpt>
   <trkpt lat="-29.67772" lon="31.104710000000004">
    <ele>95.81</ele>
   </trkpt>
   <trkpt lat="-29.67843666687171" lon="31.10484666473061">
    <ele>92.42</ele>
   </trkpt>
   <trkpt lat="-29.679153333603185" lon="31.10498333140961">
    <ele>88.08</ele>
   </trkpt>
   <trkpt lat="-29.67987" lon="31.105120000000003">
    <ele>82.55000000000001</ele>
   </trkpt>
   <trkpt lat="-29.68068500006769" lon="31.10516999959822">
    <ele>76.27</ele>
   </trkpt>
   <trkpt lat="-29.681500000000003" lon="31.105220000000003">
    <ele>71.47</ele>
   </trkpt>
   <trkpt lat="-29.682190000000002" lon="31.105300000000003">
    <ele>69.35000000000001</ele>
   </trkpt>
   <trkpt lat="-29.68232" lon="31.105330000000002">
    <ele>68.94</ele>
   </trkpt>
   <trkpt lat="-29.68258" lon="31.105520000000002">
    <ele>68.84000000000002</ele>
   </trkpt>
   <trkpt lat="-29.68268" lon="31.10554">
    <ele>68.45</ele>
   </trkpt>
   <trkpt lat="-29.68277" lon="31.10553">
    <ele>68.45</ele>
   </trkpt>
   <trkpt lat="-29.682850000000002" lon="31.105480000000004">
    <ele>68.31</ele>
   </trkpt>
   <trkpt lat="-29.682900000000004" lon="31.105390000000003">
    <ele>68.31</ele>
   </trkpt>
   <trkpt lat="-29.683100000000003" lon="31.10534">
    <ele>68.09</ele>
   </trkpt>
   <trkpt lat="-29.683110000000003" lon="31.10534">
    <ele>68.09</ele>
   </trkpt>
   <trkpt lat="-29.683750000000003" lon="31.105320000000003">
    <ele>68.87</ele>
   </trkpt>
   <trkpt lat="-29.68451666666209" lon="31.105341665839948">
    <ele>70.16</ele>
   </trkpt>
   <trkpt lat="-29.68528333332065" lon="31.10536333201041">
    <ele>70.75</ele>
   </trkpt>
   <trkpt lat="-29.68604999997569" lon="31.105384998511404">
    <ele>70.53</ele>
   </trkpt>
   <trkpt lat="-29.6868166666272" lon="31.105406665342947">
    <ele>69.70000000000002</ele>
   </trkpt>
   <trkpt lat="-29.687583333275196" lon="31.105428332505046">
    <ele>67.22</ele>
   </trkpt>
   <trkpt lat="-29.688350000000003" lon="31.10545">
    <ele>64.58</ele>
   </trkpt>
   <trkpt lat="-29.688820000000003" lon="31.105410000000003">
    <ele>63.45</ele>
   </trkpt>
   <trkpt lat="-29.689130000000002" lon="31.10536">
    <ele>62.290000000000006</ele>
   </trkpt>
   <trkpt lat="-29.689580000000003" lon="31.10526">
    <ele>59.54</ele>
   </trkpt>
   <trkpt lat="-29.690330000643613" lon="31.105054006148325">
    <ele>55.03</ele>
   </trkpt>
   <trkpt lat="-29.691080000968547" lon="31.10484800922177">
    <ele>49.75</ele>
   </trkpt>
   <trkpt lat="-29.69183000097479" lon="31.104642009220196">
    <ele>43.940000000000005</ele>
   </trkpt>
   <trkpt lat="-29.69258000066233" lon="31.104436006143473">
    <ele>40.410000000000004</ele>
   </trkpt>
   <trkpt lat="-29.693330000000003" lon="31.10423">
    <ele>37.43000000000001</ele>
   </trkpt>
   <trkpt lat="-29.69393" lon="31.104000000000003">
    <ele>35.21000000000001</ele>
   </trkpt>
   <trkpt lat="-29.694682501313906" lon="31.103660007634346">
    <ele>32.92</ele>
   </trkpt>
   <trkpt lat="-29.69543500175961" lon="31.103320010175793">
    <ele>30.890000000000004</ele>
   </trkpt>
   <trkpt lat="-29.696187501337086" lon="31.102980007624115">
    <ele>28.8</ele>
   </trkpt>
   <trkpt lat="-29.69694" lon="31.10264">
    <ele>26.7</ele>
   </trkpt>
   <trkpt lat="-29.697670000000002" lon="31.102280000000004">
    <ele>24.6</ele>
   </trkpt>
   <trkpt lat="-29.69817" lon="31.101950000000002">
    <ele>22.430000000000003</ele>
   </trkpt>
   <trkpt lat="-29.6988900077155" lon="31.10144336238496">
    <ele>19.520000000000003</ele>
   </trkpt>
   <trkpt lat="-29.69961001350299" lon="31.10093671750723">
    <ele>17.740000000000002</ele>
   </trkpt>
   <trkpt lat="-29.700330017362372" lon="31.100430065366538">
    <ele>14.600000000000001</ele>
   </trkpt>
   <trkpt lat="-29.701050019293557" lon="31.099923405962564">
    <ele>11.99</ele>
   </trkpt>
   <trkpt lat="-29.701770019296486" lon="31.09941673929503">
    <ele>10.55</ele>
   </trkpt>
   <trkpt lat="-29.702490017371048" lon="31.098910065363633">
    <ele>10.6</ele>
   </trkpt>
   <trkpt lat="-29.703210013517175" lon="31.09840338416807">
    <ele>10.97</ele>
   </trkpt>
   <trkpt lat="-29.70393000773478" lon="31.09789669570805">
    <ele>11.56</ele>
   </trkpt>
   <trkpt lat="-29.70465" lon="31.097390000000004">
    <ele>13.53</ele>
   </trkpt>
   <trkpt lat="-29.705095000414527" lon="31.09706500142708">
    <ele>14.430000000000001</ele>
   </trkpt>
   <trkpt lat="-29.705540000000003" lon="31.096740000000004">
    <ele>16.020000000000003</ele>
   </trkpt>
   <trkpt lat="-29.70619000252924" lon="31.096163340770786">
    <ele>17.080000000000002</ele>
   </trkpt>
   <trkpt lat="-29.70684000256032" lon="31.095586674076657">
    <ele>18.47</ele>
   </trkpt>
   <trkpt lat="-29.707490000000004" lon="31.095010000000002">
    <ele>20.290000000000003</ele>
   </trkpt>
   <trkpt lat="-29.707500000000003" lon="31.095010000000002">
    <ele>20.3</ele>
   </trkpt>
   <trkpt lat="-29.708187504104334" lon="31.09440751236324">
    <ele>21.57</ele>
   </trkpt>
   <trkpt lat="-29.7088750054816" lon="31.09380501647657">
    <ele>23.98</ele>
   </trkpt>
   <trkpt lat="-29.709562504131675" lon="31.093202512339687">
    <ele>25.560000000000002</ele>
   </trkpt>
   <trkpt lat="-29.710250000000002" lon="31.0926">
    <ele>27.23</ele>
   </trkpt>
   <trkpt lat="-29.71065" lon="31.092290000000002">
    <ele>27.970000000000002</ele>
   </trkpt>
   <trkpt lat="-29.71138429053197" lon="31.091827163175086">
    <ele>29.6</ele>
   </trkpt>
   <trkpt lat="-29.712118579454465" lon="31.09136431958034">
    <ele>33.440000000000005</ele>
   </trkpt>
   <trkpt lat="-29.7128528667674" lon="31.090901469215467">
    <ele>37.64</ele>
   </trkpt>
   <trkpt lat="-29.713587152470723" lon="31.09043861208018">
    <ele>41.940000000000005</ele>
   </trkpt>
   <trkpt lat="-29.71432143656435" lon="31.089975748174204">
    <ele>45.03</ele>
   </trkpt>
   <trkpt lat="-29.715055719048216" lon="31.089512877497246">
    <ele>46.52</ele>
   </trkpt>
   <trkpt lat="-29.715790000000002" lon="31.089050000000004">
    <ele>47.150000000000006</ele>
   </trkpt>
   <trkpt lat="-29.7163600006261" lon="31.08867500206501">
    <ele>47.36000000000001</ele>
   </trkpt>
   <trkpt lat="-29.71693" lon="31.088300000000004">
    <ele>47.92</ele>
   </trkpt>
   <trkpt lat="-29.71712" lon="31.088230000000003">
    <ele>48.0</ele>
   </trkpt>
   <trkpt lat="-29.71712" lon="31.088220000000003">
    <ele>46.55</ele>
   </trkpt>
   <trkpt lat="-29.717743334469628" lon="31.08782667156835">
    <ele>46.580000000000005</ele>
   </trkpt>
   <trkpt lat="-29.718366667776742" lon="31.08743333825162">
    <ele>50.260000000000005</ele>
   </trkpt>
   <trkpt lat="-29.71899" lon="31.087040000000002">
    <ele>48.830000000000005</ele>
   </trkpt>
   <trkpt lat="-29.719730002461354" lon="31.08657501026996">
    <ele>47.42</ele>
   </trkpt>
   <trkpt lat="-29.720470003297944" lon="31.08611001368336">
    <ele>52.410000000000004</ele>
   </trkpt>
   <trkpt lat="-29.72121000250969" lon="31.08564501023992">
    <ele>51.24</ele>
   </trkpt>
   <trkpt lat="-29.721950000000003" lon="31.08518">
    <ele>50.260000000000005</ele>
   </trkpt>
   <trkpt lat="-29.722430000000003" lon="31.084850000000003">
    <ele>51.330000000000005</ele>
   </trkpt>
   <trkpt lat="-29.72294" lon="31.084410000000002">
    <ele>54.25000000000001</ele>
   </trkpt>
   <trkpt lat="-29.72352000115096" lon="31.08385500321381">
    <ele>54.50000000000001</ele>
   </trkpt>
   <trkpt lat="-29.724100000000004" lon="31.0833">
    <ele>55.75000000000001</ele>
   </trkpt>
   <trkpt lat="-29.72434" lon="31.08311">
    <ele>56.080000000000005</ele>
   </trkpt>
   <trkpt lat="-29.725080000000002" lon="31.082660000000004">
    <ele>56.02</ele>
   </trkpt>
   <trkpt lat="-29.72587500070629" lon="31.082245003257054">
    <ele>54.09</ele>
   </trkpt>
   <trkpt lat="-29.726670000000002" lon="31.081830000000004">
    <ele>53.57000000000001</ele>
   </trkpt>
   <trkpt lat="-29.727407503772465" lon="31.081451269488397">
    <ele>55.63</ele>
   </trkpt>
   <trkpt lat="-29.7281450064669" lon="31.0810725334093">
    <ele>58.550000000000004</ele>
   </trkpt>
   <trkpt lat="-29.728882508083252" lon="31.080693791762485">
    <ele>62.6</ele>
   </trkpt>
   <trkpt lat="-29.729620008621467" lon="31.080315044547696">
    <ele>62.120000000000005</ele>
   </trkpt>
   <trkpt lat="-29.730357508081507" lon="31.0799362917647">
    <ele>61.86000000000001</ele>
   </trkpt>
   <trkpt lat="-29.731095006463327" lon="31.07955753341326">
    <ele>61.76</ele>
   </trkpt>
   <trkpt lat="-29.731832503766864" lon="31.079178769493133">
    <ele>55.18000000000001</ele>
   </trkpt>
   <trkpt lat="-29.732570000000003" lon="31.0788">
    <ele>57.42</ele>
   </trkpt>
   <trkpt lat="-29.73288" lon="31.078570000000003">
    <ele>57.580000000000005</ele>
   </trkpt>
   <trkpt lat="-29.732910000000004" lon="31.078550000000003">
    <ele>57.02</ele>
   </trkpt>
   <trkpt lat="-29.733620000000002" lon="31.07822">
    <ele>56.34</ele>
   </trkpt>
   <trkpt lat="-29.734430000677673" lon="31.077800003383864">
    <ele>55.27</ele>
   </trkpt>
   <trkpt lat="-29.73524" lon="31.07738">
    <ele>54.1</ele>
   </trkpt>
   <trkpt lat="-29.73524" lon="31.077370000000002">
    <ele>54.09</ele>
   </trkpt>
   <trkpt lat="-29.735793333929657" lon="31.077083336507254">
    <ele>53.34</ele>
   </trkpt>
   <trkpt lat="-29.736346667241595" lon="31.076796669851714">
    <ele>52.39000000000001</ele>
   </trkpt>
   <trkpt lat="-29.736900000000002" lon="31.076510000000003">
    <ele>51.940000000000005</ele>
   </trkpt>
   <trkpt lat="-29.737713334658306" lon="31.076096673349713">
    <ele>50.84</ele>
   </trkpt>
   <trkpt lat="-29.73852666803235" lon="31.075683339995802">
    <ele>49.92</ele>
   </trkpt>
   <trkpt lat="-29.739340000000002" lon="31.075270000000003">
    <ele>49.32</ele>
   </trkpt>
   <trkpt lat="-29.740116667967108" lon="31.074856673060232">
    <ele>48.85</ele>
   </trkpt>
   <trkpt lat="-29.740893334649893" lon="31.074443339718428">
    <ele>47.910000000000004</ele>
   </trkpt>
   <trkpt lat="-29.741670000000003" lon="31.074030000000004">
    <ele>47.24</ele>
   </trkpt>
   <trkpt lat="-29.742240000271508" lon="31.0737450016369">
    <ele>46.660000000000004</ele>
   </trkpt>
   <trkpt lat="-29.742810000000002" lon="31.073460000000004">
    <ele>46.470000000000006</ele>
   </trkpt>
   <trkpt lat="-29.743610000000004" lon="31.073040000000002">
    <ele>45.42</ele>
   </trkpt>
   <trkpt lat="-29.744430000596846" lon="31.072625003419454">
    <ele>44.54</ele>
   </trkpt>
   <trkpt lat="-29.745250000000002" lon="31.072210000000002">
    <ele>42.72</ele>
   </trkpt>
   <trkpt lat="-29.74574500036802" lon="31.071935001311143">
    <ele>42.2</ele>
   </trkpt>
   <trkpt lat="-29.746240000000004" lon="31.07166">
    <ele>41.04</ele>
   </trkpt>
   <trkpt lat="-29.746250000000003" lon="31.07166">
    <ele>41.04</ele>
   </trkpt>
   <trkpt lat="-29.746920000000003" lon="31.07137">
    <ele>40.010000000000005</ele>
   </trkpt>
   <trkpt lat="-29.747596001904657" lon="31.071014009602415">
    <ele>38.27</ele>
   </trkpt>
   <trkpt lat="-29.748272002856464" lon="31.070658014404106">
    <ele>37.18000000000001</ele>
   </trkpt>
   <trkpt lat="-29.74894800285536" lon="31.0703020144049">
    <ele>35.5</ele>
   </trkpt>
   <trkpt lat="-29.749624001901328" lon="31.06994600960459">
    <ele>32.46</ele>
   </trkpt>
   <trkpt lat="-29.750300000000003" lon="31.06959">
    <ele>28.55</ele>
   </trkpt>
   <trkpt lat="-29.750310000000002" lon="31.06959">
    <ele>28.520000000000003</ele>
   </trkpt>
   <trkpt lat="-29.750985000628436" lon="31.06924500223063">
    <ele>23.94</ele>
   </trkpt>
   <trkpt lat="-29.75166" lon="31.068900000000003">
    <ele>19.250000000000004</ele>
   </trkpt>
   <trkpt lat="-29.75238000113334" lon="31.0685066723337">
    <ele>16.41</ele>
   </trkpt>
   <trkpt lat="-29.753100001103363" lon="31.068113339016836">
    <ele>15.13</ele>
   </trkpt>
   <trkpt lat="-29.75382" lon="31.06772">
    <ele>16.5</ele>
   </trkpt>
   <trkpt lat="-29.7539" lon="31.067700000000002">
    <ele>16.5</ele>
   </trkpt>
   <trkpt lat="-29.75439" lon="31.067410000000002">
    <ele>17.07</ele>
   </trkpt>
   <trkpt lat="-29.75501250125378" lon="31.0670725063055">
    <ele>18.02</ele>
   </trkpt>
   <trkpt lat="-29.75563500165102" lon="31.066735008418657">
    <ele>18.65</ele>
   </trkpt>
   <trkpt lat="-29.756257501191683" lon="31.066397506339335">
    <ele>18.82</ele>
   </trkpt>
   <trkpt lat="-29.756880000000002" lon="31.066060000000004">
    <ele>18.94</ele>
   </trkpt>
   <trkpt lat="-29.757482501754282" lon="31.065662507187938">
    <ele>19.21</ele>
   </trkpt>
   <trkpt lat="-29.75808500232033" lon="31.065265009596388">
    <ele>19.19</ele>
   </trkpt>
   <trkpt lat="-29.75868750169812" lon="31.064867507225188">
    <ele>19.110000000000003</ele>
   </trkpt>
   <trkpt lat="-29.759290000000004" lon="31.064470000000004">
    <ele>19.49</ele>
   </trkpt>
   <trkpt lat="-29.759885000737324" lon="31.064020002690242">
    <ele>19.810000000000002</ele>
   </trkpt>
   <trkpt lat="-29.76048" lon="31.063570000000002">
    <ele>20.05</ele>
   </trkpt>
   <trkpt lat="-29.76090000038679" lon="31.063270001222918">
    <ele>20.46</ele>
   </trkpt>
   <trkpt lat="-29.76132" lon="31.062970000000004">
    <ele>20.630000000000003</ele>
   </trkpt>
   <trkpt lat="-29.76208000400373" lon="31.062454015656698">
    <ele>21.040000000000003</ele>
   </trkpt>
   <trkpt lat="-29.762840006005046" lon="31.061938023485826">
    <ele>21.23</ele>
   </trkpt>
   <trkpt lat="-29.76360000600385" lon="31.061422023487037">
    <ele>21.71</ele>
   </trkpt>
   <trkpt lat="-29.764360004000054" lon="31.060906015660006">
    <ele>21.130000000000003</ele>
   </trkpt>
   <trkpt lat="-29.765120000000003" lon="31.06039">
    <ele>20.540000000000003</ele>
   </trkpt>
   <trkpt lat="-29.765130000000003" lon="31.06039">
    <ele>20.540000000000003</ele>
   </trkpt>
   <trkpt lat="-29.76579000377531" lon="31.059941681438055">
    <ele>20.09</ele>
   </trkpt>
   <trkpt lat="-29.766450006038838" lon="31.05949335696903">
    <ele>20.400000000000002</ele>
   </trkpt>
   <trkpt lat="-29.767110006790524" lon="31.059045026592695">
    <ele>21.57</ele>
   </trkpt>
   <trkpt lat="-29.767770006030315" lon="31.058596690308843">
    <ele>22.51</ele>
   </trkpt>
   <trkpt lat="-29.768430003758148" lon="31.05814834811726">
    <ele>23.87</ele>
   </trkpt>
   <trkpt lat="-29.769090000000002" lon="31.057700000000004">
    <ele>24.44</ele>
   </trkpt>
   <trkpt lat="-29.769795006158404" lon="31.057216273836293">
    <ele>24.240000000000002</ele>
   </trkpt>
   <trkpt lat="-29.77050001055665" lon="31.05673254086328">
    <ele>22.950000000000003</ele>
   </trkpt>
   <trkpt lat="-29.771205013194677" lon="31.056248801080688">
    <ele>21.78</ele>
   </trkpt>
   <trkpt lat="-29.771910014072407" lon="31.055765054488248">
    <ele>20.220000000000002</ele>
   </trkpt>
   <trkpt lat="-29.77261501318975" lon="31.055281301085696">
    <ele>18.88</ele>
   </trkpt>
   <trkpt lat="-29.773320010546648" lon="31.054797540872737">
    <ele>17.76</ele>
   </trkpt>
   <trkpt lat="-29.774025006143024" lon="31.054313773849117">
    <ele>17.23</ele>
   </trkpt>
   <trkpt lat="-29.77473" lon="31.05383">
    <ele>17.8</ele>
   </trkpt>
   <trkpt lat="-29.775250000000003" lon="31.053440000000002">
    <ele>18.430000000000003</ele>
   </trkpt>
   <trkpt lat="-29.775260000000003" lon="31.053440000000002">
    <ele>18.44</ele>
   </trkpt>
   <trkpt lat="-29.775380000000002" lon="31.05336">
    <ele>18.740000000000002</ele>
   </trkpt>
   <trkpt lat="-29.775820000000003" lon="31.052960000000002">
    <ele>19.23</ele>
   </trkpt>
   <trkpt lat="-29.776410001379187" lon="31.052360003509637">
    <ele>20.82</ele>
   </trkpt>
   <trkpt lat="-29.777" lon="31.05176">
    <ele>22.770000000000003</ele>
   </trkpt>
   <trkpt lat="-29.777" lon="31.051750000000002">
    <ele>22.79</ele>
   </trkpt>
   <trkpt lat="-29.777456668193118" lon="31.05129333754111">
    <ele>24.92</ele>
   </trkpt>
   <trkpt lat="-29.777913334817292" lon="31.05083667091699">
    <ele>26.400000000000002</ele>
   </trkpt>
   <trkpt lat="-29.778370000000002" lon="31.050380000000004">
    <ele>28.720000000000002</ele>
   </trkpt>
   <trkpt lat="-29.778850000000002" lon="31.04999">
    <ele>30.140000000000004</ele>
   </trkpt>
   <trkpt lat="-29.77915" lon="31.0498">
    <ele>30.69</ele>
   </trkpt>
   <trkpt lat="-29.77972" lon="31.04952">
    <ele>31.03</ele>
   </trkpt>
   <trkpt lat="-29.77973" lon="31.04952">
    <ele>31.03</ele>
   </trkpt>
   <trkpt lat="-29.78028666721358" lon="31.049263336163737">
    <ele>30.720000000000002</ele>
   </trkpt>
   <trkpt lat="-29.7808433339315" lon="31.049006669473467">
    <ele>29.710000000000004</ele>
   </trkpt>
   <trkpt lat="-29.7814" lon="31.048750000000002">
    <ele>27.650000000000002</ele>
   </trkpt>
   <trkpt lat="-29.782175001489936" lon="31.048382508550862">
    <ele>24.87</ele>
   </trkpt>
   <trkpt lat="-29.782950001963737" lon="31.048015011412176">
    <ele>21.800000000000004</ele>
   </trkpt>
   <trkpt lat="-29.783725001421335" lon="31.047647508583683">
    <ele>19.19</ele>
   </trkpt>
   <trkpt lat="-29.7845" lon="31.047280000000004">
    <ele>17.550000000000004</ele>
   </trkpt>
   <trkpt lat="-29.785130000731446" lon="31.046970003897858">
    <ele>17.130000000000003</ele>
   </trkpt>
   <trkpt lat="-29.785760000739792" lon="31.046660003893802">
    <ele>16.89</ele>
   </trkpt>
   <trkpt lat="-29.78639" lon="31.046350000000004">
    <ele>16.51</ele>
   </trkpt>
   <trkpt lat="-29.786400000000004" lon="31.046350000000004">
    <ele>16.51</ele>
   </trkpt>
   <trkpt lat="-29.78689500027951" lon="31.046105001185015">
    <ele>16.27</ele>
   </trkpt>
   <trkpt lat="-29.787390000000002" lon="31.04586">
    <ele>16.18</ele>
   </trkpt>
   <trkpt lat="-29.787570000000002" lon="31.045790000000004">
    <ele>16.130000000000003</ele>
   </trkpt>
   <trkpt lat="-29.787950000000002" lon="31.045710000000003">
    <ele>15.9</ele>
   </trkpt>
   <trkpt lat="-29.788200000000003" lon="31.045690000000004">
    <ele>15.520000000000001</ele>
   </trkpt>
   <trkpt lat="-29.78889666662775" lon="31.04569999986023">
    <ele>14.610000000000001</ele>
   </trkpt>
   <trkpt lat="-29.78959333325474" lon="31.045709999859653">
    <ele>13.9</ele>
   </trkpt>
   <trkpt lat="-29.790290000000002" lon="31.045720000000003">
    <ele>13.05</ele>
   </trkpt>
   <trkpt lat="-29.7907" lon="31.04567">
    <ele>11.750000000000002</ele>
   </trkpt>
   <trkpt lat="-29.790950000000002" lon="31.045620000000003">
    <ele>11.590000000000002</ele>
   </trkpt>
   <trkpt lat="-29.791210000000003" lon="31.045540000000003">
    <ele>11.18</ele>
   </trkpt>
   <trkpt lat="-29.79145" lon="31.045440000000003">
    <ele>10.43</ele>
   </trkpt>
   <trkpt lat="-29.792100000977964" lon="31.04515000563802">
    <ele>9.61</ele>
   </trkpt>
   <trkpt lat="-29.79275000132304" lon="31.044860007508948">
    <ele>10.26</ele>
   </trkpt>
   <trkpt lat="-29.793400001035202" lon="31.044570005612645">
    <ele>10.730000000000002</ele>
   </trkpt>
   <trkpt lat="-29.794050000000002" lon="31.044280000000004">
    <ele>11.53</ele>
   </trkpt>
   <trkpt lat="-29.79437" lon="31.044110000000003">
    <ele>11.99</ele>
   </trkpt>
   <trkpt lat="-29.794470000000004" lon="31.04406">
    <ele>12.100000000000001</ele>
   </trkpt>
   <trkpt lat="-29.794780000000003" lon="31.043850000000003">
    <ele>12.430000000000001</ele>
   </trkpt>
   <trkpt lat="-29.79502" lon="31.043620000000004">
    <ele>13.240000000000002</ele>
   </trkpt>
   <trkpt lat="-29.795380000430242" lon="31.04324000148658">
    <ele>14.430000000000001</ele>
   </trkpt>
   <trkpt lat="-29.795740000000002" lon="31.04286">
    <ele>15.420000000000002</ele>
   </trkpt>
   <trkpt lat="-29.79575" lon="31.04286">
    <ele>15.430000000000001</ele>
   </trkpt>
   <trkpt lat="-29.796125000596305" lon="31.042465001470728">
    <ele>16.720000000000002</ele>
   </trkpt>
   <trkpt lat="-29.7965" lon="31.042070000000002">
    <ele>17.61</ele>
   </trkpt>
   <trkpt lat="-29.7968" lon="31.041800000000002">
    <ele>18.03</ele>
   </trkpt>
   <trkpt lat="-29.79681" lon="31.041800000000002">
    <ele>18.04</ele>
   </trkpt>
   <trkpt lat="-29.79697" lon="31.041660000000004">
    <ele>18.14</ele>
   </trkpt>
   <trkpt lat="-29.79744" lon="31.041370000000004">
    <ele>18.01</ele>
   </trkpt>
   <trkpt lat="-29.797980000000003" lon="31.041130000000003">
    <ele>16.970000000000002</ele>
   </trkpt>
   <trkpt lat="-29.798270000000002" lon="31.041030000000003">
    <ele>16.970000000000002</ele>
   </trkpt>
   <trkpt lat="-29.798900000000003" lon="31.040850000000002">
    <ele>15.01</ele>
   </trkpt>
   <trkpt lat="-29.798920000000003" lon="31.040850000000002">
    <ele>14.97</ele>
   </trkpt>
   <trkpt lat="-29.799533333519143" lon="31.040680002093186">
    <ele>14.440000000000001</ele>
   </trkpt>
   <trkpt lat="-29.800146666820762" lon="31.040510002102">
    <ele>14.59</ele>
   </trkpt>
   <trkpt lat="-29.800760000000004" lon="31.040340000000004">
    <ele>15.340000000000002</ele>
   </trkpt>
   <trkpt lat="-29.800770000000004" lon="31.040340000000004">
    <ele>13.410000000000002</ele>
   </trkpt>
   <trkpt lat="-29.801384999959883" lon="31.04017500105262">
    <ele>16.110000000000003</ele>
   </trkpt>
   <trkpt lat="-29.802000000000003" lon="31.040010000000002">
    <ele>15.690000000000003</ele>
   </trkpt>
   <trkpt lat="-29.802760000343138" lon="31.039806669747804">
    <ele>15.99</ele>
   </trkpt>
   <trkpt lat="-29.803520000375055" lon="31.039603336405975">
    <ele>16.59</ele>
   </trkpt>
   <trkpt lat="-29.804280000000002" lon="31.039400000000004">
    <ele>16.52</ele>
   </trkpt>
   <trkpt lat="-29.80498000018019" lon="31.039210001317656">
    <ele>14.08</ele>
   </trkpt>
   <trkpt lat="-29.805680000000002" lon="31.039020000000004">
    <ele>14.610000000000001</ele>
   </trkpt>
   <trkpt lat="-29.806500000000003" lon="31.038860000000003">
    <ele>7.87</ele>
   </trkpt>
   <trkpt lat="-29.80735285731836" lon="31.03877143310348">
    <ele>8.33</ele>
   </trkpt>
   <trkpt lat="-29.808205714577674" lon="31.03868286469646">
    <ele>2.35</ele>
   </trkpt>
   <trkpt lat="-29.809058571777925" lon="31.038594294778868">
    <ele>0.9</ele>
   </trkpt>
   <trkpt lat="-29.809911428919122" lon="31.038505723350625">
    <ele>-0.59</ele>
   </trkpt>
   <trkpt lat="-29.810764286001262" lon="31.038417150411654">
    <ele>-0.76</ele>
   </trkpt>
   <trkpt lat="-29.811617143024332" lon="31.038328575961877">
    <ele>2.5300000000000002</ele>
   </trkpt>
   <trkpt lat="-29.81247" lon="31.038240000000002">
    <ele>10.67</ele>
   </trkpt>
   <trkpt lat="-29.81306000007925" lon="31.038180000347356">
    <ele>9.05</ele>
   </trkpt>
   <trkpt lat="-29.813650000000003" lon="31.038120000000003">
    <ele>10.67</ele>
   </trkpt>
   <trkpt lat="-29.81427500004847" lon="31.038005000719085">
    <ele>11.0</ele>
   </trkpt>
   <trkpt lat="-29.8149" lon="31.03789">
    <ele>10.620000000000001</ele>
   </trkpt>
   <trkpt lat="-29.81566000016675" lon="31.037755001008772">
    <ele>9.0</ele>
   </trkpt>
   <trkpt lat="-29.81642" lon="31.037620000000004">
    <ele>9.24</ele>
   </trkpt>
   <trkpt lat="-29.81726000010052" lon="31.037485001129166">
    <ele>10.81</ele>
   </trkpt>
   <trkpt lat="-29.8181" lon="31.037350000000004">
    <ele>12.72</ele>
   </trkpt>
   <trkpt lat="-29.818736666806053" lon="31.03723666810265">
    <ele>11.0</ele>
   </trkpt>
   <trkpt lat="-29.819373333515387" lon="31.03712333476174">
    <ele>10.05</ele>
   </trkpt>
   <trkpt lat="-29.820010000000003" lon="31.037010000000002">
    <ele>10.610000000000001</ele>
   </trkpt>
   <trkpt lat="-29.820675000151173" lon="31.036900000714315">
    <ele>10.3</ele>
   </trkpt>
   <trkpt lat="-29.821340000000003" lon="31.036790000000003">
    <ele>11.05</ele>
   </trkpt>
   <trkpt lat="-29.822065000045797" lon="31.036715001633848">
    <ele>11.0</ele>
   </trkpt>
   <trkpt lat="-29.82279000004924" lon="31.03664000217972">
    <ele>10.51</ele>
   </trkpt>
   <trkpt lat="-29.823515000010328" lon="31.03656500163757">
    <ele>9.600000000000001</ele>
   </trkpt>
   <trkpt lat="-29.824240000000003" lon="31.036490000000004">
    <ele>12.0</ele>
   </trkpt>
   <trkpt lat="-29.825016666799417" lon="31.03636666858067">
    <ele>12.39</ele>
   </trkpt>
   <trkpt lat="-29.82579333348429" lon="31.036243335244478">
    <ele>12.51</ele>
   </trkpt>
   <trkpt lat="-29.826570000000004" lon="31.036120000000004">
    <ele>11.01</ele>
   </trkpt>
   <trkpt lat="-29.827216667200172" lon="31.03585333678537">
    <ele>11.940000000000001</ele>
   </trkpt>
   <trkpt lat="-29.8278633338648" lon="31.03558667011959">
    <ele>11.66</ele>
   </trkpt>
   <trkpt lat="-29.82851" lon="31.035320000000002">
    <ele>13.56</ele>
   </trkpt>
   <trkpt lat="-29.82891500028808" lon="31.035065001006295">
    <ele>11.13</ele>
   </trkpt>
   <trkpt lat="-29.829320000000003" lon="31.034810000000004">
    <ele>12.32</ele>
   </trkpt>
   <trkpt lat="-29.829880001129233" lon="31.034430004231012">
    <ele>10.14</ele>
   </trkpt>
   <trkpt lat="-29.830440001170935" lon="31.034050004202765">
    <ele>8.81</ele>
   </trkpt>
   <trkpt lat="-29.831000000000003" lon="31.033670000000004">
    <ele>10.22</ele>
   </trkpt>
   <trkpt lat="-29.831690001651346" lon="31.0332033397713">
    <ele>11.500000000000002</ele>
   </trkpt>
   <trkpt lat="-29.83238000166246" lon="31.03273667309721">
    <ele>9.82</ele>
   </trkpt>
   <trkpt lat="-29.833070000000003" lon="31.032270000000004">
    <ele>9.0</ele>
   </trkpt>
   <trkpt lat="-29.833515000392225" lon="31.031980001242488">
    <ele>9.0</ele>
   </trkpt>
   <trkpt lat="-29.83396" lon="31.03169">
    <ele>8.88</ele>
   </trkpt>
   <trkpt lat="-29.834680000000002" lon="31.031350000000003">
    <ele>9.07</ele>
   </trkpt>
   <trkpt lat="-29.835420000833274" lon="31.031114006994535">
    <ele>8.0</ele>
   </trkpt>
   <trkpt lat="-29.836160001247045" lon="31.030878010492884">
    <ele>8.370000000000001</ele>
   </trkpt>
   <trkpt lat="-29.836900001241297" lon="31.030642010494873">
    <ele>9.0</ele>
   </trkpt>
   <trkpt lat="-29.837640000816013" lon="31.030406007000362">
    <ele>6.010000000000001</ele>
   </trkpt>
   <trkpt lat="-29.83838" lon="31.030170000000002">
    <ele>9.0</ele>
   </trkpt>
   <trkpt lat="-29.838330000000003" lon="31.029940000000003">
    <ele>9.0</ele>
   </trkpt>
   <trkpt lat="-29.83770000003799" lon="31.030140001297138">
    <ele>7.46</ele>
   </trkpt>
   <trkpt lat="-29.837070000000004" lon="31.030340000000002">
    <ele>6.16</ele>
   </trkpt>
   <trkpt lat="-29.836356667006896" lon="31.03057000330347">
    <ele>7.29</ele>
   </trkpt>
   <trkpt lat="-29.835643333615316" lon="31.030800003322202">
    <ele>5.9799999999999995</ele>
   </trkpt>
   <trkpt lat="-29.834930000000004" lon="31.03103">
    <ele>7.37</ele>
   </trkpt>
   <trkpt lat="-29.834490000031344" lon="31.03124500101666">
    <ele>9.14</ele>
   </trkpt>
   <trkpt lat="-29.83405" lon="31.031460000000003">
    <ele>9.01</ele>
   </trkpt>
   <trkpt lat="-29.833513334335425" lon="31.03181667046918">
    <ele>9.0</ele>
   </trkpt>
   <trkpt lat="-29.83297666771269" lon="31.032173337106606">
    <ele>8.910000000000002</ele>
   </trkpt>
   <trkpt lat="-29.832440000000002" lon="31.03253">
    <ele>9.05</ele>
   </trkpt>
   <trkpt lat="-29.83170000277139" lon="31.03302501099595">
    <ele>12.15</ele>
   </trkpt>
   <trkpt lat="-29.830960003697264" lon="31.033520014659633">
    <ele>10.46</ele>
   </trkpt>
   <trkpt lat="-29.830220002777693" lon="31.034015010991364">
    <ele>7.92</ele>
   </trkpt>
   <trkpt lat="-29.829480000000004" lon="31.03451">
    <ele>11.18</ele>
   </trkpt>
   <trkpt lat="-29.829120000000003" lon="31.034380000000002">
    <ele>10.0</ele>
   </trkpt>
   <trkpt lat="-29.829050000000002" lon="31.03423">
    <ele>10.910000000000002</ele>
   </trkpt>
   <trkpt lat="-29.828960000000002" lon="31.034110000000002">
    <ele>10.870000000000001</ele>
   </trkpt>
   <trkpt lat="-29.828750000000003" lon="31.033910000000002">
    <ele>10.950000000000001</ele>
   </trkpt>
   <trkpt lat="-29.828670000000002" lon="31.033860000000004">
    <ele>11.070000000000002</ele>
   </trkpt>
   <trkpt lat="-29.828190000000003" lon="31.033690000000004">
    <ele>11.540000000000001</ele>
   </trkpt>
   <trkpt lat="-29.827930000000002" lon="31.03346">
    <ele>11.53</ele>
   </trkpt>
   <trkpt lat="-29.82786" lon="31.033360000000002">
    <ele>11.53</ele>
   </trkpt>
   <trkpt lat="-29.827840000000002" lon="31.033260000000002">
    <ele>11.580000000000002</ele>
   </trkpt>
   <trkpt lat="-29.82785" lon="31.033130000000003">
    <ele>11.600000000000001</ele>
   </trkpt>
   <trkpt lat="-29.827910000000003" lon="31.033030000000004">
    <ele>11.55</ele>
   </trkpt>
   <trkpt lat="-29.827920000000002" lon="31.033030000000004">
    <ele>11.55</ele>
   </trkpt>
   <trkpt lat="-29.827970000000004" lon="31.032930000000004">
    <ele>11.510000000000002</ele>
   </trkpt>
   <trkpt lat="-29.82877500037039" lon="31.0326050026292">
    <ele>9.7</ele>
   </trkpt>
   <trkpt lat="-29.829580000000004" lon="31.032280000000004">
    <ele>8.650000000000002</ele>
   </trkpt>
   <trkpt lat="-29.83011" lon="31.03196">
    <ele>8.360000000000001</ele>
   </trkpt>
   <trkpt lat="-29.83059" lon="31.03158">
    <ele>8.38</ele>
   </trkpt>
   <trkpt lat="-29.830940000000002" lon="31.031270000000003">
    <ele>8.200000000000001</ele>
   </trkpt>
   <trkpt lat="-29.831210000000002" lon="31.031060000000004">
    <ele>8.08</ele>
   </trkpt>
   <trkpt lat="-29.831310000000002" lon="31.031010000000002">
    <ele>8.08</ele>
   </trkpt>
   <trkpt lat="-29.83151" lon="31.031010000000002">
    <ele>7.98</ele>
   </trkpt>
   <trkpt lat="-29.831650000000003" lon="31.031080000000003">
    <ele>7.710000000000001</ele>
   </trkpt>
   <trkpt lat="-29.83210500293145" lon="31.03194999619305">
    <ele>7.320000000000001</ele>
   </trkpt>
   <trkpt lat="-29.83256" lon="31.03282">
    <ele>7.61</ele>
   </trkpt>
   <trkpt lat="-29.832590000000003" lon="31.033060000000003">
    <ele>7.72</ele>
   </trkpt>
   <trkpt lat="-29.832600000000003" lon="31.03318">
    <ele>7.83</ele>
   </trkpt>
   <trkpt lat="-29.83247" lon="31.03327">
    <ele>7.8900000000000015</ele>
   </trkpt>
   <trkpt lat="-29.832330000000002" lon="31.033330000000003">
    <ele>8.020000000000001</ele>
   </trkpt>
  </trkseg>
 </trk>
</gpx>
