<?xml version="1.0" encoding="UTF-8"?>
<gpx creator="StravaGPX" version="1.1" xmlns="http://www.topografix.com/GPX/1/1" xmlns:xsi="http://www.w3.org/2001/XMLSchema-instance" xsi:schemaLocation="http://www.topografix.com/GPX/1/1 http://www.topografix.com/GPX/1/1/gpx.xsd">
 <metadata>
  <name>IRONMAN 70.3 Warsaw - Bike Course</name>
  <author>
   <name>IRONMAN Europe Admin</name>
   <link href="https://www.strava.com/athletes/152563527"/>
  </author>
  <copyright author="OpenStreetMap contributors">
   <year>2020</year>
   <license>https://www.openstreetmap.org/copyright</license>
  </copyright>
  <link href="https://www.strava.com/routes/3337801086621464790"/>
 </metadata>
 <trk>
  <name>IRONMAN 70.3 Warsaw - Bike Course</name>
  <link href="https://www.strava.com/routes/3337801086621464790"/>
  <type>cycling</type>
  <trkseg>
   <trkpt lat="52.435790000000004" lon="21.040580000000002">
    <ele>79.38000000000001</ele>
   </trkpt>
   <trkpt lat="52.43525" lon="21.04127">
    <ele>79.32</ele>
   </trkpt>
   <trkpt lat="52.43488000000001" lon="21.041900000000002">
    <ele>79.11</ele>
   </trkpt>
   <trkpt lat="52.434650000000005" lon="21.042330000000003">
    <ele>79.12</ele>
   </trkpt>
   <trkpt lat="52.435226009374695" lon="21.04307596097968">
    <ele>79.09</ele>
   </trkpt>
   <trkpt lat="52.43580201405588" lon="21.043821941460507">
    <ele>79.25</ele>
   </trkpt>
   <trkpt lat="52.43637801404335" lon="21.044567941443233">
    <ele>79.21000000000001</ele>
   </trkpt>
   <trkpt lat="52.43695400933689" lon="21.045313960928627">
    <ele>79.5</ele>
   </trkpt>
   <trkpt lat="52.43753" lon="21.04606">
    <ele>79.85000000000001</ele>
   </trkpt>
   <trkpt lat="52.438192012184125" lon="21.046909948914198">
    <ele>80.23</ele>
   </trkpt>
   <trkpt lat="52.438854018275116" lon="21.047759923368368">
    <ele>79.92999999999999</ele>
   </trkpt>
   <trkpt lat="52.43951601827268" lon="21.04860992336366">
    <ele>79.53999999999999</ele>
   </trkpt>
   <trkpt lat="52.44017801217644" lon="21.049459948901205">
    <ele>80.0</ele>
   </trkpt>
   <trkpt lat="52.44084" lon="21.050310000000003">
    <ele>79.78</ele>
   </trkpt>
   <trkpt lat="52.44135000000001" lon="21.051000000000002">
    <ele>79.77000000000001</ele>
   </trkpt>
   <trkpt lat="52.44158" lon="21.051560000000002">
    <ele>79.96000000000001</ele>
   </trkpt>
   <trkpt lat="52.441770000000005" lon="21.05236">
    <ele>80.39</ele>
   </trkpt>
   <trkpt lat="52.441720000000004" lon="21.052410000000002">
    <ele>80.39</ele>
   </trkpt>
   <trkpt lat="52.44171000000001" lon="21.05251">
    <ele>80.55000000000001</ele>
   </trkpt>
   <trkpt lat="52.44173000000001" lon="21.0526">
    <ele>80.55000000000001</ele>
   </trkpt>
   <trkpt lat="52.44176" lon="21.05263">
    <ele>80.55000000000001</ele>
   </trkpt>
   <trkpt lat="52.44169" lon="21.052870000000002">
    <ele>81.06</ele>
   </trkpt>
   <trkpt lat="52.441517587596124" lon="21.054244225837476">
    <ele>81.5</ele>
   </trkpt>
   <trkpt lat="52.44134515926498" lon="21.05561844091886">
    <ele>81.27000000000001</ele>
   </trkpt>
   <trkpt lat="52.44117271500685" lon="21.056992645243316">
    <ele>81.61</ele>
   </trkpt>
   <trkpt lat="52.44100025482191" lon="21.05836683881">
    <ele>81.56</ele>
   </trkpt>
   <trkpt lat="52.4408277787104" lon="21.059741021618077">
    <ele>81.71000000000001</ele>
   </trkpt>
   <trkpt lat="52.44065528667254" lon="21.06111519366669">
    <ele>82.22</ele>
   </trkpt>
   <trkpt lat="52.440482778708564" lon="21.062489354955012">
    <ele>82.92</ele>
   </trkpt>
   <trkpt lat="52.4403102548187" lon="21.063863505482196">
    <ele>83.2</ele>
   </trkpt>
   <trkpt lat="52.44013771500315" lon="21.065237645247393">
    <ele>83.36</ele>
   </trkpt>
   <trkpt lat="52.43996515926214" lon="21.06661177424977">
    <ele>83.74000000000001</ele>
   </trkpt>
   <trkpt lat="52.43979258759591" lon="21.067985892488476">
    <ele>84.24000000000001</ele>
   </trkpt>
   <trkpt lat="52.439620000000005" lon="21.069360000000003">
    <ele>84.72</ele>
   </trkpt>
   <trkpt lat="52.439600000000006" lon="21.0697">
    <ele>84.7</ele>
   </trkpt>
   <trkpt lat="52.439600000000006" lon="21.07009">
    <ele>84.63000000000001</ele>
   </trkpt>
   <trkpt lat="52.43965251544661" lon="21.071194996036937">
    <ele>83.97</ele>
   </trkpt>
   <trkpt lat="52.4397050205951" lon="21.072299994707688">
    <ele>83.84</ele>
   </trkpt>
   <trkpt lat="52.43975751544543" lon="21.073404996011757">
    <ele>83.76</ele>
   </trkpt>
   <trkpt lat="52.43981" lon="21.07451">
    <ele>84.07000000000001</ele>
   </trkpt>
   <trkpt lat="52.439676698910375" lon="21.075746685404372">
    <ele>83.75</ele>
   </trkpt>
   <trkpt lat="52.439543384921905" lon="21.07698336332545">
    <ele>83.80000000000001</ele>
   </trkpt>
   <trkpt lat="52.43941005803471" lon="21.078220033762587">
    <ele>84.24000000000001</ele>
   </trkpt>
   <trkpt lat="52.43927671824896" lon="21.079456696715134">
    <ele>84.5</ele>
   </trkpt>
   <trkpt lat="52.43914336556479" lon="21.08069335218246">
    <ele>84.42</ele>
   </trkpt>
   <trkpt lat="52.43901" lon="21.081930000000003">
    <ele>84.54</ele>
   </trkpt>
   <trkpt lat="52.43886007082137" lon="21.083296041842825">
    <ele>84.21000000000001</ele>
   </trkpt>
   <trkpt lat="52.43871012590423" lon="21.08466207438873">
    <ele>83.84</ele>
   </trkpt>
   <trkpt lat="52.438560165248774" lon="21.086028097636845">
    <ele>83.55000000000001</ele>
   </trkpt>
   <trkpt lat="52.438410188855215" lon="21.087394111586324">
    <ele>83.19</ele>
   </trkpt>
   <trkpt lat="52.43826019672371" lon="21.088760116236294">
    <ele>83.49000000000001</ele>
   </trkpt>
   <trkpt lat="52.43811018885447" lon="21.0901261115859">
    <ele>83.9</ele>
   </trkpt>
   <trkpt lat="52.4379601652477" lon="21.09149209763427">
    <ele>84.68</ele>
   </trkpt>
   <trkpt lat="52.43781012590358" lon="21.092858074380548">
    <ele>86.11</ele>
   </trkpt>
   <trkpt lat="52.437660070822275" lon="21.09422404182387">
    <ele>84.95</ele>
   </trkpt>
   <trkpt lat="52.43751" lon="21.09559">
    <ele>84.78</ele>
   </trkpt>
   <trkpt lat="52.437520000000006" lon="21.0958">
    <ele>84.89</ele>
   </trkpt>
   <trkpt lat="52.437540000000006" lon="21.096010000000003">
    <ele>85.06</ele>
   </trkpt>
   <trkpt lat="52.437580000000004" lon="21.096210000000003">
    <ele>85.53</ele>
   </trkpt>
   <trkpt lat="52.43764" lon="21.096390000000003">
    <ele>85.75</ele>
   </trkpt>
   <trkpt lat="52.43771" lon="21.09653">
    <ele>85.84000000000002</ele>
   </trkpt>
   <trkpt lat="52.43784" lon="21.096690000000002">
    <ele>85.88000000000001</ele>
   </trkpt>
   <trkpt lat="52.438010000000006" lon="21.096780000000003">
    <ele>85.9</ele>
   </trkpt>
   <trkpt lat="52.43869" lon="21.09673">
    <ele>85.19</ele>
   </trkpt>
   <trkpt lat="52.438970000000005" lon="21.096680000000003">
    <ele>85.22</ele>
   </trkpt>
   <trkpt lat="52.43923" lon="21.096580000000003">
    <ele>85.31</ele>
   </trkpt>
   <trkpt lat="52.43984500040318" lon="21.09625000463627">
    <ele>85.70000000000002</ele>
   </trkpt>
   <trkpt lat="52.44046" lon="21.095920000000003">
    <ele>86.06000000000002</ele>
   </trkpt>
   <trkpt lat="52.440670000000004" lon="21.095830000000003">
    <ele>86.13000000000001</ele>
   </trkpt>
   <trkpt lat="52.440830000000005" lon="21.0958">
    <ele>86.02000000000001</ele>
   </trkpt>
   <trkpt lat="52.441010000000006" lon="21.095850000000002">
    <ele>85.58</ele>
   </trkpt>
   <trkpt lat="52.44118" lon="21.09598">
    <ele>85.58</ele>
   </trkpt>
   <trkpt lat="52.441320000000005" lon="21.09619">
    <ele>85.26</ele>
   </trkpt>
   <trkpt lat="52.4414" lon="21.096380000000003">
    <ele>85.02000000000001</ele>
   </trkpt>
   <trkpt lat="52.441480000000006" lon="21.096700000000002">
    <ele>84.63000000000001</ele>
   </trkpt>
   <trkpt lat="52.441610011408024" lon="21.09786332641521">
    <ele>83.08</ele>
   </trkpt>
   <trkpt lat="52.441740011402175" lon="21.09902665969598">
    <ele>83.01</ele>
   </trkpt>
   <trkpt lat="52.44187" lon="21.10019">
    <ele>82.87</ele>
   </trkpt>
   <trkpt lat="52.441930000000006" lon="21.100910000000002">
    <ele>82.81</ele>
   </trkpt>
   <trkpt lat="52.44199836814857" lon="21.102194990032242">
    <ele>82.68</ele>
   </trkpt>
   <trkpt lat="52.44206672237111" lon="21.10347998405222">
    <ele>82.92</ele>
   </trkpt>
   <trkpt lat="52.442135062667575" lon="21.104764982059145">
    <ele>83.19</ele>
   </trkpt>
   <trkpt lat="52.44220338903788" lon="21.106049984052238">
    <ele>82.79</ele>
   </trkpt>
   <trkpt lat="52.442271701481936" lon="21.10733499003069">
    <ele>82.52000000000001</ele>
   </trkpt>
   <trkpt lat="52.44234" lon="21.108620000000002">
    <ele>82.31</ele>
   </trkpt>
   <trkpt lat="52.44240500384166" lon="21.10957499852809">
    <ele>82.22</ele>
   </trkpt>
   <trkpt lat="52.44247000000001" lon="21.11053">
    <ele>81.61</ele>
   </trkpt>
   <trkpt lat="52.4425" lon="21.11091">
    <ele>81.35000000000001</ele>
   </trkpt>
   <trkpt lat="52.44261" lon="21.11156">
    <ele>81.46000000000001</ele>
   </trkpt>
   <trkpt lat="52.4425" lon="21.11091">
    <ele>81.45</ele>
   </trkpt>
   <trkpt lat="52.44247000000001" lon="21.11053">
    <ele>81.61</ele>
   </trkpt>
   <trkpt lat="52.44240500385022" lon="21.109574998653923">
    <ele>82.29</ele>
   </trkpt>
   <trkpt lat="52.44234" lon="21.108620000000002">
    <ele>82.31</ele>
   </trkpt>
   <trkpt lat="52.44227170148226" lon="21.107334990036964">
    <ele>82.52000000000001</ele>
   </trkpt>
   <trkpt lat="52.442203389038205" lon="21.106049984058505">
    <ele>82.79</ele>
   </trkpt>
   <trkpt lat="52.4421350626679" lon="21.10476498206542">
    <ele>83.19</ele>
   </trkpt>
   <trkpt lat="52.44206672237146" lon="21.103479984058488">
    <ele>82.81</ele>
   </trkpt>
   <trkpt lat="52.44199836814891" lon="21.102194990038516">
    <ele>82.68</ele>
   </trkpt>
   <trkpt lat="52.441930000000006" lon="21.100910000000002">
    <ele>82.81</ele>
   </trkpt>
   <trkpt lat="52.44187" lon="21.10019">
    <ele>82.87</ele>
   </trkpt>
   <trkpt lat="52.44174001141984" lon="21.0990266598542">
    <ele>83.01</ele>
   </trkpt>
   <trkpt lat="52.4416100114257" lon="21.097863326573435">
    <ele>83.08</ele>
   </trkpt>
   <trkpt lat="52.441480000000006" lon="21.096700000000002">
    <ele>84.63000000000001</ele>
   </trkpt>
   <trkpt lat="52.4414" lon="21.096380000000003">
    <ele>85.02000000000001</ele>
   </trkpt>
   <trkpt lat="52.441320000000005" lon="21.09619">
    <ele>85.26</ele>
   </trkpt>
   <trkpt lat="52.44118" lon="21.09598">
    <ele>85.58</ele>
   </trkpt>
   <trkpt lat="52.441010000000006" lon="21.095850000000002">
    <ele>86.02000000000001</ele>
   </trkpt>
   <trkpt lat="52.440830000000005" lon="21.0958">
    <ele>86.11</ele>
   </trkpt>
   <trkpt lat="52.440670000000004" lon="21.095830000000003">
    <ele>86.12</ele>
   </trkpt>
   <trkpt lat="52.44046" lon="21.095920000000003">
    <ele>85.85000000000001</ele>
   </trkpt>
   <trkpt lat="52.439845000515284" lon="21.096250004576124">
    <ele>85.57000000000001</ele>
   </trkpt>
   <trkpt lat="52.43923" lon="21.096580000000003">
    <ele>85.31</ele>
   </trkpt>
   <trkpt lat="52.438970000000005" lon="21.096680000000003">
    <ele>85.16000000000001</ele>
   </trkpt>
   <trkpt lat="52.43869" lon="21.09673">
    <ele>85.25</ele>
   </trkpt>
   <trkpt lat="52.438010000000006" lon="21.096780000000003">
    <ele>85.9</ele>
   </trkpt>
   <trkpt lat="52.43784" lon="21.096690000000002">
    <ele>85.88000000000001</ele>
   </trkpt>
   <trkpt lat="52.43771" lon="21.09653">
    <ele>85.75</ele>
   </trkpt>
   <trkpt lat="52.43764" lon="21.096390000000003">
    <ele>85.53</ele>
   </trkpt>
   <trkpt lat="52.437580000000004" lon="21.096210000000003">
    <ele>85.06</ele>
   </trkpt>
   <trkpt lat="52.437540000000006" lon="21.096010000000003">
    <ele>85.06</ele>
   </trkpt>
   <trkpt lat="52.437520000000006" lon="21.0958">
    <ele>84.78</ele>
   </trkpt>
   <trkpt lat="52.43751" lon="21.09559">
    <ele>84.71000000000001</ele>
   </trkpt>
   <trkpt lat="52.43766007081827" lon="21.094224041860492">
    <ele>84.95</ele>
   </trkpt>
   <trkpt lat="52.437810125899546" lon="21.09285807441717">
    <ele>86.04</ele>
   </trkpt>
   <trkpt lat="52.437960165243695" lon="21.09149209767089">
    <ele>84.58</ele>
   </trkpt>
   <trkpt lat="52.43811018885046" lon="21.09012611162252">
    <ele>83.9</ele>
   </trkpt>
   <trkpt lat="52.4382601967197" lon="21.08876011627292">
    <ele>83.49000000000001</ele>
   </trkpt>
   <trkpt lat="52.438410188851186" lon="21.087394111622952">
    <ele>83.19</ele>
   </trkpt>
   <trkpt lat="52.43856016524475" lon="21.086028097673474">
    <ele>83.55000000000001</ele>
   </trkpt>
   <trkpt lat="52.43871012590022" lon="21.084662074425356">
    <ele>83.84</ele>
   </trkpt>
   <trkpt lat="52.43886007081735" lon="21.08329604187945">
    <ele>84.21000000000001</ele>
   </trkpt>
   <trkpt lat="52.43901" lon="21.081930000000003">
    <ele>84.55</ele>
   </trkpt>
   <trkpt lat="52.43914336558246" lon="21.080693352018542">
    <ele>84.42</ele>
   </trkpt>
   <trkpt lat="52.43927671826664" lon="21.079456696551215">
    <ele>84.5</ele>
   </trkpt>
   <trkpt lat="52.43941005805239" lon="21.078220033598665">
    <ele>84.24000000000001</ele>
   </trkpt>
   <trkpt lat="52.43954338493956" lon="21.076983363161528">
    <ele>83.80000000000001</ele>
   </trkpt>
   <trkpt lat="52.43967669892803" lon="21.07574668524045">
    <ele>83.95</ele>
   </trkpt>
   <trkpt lat="52.43981" lon="21.07451">
    <ele>84.07000000000001</ele>
   </trkpt>
   <trkpt lat="52.43975751544787" lon="21.073404996063125">
    <ele>83.76</ele>
   </trkpt>
   <trkpt lat="52.439705020597536" lon="21.072299994759057">
    <ele>83.84</ele>
   </trkpt>
   <trkpt lat="52.43965251544905" lon="21.071194996088305">
    <ele>84.07000000000001</ele>
   </trkpt>
   <trkpt lat="52.439600000000006" lon="21.07009">
    <ele>84.63000000000001</ele>
   </trkpt>
   <trkpt lat="52.439600000000006" lon="21.0697">
    <ele>84.72</ele>
   </trkpt>
   <trkpt lat="52.439620000000005" lon="21.069360000000003">
    <ele>84.71000000000001</ele>
   </trkpt>
   <trkpt lat="52.43979258759124" lon="21.0679858925258">
    <ele>84.24000000000001</ele>
   </trkpt>
   <trkpt lat="52.43996515925746" lon="21.066611774287097">
    <ele>83.74000000000001</ele>
   </trkpt>
   <trkpt lat="52.440137714998464" lon="21.065237645284718">
    <ele>83.36</ele>
   </trkpt>
   <trkpt lat="52.440310254814" lon="21.063863505519517">
    <ele>83.2</ele>
   </trkpt>
   <trkpt lat="52.44048277870388" lon="21.062489354992337">
    <ele>82.63000000000001</ele>
   </trkpt>
   <trkpt lat="52.44065528666785" lon="21.06111519370402">
    <ele>82.22</ele>
   </trkpt>
   <trkpt lat="52.44082777870571" lon="21.0597410216554">
    <ele>81.71000000000001</ele>
   </trkpt>
   <trkpt lat="52.44100025481722" lon="21.058366838847327">
    <ele>81.69000000000001</ele>
   </trkpt>
   <trkpt lat="52.44117271500216" lon="21.056992645280644">
    <ele>81.46000000000001</ele>
   </trkpt>
   <trkpt lat="52.4413451592603" lon="21.055618440956188">
    <ele>81.31</ele>
   </trkpt>
   <trkpt lat="52.44151758759143" lon="21.054244225874804">
    <ele>81.5</ele>
   </trkpt>
   <trkpt lat="52.44169" lon="21.052870000000002">
    <ele>81.06</ele>
   </trkpt>
   <trkpt lat="52.44176" lon="21.05263">
    <ele>80.55000000000001</ele>
   </trkpt>
   <trkpt lat="52.44173000000001" lon="21.0526">
    <ele>80.55000000000001</ele>
   </trkpt>
   <trkpt lat="52.44171000000001" lon="21.05251">
    <ele>80.39</ele>
   </trkpt>
   <trkpt lat="52.441720000000004" lon="21.052410000000002">
    <ele>80.39</ele>
   </trkpt>
   <trkpt lat="52.441770000000005" lon="21.05236">
    <ele>80.39</ele>
   </trkpt>
   <trkpt lat="52.44158" lon="21.051560000000002">
    <ele>79.78999999999999</ele>
   </trkpt>
   <trkpt lat="52.44135000000001" lon="21.051000000000002">
    <ele>79.77000000000001</ele>
   </trkpt>
   <trkpt lat="52.44097000000001" lon="21.05047">
    <ele>79.65</ele>
   </trkpt>
   <trkpt lat="52.44032127045919" lon="21.049637414195082">
    <ele>80.03</ele>
   </trkpt>
   <trkpt lat="52.43967253507213" lon="21.048804852907807">
    <ele>79.55000000000001</ele>
   </trkpt>
   <trkpt lat="52.43902379383912" lon="21.04797231613711">
    <ele>79.96000000000001</ele>
   </trkpt>
   <trkpt lat="52.43837504676048" lon="21.0471398038819">
    <ele>80.23</ele>
   </trkpt>
   <trkpt lat="52.437726293836505" lon="21.046307316141114">
    <ele>79.98</ele>
   </trkpt>
   <trkpt lat="52.437077535067516" lon="21.045474852913667">
    <ele>79.5</ele>
   </trkpt>
   <trkpt lat="52.436428770453816" lon="21.04464241419849">
    <ele>79.21000000000001</ele>
   </trkpt>
   <trkpt lat="52.43578" lon="21.04381">
    <ele>79.25</ele>
   </trkpt>
   <trkpt lat="52.43516501343791" lon="21.043011610958715">
    <ele>79.09</ele>
   </trkpt>
   <trkpt lat="52.4345500214997" lon="21.042213244201047">
    <ele>79.12</ele>
   </trkpt>
   <trkpt lat="52.43393502418561" lon="21.041414899726064">
    <ele>79.11</ele>
   </trkpt>
   <trkpt lat="52.43332002149593" lon="21.040616577532866">
    <ele>78.97000000000001</ele>
   </trkpt>
   <trkpt lat="52.43270501343089" lon="21.039818277620512">
    <ele>79.23</ele>
   </trkpt>
   <trkpt lat="52.43209" lon="21.03902">
    <ele>79.05000000000001</ele>
   </trkpt>
   <trkpt lat="52.43178" lon="21.038670000000003">
    <ele>78.97000000000001</ele>
   </trkpt>
   <trkpt lat="52.43159000000001" lon="21.038580000000003">
    <ele>79.11</ele>
   </trkpt>
   <trkpt lat="52.43151" lon="21.038580000000003">
    <ele>79.09</ele>
   </trkpt>
   <trkpt lat="52.431430000000006" lon="21.038600000000002">
    <ele>79.09</ele>
   </trkpt>
   <trkpt lat="52.43144" lon="21.038590000000003">
    <ele>79.09</ele>
   </trkpt>
   <trkpt lat="52.43124" lon="21.03875">
    <ele>78.97000000000001</ele>
   </trkpt>
   <trkpt lat="52.43108" lon="21.038970000000003">
    <ele>78.9</ele>
   </trkpt>
   <trkpt lat="52.43088" lon="21.039170000000002">
    <ele>78.84</ele>
   </trkpt>
   <trkpt lat="52.43032000114534" lon="21.039700006771117">
    <ele>78.75</ele>
   </trkpt>
   <trkpt lat="52.42976" lon="21.04023">
    <ele>78.71</ele>
   </trkpt>
   <trkpt lat="52.42931" lon="21.040770000000002">
    <ele>78.89</ele>
   </trkpt>
   <trkpt lat="52.42904000000001" lon="21.04119">
    <ele>78.99000000000001</ele>
   </trkpt>
   <trkpt lat="52.42882" lon="21.04162">
    <ele>79.01</ele>
   </trkpt>
   <trkpt lat="52.428630000000005" lon="21.04211">
    <ele>79.09</ele>
   </trkpt>
   <trkpt lat="52.42838000236382" lon="21.042845003917527">
    <ele>79.08000000000001</ele>
   </trkpt>
   <trkpt lat="52.42813" lon="21.043580000000002">
    <ele>79.32</ele>
   </trkpt>
   <trkpt lat="52.427960000000006" lon="21.043960000000002">
    <ele>79.30000000000001</ele>
   </trkpt>
   <trkpt lat="52.42755000616528" lon="21.04481334915949">
    <ele>79.16000000000001</ele>
   </trkpt>
   <trkpt lat="52.42714000618828" lon="21.04566668244472">
    <ele>79.33000000000001</ele>
   </trkpt>
   <trkpt lat="52.426730000000006" lon="21.04652">
    <ele>79.23</ele>
   </trkpt>
   <trkpt lat="52.42640000188057" lon="21.047180004853992">
    <ele>79.2</ele>
   </trkpt>
   <trkpt lat="52.42607" lon="21.04784">
    <ele>79.23</ele>
   </trkpt>
   <trkpt lat="52.42566500315416" lon="21.04870500795024">
    <ele>79.38000000000001</ele>
   </trkpt>
   <trkpt lat="52.42526" lon="21.049570000000003">
    <ele>79.85000000000001</ele>
   </trkpt>
   <trkpt lat="52.42472751516629" lon="21.050665039689846">
    <ele>80.41000000000001</ele>
   </trkpt>
   <trkpt lat="52.42419502021806" lon="21.051760052926266">
    <ele>80.97</ele>
   </trkpt>
   <trkpt lat="52.42366251515577" lon="21.052855039709904">
    <ele>80.71000000000001</ele>
   </trkpt>
   <trkpt lat="52.42313000000001" lon="21.05395">
    <ele>80.94000000000001</ele>
   </trkpt>
   <trkpt lat="52.42261251564588" lon="21.055062539206286">
    <ele>80.67</ele>
   </trkpt>
   <trkpt lat="52.4220950208512" lon="21.05617505229549">
    <ele>80.62</ele>
   </trkpt>
   <trkpt lat="52.42157751561638" lon="21.05728753926819">
    <ele>80.74000000000001</ele>
   </trkpt>
   <trkpt lat="52.421060000000004" lon="21.058400000000002">
    <ele>80.82000000000001</ele>
   </trkpt>
   <trkpt lat="52.42057792867496" lon="21.059542305214016">
    <ele>80.65</ele>
   </trkpt>
   <trkpt lat="52.420095846343" lon="21.06068458544906">
    <ele>80.63000000000001</ele>
   </trkpt>
   <trkpt lat="52.4196137530045" lon="21.06182684070554">
    <ele>80.60000000000001</ele>
   </trkpt>
   <trkpt lat="52.41913164865993" lon="21.062969070983875">
    <ele>80.58000000000001</ele>
   </trkpt>
   <trkpt lat="52.418649533309704" lon="21.064111276284468">
    <ele>80.58000000000001</ele>
   </trkpt>
   <trkpt lat="52.418167406954275" lon="21.065253456607742">
    <ele>80.52000000000001</ele>
   </trkpt>
   <trkpt lat="52.41768526959407" lon="21.066395611954093">
    <ele>80.55000000000001</ele>
   </trkpt>
   <trkpt lat="52.41720312122949" lon="21.067537742323946">
    <ele>80.73</ele>
   </trkpt>
   <trkpt lat="52.41672096186101" lon="21.068679847717696">
    <ele>80.63000000000001</ele>
   </trkpt>
   <trkpt lat="52.41623879148903" lon="21.06982192813577">
    <ele>80.85000000000001</ele>
   </trkpt>
   <trkpt lat="52.41575661011401" lon="21.070963983578572">
    <ele>80.93</ele>
   </trkpt>
   <trkpt lat="52.41527441773634" lon="21.072106014046508">
    <ele>80.89999999999999</ele>
   </trkpt>
   <trkpt lat="52.41479221435651" lon="21.073248019540003">
    <ele>80.92</ele>
   </trkpt>
   <trkpt lat="52.41431000000001" lon="21.07439">
    <ele>80.94000000000001</ele>
   </trkpt>
   <trkpt lat="52.41382431934752" lon="21.075542933333985">
    <ele>81.01</ele>
   </trkpt>
   <trkpt lat="52.413338627481615" lon="21.07669584127403">
    <ele>80.91000000000001</ele>
   </trkpt>
   <trkpt lat="52.41285292440275" lon="21.07784872382055">
    <ele>80.95</ele>
   </trkpt>
   <trkpt lat="52.41236721011134" lon="21.07900158097396">
    <ele>81.14</ele>
   </trkpt>
   <trkpt lat="52.41188148460785" lon="21.08015441273468">
    <ele>80.83000000000001</ele>
   </trkpt>
   <trkpt lat="52.411395747892726" lon="21.081307219103127">
    <ele>81.49000000000001</ele>
   </trkpt>
   <trkpt lat="52.41091" lon="21.08246">
    <ele>82.14</ele>
   </trkpt>
   <trkpt lat="52.41060000256273" lon="21.083235005373986">
    <ele>82.81</ele>
   </trkpt>
   <trkpt lat="52.41029" lon="21.084010000000003">
    <ele>83.72</ele>
   </trkpt>
   <trkpt lat="52.40985168940161" lon="21.085048384936584">
    <ele>84.0</ele>
   </trkpt>
   <trkpt lat="52.409413369706954" lon="21.086086749235857">
    <ele>84.09</ele>
   </trkpt>
   <trkpt lat="52.40897504091636" lon="21.087125092898116">
    <ele>84.12</ele>
   </trkpt>
   <trkpt lat="52.40853670303015" lon="21.08816341592368">
    <ele>84.04</ele>
   </trkpt>
   <trkpt lat="52.40809835604863" lon="21.089201718312854">
    <ele>84.16000000000001</ele>
   </trkpt>
   <trkpt lat="52.40766000000001" lon="21.09024">
    <ele>83.83</ele>
   </trkpt>
   <trkpt lat="52.40718754341338" lon="21.09145259090773">
    <ele>83.36</ele>
   </trkpt>
   <trkpt lat="52.40671507442208" lon="21.092665155840898">
    <ele>83.64</ele>
   </trkpt>
   <trkpt lat="52.4062425930266" lon="21.09387769479983">
    <ele>84.08</ele>
   </trkpt>
   <trkpt lat="52.40577009922742" lon="21.095090207784832">
    <ele>86.79</ele>
   </trkpt>
   <trkpt lat="52.405297593025" lon="21.096302694796236">
    <ele>87.36</ele>
   </trkpt>
   <trkpt lat="52.404825074419826" lon="21.09751515583436">
    <ele>86.4</ele>
   </trkpt>
   <trkpt lat="52.404352543412365" lon="21.09872759089951">
    <ele>86.28</ele>
   </trkpt>
   <trkpt lat="52.40388" lon="21.09994">
    <ele>86.43</ele>
   </trkpt>
   <trkpt lat="52.403490000000005" lon="21.10077">
    <ele>86.60000000000001</ele>
   </trkpt>
   <trkpt lat="52.402930000000005" lon="21.101860000000002">
    <ele>86.32000000000001</ele>
   </trkpt>
   <trkpt lat="52.40234" lon="21.10276">
    <ele>86.38000000000001</ele>
   </trkpt>
   <trkpt lat="52.40183500184947" lon="21.10341000735335">
    <ele>86.29</ele>
   </trkpt>
   <trkpt lat="52.40133" lon="21.10406">
    <ele>86.14</ele>
   </trkpt>
   <trkpt lat="52.400682005920686" lon="21.104652034770783">
    <ele>85.93</ele>
   </trkpt>
   <trkpt lat="52.40003400888422" lon="21.10524405215228">
    <ele>86.48</ele>
   </trkpt>
   <trkpt lat="52.39938600889076" lon="21.105836052145328">
    <ele>87.12</ele>
   </trkpt>
   <trkpt lat="52.39873800594045" lon="21.10642803475077">
    <ele>88.29</ele>
   </trkpt>
   <trkpt lat="52.39809" lon="21.107020000000002">
    <ele>89.00000000000001</ele>
   </trkpt>
   <trkpt lat="52.39737751144329" lon="21.107642570356457">
    <ele>89.39000000000001</ele>
   </trkpt>
   <trkpt lat="52.396665019616435" lon="21.108265120609147">
    <ele>90.15</ele>
   </trkpt>
   <trkpt lat="52.3959525245196" lon="21.108887650759147">
    <ele>91.17</ele>
   </trkpt>
   <trkpt lat="52.39524002615301" lon="21.109510160807535">
    <ele>92.06</ele>
   </trkpt>
   <trkpt lat="52.39452752451684" lon="21.110132650755382">
    <ele>93.63000000000001</ele>
   </trkpt>
   <trkpt lat="52.393815019611246" lon="21.11075512060376">
    <ele>94.34</ele>
   </trkpt>
   <trkpt lat="52.39310251143648" lon="21.111377570353742">
    <ele>94.67</ele>
   </trkpt>
   <trkpt lat="52.392390000000006" lon="21.112000000000002">
    <ele>94.41000000000001</ele>
   </trkpt>
   <trkpt lat="52.39168750489871" lon="21.112622529728878">
    <ele>93.48</ele>
   </trkpt>
   <trkpt lat="52.390985006527515" lon="21.113245039641324">
    <ele>92.37</ele>
   </trkpt>
   <trkpt lat="52.390282504886606" lon="21.113867529738386">
    <ele>91.83000000000001</ele>
   </trkpt>
   <trkpt lat="52.38958" lon="21.11449">
    <ele>92.28</ele>
   </trkpt>
   <trkpt lat="52.388835001868685" lon="21.11516501144091">
    <ele>92.41000000000001</ele>
   </trkpt>
   <trkpt lat="52.388090000000005" lon="21.115840000000002">
    <ele>92.58000000000001</ele>
   </trkpt>
   <trkpt lat="52.38731602747643" lon="21.116522167402845">
    <ele>92.39000000000001</ele>
   </trkpt>
   <trkpt lat="52.38654205102629" lon="21.11720431088524">
    <ele>92.33000000000001</ele>
   </trkpt>
   <trkpt lat="52.38576807064986" lon="21.11788643044858">
    <ele>92.64000000000001</ele>
   </trkpt>
   <trkpt lat="52.38499408634735" lon="21.11856852609424">
    <ele>92.72000000000001</ele>
   </trkpt>
   <trkpt lat="52.384220098119016" lon="21.119250597823612">
    <ele>92.68</ele>
   </trkpt>
   <trkpt lat="52.38344610596512" lon="21.119932645638073">
    <ele>92.44000000000001</ele>
   </trkpt>
   <trkpt lat="52.382672109885924" lon="21.120614669539027">
    <ele>92.00000000000001</ele>
   </trkpt>
   <trkpt lat="52.38189810988163" lon="21.12129666952784">
    <ele>92.19000000000001</ele>
   </trkpt>
   <trkpt lat="52.381124105952516" lon="21.121978645605903">
    <ele>92.21000000000001</ele>
   </trkpt>
   <trkpt lat="52.38035009809884" lon="21.1226605977746">
    <ele>92.2</ele>
   </trkpt>
   <trkpt lat="52.37957608632081" lon="21.123342526035323">
    <ele>92.18</ele>
   </trkpt>
   <trkpt lat="52.3788020706187" lon="21.124024430389458">
    <ele>92.32000000000001</ele>
   </trkpt>
   <trkpt lat="52.37802805099276" lon="21.124706310838377">
    <ele>92.24</ele>
   </trkpt>
   <trkpt lat="52.37725402744322" lon="21.125388167383473">
    <ele>92.15</ele>
   </trkpt>
   <trkpt lat="52.37648" lon="21.126070000000002">
    <ele>91.73</ele>
   </trkpt>
   <trkpt lat="52.375774006800214" lon="21.126704040527116">
    <ele>91.52</ele>
   </trkpt>
   <trkpt lat="52.37506801020801" lon="21.127338060782535">
    <ele>91.03000000000002</ele>
   </trkpt>
   <trkpt lat="52.37436201022356" lon="21.127972060767334">
    <ele>90.79</ele>
   </trkpt>
   <trkpt lat="52.37365600684706" lon="21.128606040482573">
    <ele>90.82000000000001</ele>
   </trkpt>
   <trkpt lat="52.37295" lon="21.129240000000003">
    <ele>90.88</ele>
   </trkpt>
   <trkpt lat="52.37238000000001" lon="21.12987">
    <ele>90.67</ele>
   </trkpt>
   <trkpt lat="52.37171000000001" lon="21.1307">
    <ele>90.69</ele>
   </trkpt>
   <trkpt lat="52.371390000000005" lon="21.13116">
    <ele>90.62</ele>
   </trkpt>
   <trkpt lat="52.37089500785399" lon="21.13194752647042">
    <ele>90.60000000000001</ele>
   </trkpt>
   <trkpt lat="52.37040001047401" lon="21.132735035290104">
    <ele>90.39000000000001</ele>
   </trkpt>
   <trkpt lat="52.36990500786027" lon="21.133522526459583">
    <ele>90.58000000000001</ele>
   </trkpt>
   <trkpt lat="52.36941" lon="21.134310000000003">
    <ele>90.52</ele>
   </trkpt>
   <trkpt lat="52.368730000000006" lon="21.135170000000002">
    <ele>90.11000000000001</ele>
   </trkpt>
   <trkpt lat="52.36830500088407" lon="21.135615004230637">
    <ele>89.95</ele>
   </trkpt>
   <trkpt lat="52.36788000000001" lon="21.13606">
    <ele>89.93</ele>
   </trkpt>
   <trkpt lat="52.367200000000004" lon="21.13663">
    <ele>89.84</ele>
   </trkpt>
   <trkpt lat="52.367000000000004" lon="21.136770000000002">
    <ele>89.79</ele>
   </trkpt>
   <trkpt lat="52.366730000000004" lon="21.13689">
    <ele>89.79</ele>
   </trkpt>
   <trkpt lat="52.36609000000001" lon="21.13709">
    <ele>89.76</ele>
   </trkpt>
   <trkpt lat="52.36542000000001" lon="21.13728">
    <ele>90.48</ele>
   </trkpt>
   <trkpt lat="52.36457666887409" lon="21.13778335250772">
    <ele>93.32000000000001</ele>
   </trkpt>
   <trkpt lat="52.36373333560991" lon="21.13828668579934">
    <ele>94.45</ele>
   </trkpt>
   <trkpt lat="52.36289000000001" lon="21.13879">
    <ele>93.50000000000001</ele>
   </trkpt>
   <trkpt lat="52.362140000000004" lon="21.13916">
    <ele>90.8</ele>
   </trkpt>
   <trkpt lat="52.36186000000001" lon="21.13943">
    <ele>90.47000000000001</ele>
   </trkpt>
   <trkpt lat="52.3618" lon="21.139570000000003">
    <ele>90.47000000000001</ele>
   </trkpt>
   <trkpt lat="52.361810000000006" lon="21.139560000000003">
    <ele>90.47000000000001</ele>
   </trkpt>
   <trkpt lat="52.361790000000006" lon="21.139770000000002">
    <ele>90.29</ele>
   </trkpt>
   <trkpt lat="52.36187" lon="21.14">
    <ele>89.53000000000002</ele>
   </trkpt>
   <trkpt lat="52.36195000000001" lon="21.14011">
    <ele>88.81000000000002</ele>
   </trkpt>
   <trkpt lat="52.362080000000006" lon="21.140140000000002">
    <ele>88.31000000000002</ele>
   </trkpt>
   <trkpt lat="52.36285" lon="21.140020000000003">
    <ele>87.48</ele>
   </trkpt>
   <trkpt lat="52.36299" lon="21.13999">
    <ele>87.55</ele>
   </trkpt>
   <trkpt lat="52.36312" lon="21.139940000000003">
    <ele>87.62</ele>
   </trkpt>
   <trkpt lat="52.3633" lon="21.139830000000003">
    <ele>87.75</ele>
   </trkpt>
   <trkpt lat="52.36352" lon="21.139650000000003">
    <ele>87.67000000000002</ele>
   </trkpt>
   <trkpt lat="52.36372000000001" lon="21.139390000000002">
    <ele>87.75</ele>
   </trkpt>
   <trkpt lat="52.36379" lon="21.139090000000003">
    <ele>87.26</ele>
   </trkpt>
   <trkpt lat="52.363780000000006" lon="21.13885">
    <ele>87.02000000000001</ele>
   </trkpt>
   <trkpt lat="52.363710000000005" lon="21.13869">
    <ele>86.92000000000002</ele>
   </trkpt>
   <trkpt lat="52.363420000000005" lon="21.138350000000003">
    <ele>86.5</ele>
   </trkpt>
   <trkpt lat="52.363710000000005" lon="21.13869">
    <ele>87.02000000000001</ele>
   </trkpt>
   <trkpt lat="52.363780000000006" lon="21.13885">
    <ele>87.08</ele>
   </trkpt>
   <trkpt lat="52.36381" lon="21.138830000000002">
    <ele>87.06000000000002</ele>
   </trkpt>
   <trkpt lat="52.36384" lon="21.13885">
    <ele>87.06000000000002</ele>
   </trkpt>
   <trkpt lat="52.364020000000004" lon="21.139010000000003">
    <ele>87.18</ele>
   </trkpt>
   <trkpt lat="52.36404" lon="21.139090000000003">
    <ele>87.36</ele>
   </trkpt>
   <trkpt lat="52.364140000000006" lon="21.13907">
    <ele>87.36</ele>
   </trkpt>
   <trkpt lat="52.36437" lon="21.139100000000003">
    <ele>87.69</ele>
   </trkpt>
   <trkpt lat="52.364990000000006" lon="21.13961">
    <ele>88.07000000000001</ele>
   </trkpt>
   <trkpt lat="52.36561500113623" lon="21.140144992369958">
    <ele>88.01</ele>
   </trkpt>
   <trkpt lat="52.366240000000005" lon="21.140680000000003">
    <ele>88.0</ele>
   </trkpt>
   <trkpt lat="52.366690000827646" lon="21.141094995865696">
    <ele>88.01</ele>
   </trkpt>
   <trkpt lat="52.367140000000006" lon="21.14151">
    <ele>88.48</ele>
   </trkpt>
   <trkpt lat="52.3677100020173" lon="21.141993320898994">
    <ele>89.32000000000001</ele>
   </trkpt>
   <trkpt lat="52.368280002063045" lon="21.142476654270922">
    <ele>89.89000000000001</ele>
   </trkpt>
   <trkpt lat="52.36885" lon="21.142960000000002">
    <ele>90.22000000000001</ele>
   </trkpt>
   <trkpt lat="52.369510001730134" lon="21.143614990133685">
    <ele>90.47000000000001</ele>
   </trkpt>
   <trkpt lat="52.37017" lon="21.144270000000002">
    <ele>89.88</ele>
   </trkpt>
   <trkpt lat="52.370907510992375" lon="21.144879928704643">
    <ele>88.72</ele>
   </trkpt>
   <trkpt lat="52.371645018845065" lon="21.14548987777764">
    <ele>88.19</ele>
   </trkpt>
   <trkpt lat="52.372382523557924" lon="21.14609984722013">
    <ele>88.14000000000001</ele>
   </trkpt>
   <trkpt lat="52.373120025130724" lon="21.146709837033242">
    <ele>88.07000000000001</ele>
   </trkpt>
   <trkpt lat="52.3738575235633" lon="21.147319847218117">
    <ele>87.87</ele>
   </trkpt>
   <trkpt lat="52.37459501885546" lon="21.147929877775894">
    <ele>87.87</ele>
   </trkpt>
   <trkpt lat="52.375332511007" lon="21.148539928707706">
    <ele>87.73</ele>
   </trkpt>
   <trkpt lat="52.376070000000006" lon="21.149150000000002">
    <ele>87.87</ele>
   </trkpt>
   <trkpt lat="52.37649000049191" lon="21.149514996467584">
    <ele>88.06000000000002</ele>
   </trkpt>
   <trkpt lat="52.37691" lon="21.149880000000003">
    <ele>88.25000000000001</ele>
   </trkpt>
   <trkpt lat="52.37765500158656" lon="21.150484989827422">
    <ele>88.39000000000001</ele>
   </trkpt>
   <trkpt lat="52.378400000000006" lon="21.151090000000003">
    <ele>88.48</ele>
   </trkpt>
   <trkpt lat="52.379065001356516" lon="21.15164999159453">
    <ele>88.71000000000001</ele>
   </trkpt>
   <trkpt lat="52.37973" lon="21.15221">
    <ele>88.88</ele>
   </trkpt>
   <trkpt lat="52.38045000750886" lon="21.152806618017785">
    <ele>89.16</ele>
   </trkpt>
   <trkpt lat="52.381170012013875" lon="21.15340325549325">
    <ele>89.04</ele>
   </trkpt>
   <trkpt lat="52.38189001351485" lon="21.153999912427466">
    <ele>88.97</ele>
   </trkpt>
   <trkpt lat="52.38261001201159" lon="21.154596588821487">
    <ele>89.05</ele>
   </trkpt>
   <trkpt lat="52.38333000750396" lon="21.155193284676372">
    <ele>89.64000000000001</ele>
   </trkpt>
   <trkpt lat="52.38405" lon="21.155790000000003">
    <ele>90.18</ele>
   </trkpt>
   <trkpt lat="52.38443" lon="21.15612">
    <ele>90.25000000000001</ele>
   </trkpt>
   <trkpt lat="52.38500500088154" lon="21.15658999383723">
    <ele>90.03000000000002</ele>
   </trkpt>
   <trkpt lat="52.385580000000004" lon="21.15706">
    <ele>89.96000000000001</ele>
   </trkpt>
   <trkpt lat="52.386310924739476" lon="21.15766899005766">
    <ele>90.03000000000002</ele>
   </trkpt>
   <trkpt lat="52.38704184634936" lon="21.158278000281925">
    <ele>89.71000000000001</ele>
   </trkpt>
   <trkpt lat="52.387772764829506" lon="21.1588870306739">
    <ele>89.46000000000001</ele>
   </trkpt>
   <trkpt lat="52.38850368017971" lon="21.1594960812347">
    <ele>89.31</ele>
   </trkpt>
   <trkpt lat="52.389234592399795" lon="21.16010515196544">
    <ele>89.12</ele>
   </trkpt>
   <trkpt lat="52.38996550148956" lon="21.160714242867236">
    <ele>89.10000000000001</ele>
   </trkpt>
   <trkpt lat="52.390696407448836" lon="21.161323353941196">
    <ele>89.23</ele>
   </trkpt>
   <trkpt lat="52.391427310277415" lon="21.161932485188444">
    <ele>89.3</ele>
   </trkpt>
   <trkpt lat="52.392158209975136" lon="21.162541636610086">
    <ele>89.75000000000001</ele>
   </trkpt>
   <trkpt lat="52.39288910654181" lon="21.163150808207234">
    <ele>90.24</ele>
   </trkpt>
   <trkpt lat="52.393620000000006" lon="21.163760000000003">
    <ele>91.35</ele>
   </trkpt>
   <trkpt lat="52.394040000000004" lon="21.16413">
    <ele>91.94000000000001</ele>
   </trkpt>
   <trkpt lat="52.39468" lon="21.16475">
    <ele>92.01</ele>
   </trkpt>
   <trkpt lat="52.395010000000006" lon="21.16512">
    <ele>91.9</ele>
   </trkpt>
   <trkpt lat="52.39556" lon="21.1658">
    <ele>91.69000000000001</ele>
   </trkpt>
   <trkpt lat="52.39591000123996" lon="21.16631999602326">
    <ele>91.6</ele>
   </trkpt>
   <trkpt lat="52.396260000000005" lon="21.16684">
    <ele>91.39000000000001</ele>
   </trkpt>
   <trkpt lat="52.39674" lon="21.167650000000002">
    <ele>91.15</ele>
   </trkpt>
   <trkpt lat="52.39725000000001" lon="21.168640000000003">
    <ele>91.07000000000001</ele>
   </trkpt>
   <trkpt lat="52.39768" lon="21.16964">
    <ele>91.00000000000001</ele>
   </trkpt>
   <trkpt lat="52.39804" lon="21.17057">
    <ele>91.02</ele>
   </trkpt>
   <trkpt lat="52.398410000000005" lon="21.17173">
    <ele>90.82000000000001</ele>
   </trkpt>
   <trkpt lat="52.398740000000004" lon="21.17295">
    <ele>90.95</ele>
   </trkpt>
   <trkpt lat="52.39890500246183" lon="21.173724996763994">
    <ele>90.91</ele>
   </trkpt>
   <trkpt lat="52.39907" lon="21.174500000000002">
    <ele>90.87</ele>
   </trkpt>
   <trkpt lat="52.39927" lon="21.175810000000002">
    <ele>90.68</ele>
   </trkpt>
   <trkpt lat="52.39943754875998" lon="21.177094965851676">
    <ele>90.47000000000001</ele>
   </trkpt>
   <trkpt lat="52.39960508358893" lon="21.17837994146146">
    <ele>90.21000000000001</ele>
   </trkpt>
   <trkpt lat="52.399772604486664" lon="21.179664926828682">
    <ele>90.07000000000001</ele>
   </trkpt>
   <trkpt lat="52.39994011145297" lon="21.18094992195266">
    <ele>90.22000000000001</ele>
   </trkpt>
   <trkpt lat="52.4001076044877" lon="21.18223492683271">
    <ele>90.43</ele>
   </trkpt>
   <trkpt lat="52.40027508359062" lon="21.183519941468155">
    <ele>90.49</ele>
   </trkpt>
   <trkpt lat="52.40044254876157" lon="21.18480496585832">
    <ele>90.42000000000002</ele>
   </trkpt>
   <trkpt lat="52.40061000000001" lon="21.18609">
    <ele>90.52</ele>
   </trkpt>
   <trkpt lat="52.40077500394944" lon="21.187054996514295">
    <ele>90.16</ele>
   </trkpt>
   <trkpt lat="52.400940000000006" lon="21.18802">
    <ele>89.96000000000001</ele>
   </trkpt>
   <trkpt lat="52.401130003233476" lon="21.18888999643895">
    <ele>89.72000000000001</ele>
   </trkpt>
   <trkpt lat="52.401320000000005" lon="21.189760000000003">
    <ele>89.65</ele>
   </trkpt>
   <trkpt lat="52.401520002736014" lon="21.190564996360315">
    <ele>89.45</ele>
   </trkpt>
   <trkpt lat="52.401720000000005" lon="21.191370000000003">
    <ele>89.53000000000002</ele>
   </trkpt>
   <trkpt lat="52.401880000000006" lon="21.1919">
    <ele>88.99000000000001</ele>
   </trkpt>
   <trkpt lat="52.402125002381204" lon="21.192654995735257">
    <ele>88.65</ele>
   </trkpt>
   <trkpt lat="52.402370000000005" lon="21.19341">
    <ele>88.77</ele>
   </trkpt>
   <trkpt lat="52.40254" lon="21.193830000000002">
    <ele>89.15</ele>
   </trkpt>
   <trkpt lat="52.402370000000005" lon="21.19341">
    <ele>88.65</ele>
   </trkpt>
   <trkpt lat="52.40212500242808" lon="21.192654995879714">
    <ele>88.65</ele>
   </trkpt>
   <trkpt lat="52.401880000000006" lon="21.1919">
    <ele>88.99000000000001</ele>
   </trkpt>
   <trkpt lat="52.401720000000005" lon="21.191370000000003">
    <ele>89.53000000000002</ele>
   </trkpt>
   <trkpt lat="52.40152000273139" lon="21.190564996341628">
    <ele>89.45</ele>
   </trkpt>
   <trkpt lat="52.401320000000005" lon="21.189760000000003">
    <ele>89.65</ele>
   </trkpt>
   <trkpt lat="52.40113000315252" lon="21.188889996068177">
    <ele>89.88</ele>
   </trkpt>
   <trkpt lat="52.400940000000006" lon="21.18802">
    <ele>89.96000000000001</ele>
   </trkpt>
   <trkpt lat="52.400775003907384" lon="21.187054996268294">
    <ele>90.38</ele>
   </trkpt>
   <trkpt lat="52.40061000000001" lon="21.18609">
    <ele>90.52</ele>
   </trkpt>
   <trkpt lat="52.400442548761234" lon="21.184804965855793">
    <ele>90.45</ele>
   </trkpt>
   <trkpt lat="52.4002750835903" lon="21.183519941465626">
    <ele>90.49</ele>
   </trkpt>
   <trkpt lat="52.40010760448736" lon="21.182234926830176">
    <ele>90.4</ele>
   </trkpt>
   <trkpt lat="52.39994011145264" lon="21.18094992195013">
    <ele>90.22000000000001</ele>
   </trkpt>
   <trkpt lat="52.39977260448633" lon="21.179664926826153">
    <ele>90.07000000000001</ele>
   </trkpt>
   <trkpt lat="52.3996050835886" lon="21.178379941458935">
    <ele>90.21000000000001</ele>
   </trkpt>
   <trkpt lat="52.39943754875965" lon="21.177094965849143">
    <ele>90.47000000000001</ele>
   </trkpt>
   <trkpt lat="52.39927" lon="21.175810000000002">
    <ele>90.83000000000001</ele>
   </trkpt>
   <trkpt lat="52.39907" lon="21.174500000000002">
    <ele>90.87</ele>
   </trkpt>
   <trkpt lat="52.398905002605765" lon="21.173724997440033">
    <ele>90.91</ele>
   </trkpt>
   <trkpt lat="52.398740000000004" lon="21.17295">
    <ele>90.95</ele>
   </trkpt>
   <trkpt lat="52.398410000000005" lon="21.17173">
    <ele>90.82000000000001</ele>
   </trkpt>
   <trkpt lat="52.39804" lon="21.17057">
    <ele>90.93</ele>
   </trkpt>
   <trkpt lat="52.39768" lon="21.16964">
    <ele>91.00000000000001</ele>
   </trkpt>
   <trkpt lat="52.39725000000001" lon="21.168640000000003">
    <ele>91.07000000000001</ele>
   </trkpt>
   <trkpt lat="52.39674" lon="21.167650000000002">
    <ele>91.15</ele>
   </trkpt>
   <trkpt lat="52.396260000000005" lon="21.16684">
    <ele>91.51</ele>
   </trkpt>
   <trkpt lat="52.39591000104151" lon="21.166319995728422">
    <ele>91.64000000000001</ele>
   </trkpt>
   <trkpt lat="52.39556" lon="21.1658">
    <ele>91.69000000000001</ele>
   </trkpt>
   <trkpt lat="52.395010000000006" lon="21.16512">
    <ele>91.9</ele>
   </trkpt>
   <trkpt lat="52.39468" lon="21.16475">
    <ele>92.01</ele>
   </trkpt>
   <trkpt lat="52.394040000000004" lon="21.16413">
    <ele>91.75000000000001</ele>
   </trkpt>
   <trkpt lat="52.393620000000006" lon="21.163760000000003">
    <ele>91.35</ele>
   </trkpt>
   <trkpt lat="52.39288910656458" lon="21.16315080822623">
    <ele>90.24</ele>
   </trkpt>
   <trkpt lat="52.392158209997916" lon="21.162541636629076">
    <ele>89.75000000000001</ele>
   </trkpt>
   <trkpt lat="52.3914273103002" lon="21.161932485207437">
    <ele>89.3</ele>
   </trkpt>
   <trkpt lat="52.390696407471616" lon="21.161323353960192">
    <ele>89.33</ele>
   </trkpt>
   <trkpt lat="52.38996550151235" lon="21.16071424288623">
    <ele>89.07000000000001</ele>
   </trkpt>
   <trkpt lat="52.389234592422575" lon="21.160105151984435">
    <ele>89.12</ele>
   </trkpt>
   <trkpt lat="52.388503680202504" lon="21.159496081253696">
    <ele>89.31</ele>
   </trkpt>
   <trkpt lat="52.38777276485231" lon="21.15888703069289">
    <ele>89.46000000000001</ele>
   </trkpt>
   <trkpt lat="52.387041846372156" lon="21.158278000300914">
    <ele>89.71000000000001</ele>
   </trkpt>
   <trkpt lat="52.38631092476226" lon="21.157668990076655">
    <ele>89.96000000000001</ele>
   </trkpt>
   <trkpt lat="52.385580000000004" lon="21.15706">
    <ele>89.96000000000001</ele>
   </trkpt>
   <trkpt lat="52.385005000982495" lon="21.15658999391975">
    <ele>90.03000000000002</ele>
   </trkpt>
   <trkpt lat="52.38443" lon="21.15612">
    <ele>90.25000000000001</ele>
   </trkpt>
   <trkpt lat="52.38405" lon="21.155790000000003">
    <ele>90.18</ele>
   </trkpt>
   <trkpt lat="52.3833300075122" lon="21.155193284683193">
    <ele>89.64000000000001</ele>
   </trkpt>
   <trkpt lat="52.38261001201983" lon="21.15459658882831">
    <ele>88.95</ele>
   </trkpt>
   <trkpt lat="52.38189001352307" lon="21.15399991243429">
    <ele>88.97</ele>
   </trkpt>
   <trkpt lat="52.381170012022096" lon="21.153403255500073">
    <ele>89.10000000000001</ele>
   </trkpt>
   <trkpt lat="52.380450007517105" lon="21.152806618024606">
    <ele>89.16</ele>
   </trkpt>
   <trkpt lat="52.37973" lon="21.15221">
    <ele>88.88</ele>
   </trkpt>
   <trkpt lat="52.379065001289874" lon="21.151649991538402">
    <ele>88.71000000000001</ele>
   </trkpt>
   <trkpt lat="52.378400000000006" lon="21.151090000000003">
    <ele>88.4</ele>
   </trkpt>
   <trkpt lat="52.37765500150229" lon="21.150484989758986">
    <ele>88.39000000000001</ele>
   </trkpt>
   <trkpt lat="52.37691" lon="21.149880000000003">
    <ele>88.25000000000001</ele>
   </trkpt>
   <trkpt lat="52.37649000063237" lon="21.149514996589662">
    <ele>88.06000000000002</ele>
   </trkpt>
   <trkpt lat="52.376070000000006" lon="21.149150000000002">
    <ele>87.87</ele>
   </trkpt>
   <trkpt lat="52.37533251098926" lon="21.148539928693026">
    <ele>87.73</ele>
   </trkpt>
   <trkpt lat="52.37459501883772" lon="21.147929877761214">
    <ele>87.87</ele>
   </trkpt>
   <trkpt lat="52.37385752354557" lon="21.14731984720344">
    <ele>87.87</ele>
   </trkpt>
   <trkpt lat="52.37312002511298" lon="21.146709837018562">
    <ele>88.07000000000001</ele>
   </trkpt>
   <trkpt lat="52.372382523540175" lon="21.14609984720545">
    <ele>88.2</ele>
   </trkpt>
   <trkpt lat="52.37164501882733" lon="21.145489877762962">
    <ele>88.19</ele>
   </trkpt>
   <trkpt lat="52.37090751097463" lon="21.14487992868997">
    <ele>88.72</ele>
   </trkpt>
   <trkpt lat="52.37017" lon="21.144270000000002">
    <ele>89.99</ele>
   </trkpt>
   <trkpt lat="52.369510001890625" lon="21.143614990292964">
    <ele>90.47000000000001</ele>
   </trkpt>
   <trkpt lat="52.36885" lon="21.142960000000002">
    <ele>90.22000000000001</ele>
   </trkpt>
   <trkpt lat="52.36828000192587" lon="21.142476654154606">
    <ele>89.61000000000001</ele>
   </trkpt>
   <trkpt lat="52.36771000188013" lon="21.141993320782678">
    <ele>89.32000000000001</ele>
   </trkpt>
   <trkpt lat="52.367140000000006" lon="21.14151">
    <ele>88.48</ele>
   </trkpt>
   <trkpt lat="52.3666900006259" lon="21.14109499567964">
    <ele>88.01</ele>
   </trkpt>
   <trkpt lat="52.366240000000005" lon="21.140680000000003">
    <ele>88.0</ele>
   </trkpt>
   <trkpt lat="52.36561500127949" lon="21.140144992492587">
    <ele>88.01</ele>
   </trkpt>
   <trkpt lat="52.364990000000006" lon="21.13961">
    <ele>88.07000000000001</ele>
   </trkpt>
   <trkpt lat="52.36437" lon="21.139100000000003">
    <ele>87.69</ele>
   </trkpt>
   <trkpt lat="52.364140000000006" lon="21.13907">
    <ele>87.36</ele>
   </trkpt>
   <trkpt lat="52.363960000000006" lon="21.13913">
    <ele>87.51</ele>
   </trkpt>
   <trkpt lat="52.36352" lon="21.139650000000003">
    <ele>87.67000000000002</ele>
   </trkpt>
   <trkpt lat="52.3633" lon="21.139830000000003">
    <ele>87.75</ele>
   </trkpt>
   <trkpt lat="52.36312" lon="21.139940000000003">
    <ele>87.55</ele>
   </trkpt>
   <trkpt lat="52.36299" lon="21.13999">
    <ele>87.55</ele>
   </trkpt>
   <trkpt lat="52.362535000076775" lon="21.14006500076361">
    <ele>87.61</ele>
   </trkpt>
   <trkpt lat="52.362080000000006" lon="21.140140000000002">
    <ele>88.31000000000002</ele>
   </trkpt>
   <trkpt lat="52.36195000000001" lon="21.14011">
    <ele>88.81000000000002</ele>
   </trkpt>
   <trkpt lat="52.36184" lon="21.140050000000002">
    <ele>88.62</ele>
   </trkpt>
   <trkpt lat="52.361740000000005" lon="21.139930000000003">
    <ele>88.62</ele>
   </trkpt>
   <trkpt lat="52.36162" lon="21.139740000000003">
    <ele>89.03000000000002</ele>
   </trkpt>
   <trkpt lat="52.36150000000001" lon="21.13964">
    <ele>89.27</ele>
   </trkpt>
   <trkpt lat="52.361380000000004" lon="21.13961">
    <ele>89.38</ele>
   </trkpt>
   <trkpt lat="52.36117" lon="21.13963">
    <ele>89.56</ele>
   </trkpt>
   <trkpt lat="52.360563334008496" lon="21.139916674547035">
    <ele>89.52</ele>
   </trkpt>
   <trkpt lat="52.35995666732337" lon="21.140203341222296">
    <ele>89.64000000000001</ele>
   </trkpt>
   <trkpt lat="52.359350000000006" lon="21.140490000000003">
    <ele>90.02</ele>
   </trkpt>
   <trkpt lat="52.35879000025959" lon="21.140725002966963">
    <ele>90.04</ele>
   </trkpt>
   <trkpt lat="52.358230000000006" lon="21.140960000000003">
    <ele>90.36000000000001</ele>
   </trkpt>
   <trkpt lat="52.357800000000005" lon="21.141060000000003">
    <ele>90.42000000000002</ele>
   </trkpt>
   <trkpt lat="52.357490000000006" lon="21.141090000000002">
    <ele>90.71000000000001</ele>
   </trkpt>
   <trkpt lat="52.35681" lon="21.141080000000002">
    <ele>91.11000000000001</ele>
   </trkpt>
   <trkpt lat="52.355920000000005" lon="21.14101">
    <ele>91.18</ele>
   </trkpt>
   <trkpt lat="52.35507750027934" lon="21.140943731057146">
    <ele>91.39000000000001</ele>
   </trkpt>
   <trkpt lat="52.354235000521605" lon="21.140877464640827">
    <ele>91.55000000000001</ele>
   </trkpt>
   <trkpt lat="52.35339250072681" lon="21.140811200750875">
    <ele>92.22000000000001</ele>
   </trkpt>
   <trkpt lat="52.352550000894944" lon="21.140744939387112">
    <ele>92.91000000000001</ele>
   </trkpt>
   <trkpt lat="52.35170750102602" lon="21.140678680549367">
    <ele>92.91000000000001</ele>
   </trkpt>
   <trkpt lat="52.350865001120056" lon="21.14061242423746">
    <ele>93.05000000000001</ele>
   </trkpt>
   <trkpt lat="52.35002250117703" lon="21.140546170451227">
    <ele>93.26</ele>
   </trkpt>
   <trkpt lat="52.34918000119695" lon="21.140479919190494">
    <ele>93.50000000000001</ele>
   </trkpt>
   <trkpt lat="52.34833750117982" lon="21.140413670455086">
    <ele>93.38000000000001</ele>
   </trkpt>
   <trkpt lat="52.34749500112565" lon="21.140347424244826">
    <ele>93.64</ele>
   </trkpt>
   <trkpt lat="52.346652501034434" lon="21.140281180559548">
    <ele>94.01</ele>
   </trkpt>
   <trkpt lat="52.345810000906184" lon="21.140214939399073">
    <ele>94.03</ele>
   </trkpt>
   <trkpt lat="52.34496750074089" lon="21.140148700763238">
    <ele>93.89</ele>
   </trkpt>
   <trkpt lat="52.34412500053855" lon="21.14008246465186">
    <ele>94.15</ele>
   </trkpt>
   <trkpt lat="52.34328250029919" lon="21.14001623106477">
    <ele>94.37</ele>
   </trkpt>
   <trkpt lat="52.34244" lon="21.139950000000002">
    <ele>93.73</ele>
   </trkpt>
   <trkpt lat="52.34178000000001" lon="21.13998">
    <ele>93.65</ele>
   </trkpt>
   <trkpt lat="52.34122000000001" lon="21.1401">
    <ele>93.69000000000001</ele>
   </trkpt>
   <trkpt lat="52.34087" lon="21.1402">
    <ele>93.7</ele>
   </trkpt>
   <trkpt lat="52.34004091275571" lon="21.14049460067767">
    <ele>93.53</ele>
   </trkpt>
   <trkpt lat="52.33921182477879" lon="21.140789190308336">
    <ele>93.48</ele>
   </trkpt>
   <trkpt lat="52.338382736069285" lon="21.141083768892738">
    <ele>93.24</ele>
   </trkpt>
   <trkpt lat="52.33755364662726" lon="21.141378336431618">
    <ele>92.94000000000001</ele>
   </trkpt>
   <trkpt lat="52.336724556452744" lon="21.141672892925698">
    <ele>92.74</ele>
   </trkpt>
   <trkpt lat="52.335895465545796" lon="21.141967438375723">
    <ele>91.94000000000001</ele>
   </trkpt>
   <trkpt lat="52.335066373906464" lon="21.142261972782418">
    <ele>91.65</ele>
   </trkpt>
   <trkpt lat="52.334237281534804" lon="21.14255649614653">
    <ele>92.05000000000001</ele>
   </trkpt>
   <trkpt lat="52.33340818843086" lon="21.14285100846878">
    <ele>91.42</ele>
   </trkpt>
   <trkpt lat="52.33257909459468" lon="21.143145509749917">
    <ele>90.96000000000001</ele>
   </trkpt>
   <trkpt lat="52.33175000000001" lon="21.143440000000002">
    <ele>90.94000000000001</ele>
   </trkpt>
   <trkpt lat="52.331230000000005" lon="21.143600000000003">
    <ele>91.17</ele>
   </trkpt>
   <trkpt lat="52.33053" lon="21.14375">
    <ele>91.25000000000001</ele>
   </trkpt>
   <trkpt lat="52.32979" lon="21.143880000000003">
    <ele>90.94000000000001</ele>
   </trkpt>
   <trkpt lat="52.33053" lon="21.14375">
    <ele>91.25000000000001</ele>
   </trkpt>
   <trkpt lat="52.331230000000005" lon="21.143600000000003">
    <ele>91.17</ele>
   </trkpt>
   <trkpt lat="52.33175000000001" lon="21.143440000000002">
    <ele>90.94000000000001</ele>
   </trkpt>
   <trkpt lat="52.33257909456837" lon="21.143145509759258">
    <ele>91.03000000000002</ele>
   </trkpt>
   <trkpt lat="52.33340818840457" lon="21.14285100847812">
    <ele>91.42</ele>
   </trkpt>
   <trkpt lat="52.334237281508514" lon="21.142556496155873">
    <ele>92.08000000000001</ele>
   </trkpt>
   <trkpt lat="52.33506637388018" lon="21.142261972791765">
    <ele>91.65</ele>
   </trkpt>
   <trkpt lat="52.33589546551951" lon="21.141967438385066">
    <ele>92.06</ele>
   </trkpt>
   <trkpt lat="52.33672455642646" lon="21.141672892935038">
    <ele>92.74</ele>
   </trkpt>
   <trkpt lat="52.33755364660097" lon="21.141378336440958">
    <ele>92.99</ele>
   </trkpt>
   <trkpt lat="52.33838273604301" lon="21.141083768902085">
    <ele>93.35</ele>
   </trkpt>
   <trkpt lat="52.339211824752496" lon="21.14078919031768">
    <ele>93.48</ele>
   </trkpt>
   <trkpt lat="52.34004091272943" lon="21.140494600687013">
    <ele>93.53</ele>
   </trkpt>
   <trkpt lat="52.34087" lon="21.1402">
    <ele>93.7</ele>
   </trkpt>
   <trkpt lat="52.34122000000001" lon="21.1401">
    <ele>93.69000000000001</ele>
   </trkpt>
   <trkpt lat="52.34178000000001" lon="21.13998">
    <ele>93.65</ele>
   </trkpt>
   <trkpt lat="52.34244" lon="21.139950000000002">
    <ele>93.73</ele>
   </trkpt>
   <trkpt lat="52.343285294414585" lon="21.1400164502542">
    <ele>94.37</ele>
   </trkpt>
   <trkpt lat="52.34413058879192" lon="21.140082903049272">
    <ele>94.15</ele>
   </trkpt>
   <trkpt lat="52.34497588313196" lon="21.140149358385386">
    <ele>93.89</ele>
   </trkpt>
   <trkpt lat="52.34582117743472" lon="21.140215816262717">
    <ele>94.03</ele>
   </trkpt>
   <trkpt lat="52.346666471700196" lon="21.140282276681432">
    <ele>93.88000000000001</ele>
   </trkpt>
   <trkpt lat="52.34751176592838" lon="21.140348739641716">
    <ele>93.64</ele>
   </trkpt>
   <trkpt lat="52.34835706011929" lon="21.14041520514375">
    <ele>93.38000000000001</ele>
   </trkpt>
   <trkpt lat="52.3492023542729" lon="21.14048167318769">
    <ele>93.50000000000001</ele>
   </trkpt>
   <trkpt lat="52.350047648389214" lon="21.140548143773724">
    <ele>93.26</ele>
   </trkpt>
   <trkpt lat="52.350892942468235" lon="21.140614616902024">
    <ele>93.05000000000001</ele>
   </trkpt>
   <trkpt lat="52.35173823650995" lon="21.140681092572756">
    <ele>92.89000000000001</ele>
   </trkpt>
   <trkpt lat="52.35258353051437" lon="21.140747570786107">
    <ele>92.91000000000001</ele>
   </trkpt>
   <trkpt lat="52.35342882448148" lon="21.140814051542247">
    <ele>92.22000000000001</ele>
   </trkpt>
   <trkpt lat="52.3542741184113" lon="21.140880534841347">
    <ele>91.55000000000001</ele>
   </trkpt>
   <trkpt lat="52.355119412303786" lon="21.140947020683587">
    <ele>91.39000000000001</ele>
   </trkpt>
   <trkpt lat="52.35596470615898" lon="21.14101350906914">
    <ele>91.18</ele>
   </trkpt>
   <trkpt lat="52.35681" lon="21.141080000000002">
    <ele>91.05</ele>
   </trkpt>
   <trkpt lat="52.357490000000006" lon="21.141090000000002">
    <ele>90.71000000000001</ele>
   </trkpt>
   <trkpt lat="52.357800000000005" lon="21.141060000000003">
    <ele>90.42000000000002</ele>
   </trkpt>
   <trkpt lat="52.358230000000006" lon="21.140960000000003">
    <ele>90.36000000000001</ele>
   </trkpt>
   <trkpt lat="52.35879000020655" lon="21.140725002989225">
    <ele>90.04</ele>
   </trkpt>
   <trkpt lat="52.359350000000006" lon="21.140490000000003">
    <ele>90.02</ele>
   </trkpt>
   <trkpt lat="52.360095000535416" lon="21.14014000589235">
    <ele>89.66</ele>
   </trkpt>
   <trkpt lat="52.36084" lon="21.13979">
    <ele>89.53000000000002</ele>
   </trkpt>
   <trkpt lat="52.36165000071303" lon="21.139400007115256">
    <ele>89.94</ele>
   </trkpt>
   <trkpt lat="52.362460000000006" lon="21.139010000000003">
    <ele>92.09</ele>
   </trkpt>
   <trkpt lat="52.36289000000001" lon="21.13879">
    <ele>93.50000000000001</ele>
   </trkpt>
   <trkpt lat="52.36321" lon="21.1386">
    <ele>94.11000000000001</ele>
   </trkpt>
   <trkpt lat="52.364050001161814" lon="21.138090009657507">
    <ele>94.12</ele>
   </trkpt>
   <trkpt lat="52.36489" lon="21.137580000000003">
    <ele>91.36000000000001</ele>
   </trkpt>
   <trkpt lat="52.36542000000001" lon="21.13728">
    <ele>90.23</ele>
   </trkpt>
   <trkpt lat="52.36609000000001" lon="21.13709">
    <ele>89.74000000000001</ele>
   </trkpt>
   <trkpt lat="52.366730000000004" lon="21.13689">
    <ele>89.79</ele>
   </trkpt>
   <trkpt lat="52.367000000000004" lon="21.136770000000002">
    <ele>89.84</ele>
   </trkpt>
   <trkpt lat="52.367200000000004" lon="21.13663">
    <ele>89.88</ele>
   </trkpt>
   <trkpt lat="52.36788000000001" lon="21.13606">
    <ele>89.93</ele>
   </trkpt>
   <trkpt lat="52.36830500078721" lon="21.13561500433206">
    <ele>89.95</ele>
   </trkpt>
   <trkpt lat="52.368730000000006" lon="21.135170000000002">
    <ele>90.2</ele>
   </trkpt>
   <trkpt lat="52.36941" lon="21.134310000000003">
    <ele>90.52</ele>
   </trkpt>
   <trkpt lat="52.36990500784731" lon="21.133522526480213">
    <ele>90.58000000000001</ele>
   </trkpt>
   <trkpt lat="52.370400010461054" lon="21.132735035310738">
    <ele>90.39000000000001</ele>
   </trkpt>
   <trkpt lat="52.370895007841035" lon="21.13194752649105">
    <ele>90.65</ele>
   </trkpt>
   <trkpt lat="52.371390000000005" lon="21.13116">
    <ele>90.61000000000001</ele>
   </trkpt>
   <trkpt lat="52.37171000000001" lon="21.1307">
    <ele>90.68</ele>
   </trkpt>
   <trkpt lat="52.37238000000001" lon="21.12987">
    <ele>90.67</ele>
   </trkpt>
   <trkpt lat="52.37295" lon="21.129240000000003">
    <ele>90.94000000000001</ele>
   </trkpt>
   <trkpt lat="52.37365600676834" lon="21.128606040553255">
    <ele>90.82000000000001</ele>
   </trkpt>
   <trkpt lat="52.37436201014485" lon="21.12797206083802">
    <ele>90.79</ele>
   </trkpt>
   <trkpt lat="52.375068010129304" lon="21.127338060853223">
    <ele>91.03000000000002</ele>
   </trkpt>
   <trkpt lat="52.375774006721514" lon="21.126704040597804">
    <ele>91.55000000000001</ele>
   </trkpt>
   <trkpt lat="52.37648" lon="21.126070000000002">
    <ele>91.73</ele>
   </trkpt>
   <trkpt lat="52.37725402747288" lon="21.125388167357347">
    <ele>92.25000000000001</ele>
   </trkpt>
   <trkpt lat="52.37802805102242" lon="21.124706310812247">
    <ele>92.22000000000001</ele>
   </trkpt>
   <trkpt lat="52.378802070648355" lon="21.124024430363324">
    <ele>92.27</ele>
   </trkpt>
   <trkpt lat="52.37957608635047" lon="21.123342526009196">
    <ele>92.22000000000001</ele>
   </trkpt>
   <trkpt lat="52.38035009812848" lon="21.122660597748474">
    <ele>92.29</ele>
   </trkpt>
   <trkpt lat="52.381124105982174" lon="21.12197864557977">
    <ele>92.23</ele>
   </trkpt>
   <trkpt lat="52.3818981099113" lon="21.121296669501707">
    <ele>92.30000000000001</ele>
   </trkpt>
   <trkpt lat="52.382672109915575" lon="21.120614669512893">
    <ele>91.98</ele>
   </trkpt>
   <trkpt lat="52.38344610599479" lon="21.119932645611946">
    <ele>92.62</ele>
   </trkpt>
   <trkpt lat="52.38422009814868" lon="21.11925059779748">
    <ele>92.72000000000001</ele>
   </trkpt>
   <trkpt lat="52.38499408637699" lon="21.118568526068103">
    <ele>92.72000000000001</ele>
   </trkpt>
   <trkpt lat="52.38576807067951" lon="21.117886430422445">
    <ele>92.62</ele>
   </trkpt>
   <trkpt lat="52.38654205105595" lon="21.11720431085911">
    <ele>92.33000000000001</ele>
   </trkpt>
   <trkpt lat="52.38731602750609" lon="21.116522167376708">
    <ele>92.54</ele>
   </trkpt>
   <trkpt lat="52.388090000000005" lon="21.115840000000002">
    <ele>92.58000000000001</ele>
   </trkpt>
   <trkpt lat="52.388835001975885" lon="21.115165011343784">
    <ele>92.41000000000001</ele>
   </trkpt>
   <trkpt lat="52.38958" lon="21.11449">
    <ele>92.13</ele>
   </trkpt>
   <trkpt lat="52.39028250491044" lon="21.11386752971728">
    <ele>91.83000000000001</ele>
   </trkpt>
   <trkpt lat="52.39098500655135" lon="21.113245039620214">
    <ele>92.37</ele>
   </trkpt>
   <trkpt lat="52.39168750492253" lon="21.11262252970777">
    <ele>93.48</ele>
   </trkpt>
   <trkpt lat="52.392390000000006" lon="21.112000000000002">
    <ele>94.41000000000001</ele>
   </trkpt>
   <trkpt lat="52.39310251144379" lon="21.11137757034734">
    <ele>94.61000000000001</ele>
   </trkpt>
   <trkpt lat="52.39381501961857" lon="21.110755120597354">
    <ele>94.25000000000001</ele>
   </trkpt>
   <trkpt lat="52.39452752452414" lon="21.110132650748977">
    <ele>92.96</ele>
   </trkpt>
   <trkpt lat="52.395240026160316" lon="21.109510160801133">
    <ele>92.06</ele>
   </trkpt>
   <trkpt lat="52.395952524526926" lon="21.10888765075274">
    <ele>91.08000000000001</ele>
   </trkpt>
   <trkpt lat="52.39666501962377" lon="21.10826512060274">
    <ele>90.15</ele>
   </trkpt>
   <trkpt lat="52.39737751145063" lon="21.107642570350052">
    <ele>89.31</ele>
   </trkpt>
   <trkpt lat="52.39809" lon="21.107020000000002">
    <ele>89.00000000000001</ele>
   </trkpt>
   <trkpt lat="52.398736005912006" lon="21.10642803466943">
    <ele>88.29</ele>
   </trkpt>
   <trkpt lat="52.39938200886731" lon="21.10583605200575">
    <ele>87.12</ele>
   </trkpt>
   <trkpt lat="52.400028008865775" lon="21.105244052008125">
    <ele>86.25</ele>
   </trkpt>
   <trkpt lat="52.40067400590725" lon="21.10465203467573">
    <ele>85.93</ele>
   </trkpt>
   <trkpt lat="52.401320000000005" lon="21.10406">
    <ele>86.12</ele>
   </trkpt>
   <trkpt lat="52.401830001909474" lon="21.103410007351403">
    <ele>86.29</ele>
   </trkpt>
   <trkpt lat="52.40234" lon="21.10276">
    <ele>86.34000000000002</ele>
   </trkpt>
   <trkpt lat="52.402930000000005" lon="21.101860000000002">
    <ele>86.32000000000001</ele>
   </trkpt>
   <trkpt lat="52.403490000000005" lon="21.10077">
    <ele>86.60000000000001</ele>
   </trkpt>
   <trkpt lat="52.40388" lon="21.09994">
    <ele>86.43</ele>
   </trkpt>
   <trkpt lat="52.404352543409246" lon="21.098727590907497">
    <ele>86.28</ele>
   </trkpt>
   <trkpt lat="52.40482507441671" lon="21.09751515584235">
    <ele>86.70000000000002</ele>
   </trkpt>
   <trkpt lat="52.40529759302188" lon="21.09630269480423">
    <ele>87.32000000000001</ele>
   </trkpt>
   <trkpt lat="52.4057700992243" lon="21.095090207792826">
    <ele>85.95000000000002</ele>
   </trkpt>
   <trkpt lat="52.40624259302349" lon="21.093877694807816">
    <ele>84.08</ele>
   </trkpt>
   <trkpt lat="52.40671507441897" lon="21.092665155848884">
    <ele>83.59</ele>
   </trkpt>
   <trkpt lat="52.40718754341026" lon="21.091452590915715">
    <ele>83.36</ele>
   </trkpt>
   <trkpt lat="52.40766000000001" lon="21.09024">
    <ele>83.83</ele>
   </trkpt>
   <trkpt lat="52.40809835607648" lon="21.08920171824691">
    <ele>84.16000000000001</ele>
   </trkpt>
   <trkpt lat="52.408536703058" lon="21.088163415857732">
    <ele>84.04</ele>
   </trkpt>
   <trkpt lat="52.40897504094419" lon="21.087125092832167">
    <ele>84.12</ele>
   </trkpt>
   <trkpt lat="52.40941336973479" lon="21.086086749169905">
    <ele>84.09</ele>
   </trkpt>
   <trkpt lat="52.40985168942946" lon="21.085048384870632">
    <ele>84.0</ele>
   </trkpt>
   <trkpt lat="52.41029" lon="21.084010000000003">
    <ele>83.72</ele>
   </trkpt>
   <trkpt lat="52.41060000250431" lon="21.083235005520027">
    <ele>82.81</ele>
   </trkpt>
   <trkpt lat="52.41091" lon="21.08246">
    <ele>82.14</ele>
   </trkpt>
   <trkpt lat="52.411395747926306" lon="21.0813072190234">
    <ele>81.39</ele>
   </trkpt>
   <trkpt lat="52.41188148464145" lon="21.080154412654952">
    <ele>80.83000000000001</ele>
   </trkpt>
   <trkpt lat="52.412367210144936" lon="21.07900158089423">
    <ele>81.14</ele>
   </trkpt>
   <trkpt lat="52.41285292443633" lon="21.077848723740814">
    <ele>80.95</ele>
   </trkpt>
   <trkpt lat="52.413338627515216" lon="21.0766958411943">
    <ele>80.91000000000001</ele>
   </trkpt>
   <trkpt lat="52.4138243193811" lon="21.075542933254255">
    <ele>80.97</ele>
   </trkpt>
   <trkpt lat="52.41431000000001" lon="21.07439">
    <ele>80.94000000000001</ele>
   </trkpt>
   <trkpt lat="52.414792214381606" lon="21.07324801948055">
    <ele>80.98</ele>
   </trkpt>
   <trkpt lat="52.41527441776146" lon="21.072106013987057">
    <ele>80.89999999999999</ele>
   </trkpt>
   <trkpt lat="52.415756610139105" lon="21.070963983519118">
    <ele>80.93</ele>
   </trkpt>
   <trkpt lat="52.416238791514125" lon="21.069821928076312">
    <ele>80.85000000000001</ele>
   </trkpt>
   <trkpt lat="52.4167209618861" lon="21.06867984765824">
    <ele>80.61</ele>
   </trkpt>
   <trkpt lat="52.41720312125459" lon="21.067537742264484">
    <ele>80.73</ele>
   </trkpt>
   <trkpt lat="52.41768526961917" lon="21.066395611894634">
    <ele>80.55000000000001</ele>
   </trkpt>
   <trkpt lat="52.41816740697939" lon="21.065253456548277">
    <ele>80.52000000000001</ele>
   </trkpt>
   <trkpt lat="52.4186495333348" lon="21.064111276225006">
    <ele>80.59</ele>
   </trkpt>
   <trkpt lat="52.41913164868504" lon="21.06296907092441">
    <ele>80.49000000000001</ele>
   </trkpt>
   <trkpt lat="52.419613753029594" lon="21.06182684064607">
    <ele>80.58000000000001</ele>
   </trkpt>
   <trkpt lat="52.420095846368085" lon="21.060684585389588">
    <ele>80.63000000000001</ele>
   </trkpt>
   <trkpt lat="52.420577928700055" lon="21.059542305154544">
    <ele>80.65</ele>
   </trkpt>
   <trkpt lat="52.421060000000004" lon="21.058400000000002">
    <ele>80.82000000000001</ele>
   </trkpt>
   <trkpt lat="52.42157751567451" lon="21.057287539143232">
    <ele>80.74000000000001</ele>
   </trkpt>
   <trkpt lat="52.42209502090932" lon="21.056175052170527">
    <ele>80.62</ele>
   </trkpt>
   <trkpt lat="52.422612515704" lon="21.05506253908132">
    <ele>80.67</ele>
   </trkpt>
   <trkpt lat="52.42313000000001" lon="21.05395">
    <ele>80.95</ele>
   </trkpt>
   <trkpt lat="52.423662515175906" lon="21.052855039668497">
    <ele>80.72</ele>
   </trkpt>
   <trkpt lat="52.424195020238194" lon="21.05176005288486">
    <ele>80.97</ele>
   </trkpt>
   <trkpt lat="52.42472751518642" lon="21.05066503964844">
    <ele>80.32000000000001</ele>
   </trkpt>
   <trkpt lat="52.42526" lon="21.049570000000003">
    <ele>79.85000000000001</ele>
   </trkpt>
   <trkpt lat="52.42566500315722" lon="21.04870500794371">
    <ele>79.38000000000001</ele>
   </trkpt>
   <trkpt lat="52.42607" lon="21.04784">
    <ele>79.23</ele>
   </trkpt>
   <trkpt lat="52.42640000179374" lon="21.04718000502767">
    <ele>79.2</ele>
   </trkpt>
   <trkpt lat="52.426730000000006" lon="21.04652">
    <ele>79.23</ele>
   </trkpt>
   <trkpt lat="52.42714000611909" lon="21.04566668258874">
    <ele>79.33000000000001</ele>
   </trkpt>
   <trkpt lat="52.42755000609608" lon="21.044813349303517">
    <ele>79.16000000000001</ele>
   </trkpt>
   <trkpt lat="52.427960000000006" lon="21.043960000000002">
    <ele>79.32</ele>
   </trkpt>
   <trkpt lat="52.42813" lon="21.043580000000002">
    <ele>79.26</ele>
   </trkpt>
   <trkpt lat="52.42838000219294" lon="21.042845004419878">
    <ele>79.08000000000001</ele>
   </trkpt>
   <trkpt lat="52.428630000000005" lon="21.04211">
    <ele>79.01</ele>
   </trkpt>
   <trkpt lat="52.42882" lon="21.04162">
    <ele>79.01</ele>
   </trkpt>
   <trkpt lat="52.42904000000001" lon="21.04119">
    <ele>78.99000000000001</ele>
   </trkpt>
   <trkpt lat="52.42931" lon="21.040770000000002">
    <ele>78.89</ele>
   </trkpt>
   <trkpt lat="52.42976" lon="21.04023">
    <ele>78.71</ele>
   </trkpt>
   <trkpt lat="52.43020000060942" lon="21.039815004253168">
    <ele>78.75</ele>
   </trkpt>
   <trkpt lat="52.430640000000004" lon="21.0394">
    <ele>78.79</ele>
   </trkpt>
   <trkpt lat="52.43108" lon="21.038970000000003">
    <ele>78.9</ele>
   </trkpt>
   <trkpt lat="52.43124" lon="21.03875">
    <ele>79.03</ele>
   </trkpt>
   <trkpt lat="52.43153" lon="21.038300000000003">
    <ele>79.17999999999999</ele>
   </trkpt>
   <trkpt lat="52.43173" lon="21.03791">
    <ele>79.52000000000001</ele>
   </trkpt>
   <trkpt lat="52.43191" lon="21.037480000000002">
    <ele>80.09</ele>
   </trkpt>
   <trkpt lat="52.43206000000001" lon="21.03704">
    <ele>80.64</ele>
   </trkpt>
   <trkpt lat="52.432190000000006" lon="21.036530000000003">
    <ele>81.85000000000001</ele>
   </trkpt>
   <trkpt lat="52.432280000000006" lon="21.03603">
    <ele>82.80000000000001</ele>
   </trkpt>
   <trkpt lat="52.43235000000001" lon="21.035510000000002">
    <ele>84.01</ele>
   </trkpt>
   <trkpt lat="52.432390000000005" lon="21.0347">
    <ele>84.69</ele>
   </trkpt>
   <trkpt lat="52.43243667807955" lon="21.033536669181064">
    <ele>83.84</ele>
   </trkpt>
   <trkpt lat="52.432483344744185" lon="21.032373335898182">
    <ele>82.06</ele>
   </trkpt>
   <trkpt lat="52.43253000000001" lon="21.03121">
    <ele>80.58000000000001</ele>
   </trkpt>
   <trkpt lat="52.432460000000006" lon="21.031160000000003">
    <ele>80.27000000000001</ele>
   </trkpt>
   <trkpt lat="52.43242000000001" lon="21.03106">
    <ele>80.27000000000001</ele>
   </trkpt>
   <trkpt lat="52.43236" lon="21.031000000000002">
    <ele>80.27000000000001</ele>
   </trkpt>
   <trkpt lat="52.432120000000005" lon="21.03094">
    <ele>80.12</ele>
   </trkpt>
   <trkpt lat="52.431940000000004" lon="21.03086">
    <ele>79.61</ele>
   </trkpt>
   <trkpt lat="52.431740000000005" lon="21.030810000000002">
    <ele>79.17</ele>
   </trkpt>
   <trkpt lat="52.43114000017007" lon="21.03067499818316">
    <ele>78.55000000000001</ele>
   </trkpt>
   <trkpt lat="52.43054000000001" lon="21.030540000000002">
    <ele>78.53</ele>
   </trkpt>
   <trkpt lat="52.42992" lon="21.030430000000003">
    <ele>78.9</ele>
   </trkpt>
   <trkpt lat="52.429700000000004" lon="21.030430000000003">
    <ele>78.95</ele>
   </trkpt>
   <trkpt lat="52.4294" lon="21.030450000000002">
    <ele>78.95</ele>
   </trkpt>
   <trkpt lat="52.428940000000004" lon="21.03056">
    <ele>78.98</ele>
   </trkpt>
   <trkpt lat="52.428790000000006" lon="21.030640000000002">
    <ele>78.98</ele>
   </trkpt>
   <trkpt lat="52.42850000000001" lon="21.03078">
    <ele>78.89</ele>
   </trkpt>
   <trkpt lat="52.428050000000006" lon="21.03106">
    <ele>78.80000000000001</ele>
   </trkpt>
   <trkpt lat="52.42743500137114" lon="21.031635008044105">
    <ele>78.61000000000001</ele>
   </trkpt>
   <trkpt lat="52.426820000000006" lon="21.032210000000003">
    <ele>78.61000000000001</ele>
   </trkpt>
   <trkpt lat="52.426010000000005" lon="21.032690000000002">
    <ele>79.03</ele>
   </trkpt>
   <trkpt lat="52.42518333896195" lon="21.033206715109827">
    <ele>79.23</ele>
   </trkpt>
   <trkpt lat="52.42435667567186" lon="21.033723410840977">
    <ele>79.06</ele>
   </trkpt>
   <trkpt lat="52.42353001012984" lon="21.0342400871947">
    <ele>78.75</ele>
   </trkpt>
   <trkpt lat="52.42270334233607" lon="21.034756744172242">
    <ele>78.87</ele>
   </trkpt>
   <trkpt lat="52.42187667229071" lon="21.035273381774868">
    <ele>78.66000000000001</ele>
   </trkpt>
   <trkpt lat="52.42105" lon="21.035790000000002">
    <ele>78.98</ele>
   </trkpt>
   <trkpt lat="52.42048000039796" lon="21.03602000290285">
    <ele>79.06</ele>
   </trkpt>
   <trkpt lat="52.41991" lon="21.036250000000003">
    <ele>78.98</ele>
   </trkpt>
   <trkpt lat="52.41929333401807" lon="21.036523340954624">
    <ele>78.9</ele>
   </trkpt>
   <trkpt lat="52.41867666740588" lon="21.03679667426368">
    <ele>78.72000000000001</ele>
   </trkpt>
   <trkpt lat="52.418060000000004" lon="21.037070000000003">
    <ele>78.85000000000001</ele>
   </trkpt>
   <trkpt lat="52.41744500043436" lon="21.037375004232977">
    <ele>79.01</ele>
   </trkpt>
   <trkpt lat="52.416830000000004" lon="21.03768">
    <ele>79.06</ele>
   </trkpt>
   <trkpt lat="52.41648000000001" lon="21.0378">
    <ele>79.09</ele>
   </trkpt>
   <trkpt lat="52.415605714359536" lon="21.03785429217169">
    <ele>79.10000000000001</ele>
   </trkpt>
   <trkpt lat="52.4147314286942" lon="21.03790858219067">
    <ele>79.02000000000001</ele>
   </trkpt>
   <trkpt lat="52.41385714300401" lon="21.037962870057097">
    <ele>79.06</ele>
   </trkpt>
   <trkpt lat="52.41298285728894" lon="21.038017155771126">
    <ele>78.69000000000001</ele>
   </trkpt>
   <trkpt lat="52.41210857154901" lon="21.038071439332903">
    <ele>78.53</ele>
   </trkpt>
   <trkpt lat="52.411234285784225" lon="21.03812572074259">
    <ele>78.92999999999999</ele>
   </trkpt>
   <trkpt lat="52.410360000000004" lon="21.03818">
    <ele>79.02000000000001</ele>
   </trkpt>
   <trkpt lat="52.40967499999993" lon="21.0382125015148">
    <ele>78.99000000000001</ele>
   </trkpt>
   <trkpt lat="52.40898999999092" lon="21.038245002020123">
    <ele>79.30000000000001</ele>
   </trkpt>
   <trkpt lat="52.40830499997301" lon="21.03827750151602">
    <ele>79.27000000000001</ele>
   </trkpt>
   <trkpt lat="52.40762" lon="21.038310000000003">
    <ele>79.23</ele>
   </trkpt>
   <trkpt lat="52.406863333335984" lon="21.03835333482068">
    <ele>79.23</ele>
   </trkpt>
   <trkpt lat="52.40610666665614" lon="21.03839666815474">
    <ele>79.42</ele>
   </trkpt>
   <trkpt lat="52.405350000000006" lon="21.03844">
    <ele>79.51</ele>
   </trkpt>
   <trkpt lat="52.40494" lon="21.038410000000002">
    <ele>79.44000000000001</ele>
   </trkpt>
   <trkpt lat="52.40475000000001" lon="21.03836">
    <ele>79.45</ele>
   </trkpt>
   <trkpt lat="52.40419500012529" lon="21.038129997066">
    <ele>79.65</ele>
   </trkpt>
   <trkpt lat="52.40364" lon="21.0379">
    <ele>79.75</ele>
   </trkpt>
   <trkpt lat="52.402905002027104" lon="21.0375899741782">
    <ele>80.19000000000001</ele>
   </trkpt>
   <trkpt lat="52.4021700032433" lon="21.037279958685932">
    <ele>80.46000000000001</ele>
   </trkpt>
   <trkpt lat="52.40143500364866" lon="21.036969953522593">
    <ele>80.45</ele>
   </trkpt>
   <trkpt lat="52.40070000324322" lon="21.036659958687576">
    <ele>80.48</ele>
   </trkpt>
   <trkpt lat="52.399965002027045" lon="21.036349974180272">
    <ele>80.17</ele>
   </trkpt>
   <trkpt lat="52.39923" lon="21.036040000000003">
    <ele>79.88000000000001</ele>
   </trkpt>
   <trkpt lat="52.39860000060382" lon="21.035766658850243">
    <ele>79.81</ele>
   </trkpt>
   <trkpt lat="52.39797000057727" lon="21.035493325505524">
    <ele>79.7</ele>
   </trkpt>
   <trkpt lat="52.39734000000001" lon="21.035220000000002">
    <ele>79.64</ele>
   </trkpt>
   <trkpt lat="52.39678000029688" lon="21.034959996705997">
    <ele>79.82000000000001</ele>
   </trkpt>
   <trkpt lat="52.39622000000001" lon="21.0347">
    <ele>79.97000000000001</ele>
   </trkpt>
   <trkpt lat="52.39548500034211" lon="21.034379994631262">
    <ele>80.32000000000001</ele>
   </trkpt>
   <trkpt lat="52.39475" lon="21.03406">
    <ele>80.80000000000001</ele>
   </trkpt>
   <trkpt lat="52.39395000060414" lon="21.033729994077824">
    <ele>81.17</ele>
   </trkpt>
   <trkpt lat="52.393150000000006" lon="21.0334">
    <ele>81.08000000000001</ele>
   </trkpt>
   <trkpt lat="52.39234417230306" lon="21.03305159671276">
    <ele>80.98</ele>
   </trkpt>
   <trkpt lat="52.39153834358194" lon="21.032703206147506">
    <ele>80.88000000000001</ele>
   </trkpt>
   <trkpt lat="52.39073251383671" lon="21.032354828303415">
    <ele>81.18</ele>
   </trkpt>
   <trkpt lat="52.38992668306744" lon="21.032006463179684">
    <ele>81.23</ele>
   </trkpt>
   <trkpt lat="52.38912085127421" lon="21.031658110775474">
    <ele>81.30000000000001</ele>
   </trkpt>
   <trkpt lat="52.38831501845705" lon="21.03130977108998">
    <ele>81.23</ele>
   </trkpt>
   <trkpt lat="52.38750918461607" lon="21.030961444122383">
    <ele>81.16000000000001</ele>
   </trkpt>
   <trkpt lat="52.386703349751315" lon="21.030613129871856">
    <ele>81.03</ele>
   </trkpt>
   <trkpt lat="52.38589751386285" lon="21.030264828337593">
    <ele>80.94000000000001</ele>
   </trkpt>
   <trkpt lat="52.38509167695077" lon="21.02991653951877">
    <ele>80.95</ele>
   </trkpt>
   <trkpt lat="52.3842858390151" lon="21.029568263414564">
    <ele>80.80000000000001</ele>
   </trkpt>
   <trkpt lat="52.383480000000006" lon="21.029220000000002">
    <ele>80.78</ele>
   </trkpt>
   <trkpt lat="52.383210000000005" lon="21.029110000000003">
    <ele>80.77000000000001</ele>
   </trkpt>
   <trkpt lat="52.383" lon="21.02905">
    <ele>80.77000000000001</ele>
   </trkpt>
   <trkpt lat="52.382690000000004" lon="21.029020000000003">
    <ele>80.81</ele>
   </trkpt>
   <trkpt lat="52.381885000019665" lon="21.029052501777382">
    <ele>80.72</ele>
   </trkpt>
   <trkpt lat="52.38108000003037" lon="21.029085002369616">
    <ele>80.69000000000001</ele>
   </trkpt>
   <trkpt lat="52.380275000032206" lon="21.029117501776796">
    <ele>80.65</ele>
   </trkpt>
   <trkpt lat="52.379470000000005" lon="21.02915">
    <ele>80.85000000000001</ele>
   </trkpt>
   <trkpt lat="52.37904" lon="21.02915">
    <ele>80.91000000000001</ele>
   </trkpt>
   <trkpt lat="52.378960000000006" lon="21.029130000000002">
    <ele>80.72</ele>
   </trkpt>
   <trkpt lat="52.378870000000006" lon="21.02906">
    <ele>80.78</ele>
   </trkpt>
   <trkpt lat="52.378870000000006" lon="21.028920000000003">
    <ele>80.78</ele>
   </trkpt>
   <trkpt lat="52.37883000000001" lon="21.02886">
    <ele>80.67</ele>
   </trkpt>
   <trkpt lat="52.378800000000005" lon="21.028840000000002">
    <ele>80.67</ele>
   </trkpt>
   <trkpt lat="52.37874000000001" lon="21.028850000000002">
    <ele>80.67</ele>
   </trkpt>
   <trkpt lat="52.378690000000006" lon="21.028930000000003">
    <ele>80.67</ele>
   </trkpt>
   <trkpt lat="52.37859" lon="21.029010000000003">
    <ele>80.55000000000001</ele>
   </trkpt>
   <trkpt lat="52.378420000000006" lon="21.02909">
    <ele>80.52000000000001</ele>
   </trkpt>
   <trkpt lat="52.37820000000001" lon="21.029130000000002">
    <ele>80.51</ele>
   </trkpt>
   <trkpt lat="52.37814" lon="21.02909">
    <ele>80.51</ele>
   </trkpt>
   <trkpt lat="52.3781" lon="21.029100000000003">
    <ele>80.57000000000001</ele>
   </trkpt>
   <trkpt lat="52.378060000000005" lon="21.02914">
    <ele>80.57000000000001</ele>
   </trkpt>
   <trkpt lat="52.37805" lon="21.029190000000003">
    <ele>80.57000000000001</ele>
   </trkpt>
   <trkpt lat="52.37796" lon="21.029130000000002">
    <ele>80.42</ele>
   </trkpt>
   <trkpt lat="52.377770000000005" lon="21.02909">
    <ele>80.39</ele>
   </trkpt>
   <trkpt lat="52.377590000000005" lon="21.02907">
    <ele>80.39</ele>
   </trkpt>
   <trkpt lat="52.376752500036254" lon="21.02903374518768">
    <ele>79.78999999999999</ele>
   </trkpt>
   <trkpt lat="52.37591500006142" lon="21.02899749175046">
    <ele>79.78</ele>
   </trkpt>
   <trkpt lat="52.37507750007547" lon="21.028961239688254">
    <ele>79.53999999999999</ele>
   </trkpt>
   <trkpt lat="52.37424000007844" lon="21.028924989000963">
    <ele>79.69000000000001</ele>
   </trkpt>
   <trkpt lat="52.373402500070334" lon="21.0288887396885">
    <ele>79.83000000000001</ele>
   </trkpt>
   <trkpt lat="52.37256500005113" lon="21.02885249175076">
    <ele>79.91000000000001</ele>
   </trkpt>
   <trkpt lat="52.37172750002084" lon="21.02881624518767">
    <ele>80.05000000000001</ele>
   </trkpt>
   <trkpt lat="52.37089" lon="21.02878">
    <ele>80.12</ele>
   </trkpt>
   <trkpt lat="52.37029499989504" lon="21.02876499979528">
    <ele>80.03</ele>
   </trkpt>
   <trkpt lat="52.3697" lon="21.028750000000002">
    <ele>79.95</ele>
   </trkpt>
   <trkpt lat="52.36890666666157" lon="21.028713332015545">
    <ele>79.92999999999999</ele>
   </trkpt>
   <trkpt lat="52.36811333331181" lon="21.028676665348147">
    <ele>79.83000000000001</ele>
   </trkpt>
   <trkpt lat="52.36732000000001" lon="21.028640000000003">
    <ele>79.87</ele>
   </trkpt>
   <trkpt lat="52.366810000135146" lon="21.02855499903616">
    <ele>79.76</ele>
   </trkpt>
   <trkpt lat="52.3663" lon="21.028470000000002">
    <ele>79.75</ele>
   </trkpt>
   <trkpt lat="52.36584999986234" lon="21.028374998995226">
    <ele>79.92</ele>
   </trkpt>
   <trkpt lat="52.3654" lon="21.028280000000002">
    <ele>80.08000000000001</ele>
   </trkpt>
   <trkpt lat="52.36490500006438" lon="21.028189998997107">
    <ele>80.11</ele>
   </trkpt>
   <trkpt lat="52.36441000000001" lon="21.028100000000002">
    <ele>80.10000000000001</ele>
   </trkpt>
   <trkpt lat="52.3637" lon="21.027990000000003">
    <ele>80.32000000000001</ele>
   </trkpt>
   <trkpt lat="52.363310000000006" lon="21.027900000000002">
    <ele>80.27000000000001</ele>
   </trkpt>
   <trkpt lat="52.36252" lon="21.027790000000003">
    <ele>80.41000000000001</ele>
   </trkpt>
   <trkpt lat="52.36207" lon="21.02786">
    <ele>80.37</ele>
   </trkpt>
   <trkpt lat="52.361560000000004" lon="21.027990000000003">
    <ele>80.30000000000001</ele>
   </trkpt>
   <trkpt lat="52.36103000000001" lon="21.02814">
    <ele>80.30000000000001</ele>
   </trkpt>
   <trkpt lat="52.360297500451644" lon="21.028335009705575">
    <ele>80.33000000000001</ele>
   </trkpt>
   <trkpt lat="52.359565000582336" lon="21.028530012945797">
    <ele>80.38000000000001</ele>
   </trkpt>
   <trkpt lat="52.35883250039207" lon="21.028725009721047">
    <ele>80.42</ele>
   </trkpt>
   <trkpt lat="52.35810000000001" lon="21.028920000000003">
    <ele>80.47</ele>
   </trkpt>
   <trkpt lat="52.35777" lon="21.028940000000002">
    <ele>80.47</ele>
   </trkpt>
   <trkpt lat="52.35723" lon="21.028840000000002">
    <ele>80.45</ele>
   </trkpt>
   <trkpt lat="52.35653000000001" lon="21.028650000000003">
    <ele>80.43</ele>
   </trkpt>
   <trkpt lat="52.35570500001605" lon="21.02847499670917">
    <ele>80.45</ele>
   </trkpt>
   <trkpt lat="52.35488" lon="21.0283">
    <ele>80.42</ele>
   </trkpt>
   <trkpt lat="52.35457" lon="21.02824">
    <ele>80.46000000000001</ele>
   </trkpt>
   <trkpt lat="52.3543" lon="21.02824">
    <ele>80.42</ele>
   </trkpt>
   <trkpt lat="52.35401" lon="21.02831">
    <ele>80.46000000000001</ele>
   </trkpt>
   <trkpt lat="52.353210000000004" lon="21.0287">
    <ele>80.47</ele>
   </trkpt>
   <trkpt lat="52.35266000000001" lon="21.029020000000003">
    <ele>80.58000000000001</ele>
   </trkpt>
   <trkpt lat="52.35229" lon="21.029190000000003">
    <ele>80.62</ele>
   </trkpt>
   <trkpt lat="52.35197" lon="21.029300000000003">
    <ele>80.65</ele>
   </trkpt>
   <trkpt lat="52.351620000000004" lon="21.02935">
    <ele>80.64</ele>
   </trkpt>
   <trkpt lat="52.351350000000004" lon="21.02934">
    <ele>80.68</ele>
   </trkpt>
   <trkpt lat="52.35069499992623" lon="21.029254998726923">
    <ele>80.69000000000001</ele>
   </trkpt>
   <trkpt lat="52.35004000000001" lon="21.02917">
    <ele>80.67</ele>
   </trkpt>
   <trkpt lat="52.349230000000006" lon="21.02906">
    <ele>80.56</ele>
   </trkpt>
   <trkpt lat="52.3485" lon="21.028920000000003">
    <ele>80.57000000000001</ele>
   </trkpt>
   <trkpt lat="52.34771000003168" lon="21.02880999803155">
    <ele>80.69000000000001</ele>
   </trkpt>
   <trkpt lat="52.346920000000004" lon="21.0287">
    <ele>80.69000000000001</ele>
   </trkpt>
   <trkpt lat="52.34630500006064" lon="21.028614998821723">
    <ele>80.58000000000001</ele>
   </trkpt>
   <trkpt lat="52.345690000000005" lon="21.02853">
    <ele>80.62</ele>
   </trkpt>
   <trkpt lat="52.34513499996451" lon="21.028469999241313">
    <ele>80.61</ele>
   </trkpt>
   <trkpt lat="52.34458000000001" lon="21.02841">
    <ele>80.67</ele>
   </trkpt>
   <trkpt lat="52.34387666668612" lon="21.028426667196523">
    <ele>80.53999999999999</ele>
   </trkpt>
   <trkpt lat="52.343173333369876" lon="21.02844333386277">
    <ele>80.53</ele>
   </trkpt>
   <trkpt lat="52.342470000000006" lon="21.028460000000003">
    <ele>80.64</ele>
   </trkpt>
   <trkpt lat="52.34172999993335" lon="21.028530001179767">
    <ele>80.55000000000001</ele>
   </trkpt>
   <trkpt lat="52.340990000000005" lon="21.0286">
    <ele>80.38000000000001</ele>
   </trkpt>
   <trkpt lat="52.34053000003048" lon="21.02866000062218">
    <ele>80.4</ele>
   </trkpt>
   <trkpt lat="52.340070000000004" lon="21.028720000000003">
    <ele>80.26</ele>
   </trkpt>
   <trkpt lat="52.33925000000001" lon="21.02886">
    <ele>80.36</ele>
   </trkpt>
   <trkpt lat="52.33851000014276" lon="21.028977505903743">
    <ele>80.31</ele>
   </trkpt>
   <trkpt lat="52.337770000168945" lon="21.029095007874893">
    <ele>80.30000000000001</ele>
   </trkpt>
   <trkpt lat="52.33703000007858" lon="21.02921250591369">
    <ele>80.23</ele>
   </trkpt>
   <trkpt lat="52.336290000000005" lon="21.02933">
    <ele>80.24000000000001</ele>
   </trkpt>
   <trkpt lat="52.33545" lon="21.029490000000003">
    <ele>80.25</ele>
   </trkpt>
   <trkpt lat="52.33477000013771" lon="21.029600001677235">
    <ele>80.64</ele>
   </trkpt>
   <trkpt lat="52.33409" lon="21.02971">
    <ele>81.04</ele>
   </trkpt>
   <trkpt lat="52.333340000154635" lon="21.02989500313451">
    <ele>80.78</ele>
   </trkpt>
   <trkpt lat="52.33259" lon="21.03008">
    <ele>80.48</ele>
   </trkpt>
   <trkpt lat="52.33195666689664" lon="21.030250004872002">
    <ele>80.4</ele>
   </trkpt>
   <trkpt lat="52.33132333354927" lon="21.03042000487568">
    <ele>80.23</ele>
   </trkpt>
   <trkpt lat="52.330690000000004" lon="21.03059">
    <ele>80.09</ele>
   </trkpt>
   <trkpt lat="52.33023000000001" lon="21.03067">
    <ele>80.09</ele>
   </trkpt>
   <trkpt lat="52.33001" lon="21.03067">
    <ele>80.09</ele>
   </trkpt>
   <trkpt lat="52.329800000000006" lon="21.030600000000003">
    <ele>80.08000000000001</ele>
   </trkpt>
   <trkpt lat="52.32947000000001" lon="21.0304">
    <ele>80.39</ele>
   </trkpt>
   <trkpt lat="52.328900000000004" lon="21.02993">
    <ele>82.26</ele>
   </trkpt>
   <trkpt lat="52.328210000000006" lon="21.029310000000002">
    <ele>83.54</ele>
   </trkpt>
   <trkpt lat="52.32806000000001" lon="21.029200000000003">
    <ele>83.59</ele>
   </trkpt>
   <trkpt lat="52.32790000000001" lon="21.029120000000002">
    <ele>82.82000000000001</ele>
   </trkpt>
   <trkpt lat="52.32703000000001" lon="21.02877">
    <ele>81.39</ele>
   </trkpt>
   <trkpt lat="52.32678000000001" lon="21.028640000000003">
    <ele>81.36</ele>
   </trkpt>
   <trkpt lat="52.32608000146256" lon="21.028223320146267">
    <ele>81.38000000000001</ele>
   </trkpt>
   <trkpt lat="52.32538000145929" lon="21.02780665347791">
    <ele>81.89</ele>
   </trkpt>
   <trkpt lat="52.32468" lon="21.02739">
    <ele>82.2</ele>
   </trkpt>
   <trkpt lat="52.32419" lon="21.02702">
    <ele>82.25</ele>
   </trkpt>
   <trkpt lat="52.323745000342804" lon="21.026734997133538">
    <ele>82.35000000000001</ele>
   </trkpt>
   <trkpt lat="52.3233" lon="21.02645">
    <ele>82.34</ele>
   </trkpt>
   <trkpt lat="52.322990000000004" lon="21.02623">
    <ele>82.22</ele>
   </trkpt>
   <trkpt lat="52.32269" lon="21.02599">
    <ele>82.07000000000001</ele>
   </trkpt>
   <trkpt lat="52.32222" lon="21.025560000000002">
    <ele>81.63000000000001</ele>
   </trkpt>
   <trkpt lat="52.32184" lon="21.025160000000003">
    <ele>81.47</ele>
   </trkpt>
   <trkpt lat="52.321490000000004" lon="21.02474">
    <ele>81.18</ele>
   </trkpt>
   <trkpt lat="52.32117" lon="21.024330000000003">
    <ele>80.99000000000001</ele>
   </trkpt>
   <trkpt lat="52.320930000000004" lon="21.02399">
    <ele>80.95</ele>
   </trkpt>
   <trkpt lat="52.320460000000004" lon="21.02327">
    <ele>81.0</ele>
   </trkpt>
   <trkpt lat="52.32018000000001" lon="21.02277">
    <ele>80.89999999999999</ele>
   </trkpt>
   <trkpt lat="52.31991000000001" lon="21.022250000000003">
    <ele>80.68</ele>
   </trkpt>
   <trkpt lat="52.319660000000006" lon="21.021710000000002">
    <ele>80.4</ele>
   </trkpt>
   <trkpt lat="52.3193600023551" lon="21.020964994979078">
    <ele>80.32000000000001</ele>
   </trkpt>
   <trkpt lat="52.31906000000001" lon="21.020220000000002">
    <ele>80.15</ele>
   </trkpt>
   <trkpt lat="52.31875" lon="21.01931">
    <ele>80.4</ele>
   </trkpt>
   <trkpt lat="52.31835" lon="21.018">
    <ele>80.84</ele>
   </trkpt>
   <trkpt lat="52.318055012493964" lon="21.01700748021237">
    <ele>80.89999999999999</ele>
   </trkpt>
   <trkpt lat="52.31776001667039" lon="21.01601497365657">
    <ele>81.25</ele>
   </trkpt>
   <trkpt lat="52.317465012529524" lon="21.01502248033265">
    <ele>81.06</ele>
   </trkpt>
   <trkpt lat="52.317170000000004" lon="21.01403">
    <ele>80.86</ele>
   </trkpt>
   <trkpt lat="52.31709000000001" lon="21.013630000000003">
    <ele>80.72</ele>
   </trkpt>
   <trkpt lat="52.31689000194127" lon="21.012959997126647">
    <ele>80.68</ele>
   </trkpt>
   <trkpt lat="52.31669" lon="21.01229">
    <ele>80.55000000000001</ele>
   </trkpt>
   <trkpt lat="52.316520000000004" lon="21.0118">
    <ele>80.38000000000001</ele>
   </trkpt>
   <trkpt lat="52.31644000000001" lon="21.011650000000003">
    <ele>80.39</ele>
   </trkpt>
   <trkpt lat="52.31631" lon="21.011190000000003">
    <ele>80.61</ele>
   </trkpt>
   <trkpt lat="52.315920000000006" lon="21.009880000000003">
    <ele>82.22</ele>
   </trkpt>
   <trkpt lat="52.315560000000005" lon="21.0086">
    <ele>82.85000000000001</ele>
   </trkpt>
   <trkpt lat="52.31518802605819" lon="21.007357958270546">
    <ele>81.27000000000001</ele>
   </trkpt>
   <trkpt lat="52.31481603909079" lon="21.006115937418734">
    <ele>80.05000000000001</ele>
   </trkpt>
   <trkpt lat="52.31444403909819" lon="21.004873937444664">
    <ele>80.03999999999999</ele>
   </trkpt>
   <trkpt lat="52.314072026080794" lon="21.003631958348443">
    <ele>80.17</ele>
   </trkpt>
   <trkpt lat="52.313700000000004" lon="21.002390000000002">
    <ele>80.11</ele>
   </trkpt>
   <trkpt lat="52.313370000000006" lon="21.00131">
    <ele>79.30000000000001</ele>
   </trkpt>
   <trkpt lat="52.31333000000001" lon="21.00101">
    <ele>79.4</ele>
   </trkpt>
   <trkpt lat="52.31327" lon="21.00081">
    <ele>79.53</ele>
   </trkpt>
   <trkpt lat="52.31291" lon="21.000020000000003">
    <ele>79.34</ele>
   </trkpt>
   <trkpt lat="52.31269" lon="20.999630000000003">
    <ele>78.92</ele>
   </trkpt>
   <trkpt lat="52.31246" lon="20.999270000000003">
    <ele>78.66000000000001</ele>
   </trkpt>
   <trkpt lat="52.31233" lon="20.998920000000002">
    <ele>78.58000000000001</ele>
   </trkpt>
   <trkpt lat="52.31222" lon="20.998510000000003">
    <ele>78.46</ele>
   </trkpt>
   <trkpt lat="52.31194667924566" lon="20.997289984981958">
    <ele>78.94000000000001</ele>
   </trkpt>
   <trkpt lat="52.3116733459232" lon="20.996069985030783">
    <ele>79.33000000000001</ele>
   </trkpt>
   <trkpt lat="52.311400000000006" lon="20.994850000000003">
    <ele>79.59</ele>
   </trkpt>
   <trkpt lat="52.31120500226135" lon="20.994124996962928">
    <ele>79.87</ele>
   </trkpt>
   <trkpt lat="52.31101" lon="20.9934">
    <ele>80.02000000000001</ele>
   </trkpt>
   <trkpt lat="52.310696676628616" lon="20.99231331791777">
    <ele>79.67999999999999</ele>
   </trkpt>
   <trkpt lat="52.31038334328598" lon="20.991226651219126">
    <ele>79.36</ele>
   </trkpt>
   <trkpt lat="52.31007" lon="20.99014">
    <ele>79.30000000000001</ele>
   </trkpt>
   <trkpt lat="52.30985000216948" lon="20.9894099961051">
    <ele>79.22000000000001</ele>
   </trkpt>
   <trkpt lat="52.309630000000006" lon="20.988680000000002">
    <ele>79.4</ele>
   </trkpt>
   <trkpt lat="52.309360000000005" lon="20.987910000000003">
    <ele>79.65</ele>
   </trkpt>
   <trkpt lat="52.309096674393594" lon="20.98695332194717">
    <ele>79.89</ele>
   </trkpt>
   <trkpt lat="52.3088333410589" lon="20.98599665527575">
    <ele>80.17</ele>
   </trkpt>
   <trkpt lat="52.30857" lon="20.98504">
    <ele>80.38000000000001</ele>
   </trkpt>
   <trkpt lat="52.30842000217683" lon="20.984324997664928">
    <ele>79.95</ele>
   </trkpt>
   <trkpt lat="52.30827000000001" lon="20.983610000000002">
    <ele>79.84</ele>
   </trkpt>
   <trkpt lat="52.30828" lon="20.983490000000003">
    <ele>79.64</ele>
   </trkpt>
   <trkpt lat="52.30832" lon="20.98337">
    <ele>79.64</ele>
   </trkpt>
   <trkpt lat="52.30897" lon="20.982480000000002">
    <ele>79.74000000000001</ele>
   </trkpt>
   <trkpt lat="52.30944333723997" lon="20.981800014538724">
    <ele>79.89</ele>
   </trkpt>
   <trkpt lat="52.309916670575454" lon="20.981120014535847">
    <ele>79.99000000000001</ele>
   </trkpt>
   <trkpt lat="52.310390000000005" lon="20.98044">
    <ele>80.28999999999999</ele>
   </trkpt>
   <trkpt lat="52.311020000000006" lon="20.97962">
    <ele>80.34</ele>
   </trkpt>
   <trkpt lat="52.311240000000005" lon="20.979360000000003">
    <ele>80.34</ele>
   </trkpt>
   <trkpt lat="52.31147000000001" lon="20.979110000000002">
    <ele>80.27000000000001</ele>
   </trkpt>
   <trkpt lat="52.31192000000001" lon="20.978700000000003">
    <ele>80.32000000000001</ele>
   </trkpt>
   <trkpt lat="52.312290000000004" lon="20.978420000000003">
    <ele>80.26</ele>
   </trkpt>
   <trkpt lat="52.312745000342126" lon="20.97810500329121">
    <ele>80.31</ele>
   </trkpt>
   <trkpt lat="52.3132" lon="20.977790000000002">
    <ele>80.10000000000001</ele>
   </trkpt>
   <trkpt lat="52.31370500060602" lon="20.97743000406546">
    <ele>80.02000000000001</ele>
   </trkpt>
   <trkpt lat="52.31421" lon="20.97707">
    <ele>79.95</ele>
   </trkpt>
   <trkpt lat="52.31439" lon="20.97699">
    <ele>79.94000000000001</ele>
   </trkpt>
   <trkpt lat="52.31457" lon="20.97688">
    <ele>79.9</ele>
   </trkpt>
   <trkpt lat="52.314870000000006" lon="20.97681">
    <ele>80.0</ele>
   </trkpt>
   <trkpt lat="52.314960000000006" lon="20.976750000000003">
    <ele>80.0</ele>
   </trkpt>
   <trkpt lat="52.315340000000006" lon="20.976450000000003">
    <ele>80.12</ele>
   </trkpt>
   <trkpt lat="52.31595" lon="20.97604">
    <ele>80.0</ele>
   </trkpt>
   <trkpt lat="52.31604" lon="20.975990000000003">
    <ele>80.01</ele>
   </trkpt>
   <trkpt lat="52.31647" lon="20.975700000000003">
    <ele>80.01</ele>
   </trkpt>
   <trkpt lat="52.31653000000001" lon="20.975440000000003">
    <ele>80.17</ele>
   </trkpt>
   <trkpt lat="52.316520000000004" lon="20.975270000000002">
    <ele>80.14</ele>
   </trkpt>
   <trkpt lat="52.316140000000004" lon="20.97434">
    <ele>80.03</ele>
   </trkpt>
   <trkpt lat="52.315685006735904" lon="20.973079987138807">
    <ele>82.2</ele>
   </trkpt>
   <trkpt lat="52.31523000000001" lon="20.97182">
    <ele>84.48000000000002</ele>
   </trkpt>
   <trkpt lat="52.31504" lon="20.97135">
    <ele>84.76</ele>
   </trkpt>
   <trkpt lat="52.314730000000004" lon="20.97069">
    <ele>85.39</ele>
   </trkpt>
   <trkpt lat="52.314350000000005" lon="20.96975">
    <ele>85.78</ele>
   </trkpt>
   <trkpt lat="52.31393169314112" lon="20.96862994705653">
    <ele>86.29</ele>
   </trkpt>
   <trkpt lat="52.31351337568953" lon="20.96750991528419">
    <ele>86.84</ele>
   </trkpt>
   <trkpt lat="52.313095047645625" lon="20.966389904682796">
    <ele>86.48</ele>
   </trkpt>
   <trkpt lat="52.312676709009764" lon="20.965269915252172">
    <ele>85.53</ele>
   </trkpt>
   <trkpt lat="52.312258359782284" lon="20.964149946992123">
    <ele>83.98000000000002</ele>
   </trkpt>
   <trkpt lat="52.311840000000004" lon="20.963030000000003">
    <ele>82.63000000000001</ele>
   </trkpt>
   <trkpt lat="52.311390006334555" lon="20.96179998735121">
    <ele>82.76</ele>
   </trkpt>
   <trkpt lat="52.31094" lon="20.96057">
    <ele>84.10000000000001</ele>
   </trkpt>
   <trkpt lat="52.31059500328031" lon="20.959684993034628">
    <ele>84.88000000000001</ele>
   </trkpt>
   <trkpt lat="52.31025" lon="20.9588">
    <ele>86.14</ele>
   </trkpt>
   <trkpt lat="52.309865003318365" lon="20.957919992458063">
    <ele>87.20000000000002</ele>
   </trkpt>
   <trkpt lat="52.30948000000001" lon="20.957040000000003">
    <ele>88.21000000000001</ele>
   </trkpt>
   <trkpt lat="52.30898001784425" lon="20.95601195354993">
    <ele>89.74000000000001</ele>
   </trkpt>
   <trkpt lat="52.30848002676422" lon="20.95498393032176">
    <ele>90.9</ele>
   </trkpt>
   <trkpt lat="52.30798002676029" lon="20.95395593031496">
    <ele>91.82000000000001</ele>
   </trkpt>
   <trkpt lat="52.30748001783282" lon="20.952927953529002">
    <ele>92.88</ele>
   </trkpt>
   <trkpt lat="52.30698" lon="20.951900000000002">
    <ele>93.76</ele>
   </trkpt>
   <trkpt lat="52.306490013107535" lon="20.95088246620271">
    <ele>94.61000000000001</ele>
   </trkpt>
   <trkpt lat="52.30600001747218" lon="20.949864954928348">
    <ele>95.31</ele>
   </trkpt>
   <trkpt lat="52.305510013094285" lon="20.948847466176424">
    <ele>96.03</ele>
   </trkpt>
   <trkpt lat="52.305020000000006" lon="20.947830000000003">
    <ele>96.32000000000001</ele>
   </trkpt>
   <trkpt lat="52.30460000000001" lon="20.946920000000002">
    <ele>96.68</ele>
   </trkpt>
   <trkpt lat="52.30429" lon="20.946160000000003">
    <ele>97.08000000000001</ele>
   </trkpt>
   <trkpt lat="52.3038" lon="20.94507">
    <ele>97.57000000000001</ele>
   </trkpt>
   <trkpt lat="52.303630000000005" lon="20.94463">
    <ele>97.68</ele>
   </trkpt>
   <trkpt lat="52.30359000000001" lon="20.944460000000003">
    <ele>97.68</ele>
   </trkpt>
   <trkpt lat="52.303560000000004" lon="20.94407">
    <ele>97.25</ele>
   </trkpt>
   <trkpt lat="52.30362" lon="20.943720000000003">
    <ele>96.56</ele>
   </trkpt>
   <trkpt lat="52.303850000000004" lon="20.943080000000002">
    <ele>94.24000000000001</ele>
   </trkpt>
   <trkpt lat="52.303900000000006" lon="20.94285">
    <ele>94.24000000000001</ele>
   </trkpt>
   <trkpt lat="52.30391" lon="20.942490000000003">
    <ele>93.31</ele>
   </trkpt>
   <trkpt lat="52.303850000000004" lon="20.94209">
    <ele>91.11000000000001</ele>
   </trkpt>
   <trkpt lat="52.30375" lon="20.9418">
    <ele>90.37</ele>
   </trkpt>
   <trkpt lat="52.30359000000001" lon="20.941460000000003">
    <ele>89.48</ele>
   </trkpt>
   <trkpt lat="52.303340000000006" lon="20.941000000000003">
    <ele>88.75000000000001</ele>
   </trkpt>
   <trkpt lat="52.303250000000006" lon="20.940900000000003">
    <ele>88.44</ele>
   </trkpt>
   <trkpt lat="52.303160000000005" lon="20.940830000000002">
    <ele>88.24000000000001</ele>
   </trkpt>
   <trkpt lat="52.303020000000004" lon="20.940800000000003">
    <ele>88.24000000000001</ele>
   </trkpt>
   <trkpt lat="52.30303000000001" lon="20.940800000000003">
    <ele>88.24000000000001</ele>
   </trkpt>
   <trkpt lat="52.3029" lon="20.940830000000002">
    <ele>88.22</ele>
   </trkpt>
   <trkpt lat="52.302760000000006" lon="20.94095">
    <ele>88.51</ele>
   </trkpt>
   <trkpt lat="52.302670000000006" lon="20.941100000000002">
    <ele>89.05</ele>
   </trkpt>
   <trkpt lat="52.302600000000005" lon="20.94134">
    <ele>89.49000000000001</ele>
   </trkpt>
   <trkpt lat="52.30259" lon="20.94153">
    <ele>90.69</ele>
   </trkpt>
   <trkpt lat="52.302670000000006" lon="20.94218">
    <ele>91.65</ele>
   </trkpt>
   <trkpt lat="52.302690000000005" lon="20.94247">
    <ele>92.19000000000001</ele>
   </trkpt>
   <trkpt lat="52.30268" lon="20.94292">
    <ele>92.85</ele>
   </trkpt>
   <trkpt lat="52.302480006599495" lon="20.944170005632927">
    <ele>91.59</ele>
   </trkpt>
   <trkpt lat="52.30228" lon="20.945420000000002">
    <ele>90.97000000000001</ele>
   </trkpt>
   <trkpt lat="52.30203" lon="20.94679">
    <ele>89.01</ele>
   </trkpt>
   <trkpt lat="52.301820000000006" lon="20.947760000000002">
    <ele>85.94</ele>
   </trkpt>
   <trkpt lat="52.30147752335341" lon="20.949117531459144">
    <ele>82.82000000000001</ele>
   </trkpt>
   <trkpt lat="52.30113503114431" lon="20.950475041919148">
    <ele>81.93</ele>
   </trkpt>
   <trkpt lat="52.300792523373126" lon="20.951832531379647">
    <ele>82.75</ele>
   </trkpt>
   <trkpt lat="52.300450000000005" lon="20.953190000000003">
    <ele>83.31</ele>
   </trkpt>
   <trkpt lat="52.30018334224001" lon="20.954216679010763">
    <ele>84.03</ele>
   </trkpt>
   <trkpt lat="52.29991667557868" lon="20.95524334565672">
    <ele>84.69</ele>
   </trkpt>
   <trkpt lat="52.29965000000001" lon="20.95627">
    <ele>85.58</ele>
   </trkpt>
   <trkpt lat="52.29936000000001" lon="20.957150000000002">
    <ele>86.51</ele>
   </trkpt>
   <trkpt lat="52.299110000000006" lon="20.95776">
    <ele>86.58</ele>
   </trkpt>
   <trkpt lat="52.29862000000001" lon="20.95877">
    <ele>86.10000000000001</ele>
   </trkpt>
   <trkpt lat="52.298050013716434" lon="20.95981004012917">
    <ele>85.37</ele>
   </trkpt>
   <trkpt lat="52.29748001829823" lon="20.960850053486833">
    <ele>84.9</ele>
   </trkpt>
   <trkpt lat="52.2969100137459" lon="20.961890040073808">
    <ele>84.25</ele>
   </trkpt>
   <trkpt lat="52.29634000000001" lon="20.96293">
    <ele>83.91000000000001</ele>
   </trkpt>
   <trkpt lat="52.29599" lon="20.963620000000002">
    <ele>83.43</ele>
   </trkpt>
   <trkpt lat="52.2957150014631" lon="20.964245004304193">
    <ele>83.43</ele>
   </trkpt>
   <trkpt lat="52.295440000000006" lon="20.96487">
    <ele>83.21000000000001</ele>
   </trkpt>
   <trkpt lat="52.29497160423277" lon="20.966009375350044">
    <ele>82.75</ele>
   </trkpt>
   <trkpt lat="52.29450319750235" lon="20.96714872660145">
    <ele>82.57000000000001</ele>
   </trkpt>
   <trkpt lat="52.29403477980917" lon="20.968288053754577">
    <ele>82.54</ele>
   </trkpt>
   <trkpt lat="52.29356635115365" lon="20.969427356809778">
    <ele>82.69000000000001</ele>
   </trkpt>
   <trkpt lat="52.29309791153621" lon="20.97056663576741">
    <ele>82.80000000000001</ele>
   </trkpt>
   <trkpt lat="52.29262946095724" lon="20.97170589062781">
    <ele>83.01</ele>
   </trkpt>
   <trkpt lat="52.29216099941718" lon="20.97284512139135">
    <ele>83.58</ele>
   </trkpt>
   <trkpt lat="52.29169252691644" lon="20.97398432805838">
    <ele>83.68</ele>
   </trkpt>
   <trkpt lat="52.29122404345546" lon="20.975123510629246">
    <ele>83.5</ele>
   </trkpt>
   <trkpt lat="52.290755549034614" lon="20.976262669104297">
    <ele>83.51</ele>
   </trkpt>
   <trkpt lat="52.29028704365436" lon="20.977401803483897">
    <ele>84.60000000000001</ele>
   </trkpt>
   <trkpt lat="52.289818527315084" lon="20.97854091376839">
    <ele>84.68</ele>
   </trkpt>
   <trkpt lat="52.289350000000006" lon="20.979680000000002">
    <ele>84.29</ele>
   </trkpt>
   <trkpt lat="52.28882" lon="20.98084">
    <ele>83.82000000000001</ele>
   </trkpt>
   <trkpt lat="52.288425002305274" lon="20.981590006820195">
    <ele>83.56</ele>
   </trkpt>
   <trkpt lat="52.288030000000006" lon="20.98234">
    <ele>83.38000000000001</ele>
   </trkpt>
   <trkpt lat="52.28747000780761" lon="20.98330335773868">
    <ele>82.97</ele>
   </trkpt>
   <trkpt lat="52.28691000777721" lon="20.984266691123835">
    <ele>82.75</ele>
   </trkpt>
   <trkpt lat="52.286350000000006" lon="20.98523">
    <ele>82.83</ele>
   </trkpt>
   <trkpt lat="52.286010001456525" lon="20.985790004079707">
    <ele>83.07000000000001</ele>
   </trkpt>
   <trkpt lat="52.28567" lon="20.98635">
    <ele>83.22</ele>
   </trkpt>
   <trkpt lat="52.28507500317586" lon="20.98722001171326">
    <ele>83.55000000000001</ele>
   </trkpt>
   <trkpt lat="52.28448" lon="20.988090000000003">
    <ele>83.87</ele>
   </trkpt>
   <trkpt lat="52.28399" lon="20.98873">
    <ele>84.0</ele>
   </trkpt>
   <trkpt lat="52.283480000000004" lon="20.989330000000002">
    <ele>84.35000000000001</ele>
   </trkpt>
   <trkpt lat="52.283060000000006" lon="20.989790000000003">
    <ele>84.34</ele>
   </trkpt>
   <trkpt lat="52.28260500083119" lon="20.990260004931173">
    <ele>84.41000000000001</ele>
   </trkpt>
   <trkpt lat="52.28215" lon="20.990730000000003">
    <ele>84.61</ele>
   </trkpt>
   <trkpt lat="52.281870000000005" lon="20.991010000000003">
    <ele>84.68</ele>
   </trkpt>
   <trkpt lat="52.2811" lon="20.99161">
    <ele>84.82000000000001</ele>
   </trkpt>
   <trkpt lat="52.28061500041771" lon="20.991950003770572">
    <ele>85.11</ele>
   </trkpt>
   <trkpt lat="52.28013000000001" lon="20.99229">
    <ele>85.10000000000001</ele>
   </trkpt>
   <trkpt lat="52.2796" lon="20.992610000000003">
    <ele>84.98000000000002</ele>
   </trkpt>
   <trkpt lat="52.27910500037204" lon="20.99288000298081">
    <ele>84.84000000000002</ele>
   </trkpt>
   <trkpt lat="52.27861000000001" lon="20.99315">
    <ele>84.7</ele>
   </trkpt>
   <trkpt lat="52.27784600250729" lon="20.993536026621396">
    <ele>84.52000000000001</ele>
   </trkpt>
   <trkpt lat="52.277082003755936" lon="20.99392203993377">
    <ele>84.21000000000001</ele>
   </trkpt>
   <trkpt lat="52.276318003746006" lon="20.994308039937938">
    <ele>83.96000000000001</ele>
   </trkpt>
   <trkpt lat="52.275554002477605" lon="20.994694026634697">
    <ele>84.0</ele>
   </trkpt>
   <trkpt lat="52.27479" lon="20.99508">
    <ele>84.30000000000001</ele>
   </trkpt>
   <trkpt lat="52.274076002287465" lon="20.995448023711575">
    <ele>84.38000000000001</ele>
   </trkpt>
   <trkpt lat="52.27336200343093" lon="20.995816035566804">
    <ele>87.12</ele>
   </trkpt>
   <trkpt lat="52.27264800343044" lon="20.996184035566355">
    <ele>89.10000000000001</ele>
   </trkpt>
   <trkpt lat="52.27193400228606" lon="20.9965520237109">
    <ele>89.3</ele>
   </trkpt>
   <trkpt lat="52.27122000000001" lon="20.996920000000003">
    <ele>88.67000000000002</ele>
   </trkpt>
   <trkpt lat="52.270680000000006" lon="20.99725">
    <ele>87.07000000000001</ele>
   </trkpt>
   <trkpt lat="52.27042" lon="20.99745">
    <ele>85.17</ele>
   </trkpt>
   <trkpt lat="52.27024" lon="20.99763">
    <ele>84.7</ele>
   </trkpt>
   <trkpt lat="52.269960000000005" lon="20.997950000000003">
    <ele>82.86</ele>
   </trkpt>
   <trkpt lat="52.269600000000004" lon="20.99847">
    <ele>82.43</ele>
   </trkpt>
   <trkpt lat="52.269150004552536" lon="20.999203348204855">
    <ele>82.79</ele>
   </trkpt>
   <trkpt lat="52.268700004562234" lon="20.99993668152214">
    <ele>83.29</ele>
   </trkpt>
   <trkpt lat="52.26825" lon="21.000670000000003">
    <ele>83.88000000000001</ele>
   </trkpt>
   <trkpt lat="52.267680000000006" lon="21.001630000000002">
    <ele>84.56</ele>
   </trkpt>
   <trkpt lat="52.26751" lon="21.001880000000003">
    <ele>84.55</ele>
   </trkpt>
   <trkpt lat="52.26717000000001" lon="21.002290000000002">
    <ele>84.24000000000001</ele>
   </trkpt>
   <trkpt lat="52.26691" lon="21.00251">
    <ele>84.24000000000001</ele>
   </trkpt>
   <trkpt lat="52.26646" lon="21.00281">
    <ele>84.19</ele>
   </trkpt>
   <trkpt lat="52.26573600343793" lon="21.003262029531417">
    <ele>84.09</ele>
   </trkpt>
   <trkpt lat="52.26501200514983" lon="21.003714044300636">
    <ele>83.79</ele>
   </trkpt>
   <trkpt lat="52.2642880051358" lon="21.004166044308494">
    <ele>83.64</ele>
   </trkpt>
   <trkpt lat="52.26356400339595" lon="21.00461802955582">
    <ele>83.42</ele>
   </trkpt>
   <trkpt lat="52.262840000000004" lon="21.005070000000003">
    <ele>83.71000000000001</ele>
   </trkpt>
   <trkpt lat="52.262170000000005" lon="21.00552">
    <ele>84.35000000000001</ele>
   </trkpt>
   <trkpt lat="52.26159333508666" lon="21.005980011991156">
    <ele>84.65</ele>
   </trkpt>
   <trkpt lat="52.26101666838572" lon="21.006440012018295">
    <ele>84.34</ele>
   </trkpt>
   <trkpt lat="52.26044" lon="21.0069">
    <ele>82.47</ele>
   </trkpt>
   <trkpt lat="52.26015" lon="21.00711">
    <ele>82.30000000000001</ele>
   </trkpt>
   <trkpt lat="52.2594750037344" lon="21.007652524767323">
    <ele>83.66000000000001</ele>
   </trkpt>
   <trkpt lat="52.25880000498236" lon="21.008195033019927">
    <ele>83.41000000000001</ele>
   </trkpt>
   <trkpt lat="52.258125003744006" lon="21.008737524758644">
    <ele>83.73</ele>
   </trkpt>
   <trkpt lat="52.257450000000006" lon="21.00928">
    <ele>83.56</ele>
   </trkpt>
   <trkpt lat="52.25702000055627" lon="21.00963000336173">
    <ele>83.62000000000002</ele>
   </trkpt>
   <trkpt lat="52.25659" lon="21.009980000000002">
    <ele>83.77000000000001</ele>
   </trkpt>
   <trkpt lat="52.25609000000001" lon="21.010430000000003">
    <ele>83.89</ele>
   </trkpt>
   <trkpt lat="52.25545" lon="21.01106">
    <ele>83.66000000000001</ele>
   </trkpt>
   <trkpt lat="52.254697507466766" lon="21.011827539060135">
    <ele>83.43</ele>
   </trkpt>
   <trkpt lat="52.25394500995664" lon="21.01259505207805">
    <ele>83.7</ele>
   </trkpt>
   <trkpt lat="52.25319250746996" lon="21.013362539055155">
    <ele>83.7</ele>
   </trkpt>
   <trkpt lat="52.25244000000001" lon="21.01413">
    <ele>83.59</ele>
   </trkpt>
   <trkpt lat="52.251837505103666" lon="21.0147650258803">
    <ele>83.52000000000001</ele>
   </trkpt>
   <trkpt lat="52.25123500680049" lon="21.015400034511092">
    <ele>83.71000000000001</ele>
   </trkpt>
   <trkpt lat="52.25063250509062" lon="21.01603502589312">
    <ele>83.61</ele>
   </trkpt>
   <trkpt lat="52.25003" lon="21.01667">
    <ele>83.48</ele>
   </trkpt>
   <trkpt lat="52.24941000187035" lon="21.017335009291166">
    <ele>83.45</ele>
   </trkpt>
   <trkpt lat="52.24879000000001" lon="21.018">
    <ele>83.56</ele>
   </trkpt>
   <trkpt lat="52.248430000000006" lon="21.018420000000003">
    <ele>83.76</ele>
   </trkpt>
   <trkpt lat="52.24795000138696" lon="21.01901500657191">
    <ele>83.78</ele>
   </trkpt>
   <trkpt lat="52.24747000000001" lon="21.01961">
    <ele>83.97</ele>
   </trkpt>
   <trkpt lat="52.2471" lon="21.02016">
    <ele>83.84</ele>
   </trkpt>
   <trkpt lat="52.246520003756814" lon="21.02110501237895">
    <ele>83.72</ele>
   </trkpt>
   <trkpt lat="52.245940000000004" lon="21.02205">
    <ele>83.83</ele>
   </trkpt>
   <trkpt lat="52.24571" lon="21.02241">
    <ele>83.93</ele>
   </trkpt>
   <trkpt lat="52.245340000000006" lon="21.022940000000002">
    <ele>83.88000000000001</ele>
   </trkpt>
   <trkpt lat="52.24494000137179" lon="21.023490004829117">
    <ele>83.75</ele>
   </trkpt>
   <trkpt lat="52.24454000000001" lon="21.024040000000003">
    <ele>83.73</ele>
   </trkpt>
   <trkpt lat="52.24400000513995" lon="21.025140013329104">
    <ele>81.54</ele>
   </trkpt>
   <trkpt lat="52.243460000000006" lon="21.02624">
    <ele>78.92999999999999</ele>
   </trkpt>
   <trkpt lat="52.24296500345857" lon="21.027140009972985">
    <ele>78.92999999999999</ele>
   </trkpt>
   <trkpt lat="52.242470000000004" lon="21.02804">
    <ele>78.92999999999999</ele>
   </trkpt>
   <trkpt lat="52.24195500293906" lon="21.028865009472458">
    <ele>78.92999999999999</ele>
   </trkpt>
   <trkpt lat="52.241440000000004" lon="21.029690000000002">
    <ele>78.92999999999999</ele>
   </trkpt>
   <trkpt lat="52.2409" lon="21.030510000000003">
    <ele>80.56</ele>
   </trkpt>
   <trkpt lat="52.24040000408745" lon="21.03120334892087">
    <ele>80.56</ele>
   </trkpt>
   <trkpt lat="52.23990000411305" lon="21.031896682218438">
    <ele>80.56</ele>
   </trkpt>
   <trkpt lat="52.2394" lon="21.032590000000003">
    <ele>80.56</ele>
   </trkpt>
   <trkpt lat="52.23930000000001" lon="21.032700000000002">
    <ele>80.56</ele>
   </trkpt>
   <trkpt lat="52.239180000000005" lon="21.0328">
    <ele>80.56</ele>
   </trkpt>
   <trkpt lat="52.23886" lon="21.032960000000003">
    <ele>80.56</ele>
   </trkpt>
   <trkpt lat="52.23835999993466" lon="21.033095001559325">
    <ele>80.56</ele>
   </trkpt>
   <trkpt lat="52.237860000000005" lon="21.033230000000003">
    <ele>82.02000000000001</ele>
   </trkpt>
   <trkpt lat="52.23763" lon="21.033320000000003">
    <ele>83.59</ele>
   </trkpt>
   <trkpt lat="52.23752" lon="21.03338">
    <ele>83.93</ele>
   </trkpt>
   <trkpt lat="52.23731" lon="21.033540000000002">
    <ele>84.75</ele>
   </trkpt>
   <trkpt lat="52.237100000000005" lon="21.03376">
    <ele>84.98000000000002</ele>
   </trkpt>
   <trkpt lat="52.23650500244326" lon="21.034520010184394">
    <ele>84.81</ele>
   </trkpt>
   <trkpt lat="52.235910000000004" lon="21.03528">
    <ele>84.95</ele>
   </trkpt>
   <trkpt lat="52.23536000000001" lon="21.035970000000002">
    <ele>85.01</ele>
   </trkpt>
   <trkpt lat="52.235260000000004" lon="21.036070000000002">
    <ele>85.14</ele>
   </trkpt>
   <trkpt lat="52.23508" lon="21.0362">
    <ele>85.11</ele>
   </trkpt>
   <trkpt lat="52.23483" lon="21.036340000000003">
    <ele>84.92</ele>
   </trkpt>
   <trkpt lat="52.23508" lon="21.0362">
    <ele>85.17</ele>
   </trkpt>
   <trkpt lat="52.235260000000004" lon="21.036070000000002">
    <ele>85.14</ele>
   </trkpt>
   <trkpt lat="52.23536000000001" lon="21.035970000000002">
    <ele>84.95</ele>
   </trkpt>
   <trkpt lat="52.235910000000004" lon="21.03528">
    <ele>84.78</ele>
   </trkpt>
   <trkpt lat="52.23650500243731" lon="21.034520010191983">
    <ele>84.81</ele>
   </trkpt>
   <trkpt lat="52.237100000000005" lon="21.03376">
    <ele>84.89</ele>
   </trkpt>
   <trkpt lat="52.23731" lon="21.033540000000002">
    <ele>84.38000000000001</ele>
   </trkpt>
   <trkpt lat="52.23752" lon="21.03338">
    <ele>83.59</ele>
   </trkpt>
   <trkpt lat="52.23763" lon="21.033320000000003">
    <ele>83.39</ele>
   </trkpt>
   <trkpt lat="52.237860000000005" lon="21.033230000000003">
    <ele>82.02000000000001</ele>
   </trkpt>
   <trkpt lat="52.23836000021932" lon="21.033095001482465">
    <ele>80.56</ele>
   </trkpt>
   <trkpt lat="52.23886" lon="21.032960000000003">
    <ele>80.56</ele>
   </trkpt>
   <trkpt lat="52.239180000000005" lon="21.0328">
    <ele>80.56</ele>
   </trkpt>
   <trkpt lat="52.23930000000001" lon="21.032700000000002">
    <ele>80.56</ele>
   </trkpt>
   <trkpt lat="52.2394" lon="21.032590000000003">
    <ele>80.56</ele>
   </trkpt>
   <trkpt lat="52.239900004036045" lon="21.031896682325225">
    <ele>80.56</ele>
   </trkpt>
   <trkpt lat="52.24040000401042" lon="21.03120334902766">
    <ele>80.56</ele>
   </trkpt>
   <trkpt lat="52.2409" lon="21.030510000000003">
    <ele>80.56</ele>
   </trkpt>
   <trkpt lat="52.241440000000004" lon="21.029690000000002">
    <ele>78.92999999999999</ele>
   </trkpt>
   <trkpt lat="52.24195500281176" lon="21.028865009676405">
    <ele>78.92999999999999</ele>
   </trkpt>
   <trkpt lat="52.242470000000004" lon="21.02804">
    <ele>78.92999999999999</ele>
   </trkpt>
   <trkpt lat="52.24296500338532" lon="21.027140010106173">
    <ele>78.92999999999999</ele>
   </trkpt>
   <trkpt lat="52.243460000000006" lon="21.02624">
    <ele>78.92999999999999</ele>
   </trkpt>
   <trkpt lat="52.24400000508351" lon="21.025140013444098">
    <ele>82.05000000000001</ele>
   </trkpt>
   <trkpt lat="52.24454000000001" lon="21.024040000000003">
    <ele>83.73</ele>
   </trkpt>
   <trkpt lat="52.24494000118407" lon="21.023490005087226">
    <ele>83.75</ele>
   </trkpt>
   <trkpt lat="52.245340000000006" lon="21.022940000000002">
    <ele>83.88000000000001</ele>
   </trkpt>
   <trkpt lat="52.24571" lon="21.02241">
    <ele>83.93</ele>
   </trkpt>
   <trkpt lat="52.245940000000004" lon="21.02205">
    <ele>83.83</ele>
   </trkpt>
   <trkpt lat="52.24652000378829" lon="21.02110501232766">
    <ele>83.74000000000001</ele>
   </trkpt>
   <trkpt lat="52.2471" lon="21.02016">
    <ele>83.85000000000001</ele>
   </trkpt>
   <trkpt lat="52.24747000000001" lon="21.01961">
    <ele>83.97</ele>
   </trkpt>
   <trkpt lat="52.24795000160414" lon="21.0190150063027">
    <ele>83.78</ele>
   </trkpt>
   <trkpt lat="52.248430000000006" lon="21.018420000000003">
    <ele>83.76</ele>
   </trkpt>
   <trkpt lat="52.24879000000001" lon="21.018">
    <ele>83.56</ele>
   </trkpt>
   <trkpt lat="52.2494100018659" lon="21.017335009295948">
    <ele>83.45</ele>
   </trkpt>
   <trkpt lat="52.25003" lon="21.01667">
    <ele>83.55000000000001</ele>
   </trkpt>
   <trkpt lat="52.25063250511638" lon="21.016035025865985">
    <ele>83.61</ele>
   </trkpt>
   <trkpt lat="52.25123500682624" lon="21.015400034483957">
    <ele>83.71000000000001</ele>
   </trkpt>
   <trkpt lat="52.25183750512942" lon="21.014765025853166">
    <ele>83.51</ele>
   </trkpt>
   <trkpt lat="52.25244000000001" lon="21.01413">
    <ele>83.59</ele>
   </trkpt>
   <trkpt lat="52.25319250746296" lon="21.013362539062285">
    <ele>83.7</ele>
   </trkpt>
   <trkpt lat="52.253945009949646" lon="21.01259505208518">
    <ele>83.54</ele>
   </trkpt>
   <trkpt lat="52.254697507459774" lon="21.011827539067273">
    <ele>83.41000000000001</ele>
   </trkpt>
   <trkpt lat="52.25545" lon="21.01106">
    <ele>83.66000000000001</ele>
   </trkpt>
   <trkpt lat="52.25609000000001" lon="21.010430000000003">
    <ele>83.89</ele>
   </trkpt>
   <trkpt lat="52.25614" lon="21.00953">
    <ele>85.4</ele>
   </trkpt>
   <trkpt lat="52.25621" lon="21.00934">
    <ele>85.65</ele>
   </trkpt>
   <trkpt lat="52.256780000000006" lon="21.00851">
    <ele>89.48</ele>
   </trkpt>
   <trkpt lat="52.256870000000006" lon="21.008200000000002">
    <ele>89.83</ele>
   </trkpt>
   <trkpt lat="52.25686" lon="21.008010000000002">
    <ele>90.84</ele>
   </trkpt>
   <trkpt lat="52.25668" lon="21.007520000000003">
    <ele>91.71000000000001</ele>
   </trkpt>
   <trkpt lat="52.256240000000005" lon="21.006390000000003">
    <ele>96.24000000000001</ele>
   </trkpt>
   <trkpt lat="52.256080000000004" lon="21.00607">
    <ele>97.16000000000001</ele>
   </trkpt>
   <trkpt lat="52.25582000000001" lon="21.0054">
    <ele>98.5</ele>
   </trkpt>
   <trkpt lat="52.25596" lon="21.00532">
    <ele>97.65</ele>
   </trkpt>
   <trkpt lat="52.255930000000006" lon="21.00522">
    <ele>97.76</ele>
   </trkpt>
   <trkpt lat="52.25656000000001" lon="21.004790000000003">
    <ele>97.05000000000001</ele>
   </trkpt>
   <trkpt lat="52.256400000000006" lon="21.00422">
    <ele>97.4</ele>
   </trkpt>
   <trkpt lat="52.25654" lon="21.004">
    <ele>97.26</ele>
   </trkpt>
   <trkpt lat="52.25724" lon="21.003230000000002">
    <ele>96.31</ele>
   </trkpt>
   <trkpt lat="52.25735" lon="21.00298">
    <ele>96.27000000000001</ele>
   </trkpt>
   <trkpt lat="52.257400000000004" lon="21.002760000000002">
    <ele>96.28</ele>
   </trkpt>
   <trkpt lat="52.25742" lon="21.002570000000002">
    <ele>96.28</ele>
   </trkpt>
   <trkpt lat="52.25741000000001" lon="21.002350000000003">
    <ele>96.49000000000001</ele>
   </trkpt>
   <trkpt lat="52.25733" lon="21.002000000000002">
    <ele>96.57000000000001</ele>
   </trkpt>
   <trkpt lat="52.25715" lon="21.001710000000003">
    <ele>96.9</ele>
   </trkpt>
   <trkpt lat="52.257020000000004" lon="21.001620000000003">
    <ele>96.96000000000001</ele>
   </trkpt>
   <trkpt lat="52.256930000000004" lon="21.00158">
    <ele>97.04</ele>
   </trkpt>
   <trkpt lat="52.25679" lon="21.00156">
    <ele>97.39</ele>
   </trkpt>
   <trkpt lat="52.256620000000005" lon="21.001630000000002">
    <ele>97.39</ele>
   </trkpt>
   <trkpt lat="52.25598" lon="21.002280000000003">
    <ele>98.30000000000001</ele>
   </trkpt>
  </trkseg>
 </trk>
</gpx>
