<?xml version="1.0" encoding="UTF-8"?>
<gpx creator="StravaGPX" version="1.1" xmlns="http://www.topografix.com/GPX/1/1" xmlns:xsi="http://www.w3.org/2001/XMLSchema-instance" xsi:schemaLocation="http://www.topografix.com/GPX/1/1 http://www.topografix.com/GPX/1/1/gpx.xsd">
 <metadata>
  <name>Century Tuna IRONMAN 70.3 Subic Bay - Bike Course</name>
  <author>
   <name>IRONMAN Asia Admin</name>
   <link href="https://www.strava.com/athletes/152519535"/>
  </author>
  <copyright author="OpenStreetMap contributors">
   <year>2020</year>
   <license>https://www.openstreetmap.org/copyright</license>
  </copyright>
  <link href="https://www.strava.com/routes/3355080742078987922"/>
 </metadata>
 <trk>
  <name>Century Tuna IRONMAN 70.3 Subic Bay - Bike Course</name>
  <link href="https://www.strava.com/routes/3355080742078987922"/>
  <type>cycling</type>
  <trkseg>
   <trkpt lat="14.82022" lon="120.27847000000001">
    <ele>11.690000000000001</ele>
   </trkpt>
   <trkpt lat="14.820260000000001" lon="120.27841000000001">
    <ele>11.690000000000001</ele>
   </trkpt>
   <trkpt lat="14.819865720678598" lon="120.279112864826">
    <ele>11.690000000000001</ele>
   </trkpt>
   <trkpt lat="14.819471439225154" lon="120.27981572709255">
    <ele>11.690000000000001</ele>
   </trkpt>
   <trkpt lat="14.81907715563974" lon="120.28051858679976">
    <ele>11.690000000000001</ele>
   </trkpt>
   <trkpt lat="14.818682869922423" lon="120.28122144394764">
    <ele>11.79</ele>
   </trkpt>
   <trkpt lat="14.818288582073267" lon="120.28192429853631">
    <ele>11.79</ele>
   </trkpt>
   <trkpt lat="14.817894292092342" lon="120.28262715056577">
    <ele>11.79</ele>
   </trkpt>
   <trkpt lat="14.8175" lon="120.28333">
    <ele>11.79</ele>
   </trkpt>
   <trkpt lat="14.81818500003709" lon="120.28340499928842">
    <ele>7.8100000000000005</ele>
   </trkpt>
   <trkpt lat="14.818870000049909" lon="120.28347999905127">
    <ele>7.8100000000000005</ele>
   </trkpt>
   <trkpt lat="14.819555000038447" lon="120.28355499928855">
    <ele>11.65</ele>
   </trkpt>
   <trkpt lat="14.820240000000002" lon="120.28363000000002">
    <ele>11.65</ele>
   </trkpt>
   <trkpt lat="14.820390000000002" lon="120.28402000000001">
    <ele>11.690000000000001</ele>
   </trkpt>
   <trkpt lat="14.820400000000001" lon="120.28415000000001">
    <ele>11.690000000000001</ele>
   </trkpt>
   <trkpt lat="14.820500000000001" lon="120.28444">
    <ele>11.82</ele>
   </trkpt>
   <trkpt lat="14.820580000000001" lon="120.28456000000001">
    <ele>12.07</ele>
   </trkpt>
   <trkpt lat="14.820750000000002" lon="120.28459000000001">
    <ele>12.07</ele>
   </trkpt>
   <trkpt lat="14.821340000000001" lon="120.28462">
    <ele>12.38</ele>
   </trkpt>
   <trkpt lat="14.8215" lon="120.28460000000001">
    <ele>12.48</ele>
   </trkpt>
   <trkpt lat="14.822233333362826" lon="120.2846399997303">
    <ele>12.530000000000001</ele>
   </trkpt>
   <trkpt lat="14.822966666718745" lon="120.28467999973152">
    <ele>12.620000000000001</ele>
   </trkpt>
   <trkpt lat="14.8237" lon="120.28472000000001">
    <ele>12.55</ele>
   </trkpt>
   <trkpt lat="14.823696007086676" lon="120.2856260000623">
    <ele>9.22</ele>
   </trkpt>
   <trkpt lat="14.823692010630026" lon="120.28653200009114">
    <ele>9.22</ele>
   </trkpt>
   <trkpt lat="14.823688010630043" lon="120.28743800008651">
    <ele>8.48</ele>
   </trkpt>
   <trkpt lat="14.823684007086737" lon="120.28834400004841">
    <ele>8.48</ele>
   </trkpt>
   <trkpt lat="14.823680000000001" lon="120.28925000000001">
    <ele>8.48</ele>
   </trkpt>
   <trkpt lat="14.823715000519822" lon="120.28973999994315">
    <ele>12.360000000000001</ele>
   </trkpt>
   <trkpt lat="14.82375" lon="120.29023000000001">
    <ele>12.68</ele>
   </trkpt>
   <trkpt lat="14.823720000000002" lon="120.29112">
    <ele>13.780000000000001</ele>
   </trkpt>
   <trkpt lat="14.823695000546254" lon="120.29162500014296">
    <ele>13.89</ele>
   </trkpt>
   <trkpt lat="14.823670000000002" lon="120.29213000000001">
    <ele>13.770000000000001</ele>
   </trkpt>
   <trkpt lat="14.823626005280051" lon="120.29291200062657">
    <ele>5.7700000000000005</ele>
   </trkpt>
   <trkpt lat="14.823582007920326" lon="120.29369400093529">
    <ele>5.7700000000000005</ele>
   </trkpt>
   <trkpt lat="14.82353800792083" lon="120.29447600092615">
    <ele>4.37</ele>
   </trkpt>
   <trkpt lat="14.823494005281578" lon="120.29525800059913">
    <ele>4.37</ele>
   </trkpt>
   <trkpt lat="14.823450000000001" lon="120.29604">
    <ele>4.37</ele>
   </trkpt>
   <trkpt lat="14.823410001206565" lon="120.29679000027915">
    <ele>12.85</ele>
   </trkpt>
   <trkpt lat="14.82337" lon="120.29754000000001">
    <ele>12.92</ele>
   </trkpt>
   <trkpt lat="14.823300000000001" lon="120.29809000000002">
    <ele>13.02</ele>
   </trkpt>
   <trkpt lat="14.823110000000002" lon="120.29888000000001">
    <ele>12.92</ele>
   </trkpt>
   <trkpt lat="14.82295" lon="120.29933000000001">
    <ele>12.89</ele>
   </trkpt>
   <trkpt lat="14.822840000000001" lon="120.29956000000001">
    <ele>12.84</ele>
   </trkpt>
   <trkpt lat="14.822550000817648" lon="120.30019000092848">
    <ele>12.360000000000001</ele>
   </trkpt>
   <trkpt lat="14.822260000000002" lon="120.30082000000002">
    <ele>12.38</ele>
   </trkpt>
   <trkpt lat="14.821960000769714" lon="120.30141500081315">
    <ele>12.3</ele>
   </trkpt>
   <trkpt lat="14.821660000000001" lon="120.30201000000001">
    <ele>12.22</ele>
   </trkpt>
   <trkpt lat="14.82149" lon="120.30227000000001">
    <ele>12.14</ele>
   </trkpt>
   <trkpt lat="14.821270000000002" lon="120.30249">
    <ele>12.020000000000001</ele>
   </trkpt>
   <trkpt lat="14.820810000000002" lon="120.30287000000001">
    <ele>11.88</ele>
   </trkpt>
   <trkpt lat="14.821110000000001" lon="120.30318000000001">
    <ele>12.200000000000001</ele>
   </trkpt>
   <trkpt lat="14.82126" lon="120.30328000000002">
    <ele>12.17</ele>
   </trkpt>
   <trkpt lat="14.82135" lon="120.30330000000001">
    <ele>12.200000000000001</ele>
   </trkpt>
   <trkpt lat="14.821360000000002" lon="120.30330000000001">
    <ele>6.69</ele>
   </trkpt>
   <trkpt lat="14.821925000009367" lon="120.30331499996109">
    <ele>7.78</ele>
   </trkpt>
   <trkpt lat="14.822490000000002" lon="120.30333000000002">
    <ele>7.78</ele>
   </trkpt>
   <trkpt lat="14.823380000002052" lon="120.30333000000005">
    <ele>7.78</ele>
   </trkpt>
   <trkpt lat="14.824270000004097" lon="120.30333000000005">
    <ele>7.78</ele>
   </trkpt>
   <trkpt lat="14.825160000006147" lon="120.30333000000005">
    <ele>7.78</ele>
   </trkpt>
   <trkpt lat="14.826050000008193" lon="120.30333000000005">
    <ele>10.55</ele>
   </trkpt>
   <trkpt lat="14.826940000010241" lon="120.30333000000005">
    <ele>10.55</ele>
   </trkpt>
   <trkpt lat="14.82783" lon="120.30333000000002">
    <ele>10.55</ele>
   </trkpt>
   <trkpt lat="14.828414999883218" lon="120.30333499998552">
    <ele>16.700000000000003</ele>
   </trkpt>
   <trkpt lat="14.829" lon="120.30334">
    <ele>15.97</ele>
   </trkpt>
   <trkpt lat="14.82951" lon="120.30340000000001">
    <ele>17.650000000000002</ele>
   </trkpt>
   <trkpt lat="14.829640000000001" lon="120.30344000000001">
    <ele>18.36</ele>
   </trkpt>
   <trkpt lat="14.83017" lon="120.30371000000001">
    <ele>22.21</ele>
   </trkpt>
   <trkpt lat="14.83057000021111" lon="120.30404999933879">
    <ele>25.380000000000003</ele>
   </trkpt>
   <trkpt lat="14.83097" lon="120.30439000000001">
    <ele>29.18</ele>
   </trkpt>
   <trkpt lat="14.831473334340876" lon="120.30487333108333">
    <ele>34.97</ele>
   </trkpt>
   <trkpt lat="14.831976667672839" lon="120.30535666441531">
    <ele>38.31</ele>
   </trkpt>
   <trkpt lat="14.83248" lon="120.30584">
    <ele>41.510000000000005</ele>
   </trkpt>
   <trkpt lat="14.832690000000001" lon="120.30610000000001">
    <ele>43.63</ele>
   </trkpt>
   <trkpt lat="14.832790000000001" lon="120.30625">
    <ele>46.220000000000006</ele>
   </trkpt>
   <trkpt lat="14.832920000000001" lon="120.30655000000002">
    <ele>48.470000000000006</ele>
   </trkpt>
   <trkpt lat="14.832950000000002" lon="120.30679">
    <ele>49.67</ele>
   </trkpt>
   <trkpt lat="14.832960000000002" lon="120.30681000000001">
    <ele>49.67</ele>
   </trkpt>
   <trkpt lat="14.832960000000002" lon="120.30713000000002">
    <ele>51.85000000000001</ele>
   </trkpt>
   <trkpt lat="14.8329" lon="120.30741">
    <ele>53.43000000000001</ele>
   </trkpt>
   <trkpt lat="14.83276" lon="120.30773">
    <ele>56.86000000000001</ele>
   </trkpt>
   <trkpt lat="14.83261" lon="120.30801000000001">
    <ele>58.18</ele>
   </trkpt>
   <trkpt lat="14.832160000939055" lon="120.30867500140663">
    <ele>62.79</ele>
   </trkpt>
   <trkpt lat="14.831710000000001" lon="120.30934">
    <ele>69.05</ele>
   </trkpt>
   <trkpt lat="14.831370000000001" lon="120.3097">
    <ele>72.91</ele>
   </trkpt>
   <trkpt lat="14.831180000000002" lon="120.30984000000001">
    <ele>73.51</ele>
   </trkpt>
   <trkpt lat="14.830680000000001" lon="120.31004000000001">
    <ele>77.36000000000001</ele>
   </trkpt>
   <trkpt lat="14.830039999925225" lon="120.31018500045609">
    <ele>82.11</ele>
   </trkpt>
   <trkpt lat="14.829400000000001" lon="120.31033000000001">
    <ele>84.35000000000001</ele>
   </trkpt>
   <trkpt lat="14.828970000000002" lon="120.31046">
    <ele>88.8</ele>
   </trkpt>
   <trkpt lat="14.828500000000002" lon="120.31059">
    <ele>90.49</ele>
   </trkpt>
   <trkpt lat="14.827940000000002" lon="120.31079000000001">
    <ele>93.69000000000001</ele>
   </trkpt>
   <trkpt lat="14.827480000000001" lon="120.31104">
    <ele>96.85000000000001</ele>
   </trkpt>
   <trkpt lat="14.826920000000001" lon="120.31146000000001">
    <ele>100.61</ele>
   </trkpt>
   <trkpt lat="14.826360000000001" lon="120.31201000000001">
    <ele>104.29</ele>
   </trkpt>
   <trkpt lat="14.826070000000001" lon="120.31233">
    <ele>106.9</ele>
   </trkpt>
   <trkpt lat="14.825602002790939" lon="120.3128980049055">
    <ele>109.49</ele>
   </trkpt>
   <trkpt lat="14.825134004189009" lon="120.31346600735495">
    <ele>110.42</ele>
   </trkpt>
   <trkpt lat="14.824666004194267" lon="120.31403400734843">
    <ele>110.30000000000001</ele>
   </trkpt>
   <trkpt lat="14.824198002806773" lon="120.31460200488598">
    <ele>109.81</ele>
   </trkpt>
   <trkpt lat="14.823730000000001" lon="120.31517000000001">
    <ele>110.48</ele>
   </trkpt>
   <trkpt lat="14.82351" lon="120.31549000000001">
    <ele>111.04</ele>
   </trkpt>
   <trkpt lat="14.823290000000002" lon="120.31586000000001">
    <ele>111.51</ele>
   </trkpt>
   <trkpt lat="14.823170000000001" lon="120.31614">
    <ele>112.15</ele>
   </trkpt>
   <trkpt lat="14.82309" lon="120.31644000000001">
    <ele>112.52000000000001</ele>
   </trkpt>
   <trkpt lat="14.82304" lon="120.31673">
    <ele>114.01</ele>
   </trkpt>
   <trkpt lat="14.823030000000001" lon="120.31700000000001">
    <ele>114.26</ele>
   </trkpt>
   <trkpt lat="14.823100000000002" lon="120.31753">
    <ele>116.02000000000001</ele>
   </trkpt>
   <trkpt lat="14.82318" lon="120.31779000000002">
    <ele>116.02000000000001</ele>
   </trkpt>
   <trkpt lat="14.82328" lon="120.31803000000001">
    <ele>117.28</ele>
   </trkpt>
   <trkpt lat="14.82347" lon="120.31834">
    <ele>117.95000000000002</ele>
   </trkpt>
   <trkpt lat="14.82394500232149" lon="120.3189399960384">
    <ele>119.98</ele>
   </trkpt>
   <trkpt lat="14.824420003088944" lon="120.3195399947097">
    <ele>122.14000000000001</ele>
   </trkpt>
   <trkpt lat="14.824895002302311" lon="120.32013999601402">
    <ele>124.02</ele>
   </trkpt>
   <trkpt lat="14.825370000000001" lon="120.32074000000001">
    <ele>128.13000000000002</ele>
   </trkpt>
   <trkpt lat="14.82557" lon="120.32102">
    <ele>128.51000000000002</ele>
   </trkpt>
   <trkpt lat="14.825660000000001" lon="120.32118000000001">
    <ele>130.4</ele>
   </trkpt>
   <trkpt lat="14.825740000000001" lon="120.32138">
    <ele>130.95000000000002</ele>
   </trkpt>
   <trkpt lat="14.825790000000001" lon="120.32157000000001">
    <ele>131.94</ele>
   </trkpt>
   <trkpt lat="14.825820000000002" lon="120.32175000000001">
    <ele>131.94</ele>
   </trkpt>
   <trkpt lat="14.825830000000002" lon="120.32202000000001">
    <ele>133.66</ele>
   </trkpt>
   <trkpt lat="14.82581" lon="120.32220000000001">
    <ele>134.49</ele>
   </trkpt>
   <trkpt lat="14.825720002884868" lon="120.32301666729592">
    <ele>136.89000000000001</ele>
   </trkpt>
   <trkpt lat="14.825630002890358" lon="120.32383333391275">
    <ele>151.41000000000003</ele>
   </trkpt>
   <trkpt lat="14.825540000000002" lon="120.32465">
    <ele>151.41000000000003</ele>
   </trkpt>
   <trkpt lat="14.82553" lon="120.32475000000001">
    <ele>145.25000000000003</ele>
   </trkpt>
   <trkpt lat="14.825320002347498" lon="120.32548666807958">
    <ele>150.67000000000002</ele>
   </trkpt>
   <trkpt lat="14.825110002352153" lon="120.32622333472983">
    <ele>156.23000000000002</ele>
   </trkpt>
   <trkpt lat="14.824900000000001" lon="120.32696000000001">
    <ele>159.74</ele>
   </trkpt>
   <trkpt lat="14.824740000000002" lon="120.32776000000001">
    <ele>161.79999999999998</ele>
   </trkpt>
   <trkpt lat="14.824670000000001" lon="120.32834000000001">
    <ele>161.3</ele>
   </trkpt>
   <trkpt lat="14.824660000000002" lon="120.32908">
    <ele>159.5</ele>
   </trkpt>
   <trkpt lat="14.824670000000001" lon="120.32929000000001">
    <ele>158.26000000000002</ele>
   </trkpt>
   <trkpt lat="14.824713340212055" lon="120.33008833253888">
    <ele>158.17000000000002</ele>
   </trkpt>
   <trkpt lat="14.824756677672735" lon="120.33088666539743">
    <ele>158.17000000000002</ele>
   </trkpt>
   <trkpt lat="14.824800012382033" lon="120.3316849985756">
    <ele>148.55</ele>
   </trkpt>
   <trkpt lat="14.824843344339929" lon="120.33248333207335">
    <ele>148.55</ele>
   </trkpt>
   <trkpt lat="14.824886673546423" lon="120.33328166589074">
    <ele>148.55</ele>
   </trkpt>
   <trkpt lat="14.824930000000002" lon="120.33408000000001">
    <ele>148.55</ele>
   </trkpt>
   <trkpt lat="14.824980001776273" lon="120.33471999980671">
    <ele>148.55</ele>
   </trkpt>
   <trkpt lat="14.825030001784274" lon="120.33535999990907">
    <ele>159.56</ele>
   </trkpt>
   <trkpt lat="14.825080000000002" lon="120.33600000000001">
    <ele>159.56</ele>
   </trkpt>
   <trkpt lat="14.825090000000001" lon="120.33639000000001">
    <ele>151.21</ele>
   </trkpt>
   <trkpt lat="14.8251" lon="120.33640000000001">
    <ele>151.21</ele>
   </trkpt>
   <trkpt lat="14.825180000000001" lon="120.33661000000001">
    <ele>150.59</ele>
   </trkpt>
   <trkpt lat="14.825230000000001" lon="120.33677000000002">
    <ele>150.22000000000003</ele>
   </trkpt>
   <trkpt lat="14.82539" lon="120.33707000000001">
    <ele>148.69000000000003</ele>
   </trkpt>
   <trkpt lat="14.82553" lon="120.33725000000001">
    <ele>147.61</ele>
   </trkpt>
   <trkpt lat="14.82586" lon="120.33761000000001">
    <ele>144.95000000000002</ele>
   </trkpt>
   <trkpt lat="14.826120000000001" lon="120.33780000000002">
    <ele>140.46</ele>
   </trkpt>
   <trkpt lat="14.826912500932057" lon="120.33817499589078">
    <ele>136.56</ele>
   </trkpt>
   <trkpt lat="14.82770500125696" lon="120.33854999452764">
    <ele>130.39000000000001</ele>
   </trkpt>
   <trkpt lat="14.828497500974681" lon="120.33892499591077">
    <ele>126.87</ele>
   </trkpt>
   <trkpt lat="14.829290000000002" lon="120.33930000000001">
    <ele>121.11000000000001</ele>
   </trkpt>
   <trkpt lat="14.829630000000002" lon="120.33952000000001">
    <ele>120.06000000000002</ele>
   </trkpt>
   <trkpt lat="14.829830000000001" lon="120.33969">
    <ele>116.57000000000001</ele>
   </trkpt>
   <trkpt lat="14.830230000000002" lon="120.34009">
    <ele>113.78</ele>
   </trkpt>
   <trkpt lat="14.830390000000001" lon="120.34028">
    <ele>112.49000000000001</ele>
   </trkpt>
   <trkpt lat="14.830924003485238" lon="120.3409159937113">
    <ele>113.0</ele>
   </trkpt>
   <trkpt lat="14.831458005223627" lon="120.34155199056171">
    <ele>113.0</ele>
   </trkpt>
   <trkpt lat="14.83199200521509" lon="120.34218799055135">
    <ele>105.18</ele>
   </trkpt>
   <trkpt lat="14.832526003459558" lon="120.34282399368031">
    <ele>105.18</ele>
   </trkpt>
   <trkpt lat="14.833060000000001" lon="120.34346000000001">
    <ele>105.18</ele>
   </trkpt>
   <trkpt lat="14.833480000000002" lon="120.34387000000001">
    <ele>106.12</ele>
   </trkpt>
   <trkpt lat="14.833860000000001" lon="120.34419000000001">
    <ele>109.16000000000001</ele>
   </trkpt>
   <trkpt lat="14.834200000000001" lon="120.34437000000001">
    <ele>110.94000000000001</ele>
   </trkpt>
   <trkpt lat="14.834640000000002" lon="120.34454000000001">
    <ele>113.19000000000001</ele>
   </trkpt>
   <trkpt lat="14.83519" lon="120.34467000000001">
    <ele>115.36</ele>
   </trkpt>
   <trkpt lat="14.835835000062822" lon="120.34479499963291">
    <ele>120.99000000000001</ele>
   </trkpt>
   <trkpt lat="14.836480000000002" lon="120.34492000000002">
    <ele>126.01</ele>
   </trkpt>
   <trkpt lat="14.836770000000001" lon="120.34502">
    <ele>127.96000000000002</ele>
   </trkpt>
   <trkpt lat="14.837040000000002" lon="120.34513000000001">
    <ele>129.52</ele>
   </trkpt>
   <trkpt lat="14.837220000000002" lon="120.34523000000002">
    <ele>131.23000000000002</ele>
   </trkpt>
   <trkpt lat="14.837390000000001" lon="120.34536000000001">
    <ele>133.70000000000002</ele>
   </trkpt>
   <trkpt lat="14.837690000000002" lon="120.34562000000001">
    <ele>143.71</ele>
   </trkpt>
   <trkpt lat="14.83787" lon="120.34581000000001">
    <ele>136.38</ele>
   </trkpt>
   <trkpt lat="14.838220000504192" lon="120.346249999396">
    <ele>139.90000000000003</ele>
   </trkpt>
   <trkpt lat="14.83857" lon="120.34669000000001">
    <ele>141.34000000000003</ele>
   </trkpt>
   <trkpt lat="14.838996667844079" lon="120.347213331261">
    <ele>142.28</ele>
   </trkpt>
   <trkpt lat="14.839423334504788" lon="120.347736664587">
    <ele>138.98000000000002</ele>
   </trkpt>
   <trkpt lat="14.839850000000002" lon="120.34826000000001">
    <ele>138.98000000000002</ele>
   </trkpt>
   <trkpt lat="14.840280000000002" lon="120.34880000000001">
    <ele>131.51000000000002</ele>
   </trkpt>
   <trkpt lat="14.8405" lon="120.34915000000001">
    <ele>129.67000000000002</ele>
   </trkpt>
   <trkpt lat="14.840710000000001" lon="120.34963">
    <ele>127.92</ele>
   </trkpt>
   <trkpt lat="14.840860000000001" lon="120.35012">
    <ele>124.74</ele>
   </trkpt>
   <trkpt lat="14.841050000000001" lon="120.35094000000001">
    <ele>119.47</ele>
   </trkpt>
   <trkpt lat="14.841260000000002" lon="120.35183">
    <ele>117.44</ele>
   </trkpt>
   <trkpt lat="14.841320000000001" lon="120.35246000000001">
    <ele>114.85000000000001</ele>
   </trkpt>
   <trkpt lat="14.841525001693471" lon="120.35334999907788">
    <ele>117.53</ele>
   </trkpt>
   <trkpt lat="14.841730000000002" lon="120.35424">
    <ele>117.53</ele>
   </trkpt>
   <trkpt lat="14.841840000000001" lon="120.35462000000001">
    <ele>116.49000000000001</ele>
   </trkpt>
   <trkpt lat="14.841993335111363" lon="120.35525999912528">
    <ele>111.45</ele>
   </trkpt>
   <trkpt lat="14.842146668452612" lon="120.3558999991583">
    <ele>109.97000000000001</ele>
   </trkpt>
   <trkpt lat="14.842300000000002" lon="120.35654000000001">
    <ele>105.87</ele>
   </trkpt>
   <trkpt lat="14.84256" lon="120.35733">
    <ele>101.24000000000001</ele>
   </trkpt>
   <trkpt lat="14.84275" lon="120.35783">
    <ele>99.10000000000001</ele>
   </trkpt>
   <trkpt lat="14.842953336086447" lon="120.35862666520785">
    <ele>96.31</ele>
   </trkpt>
   <trkpt lat="14.843156669429924" lon="120.35942333191421">
    <ele>94.08000000000001</ele>
   </trkpt>
   <trkpt lat="14.84336" lon="120.36022000000001">
    <ele>91.61000000000001</ele>
   </trkpt>
   <trkpt lat="14.843640001564689" lon="120.36106999890933">
    <ele>88.36</ele>
   </trkpt>
   <trkpt lat="14.84392" lon="120.36192000000001">
    <ele>85.73</ele>
   </trkpt>
   <trkpt lat="14.844105000408936" lon="120.36235999960098">
    <ele>84.38000000000001</ele>
   </trkpt>
   <trkpt lat="14.84429" lon="120.36280000000001">
    <ele>82.22</ele>
   </trkpt>
   <trkpt lat="14.84450500025453" lon="120.36322499930885">
    <ele>80.53</ele>
   </trkpt>
   <trkpt lat="14.84472" lon="120.36365">
    <ele>78.44000000000001</ele>
   </trkpt>
   <trkpt lat="14.845000000536894" lon="120.36411499951325">
    <ele>76.72000000000001</ele>
   </trkpt>
   <trkpt lat="14.84528" lon="120.36458">
    <ele>75.99</ele>
   </trkpt>
   <trkpt lat="14.845690001098491" lon="120.36529499863266">
    <ele>75.32000000000001</ele>
   </trkpt>
   <trkpt lat="14.846100000000002" lon="120.36601">
    <ele>76.63</ele>
   </trkpt>
   <trkpt lat="14.84647000253058" lon="120.3666349967864">
    <ele>77.92</ele>
   </trkpt>
   <trkpt lat="14.846840003372591" lon="120.36725999571253">
    <ele>79.73</ele>
   </trkpt>
   <trkpt lat="14.847210002525983" lon="120.36788499677849">
    <ele>80.52000000000001</ele>
   </trkpt>
   <trkpt lat="14.84758" lon="120.36851000000001">
    <ele>79.15</ele>
   </trkpt>
   <trkpt lat="14.847930002176922" lon="120.36922333097624">
    <ele>77.2</ele>
   </trkpt>
   <trkpt lat="14.848280002154047" lon="120.36993666426288">
    <ele>75.95</ele>
   </trkpt>
   <trkpt lat="14.848630000000002" lon="120.37065000000001">
    <ele>70.78</ele>
   </trkpt>
   <trkpt lat="14.848965001409423" lon="120.37145499877273">
    <ele>68.75</ele>
   </trkpt>
   <trkpt lat="14.849300000000001" lon="120.37226000000001">
    <ele>64.69000000000001</ele>
   </trkpt>
   <trkpt lat="14.849610000000002" lon="120.37312000000001">
    <ele>62.09</ele>
   </trkpt>
   <trkpt lat="14.849870000000001" lon="120.37399">
    <ele>58.74000000000001</ele>
   </trkpt>
   <trkpt lat="14.849970000721036" lon="120.3745749996193">
    <ele>55.980000000000004</ele>
   </trkpt>
   <trkpt lat="14.85007" lon="120.37516000000001">
    <ele>54.45</ele>
   </trkpt>
   <trkpt lat="14.850145000805158" lon="120.37577999957098">
    <ele>52.11</ele>
   </trkpt>
   <trkpt lat="14.850220000000002" lon="120.3764">
    <ele>50.11</ele>
   </trkpt>
   <trkpt lat="14.850280000925617" lon="120.37704999995186">
    <ele>48.400000000000006</ele>
   </trkpt>
   <trkpt lat="14.850340000000001" lon="120.3777">
    <ele>46.080000000000005</ele>
   </trkpt>
   <trkpt lat="14.850320000525771" lon="120.3781950001435">
    <ele>44.24</ele>
   </trkpt>
   <trkpt lat="14.8503" lon="120.37869">
    <ele>43.21000000000001</ele>
   </trkpt>
   <trkpt lat="14.85031" lon="120.37912000000001">
    <ele>41.06</ele>
   </trkpt>
   <trkpt lat="14.850350001791115" lon="120.37976333312089">
    <ele>39.0</ele>
   </trkpt>
   <trkpt lat="14.850390001792722" lon="120.3804066664799">
    <ele>37.82000000000001</ele>
   </trkpt>
   <trkpt lat="14.850430000000001" lon="120.38105000000002">
    <ele>36.97</ele>
   </trkpt>
   <trkpt lat="14.85045" lon="120.38173">
    <ele>36.67</ele>
   </trkpt>
   <trkpt lat="14.85045" lon="120.38260000000001">
    <ele>36.32000000000001</ele>
   </trkpt>
   <trkpt lat="14.85039" lon="120.38341000000001">
    <ele>35.76</ele>
   </trkpt>
   <trkpt lat="14.850320000589582" lon="120.38393500021725">
    <ele>35.21000000000001</ele>
   </trkpt>
   <trkpt lat="14.85025" lon="120.38446">
    <ele>35.0</ele>
   </trkpt>
   <trkpt lat="14.850130000000002" lon="120.38512000000001">
    <ele>34.660000000000004</ele>
   </trkpt>
   <trkpt lat="14.849900000000002" lon="120.38596000000001">
    <ele>33.97</ele>
   </trkpt>
   <trkpt lat="14.849750000000002" lon="120.38640000000001">
    <ele>33.82</ele>
   </trkpt>
   <trkpt lat="14.849570000000002" lon="120.38685000000001">
    <ele>33.64</ele>
   </trkpt>
   <trkpt lat="14.84920167378512" lon="120.3876616735883">
    <ele>28.37</ele>
   </trkpt>
   <trkpt lat="14.848833344721879" lon="120.38847334440982">
    <ele>28.37</ele>
   </trkpt>
   <trkpt lat="14.84846501281036" lon="120.38928501246451">
    <ele>25.01</ele>
   </trkpt>
   <trkpt lat="14.848096678050656" lon="120.39009667775252">
    <ele>25.01</ele>
   </trkpt>
   <trkpt lat="14.847728340442833" lon="120.39090834027391">
    <ele>25.01</ele>
   </trkpt>
   <trkpt lat="14.847360000000002" lon="120.39172">
    <ele>25.01</ele>
   </trkpt>
   <trkpt lat="14.846986669368087" lon="120.39251000272166">
    <ele>30.140000000000004</ele>
   </trkpt>
   <trkpt lat="14.846613336038246" lon="120.39330000271417">
    <ele>29.550000000000004</ele>
   </trkpt>
   <trkpt lat="14.846240000000002" lon="120.39409">
    <ele>29.120000000000005</ele>
   </trkpt>
   <trkpt lat="14.846000000547583" lon="120.39463500081946">
    <ele>28.830000000000002</ele>
   </trkpt>
   <trkpt lat="14.845760000000002" lon="120.39518000000001">
    <ele>28.57</ele>
   </trkpt>
   <trkpt lat="14.845530001470376" lon="120.39576666795935">
    <ele>28.21</ele>
   </trkpt>
   <trkpt lat="14.845300001453035" lon="120.39635333467022">
    <ele>27.580000000000002</ele>
   </trkpt>
   <trkpt lat="14.845070000000002" lon="120.39694000000001">
    <ele>26.94</ele>
   </trkpt>
   <trkpt lat="14.844760001534276" lon="120.3977900012934">
    <ele>26.330000000000002</ele>
   </trkpt>
   <trkpt lat="14.844450000000002" lon="120.39864000000001">
    <ele>26.09</ele>
   </trkpt>
   <trkpt lat="14.84429" lon="120.39924">
    <ele>26.390000000000004</ele>
   </trkpt>
   <trkpt lat="14.844090003020195" lon="120.40007666823706">
    <ele>27.69</ele>
   </trkpt>
   <trkpt lat="14.843890003014847" lon="120.40091333492605">
    <ele>29.210000000000004</ele>
   </trkpt>
   <trkpt lat="14.84369" lon="120.40175">
    <ele>31.66</ele>
   </trkpt>
   <trkpt lat="14.843550001111574" lon="120.4024600003471">
    <ele>32.629999999999995</ele>
   </trkpt>
   <trkpt lat="14.84341" lon="120.40317">
    <ele>32.74</ele>
   </trkpt>
   <trkpt lat="14.84326" lon="120.40407">
    <ele>31.560000000000006</ele>
   </trkpt>
   <trkpt lat="14.843180000675305" lon="120.40464500049423">
    <ele>30.61</ele>
   </trkpt>
   <trkpt lat="14.843100000000002" lon="120.40522000000001">
    <ele>28.970000000000002</ele>
   </trkpt>
   <trkpt lat="14.843015001740712" lon="120.40612000045586">
    <ele>26.320000000000004</ele>
   </trkpt>
   <trkpt lat="14.84293" lon="120.40702">
    <ele>24.89</ele>
   </trkpt>
   <trkpt lat="14.842885001263571" lon="120.40778500017697">
    <ele>24.32</ele>
   </trkpt>
   <trkpt lat="14.84284" lon="120.40855">
    <ele>24.240000000000002</ele>
   </trkpt>
   <trkpt lat="14.842840003171677" lon="120.40940666665918">
    <ele>25.130000000000003</ele>
   </trkpt>
   <trkpt lat="14.842840003171673" lon="120.41026333331837">
    <ele>26.37</ele>
   </trkpt>
   <trkpt lat="14.84284" lon="120.41112000000001">
    <ele>28.610000000000003</ele>
   </trkpt>
   <trkpt lat="14.842855001199814" lon="120.41186499997117">
    <ele>29.650000000000002</ele>
   </trkpt>
   <trkpt lat="14.842870000000001" lon="120.41261000000002">
    <ele>31.8</ele>
   </trkpt>
   <trkpt lat="14.84295000817692" lon="120.41347999837835">
    <ele>33.65</ele>
   </trkpt>
   <trkpt lat="14.843030013082657" lon="120.41434999740056">
    <ele>35.28000000000001</ele>
   </trkpt>
   <trkpt lat="14.843110014717197" lon="120.41521999706666">
    <ele>35.5</ele>
   </trkpt>
   <trkpt lat="14.843190013080505" lon="120.4160899973766">
    <ele>34.25</ele>
   </trkpt>
   <trkpt lat="14.84327000817258" lon="120.41695999833038">
    <ele>32.080000000000005</ele>
   </trkpt>
   <trkpt lat="14.843350000000001" lon="120.41783000000001">
    <ele>29.57</ele>
   </trkpt>
   <trkpt lat="14.843425008947493" lon="120.41873999842055">
    <ele>27.410000000000004</ele>
   </trkpt>
   <trkpt lat="14.843500014315985" lon="120.41964999747253">
    <ele>24.89</ele>
   </trkpt>
   <trkpt lat="14.843575016105458" lon="120.42055999715595">
    <ele>23.680000000000003</ele>
   </trkpt>
   <trkpt lat="14.843650014315887" lon="120.42146999747075">
    <ele>23.05</ele>
   </trkpt>
   <trkpt lat="14.843725008947255" lon="120.42237999841689">
    <ele>23.610000000000003</ele>
   </trkpt>
   <trkpt lat="14.843800000000002" lon="120.42329000000001">
    <ele>25.57</ele>
   </trkpt>
   <trkpt lat="14.84382500054743" lon="120.4237900000856">
    <ele>26.6</ele>
   </trkpt>
   <trkpt lat="14.843850000000002" lon="120.42429000000001">
    <ele>27.250000000000004</ele>
   </trkpt>
   <trkpt lat="14.843925568541827" lon="120.42515666425123">
    <ele>37.55</ele>
   </trkpt>
   <trkpt lat="14.8440011338373" lon="120.42602332910835">
    <ele>37.55</ele>
   </trkpt>
   <trkpt lat="14.844076695886406" lon="120.42688999457131">
    <ele>37.55</ele>
   </trkpt>
   <trkpt lat="14.844152254689126" lon="120.4277566606401">
    <ele>37.55</ele>
   </trkpt>
   <trkpt lat="14.844227810245428" lon="120.42862332731474">
    <ele>20.630000000000003</ele>
   </trkpt>
   <trkpt lat="14.84430336255531" lon="120.42948999459516">
    <ele>20.630000000000003</ele>
   </trkpt>
   <trkpt lat="14.844378911618739" lon="120.43035666248133">
    <ele>20.630000000000003</ele>
   </trkpt>
   <trkpt lat="14.844454457435704" lon="120.43122333097324">
    <ele>20.630000000000003</ele>
   </trkpt>
   <trkpt lat="14.84453" lon="120.43209000000002">
    <ele>20.630000000000003</ele>
   </trkpt>
   <trkpt lat="14.844580001015201" lon="120.43277499985724">
    <ele>27.22</ele>
   </trkpt>
   <trkpt lat="14.84463" lon="120.43346000000001">
    <ele>28.080000000000002</ele>
   </trkpt>
   <trkpt lat="14.84471000324265" lon="120.43432666598319">
    <ele>27.62</ele>
   </trkpt>
   <trkpt lat="14.84479000323878" lon="120.43519333260784">
    <ele>26.26</ele>
   </trkpt>
   <trkpt lat="14.844870000000002" lon="120.43606000000001">
    <ele>24.26</ele>
   </trkpt>
   <trkpt lat="14.844950001158425" lon="120.43678999979127">
    <ele>21.69</ele>
   </trkpt>
   <trkpt lat="14.845030000000001" lon="120.43752">
    <ele>19.290000000000003</ele>
   </trkpt>
   <trkpt lat="14.845163335719622" lon="120.43826333240496">
    <ele>18.27</ele>
   </trkpt>
   <trkpt lat="14.845296669050917" lon="120.43900666572686">
    <ele>18.17</ele>
   </trkpt>
   <trkpt lat="14.84543" lon="120.43975">
    <ele>17.900000000000002</ele>
   </trkpt>
   <trkpt lat="14.845595001007336" lon="120.44043999938279">
    <ele>17.79</ele>
   </trkpt>
   <trkpt lat="14.845760000000002" lon="120.44113000000002">
    <ele>18.18</ele>
   </trkpt>
   <trkpt lat="14.845895000441415" lon="120.4415749997663">
    <ele>18.3</ele>
   </trkpt>
   <trkpt lat="14.84603" lon="120.44202000000001">
    <ele>18.150000000000002</ele>
   </trkpt>
   <trkpt lat="14.846353336222815" lon="120.44283666423964">
    <ele>13.110000000000001</ele>
   </trkpt>
   <trkpt lat="14.846676669562614" lon="120.44365333092257">
    <ele>22.72</ele>
   </trkpt>
   <trkpt lat="14.847000000000001" lon="120.44447000000001">
    <ele>22.72</ele>
   </trkpt>
   <trkpt lat="14.847220000000002" lon="120.44497000000001">
    <ele>19.4</ele>
   </trkpt>
   <trkpt lat="14.847230000000001" lon="120.44498000000002">
    <ele>19.4</ele>
   </trkpt>
   <trkpt lat="14.847580000858308" lon="120.44559499907571">
    <ele>19.84</ele>
   </trkpt>
   <trkpt lat="14.847930000000002" lon="120.44621000000001">
    <ele>19.930000000000003</ele>
   </trkpt>
   <trkpt lat="14.848296667861192" lon="120.44673666487289">
    <ele>19.73</ele>
   </trkpt>
   <trkpt lat="14.848663334523208" lon="120.44726333153287">
    <ele>19.42</ele>
   </trkpt>
   <trkpt lat="14.84903" lon="120.44779000000001">
    <ele>18.570000000000004</ele>
   </trkpt>
   <trkpt lat="14.849480000556246" lon="120.44832499881164">
    <ele>18.37</ele>
   </trkpt>
   <trkpt lat="14.84993" lon="120.44886000000001">
    <ele>18.26</ele>
   </trkpt>
   <trkpt lat="14.850270000000002" lon="120.44922000000001">
    <ele>18.330000000000002</ele>
   </trkpt>
   <trkpt lat="14.850835000685837" lon="120.4497649986171">
    <ele>14.520000000000001</ele>
   </trkpt>
   <trkpt lat="14.851400000000002" lon="120.45031000000002">
    <ele>14.520000000000001</ele>
   </trkpt>
   <trkpt lat="14.851860000212215" lon="120.45069499908975">
    <ele>17.67</ele>
   </trkpt>
   <trkpt lat="14.85232" lon="120.45108">
    <ele>17.330000000000002</ele>
   </trkpt>
   <trkpt lat="14.852970000000001" lon="120.45156000000001">
    <ele>16.810000000000002</ele>
   </trkpt>
   <trkpt lat="14.853480000000001" lon="120.45190000000001">
    <ele>17.310000000000002</ele>
   </trkpt>
   <trkpt lat="14.854100000256897" lon="120.45226999891479">
    <ele>13.030000000000001</ele>
   </trkpt>
   <trkpt lat="14.85472" lon="120.45264000000002">
    <ele>11.98</ele>
   </trkpt>
   <trkpt lat="14.855300000000002" lon="120.45295000000002">
    <ele>21.2</ele>
   </trkpt>
   <trkpt lat="14.856050000000002" lon="120.45329000000001">
    <ele>21.630000000000003</ele>
   </trkpt>
   <trkpt lat="14.856655000088585" lon="120.45354499926383">
    <ele>20.92</ele>
   </trkpt>
   <trkpt lat="14.857260000000002" lon="120.45380000000002">
    <ele>20.0</ele>
   </trkpt>
   <trkpt lat="14.857990000000001" lon="120.45404">
    <ele>16.77</ele>
   </trkpt>
   <trkpt lat="14.858583333405278" lon="120.4541933324831">
    <ele>11.83</ele>
   </trkpt>
   <trkpt lat="14.859176666708843" lon="120.45434666580874">
    <ele>8.030000000000001</ele>
   </trkpt>
   <trkpt lat="14.859770000000001" lon="120.45450000000001">
    <ele>8.030000000000001</ele>
   </trkpt>
   <trkpt lat="14.860100000000001" lon="120.45456000000001">
    <ele>15.57</ele>
   </trkpt>
   <trkpt lat="14.860840000000001" lon="120.45468000000001">
    <ele>15.82</ele>
   </trkpt>
   <trkpt lat="14.861329999973067" lon="120.45474499984773">
    <ele>16.040000000000003</ele>
   </trkpt>
   <trkpt lat="14.861820000000002" lon="120.45481000000001">
    <ele>16.21</ele>
   </trkpt>
   <trkpt lat="14.862340000000001" lon="120.45484">
    <ele>16.400000000000002</ele>
   </trkpt>
   <trkpt lat="14.863139999914843" lon="120.45486499990469">
    <ele>10.85</ele>
   </trkpt>
   <trkpt lat="14.863940000000001" lon="120.45489">
    <ele>10.85</ele>
   </trkpt>
   <trkpt lat="14.864780000014006" lon="120.45489499998064">
    <ele>19.32</ele>
   </trkpt>
   <trkpt lat="14.865620000000002" lon="120.45490000000001">
    <ele>20.560000000000002</ele>
   </trkpt>
   <trkpt lat="14.866491666689901" lon="120.4548650007064">
    <ele>12.0</ele>
   </trkpt>
   <trkpt lat="14.867363333374495" lon="120.4548300011301">
    <ele>12.0</ele>
   </trkpt>
   <trkpt lat="14.868235000053787" lon="120.45479500127111">
    <ele>11.840000000000002</ele>
   </trkpt>
   <trkpt lat="14.869106666727777" lon="120.45476000112936">
    <ele>11.840000000000002</ele>
   </trkpt>
   <trkpt lat="14.869978333396466" lon="120.45472500070488">
    <ele>11.840000000000002</ele>
   </trkpt>
   <trkpt lat="14.87085" lon="120.45469000000001">
    <ele>11.840000000000002</ele>
   </trkpt>
   <trkpt lat="14.871726666761216" lon="120.45465000032105">
    <ele>15.65</ele>
   </trkpt>
   <trkpt lat="14.872603333515505" lon="120.45461000031707">
    <ele>16.060000000000002</ele>
   </trkpt>
   <trkpt lat="14.87348" lon="120.45457">
    <ele>16.540000000000003</ele>
   </trkpt>
   <trkpt lat="14.874239999957627" lon="120.4545600000358">
    <ele>12.42</ele>
   </trkpt>
   <trkpt lat="14.875000000000002" lon="120.45455000000001">
    <ele>12.180000000000001</ele>
   </trkpt>
   <trkpt lat="14.875449999864836" lon="120.45455000000001">
    <ele>16.98</ele>
   </trkpt>
   <trkpt lat="14.875900000000001" lon="120.45455000000001">
    <ele>17.130000000000003</ele>
   </trkpt>
   <trkpt lat="14.876444999852733" lon="120.45456999994404">
    <ele>17.2</ele>
   </trkpt>
   <trkpt lat="14.876990000000001" lon="120.45459000000001">
    <ele>17.240000000000002</ele>
   </trkpt>
   <trkpt lat="14.877686666674125" lon="120.45464666630004">
    <ele>17.36</ele>
   </trkpt>
   <trkpt lat="14.87838333333434" lon="120.45470333296618">
    <ele>17.71</ele>
   </trkpt>
   <trkpt lat="14.879080000000002" lon="120.45476000000001">
    <ele>17.980000000000004</ele>
   </trkpt>
   <trkpt lat="14.879736666673216" lon="120.4548466661354">
    <ele>18.35</ele>
   </trkpt>
   <trkpt lat="14.880393333313892" lon="120.4549333327986">
    <ele>18.430000000000003</ele>
   </trkpt>
   <trkpt lat="14.881050000000002" lon="120.45502">
    <ele>18.7</ele>
   </trkpt>
   <trkpt lat="14.881810000139554" lon="120.45514199828148">
    <ele>10.96</ele>
   </trkpt>
   <trkpt lat="14.882570000214622" lon="120.45526399742299">
    <ele>10.96</ele>
   </trkpt>
   <trkpt lat="14.883330000225213" lon="120.45538599742466">
    <ele>13.22</ele>
   </trkpt>
   <trkpt lat="14.884090000171325" lon="120.45550799828649">
    <ele>13.22</ele>
   </trkpt>
   <trkpt lat="14.884850000000002" lon="120.45563000000001">
    <ele>13.22</ele>
   </trkpt>
   <trkpt lat="14.885702500348351" lon="120.45578124581243">
    <ele>13.22</ele>
   </trkpt>
   <trkpt lat="14.886555000597582" lon="120.4559324928212">
    <ele>13.22</ele>
   </trkpt>
   <trkpt lat="14.887407500747681" lon="120.4560837410264">
    <ele>13.22</ele>
   </trkpt>
   <trkpt lat="14.888260000798645" lon="120.45623499042817">
    <ele>18.98</ele>
   </trkpt>
   <trkpt lat="14.889112500750466" lon="120.45638624102651">
    <ele>18.98</ele>
   </trkpt>
   <trkpt lat="14.889965000603139" lon="120.45653749282154">
    <ele>18.98</ele>
   </trkpt>
   <trkpt lat="14.890817500356652" lon="120.45668874581332">
    <ele>18.98</ele>
   </trkpt>
   <trkpt lat="14.891670000000001" lon="120.45684000000001">
    <ele>18.98</ele>
   </trkpt>
   <trkpt lat="14.89249000027183" lon="120.4569857109571">
    <ele>22.42</ele>
   </trkpt>
   <trkpt lat="14.893310000451622" lon="120.45713142302333">
    <ele>22.6</ele>
   </trkpt>
   <trkpt lat="14.894130000539372" lon="120.45727713619884">
    <ele>22.46</ele>
   </trkpt>
   <trkpt lat="14.894950000535067" lon="120.45742285048362">
    <ele>22.3</ele>
   </trkpt>
   <trkpt lat="14.895770000438707" lon="120.4575685658778">
    <ele>22.53</ele>
   </trkpt>
   <trkpt lat="14.896590000250285" lon="120.45771428238145">
    <ele>23.01</ele>
   </trkpt>
   <trkpt lat="14.89741" lon="120.45786000000001">
    <ele>23.13</ele>
   </trkpt>
   <trkpt lat="14.898205555907802" lon="120.45800221801893">
    <ele>20.25</ele>
   </trkpt>
   <trkpt lat="14.899001111727898" lon="120.4581444370886">
    <ele>20.25</ele>
   </trkpt>
   <trkpt lat="14.899796667460278" lon="120.45828665720903">
    <ele>20.25</ele>
   </trkpt>
   <trkpt lat="14.900592223104933" lon="120.45842887838036">
    <ele>20.25</ele>
   </trkpt>
   <trkpt lat="14.901387778661867" lon="120.45857110060258">
    <ele>18.89</ele>
   </trkpt>
   <trkpt lat="14.902183334131069" lon="120.45871332387583">
    <ele>18.89</ele>
   </trkpt>
   <trkpt lat="14.90297888951253" lon="120.45885554820013">
    <ele>18.89</ele>
   </trkpt>
   <trkpt lat="14.903774444806254" lon="120.45899777357558">
    <ele>18.89</ele>
   </trkpt>
   <trkpt lat="14.904570000000001" lon="120.45914">
    <ele>18.89</ele>
   </trkpt>
   <trkpt lat="14.905320000000001" lon="120.45927">
    <ele>24.830000000000002</ele>
   </trkpt>
   <trkpt lat="14.90616111153251" lon="120.45942666176744">
    <ele>24.560000000000002</ele>
   </trkpt>
   <trkpt lat="14.90700222295854" lon="120.45958332475928">
    <ele>24.09</ele>
   </trkpt>
   <trkpt lat="14.90784333427808" lon="120.4597399889756">
    <ele>23.94</ele>
   </trkpt>
   <trkpt lat="14.908684445491126" lon="120.45989665441648">
    <ele>24.21</ele>
   </trkpt>
   <trkpt lat="14.909525556597673" lon="120.46005332108203">
    <ele>24.610000000000003</ele>
   </trkpt>
   <trkpt lat="14.910366667597701" lon="120.46020998897228">
    <ele>25.0</ele>
   </trkpt>
   <trkpt lat="14.911207778491224" lon="120.46036665808738">
    <ele>25.300000000000004</ele>
   </trkpt>
   <trkpt lat="14.912048889278212" lon="120.46052332842736">
    <ele>25.740000000000002</ele>
   </trkpt>
   <trkpt lat="14.91289" lon="120.46068000000001">
    <ele>26.46</ele>
   </trkpt>
   <trkpt lat="14.91363500003783" lon="120.46077499967333">
    <ele>27.01</ele>
   </trkpt>
   <trkpt lat="14.914380000000001" lon="120.46087000000001">
    <ele>27.31</ele>
   </trkpt>
   <trkpt lat="14.913633333515186" lon="120.46074499783296">
    <ele>27.31</ele>
   </trkpt>
   <trkpt lat="14.912886666962551" lon="120.46061999653362">
    <ele>27.31</ele>
   </trkpt>
   <trkpt lat="14.912140000342095" lon="120.46049499610196">
    <ele>24.68</ele>
   </trkpt>
   <trkpt lat="14.911393333653821" lon="120.46036999653788">
    <ele>24.68</ele>
   </trkpt>
   <trkpt lat="14.91064666689774" lon="120.46024499784136">
    <ele>24.68</ele>
   </trkpt>
   <trkpt lat="14.9099" lon="120.46012">
    <ele>24.68</ele>
   </trkpt>
   <trkpt lat="14.909075555960403" lon="120.45996666196716">
    <ele>24.21</ele>
   </trkpt>
   <trkpt lat="14.908251111818782" lon="120.45981332510922">
    <ele>23.98</ele>
   </trkpt>
   <trkpt lat="14.90742666757514" lon="120.4596599894261">
    <ele>23.930000000000003</ele>
   </trkpt>
   <trkpt lat="14.906602223229479" lon="120.45950665491776">
    <ele>24.44</ele>
   </trkpt>
   <trkpt lat="14.905777778781811" lon="120.45935332158408">
    <ele>24.690000000000005</ele>
   </trkpt>
   <trkpt lat="14.904953334232145" lon="120.45919998942502">
    <ele>25.060000000000002</ele>
   </trkpt>
   <trkpt lat="14.90412888958048" lon="120.45904665844047">
    <ele>25.240000000000002</ele>
   </trkpt>
   <trkpt lat="14.90330444482683" lon="120.45889332863037">
    <ele>25.14</ele>
   </trkpt>
   <trkpt lat="14.90248" lon="120.45874">
    <ele>24.82</ele>
   </trkpt>
   <trkpt lat="14.901643333563774" lon="120.45859499718338">
    <ele>21.130000000000003</ele>
   </trkpt>
   <trkpt lat="14.900806667036347" lon="120.45844999549365">
    <ele>21.130000000000003</ele>
   </trkpt>
   <trkpt lat="14.899970000417726" lon="120.4583049949308">
    <ele>21.130000000000003</ele>
   </trkpt>
   <trkpt lat="14.899133333707928" lon="120.45815999549473">
    <ele>20.57</ele>
   </trkpt>
   <trkpt lat="14.89829666690695" lon="120.45801499718534">
    <ele>20.57</ele>
   </trkpt>
   <trkpt lat="14.89746" lon="120.45787000000001">
    <ele>20.57</ele>
   </trkpt>
   <trkpt lat="14.896587500576363" lon="120.45771499309521">
    <ele>22.79</ele>
   </trkpt>
   <trkpt lat="14.895715001048538" lon="120.4575599874462">
    <ele>22.53</ele>
   </trkpt>
   <trkpt lat="14.894842501416552" lon="120.45740498305295">
    <ele>22.3</ele>
   </trkpt>
   <trkpt lat="14.893970001680389" lon="120.45724997991533">
    <ele>22.46</ele>
   </trkpt>
   <trkpt lat="14.893097501840074" lon="120.45709497803328">
    <ele>22.570000000000004</ele>
   </trkpt>
   <trkpt lat="14.892225001895603" lon="120.4569399774067">
    <ele>22.080000000000002</ele>
   </trkpt>
   <trkpt lat="14.891352501846988" lon="120.45678497803554">
    <ele>22.0</ele>
   </trkpt>
   <trkpt lat="14.89048000169423" lon="120.45662997991968">
    <ele>21.720000000000002</ele>
   </trkpt>
   <trkpt lat="14.889607501437352" lon="120.45647498305901">
    <ele>21.41</ele>
   </trkpt>
   <trkpt lat="14.888735001076341" lon="120.4563199874535">
    <ele>21.120000000000005</ele>
   </trkpt>
   <trkpt lat="14.887862500611218" lon="120.456164993103">
    <ele>20.84</ele>
   </trkpt>
   <trkpt lat="14.88699" lon="120.45601">
    <ele>20.53</ele>
   </trkpt>
   <trkpt lat="14.886146000191411" lon="120.45586399771453">
    <ele>16.09</ele>
   </trkpt>
   <trkpt lat="14.885302000290451" lon="120.45571799657246">
    <ele>16.09</ele>
   </trkpt>
   <trkpt lat="14.884458000297128" lon="120.4555719965737">
    <ele>15.99</ele>
   </trkpt>
   <trkpt lat="14.883614000211445" lon="120.45542599771817">
    <ele>15.99</ele>
   </trkpt>
   <trkpt lat="14.88277" lon="120.45528000000002">
    <ele>15.99</ele>
   </trkpt>
   <trkpt lat="14.88216" lon="120.45518000000001">
    <ele>18.99</ele>
   </trkpt>
   <trkpt lat="14.88139000007521" lon="120.45507499887562">
    <ele>18.750000000000004</ele>
   </trkpt>
   <trkpt lat="14.880620000102661" lon="120.45496999850116">
    <ele>18.46</ele>
   </trkpt>
   <trkpt lat="14.87985000008235" lon="120.45486499887664">
    <ele>18.35</ele>
   </trkpt>
   <trkpt lat="14.879080000000002" lon="120.45476000000001">
    <ele>17.980000000000004</ele>
   </trkpt>
   <trkpt lat="14.878383333353698" lon="120.45470333296774">
    <ele>17.71</ele>
   </trkpt>
   <trkpt lat="14.877686666693485" lon="120.45464666630161">
    <ele>17.36</ele>
   </trkpt>
   <trkpt lat="14.876990000000001" lon="120.45459000000001">
    <ele>17.240000000000002</ele>
   </trkpt>
   <trkpt lat="14.876445000148996" lon="120.45456999995491">
    <ele>17.2</ele>
   </trkpt>
   <trkpt lat="14.875900000000001" lon="120.45455000000001">
    <ele>17.130000000000003</ele>
   </trkpt>
   <trkpt lat="14.875116666732447" lon="120.45455333335728">
    <ele>16.900000000000002</ele>
   </trkpt>
   <trkpt lat="14.87433333346485" lon="120.45455666669034">
    <ele>16.82</ele>
   </trkpt>
   <trkpt lat="14.873550000000002" lon="120.45456000000001">
    <ele>16.62</ele>
   </trkpt>
   <trkpt lat="14.872748333347594" lon="120.45459833404558">
    <ele>16.060000000000002</ele>
   </trkpt>
   <trkpt lat="14.871946666688824" lon="120.45463666780626">
    <ele>15.91</ele>
   </trkpt>
   <trkpt lat="14.871145000023692" lon="120.45467500128208">
    <ele>15.22</ele>
   </trkpt>
   <trkpt lat="14.8703433333522" lon="120.45471333447303">
    <ele>14.97</ele>
   </trkpt>
   <trkpt lat="14.869541666674342" lon="120.45475166737917">
    <ele>15.22</ele>
   </trkpt>
   <trkpt lat="14.86874" lon="120.45479000000002">
    <ele>16.41</ele>
   </trkpt>
   <trkpt lat="14.867950000004779" lon="120.4548120003221">
    <ele>11.070000000000002</ele>
   </trkpt>
   <trkpt lat="14.867160000007463" lon="120.45483400048312">
    <ele>11.070000000000002</ele>
   </trkpt>
   <trkpt lat="14.866370000008054" lon="120.45485600048309">
    <ele>11.690000000000001</ele>
   </trkpt>
   <trkpt lat="14.86558000000655" lon="120.45487800032203">
    <ele>11.690000000000001</ele>
   </trkpt>
   <trkpt lat="14.864790000000001" lon="120.45490000000001">
    <ele>11.690000000000001</ele>
   </trkpt>
   <trkpt lat="14.863899999884488" lon="120.45488499993623">
    <ele>11.690000000000001</ele>
   </trkpt>
   <trkpt lat="14.863010000000001" lon="120.45487000000001">
    <ele>10.57</ele>
   </trkpt>
   <trkpt lat="14.8625" lon="120.45486000000001">
    <ele>16.43</ele>
   </trkpt>
   <trkpt lat="14.861820000000002" lon="120.45481000000001">
    <ele>16.21</ele>
   </trkpt>
   <trkpt lat="14.860960000121137" lon="120.45468499951485">
    <ele>15.82</ele>
   </trkpt>
   <trkpt lat="14.860100000000001" lon="120.45456000000001">
    <ele>15.57</ele>
   </trkpt>
   <trkpt lat="14.85927" lon="120.45439">
    <ele>15.57</ele>
   </trkpt>
   <trkpt lat="14.858745000085268" lon="120.45424999967108">
    <ele>15.530000000000001</ele>
   </trkpt>
   <trkpt lat="14.858220000000001" lon="120.45411000000001">
    <ele>16.17</ele>
   </trkpt>
   <trkpt lat="14.8577400001614" lon="120.45395499969085">
    <ele>18.13</ele>
   </trkpt>
   <trkpt lat="14.857260000000002" lon="120.45380000000002">
    <ele>20.0</ele>
   </trkpt>
   <trkpt lat="14.856655000192674" lon="120.45354499930767">
    <ele>20.92</ele>
   </trkpt>
   <trkpt lat="14.856050000000002" lon="120.45329000000001">
    <ele>21.630000000000003</ele>
   </trkpt>
   <trkpt lat="14.855300000000002" lon="120.45295000000002">
    <ele>20.98</ele>
   </trkpt>
   <trkpt lat="14.854910000000002" lon="120.45274">
    <ele>19.919999999999998</ele>
   </trkpt>
   <trkpt lat="14.85433500031939" lon="120.45240999916979">
    <ele>13.91</ele>
   </trkpt>
   <trkpt lat="14.853760000000001" lon="120.45208000000001">
    <ele>13.91</ele>
   </trkpt>
   <trkpt lat="14.85324666722987" lon="120.45171999829118">
    <ele>13.91</ele>
   </trkpt>
   <trkpt lat="14.852733333899284" lon="120.4513599982931">
    <ele>9.36</ele>
   </trkpt>
   <trkpt lat="14.85222" lon="120.45100000000001">
    <ele>9.36</ele>
   </trkpt>
   <trkpt lat="14.851760000403655" lon="120.45060999923312">
    <ele>17.900000000000002</ele>
   </trkpt>
   <trkpt lat="14.851300000000002" lon="120.45022000000002">
    <ele>18.03</ele>
   </trkpt>
   <trkpt lat="14.850885000236831" lon="120.44981999912663">
    <ele>18.150000000000002</ele>
   </trkpt>
   <trkpt lat="14.850470000000001" lon="120.44942">
    <ele>18.36</ele>
   </trkpt>
   <trkpt lat="14.84993" lon="120.44886000000001">
    <ele>18.26</ele>
   </trkpt>
   <trkpt lat="14.849480000681266" lon="120.44832499896025">
    <ele>18.37</ele>
   </trkpt>
   <trkpt lat="14.84903" lon="120.44779000000001">
    <ele>18.570000000000004</ele>
   </trkpt>
   <trkpt lat="14.849020000000001" lon="120.44778000000001">
    <ele>18.570000000000004</ele>
   </trkpt>
   <trkpt lat="14.84865666785319" lon="120.44725666491055">
    <ele>19.42</ele>
   </trkpt>
   <trkpt lat="14.848293334522305" lon="120.44673333158079">
    <ele>19.73</ele>
   </trkpt>
   <trkpt lat="14.847930000000002" lon="120.44621000000001">
    <ele>19.930000000000003</ele>
   </trkpt>
   <trkpt lat="14.847575000834812" lon="120.44558499895663">
    <ele>19.84</ele>
   </trkpt>
   <trkpt lat="14.847220000000002" lon="120.44496000000001">
    <ele>19.39</ele>
   </trkpt>
   <trkpt lat="14.84697333477717" lon="120.44438666541119">
    <ele>19.33</ele>
   </trkpt>
   <trkpt lat="14.846726668133352" lon="120.44381333213097">
    <ele>13.39</ele>
   </trkpt>
   <trkpt lat="14.846480000000001" lon="120.44324">
    <ele>13.39</ele>
   </trkpt>
   <trkpt lat="14.84630000046166" lon="120.4427749995981">
    <ele>17.87</ele>
   </trkpt>
   <trkpt lat="14.84612" lon="120.44231">
    <ele>18.0</ele>
   </trkpt>
   <trkpt lat="14.845940000738663" lon="120.4417199994638">
    <ele>18.27</ele>
   </trkpt>
   <trkpt lat="14.845760000000002" lon="120.44113000000002">
    <ele>18.18</ele>
   </trkpt>
   <trkpt lat="14.845595001050624" lon="120.44043999956384">
    <ele>17.79</ele>
   </trkpt>
   <trkpt lat="14.84543" lon="120.43975">
    <ele>17.900000000000002</ele>
   </trkpt>
   <trkpt lat="14.845296669057051" lon="120.43900666576106">
    <ele>18.17</ele>
   </trkpt>
   <trkpt lat="14.845163335725758" lon="120.43826333243912">
    <ele>18.27</ele>
   </trkpt>
   <trkpt lat="14.845030000000001" lon="120.43752">
    <ele>19.290000000000003</ele>
   </trkpt>
   <trkpt lat="14.844950001144964" lon="120.43678999966843">
    <ele>21.69</ele>
   </trkpt>
   <trkpt lat="14.844870000000002" lon="120.43606000000001">
    <ele>24.26</ele>
   </trkpt>
   <trkpt lat="14.844790003250413" lon="120.4351933327339">
    <ele>26.26</ele>
   </trkpt>
   <trkpt lat="14.844710003254283" lon="120.43432666610923">
    <ele>27.62</ele>
   </trkpt>
   <trkpt lat="14.84463" lon="120.43346000000001">
    <ele>28.0</ele>
   </trkpt>
   <trkpt lat="14.84456000528007" lon="120.43255749911468">
    <ele>26.7</ele>
   </trkpt>
   <trkpt lat="14.844490007039639" lon="120.43165499881383">
    <ele>24.77</ele>
   </trkpt>
   <trkpt lat="14.844420005278714" lon="120.43075249909742">
    <ele>24.220000000000002</ele>
   </trkpt>
   <trkpt lat="14.84435" lon="120.42985000000002">
    <ele>24.860000000000003</ele>
   </trkpt>
   <trkpt lat="14.844272867947357" lon="120.42893714089624">
    <ele>18.930000000000003</ele>
   </trkpt>
   <trkpt lat="14.84419573229299" lon="120.42802428244393">
    <ele>18.930000000000003</ele>
   </trkpt>
   <trkpt lat="14.844118593036926" lon="120.42711142464306">
    <ele>18.930000000000003</ele>
   </trkpt>
   <trkpt lat="14.844041450179189" lon="120.42619856749364">
    <ele>24.580000000000002</ele>
   </trkpt>
   <trkpt lat="14.843964303719805" lon="120.42528571099574">
    <ele>24.580000000000002</ele>
   </trkpt>
   <trkpt lat="14.84388715365878" lon="120.42437285514939">
    <ele>24.580000000000002</ele>
   </trkpt>
   <trkpt lat="14.843810000000001" lon="120.42346">
    <ele>24.580000000000002</ele>
   </trkpt>
   <trkpt lat="14.843744294102686" lon="120.42265571283099">
    <ele>24.180000000000003</ele>
   </trkpt>
   <trkpt lat="14.843678585409538" lon="120.42185142615085">
    <ele>23.17</ele>
   </trkpt>
   <trkpt lat="14.84361287392058" lon="120.42104713995965">
    <ele>23.13</ele>
   </trkpt>
   <trkpt lat="14.843547159635822" lon="120.42024285425741">
    <ele>24.040000000000003</ele>
   </trkpt>
   <trkpt lat="14.843481442555282" lon="120.4194385690441">
    <ele>25.18</ele>
   </trkpt>
   <trkpt lat="14.84341572267897" lon="120.4186342843198">
    <ele>27.410000000000004</ele>
   </trkpt>
   <trkpt lat="14.843350000000001" lon="120.41783000000001">
    <ele>29.57</ele>
   </trkpt>
   <trkpt lat="14.843270008179195" lon="120.4169599984024">
    <ele>32.080000000000005</ele>
   </trkpt>
   <trkpt lat="14.84319001308713" lon="120.41608999744861">
    <ele>34.25</ele>
   </trkpt>
   <trkpt lat="14.843110014723814" lon="120.41521999713864">
    <ele>35.5</ele>
   </trkpt>
   <trkpt lat="14.843030013089278" lon="120.41434999747256">
    <ele>35.28000000000001</ele>
   </trkpt>
   <trkpt lat="14.842950008183546" lon="120.41347999845033">
    <ele>33.65</ele>
   </trkpt>
   <trkpt lat="14.842870000000001" lon="120.41261000000002">
    <ele>31.3</ele>
   </trkpt>
   <trkpt lat="14.842860000000002" lon="120.41235">
    <ele>30.980000000000004</ele>
   </trkpt>
   <trkpt lat="14.84285333514073" lon="120.41170333330433">
    <ele>47.39</ele>
   </trkpt>
   <trkpt lat="14.842846668474175" lon="120.41105666664853">
    <ele>23.080000000000002</ele>
   </trkpt>
   <trkpt lat="14.84284" lon="120.41041000000001">
    <ele>23.080000000000002</ele>
   </trkpt>
   <trkpt lat="14.842840001661298" lon="120.40979000011778">
    <ele>25.910000000000004</ele>
   </trkpt>
   <trkpt lat="14.8428400016613" lon="120.40917000023556">
    <ele>24.790000000000003</ele>
   </trkpt>
   <trkpt lat="14.84284" lon="120.40855">
    <ele>24.240000000000002</ele>
   </trkpt>
   <trkpt lat="14.84288500126566" lon="120.40778500014147">
    <ele>24.32</ele>
   </trkpt>
   <trkpt lat="14.84293" lon="120.40702">
    <ele>24.89</ele>
   </trkpt>
   <trkpt lat="14.843015001759982" lon="120.40612000025183">
    <ele>26.320000000000004</ele>
   </trkpt>
   <trkpt lat="14.843100000000002" lon="120.40522000000001">
    <ele>28.970000000000002</ele>
   </trkpt>
   <trkpt lat="14.843180000753618" lon="120.40464499993134">
    <ele>30.61</ele>
   </trkpt>
   <trkpt lat="14.84326" lon="120.40407">
    <ele>31.560000000000006</ele>
   </trkpt>
   <trkpt lat="14.84341" lon="120.40317">
    <ele>32.74</ele>
   </trkpt>
   <trkpt lat="14.843550001067142" lon="120.40246000057246">
    <ele>32.629999999999995</ele>
   </trkpt>
   <trkpt lat="14.84369" lon="120.40175">
    <ele>31.66</ele>
   </trkpt>
   <trkpt lat="14.843890003030847" lon="120.40091333485911">
    <ele>29.210000000000004</ele>
   </trkpt>
   <trkpt lat="14.844090003036195" lon="120.40007666817012">
    <ele>27.69</ele>
   </trkpt>
   <trkpt lat="14.84429" lon="120.39924">
    <ele>26.390000000000004</ele>
   </trkpt>
   <trkpt lat="14.844450000000002" lon="120.39864000000001">
    <ele>26.070000000000004</ele>
   </trkpt>
   <trkpt lat="14.844760001588593" lon="120.39779000114447">
    <ele>26.330000000000002</ele>
   </trkpt>
   <trkpt lat="14.845070000000002" lon="120.39694000000001">
    <ele>26.94</ele>
   </trkpt>
   <trkpt lat="14.845300001505032" lon="120.39635333453757">
    <ele>27.580000000000002</ele>
   </trkpt>
   <trkpt lat="14.845530001522372" lon="120.3957666678267">
    <ele>28.21</ele>
   </trkpt>
   <trkpt lat="14.845760000000002" lon="120.39518000000001">
    <ele>28.57</ele>
   </trkpt>
   <trkpt lat="14.84600000073635" lon="120.39463500039082">
    <ele>28.830000000000002</ele>
   </trkpt>
   <trkpt lat="14.846240000000002" lon="120.39409">
    <ele>29.120000000000005</ele>
   </trkpt>
   <trkpt lat="14.846500000662587" lon="120.39353000070642">
    <ele>29.550000000000004</ele>
   </trkpt>
   <trkpt lat="14.846760000000002" lon="120.39297">
    <ele>29.830000000000002</ele>
   </trkpt>
   <trkpt lat="14.847125006690376" lon="120.39218333997138">
    <ele>22.72</ele>
   </trkpt>
   <trkpt lat="14.847490010705569" lon="120.39139667728575">
    <ele>22.72</ele>
   </trkpt>
   <trkpt lat="14.847855012045487" lon="120.3906100119431">
    <ele>35.53000000000001</ele>
   </trkpt>
   <trkpt lat="14.84822001071007" lon="120.3898233439433">
    <ele>35.53000000000001</ele>
   </trkpt>
   <trkpt lat="14.848585006699238" lon="120.38903667328637">
    <ele>35.53000000000001</ele>
   </trkpt>
   <trkpt lat="14.848950000000002" lon="120.38825000000001">
    <ele>35.53000000000001</ele>
   </trkpt>
   <trkpt lat="14.849165000447524" lon="120.3877800005332">
    <ele>33.24</ele>
   </trkpt>
   <trkpt lat="14.849380000000002" lon="120.38731000000001">
    <ele>33.43</ele>
   </trkpt>
   <trkpt lat="14.849565000522173" lon="120.38685500020598">
    <ele>33.63</ele>
   </trkpt>
   <trkpt lat="14.849750000000002" lon="120.38640000000001">
    <ele>33.97</ele>
   </trkpt>
   <trkpt lat="14.849900000000002" lon="120.38596000000001">
    <ele>34.34</ele>
   </trkpt>
   <trkpt lat="14.850130000000002" lon="120.38512000000001">
    <ele>34.660000000000004</ele>
   </trkpt>
   <trkpt lat="14.85025" lon="120.38446">
    <ele>35.0</ele>
   </trkpt>
   <trkpt lat="14.850320000602164" lon="120.3839350001229">
    <ele>35.38</ele>
   </trkpt>
   <trkpt lat="14.85039" lon="120.38341000000001">
    <ele>35.76</ele>
   </trkpt>
   <trkpt lat="14.85045" lon="120.38260000000001">
    <ele>36.32000000000001</ele>
   </trkpt>
   <trkpt lat="14.85045" lon="120.38210000000001">
    <ele>36.44</ele>
   </trkpt>
   <trkpt lat="14.850412504521675" lon="120.38126499955834">
    <ele>28.03</ele>
   </trkpt>
   <trkpt lat="14.850375006028687" lon="120.38042999940646">
    <ele>66.11</ele>
   </trkpt>
   <trkpt lat="14.850337504521042" lon="120.37959499954441">
    <ele>66.11</ele>
   </trkpt>
   <trkpt lat="14.8503" lon="120.37876000000001">
    <ele>66.11</ele>
   </trkpt>
   <trkpt lat="14.8503200006063" lon="120.37823000007485">
    <ele>44.24</ele>
   </trkpt>
   <trkpt lat="14.850340000000001" lon="120.3777">
    <ele>46.080000000000005</ele>
   </trkpt>
   <trkpt lat="14.85031" lon="120.37729000000002">
    <ele>47.46</ele>
   </trkpt>
   <trkpt lat="14.850220000000002" lon="120.3764">
    <ele>50.11</ele>
   </trkpt>
   <trkpt lat="14.850145000856887" lon="120.37577999999864">
    <ele>52.11</ele>
   </trkpt>
   <trkpt lat="14.85007" lon="120.37516000000001">
    <ele>54.62</ele>
   </trkpt>
   <trkpt lat="14.849970000758637" lon="120.37457499983927">
    <ele>56.78</ele>
   </trkpt>
   <trkpt lat="14.849870000000001" lon="120.37399">
    <ele>58.74000000000001</ele>
   </trkpt>
   <trkpt lat="14.849610000000002" lon="120.37312000000001">
    <ele>62.09</ele>
   </trkpt>
   <trkpt lat="14.849300000000001" lon="120.37226000000001">
    <ele>64.69000000000001</ele>
   </trkpt>
   <trkpt lat="14.848965001392262" lon="120.37145499873152">
    <ele>68.75</ele>
   </trkpt>
   <trkpt lat="14.848630000000002" lon="120.37065000000001">
    <ele>70.78</ele>
   </trkpt>
   <trkpt lat="14.848425000405497" lon="120.37022999965114">
    <ele>72.87</ele>
   </trkpt>
   <trkpt lat="14.848220000000001" lon="120.36981000000002">
    <ele>75.06</ele>
   </trkpt>
   <trkpt lat="14.848580000000002" lon="120.37055000000001">
    <ele>72.07000000000001</ele>
   </trkpt>
   <trkpt lat="14.848820001382984" lon="120.37111999868246">
    <ele>70.78</ele>
   </trkpt>
   <trkpt lat="14.8490600013613" lon="120.37168999863094">
    <ele>67.16000000000001</ele>
   </trkpt>
   <trkpt lat="14.849300000000001" lon="120.37226000000001">
    <ele>64.69000000000001</ele>
   </trkpt>
   <trkpt lat="14.849610000000002" lon="120.37312000000001">
    <ele>62.09</ele>
   </trkpt>
   <trkpt lat="14.849870000000001" lon="120.37399">
    <ele>58.74000000000001</ele>
   </trkpt>
   <trkpt lat="14.849970000721036" lon="120.3745749996193">
    <ele>56.78</ele>
   </trkpt>
   <trkpt lat="14.85007" lon="120.37516000000001">
    <ele>54.62</ele>
   </trkpt>
   <trkpt lat="14.850145000805158" lon="120.37577999957098">
    <ele>52.11</ele>
   </trkpt>
   <trkpt lat="14.850220000000002" lon="120.3764">
    <ele>50.11</ele>
   </trkpt>
   <trkpt lat="14.85031" lon="120.37729000000002">
    <ele>47.46</ele>
   </trkpt>
   <trkpt lat="14.850340000000001" lon="120.3777">
    <ele>46.080000000000005</ele>
   </trkpt>
   <trkpt lat="14.850320000525771" lon="120.3781950001435">
    <ele>44.24</ele>
   </trkpt>
   <trkpt lat="14.8503" lon="120.37869">
    <ele>43.21000000000001</ele>
   </trkpt>
   <trkpt lat="14.85031" lon="120.37912000000001">
    <ele>41.06</ele>
   </trkpt>
   <trkpt lat="14.850355001250417" lon="120.37987999987058">
    <ele>39.0</ele>
   </trkpt>
   <trkpt lat="14.8504" lon="120.38064000000001">
    <ele>37.290000000000006</ele>
   </trkpt>
   <trkpt lat="14.850413335179299" lon="120.38129333327095">
    <ele>36.550000000000004</ele>
   </trkpt>
   <trkpt lat="14.850426668513006" lon="120.38194666662251">
    <ele>28.07</ele>
   </trkpt>
   <trkpt lat="14.85044" lon="120.38260000000001">
    <ele>28.07</ele>
   </trkpt>
   <trkpt lat="14.85039" lon="120.38341000000001">
    <ele>35.76</ele>
   </trkpt>
   <trkpt lat="14.850320000589582" lon="120.38393500021725">
    <ele>35.21000000000001</ele>
   </trkpt>
   <trkpt lat="14.85025" lon="120.38446">
    <ele>35.0</ele>
   </trkpt>
   <trkpt lat="14.850130000000002" lon="120.38512000000001">
    <ele>34.660000000000004</ele>
   </trkpt>
   <trkpt lat="14.849990000546772" lon="120.38561500026037">
    <ele>34.34</ele>
   </trkpt>
   <trkpt lat="14.849850000000002" lon="120.38611000000002">
    <ele>34.050000000000004</ele>
   </trkpt>
   <trkpt lat="14.849533339014108" lon="120.38683500531306">
    <ele>24.6</ele>
   </trkpt>
   <trkpt lat="14.849216675755612" lon="120.38756000850132">
    <ele>24.6</ele>
   </trkpt>
   <trkpt lat="14.84890001022457" lon="120.38828500956487">
    <ele>23.8</ele>
   </trkpt>
   <trkpt lat="14.848583342421039" lon="120.3890100085037">
    <ele>23.8</ele>
   </trkpt>
   <trkpt lat="14.84826667234508" lon="120.3897350053179">
    <ele>23.8</ele>
   </trkpt>
   <trkpt lat="14.84795" lon="120.39046">
    <ele>23.8</ele>
   </trkpt>
   <trkpt lat="14.847608004556303" lon="120.39118600459682">
    <ele>30.92</ele>
   </trkpt>
   <trkpt lat="14.847266006834001" lon="120.391912006896">
    <ele>30.46</ele>
   </trkpt>
   <trkpt lat="14.846924006833156" lon="120.3926380068976">
    <ele>30.140000000000004</ele>
   </trkpt>
   <trkpt lat="14.846582004553833" lon="120.39336400460168">
    <ele>29.550000000000004</ele>
   </trkpt>
   <trkpt lat="14.846240000000002" lon="120.39409">
    <ele>29.120000000000005</ele>
   </trkpt>
   <trkpt lat="14.846000000547583" lon="120.39463500081946">
    <ele>28.830000000000002</ele>
   </trkpt>
   <trkpt lat="14.845760000000002" lon="120.39518000000001">
    <ele>28.57</ele>
   </trkpt>
   <trkpt lat="14.845530001470376" lon="120.39576666795935">
    <ele>28.21</ele>
   </trkpt>
   <trkpt lat="14.845300001453035" lon="120.39635333467022">
    <ele>27.580000000000002</ele>
   </trkpt>
   <trkpt lat="14.845070000000002" lon="120.39694000000001">
    <ele>26.94</ele>
   </trkpt>
   <trkpt lat="14.844760001534276" lon="120.3977900012934">
    <ele>26.330000000000002</ele>
   </trkpt>
   <trkpt lat="14.844450000000002" lon="120.39864000000001">
    <ele>26.09</ele>
   </trkpt>
   <trkpt lat="14.84429" lon="120.39924">
    <ele>26.390000000000004</ele>
   </trkpt>
   <trkpt lat="14.844090003020195" lon="120.40007666823706">
    <ele>27.69</ele>
   </trkpt>
   <trkpt lat="14.843890003014847" lon="120.40091333492605">
    <ele>29.210000000000004</ele>
   </trkpt>
   <trkpt lat="14.84369" lon="120.40175">
    <ele>31.66</ele>
   </trkpt>
   <trkpt lat="14.843550001111574" lon="120.4024600003471">
    <ele>32.629999999999995</ele>
   </trkpt>
   <trkpt lat="14.84341" lon="120.40317">
    <ele>32.74</ele>
   </trkpt>
   <trkpt lat="14.84326" lon="120.40407">
    <ele>31.560000000000006</ele>
   </trkpt>
   <trkpt lat="14.843180000675305" lon="120.40464500049423">
    <ele>30.61</ele>
   </trkpt>
   <trkpt lat="14.843100000000002" lon="120.40522000000001">
    <ele>28.970000000000002</ele>
   </trkpt>
   <trkpt lat="14.843015001740712" lon="120.40612000045586">
    <ele>26.320000000000004</ele>
   </trkpt>
   <trkpt lat="14.84293" lon="120.40702">
    <ele>24.89</ele>
   </trkpt>
   <trkpt lat="14.842885001263571" lon="120.40778500017697">
    <ele>24.32</ele>
   </trkpt>
   <trkpt lat="14.84284" lon="120.40855">
    <ele>24.240000000000002</ele>
   </trkpt>
   <trkpt lat="14.84284" lon="120.40874000000001">
    <ele>24.400000000000002</ele>
   </trkpt>
   <trkpt lat="14.842842504628885" lon="120.40958499999537">
    <ele>23.01</ele>
   </trkpt>
   <trkpt lat="14.842845006171894" lon="120.41043000001034">
    <ele>42.190000000000005</ele>
   </trkpt>
   <trkpt lat="14.84284750462903" lon="120.41127500004482">
    <ele>42.190000000000005</ele>
   </trkpt>
   <trkpt lat="14.842850000000002" lon="120.41212000000002">
    <ele>42.190000000000005</ele>
   </trkpt>
   <trkpt lat="14.842870000000001" lon="120.41261000000002">
    <ele>31.8</ele>
   </trkpt>
   <trkpt lat="14.84295000817692" lon="120.41347999837835">
    <ele>33.65</ele>
   </trkpt>
   <trkpt lat="14.843030013082657" lon="120.41434999740056">
    <ele>35.28000000000001</ele>
   </trkpt>
   <trkpt lat="14.843110014717197" lon="120.41521999706666">
    <ele>35.5</ele>
   </trkpt>
   <trkpt lat="14.843190013080505" lon="120.4160899973766">
    <ele>34.25</ele>
   </trkpt>
   <trkpt lat="14.84327000817258" lon="120.41695999833038">
    <ele>32.080000000000005</ele>
   </trkpt>
   <trkpt lat="14.843350000000001" lon="120.41783000000001">
    <ele>29.57</ele>
   </trkpt>
   <trkpt lat="14.843425008947493" lon="120.41873999842055">
    <ele>27.410000000000004</ele>
   </trkpt>
   <trkpt lat="14.843500014315985" lon="120.41964999747253">
    <ele>24.89</ele>
   </trkpt>
   <trkpt lat="14.843575016105458" lon="120.42055999715595">
    <ele>23.680000000000003</ele>
   </trkpt>
   <trkpt lat="14.843650014315887" lon="120.42146999747075">
    <ele>23.05</ele>
   </trkpt>
   <trkpt lat="14.843725008947255" lon="120.42237999841689">
    <ele>23.610000000000003</ele>
   </trkpt>
   <trkpt lat="14.843800000000002" lon="120.42329000000001">
    <ele>25.57</ele>
   </trkpt>
   <trkpt lat="14.843840001017234" lon="120.42397499992848">
    <ele>26.950000000000003</ele>
   </trkpt>
   <trkpt lat="14.84388" lon="120.42466">
    <ele>27.71</ele>
   </trkpt>
   <trkpt lat="14.84392" lon="120.42508000000001">
    <ele>27.810000000000002</ele>
   </trkpt>
   <trkpt lat="14.844005005488931" lon="120.42599999893174">
    <ele>44.57000000000001</ele>
   </trkpt>
   <trkpt lat="14.844090007319632" lon="120.42691999858697">
    <ele>17.25</ele>
   </trkpt>
   <trkpt lat="14.844175005492085" lon="120.42783999896565">
    <ele>17.25</ele>
   </trkpt>
   <trkpt lat="14.844260000000002" lon="120.42876000000001">
    <ele>17.25</ele>
   </trkpt>
   <trkpt lat="14.844317503221115" lon="120.42946499942214">
    <ele>17.25</ele>
   </trkpt>
   <trkpt lat="14.844375004293996" lon="120.43016999921933">
    <ele>18.39</ele>
   </trkpt>
   <trkpt lat="14.844432503218629" lon="120.43087499939156">
    <ele>18.39</ele>
   </trkpt>
   <trkpt lat="14.84449" lon="120.43158000000001">
    <ele>18.39</ele>
   </trkpt>
   <trkpt lat="14.84453666836065" lon="120.43220666635024">
    <ele>26.240000000000002</ele>
   </trkpt>
   <trkpt lat="14.8445833350239" lon="120.43283333297107">
    <ele>27.22</ele>
   </trkpt>
   <trkpt lat="14.84463" lon="120.43346000000001">
    <ele>28.0</ele>
   </trkpt>
   <trkpt lat="14.84471000324265" lon="120.43432666598319">
    <ele>27.62</ele>
   </trkpt>
   <trkpt lat="14.84479000323878" lon="120.43519333260784">
    <ele>26.26</ele>
   </trkpt>
   <trkpt lat="14.844870000000002" lon="120.43606000000001">
    <ele>24.26</ele>
   </trkpt>
   <trkpt lat="14.844950001158425" lon="120.43678999979127">
    <ele>21.69</ele>
   </trkpt>
   <trkpt lat="14.845030000000001" lon="120.43752">
    <ele>19.290000000000003</ele>
   </trkpt>
   <trkpt lat="14.845163335719622" lon="120.43826333240496">
    <ele>18.27</ele>
   </trkpt>
   <trkpt lat="14.845296669050917" lon="120.43900666572686">
    <ele>18.17</ele>
   </trkpt>
   <trkpt lat="14.84543" lon="120.43975">
    <ele>17.900000000000002</ele>
   </trkpt>
   <trkpt lat="14.845595001007336" lon="120.44043999938279">
    <ele>17.79</ele>
   </trkpt>
   <trkpt lat="14.845760000000002" lon="120.44113000000002">
    <ele>18.18</ele>
   </trkpt>
   <trkpt lat="14.845940000766037" lon="120.44171999955356">
    <ele>18.27</ele>
   </trkpt>
   <trkpt lat="14.84612" lon="120.44231">
    <ele>18.0</ele>
   </trkpt>
   <trkpt lat="14.846435001338051" lon="120.44310999871925">
    <ele>17.96</ele>
   </trkpt>
   <trkpt lat="14.846750000000002" lon="120.44391000000002">
    <ele>18.54</ele>
   </trkpt>
   <trkpt lat="14.84699000056206" lon="120.44444499927978">
    <ele>19.040000000000003</ele>
   </trkpt>
   <trkpt lat="14.847230000000001" lon="120.44498000000002">
    <ele>19.32</ele>
   </trkpt>
   <trkpt lat="14.847580000858308" lon="120.44559499907571">
    <ele>19.84</ele>
   </trkpt>
   <trkpt lat="14.847930000000002" lon="120.44621000000001">
    <ele>19.930000000000003</ele>
   </trkpt>
   <trkpt lat="14.84829333451492" lon="120.44673333157016">
    <ele>19.73</ele>
   </trkpt>
   <trkpt lat="14.848656667845798" lon="120.44725666489992">
    <ele>18.81</ele>
   </trkpt>
   <trkpt lat="14.849020000000001" lon="120.44778000000001">
    <ele>18.570000000000004</ele>
   </trkpt>
   <trkpt lat="14.84903" lon="120.44779000000001">
    <ele>18.570000000000004</ele>
   </trkpt>
   <trkpt lat="14.849480000556246" lon="120.44832499881164">
    <ele>18.37</ele>
   </trkpt>
   <trkpt lat="14.84993" lon="120.44886000000001">
    <ele>18.26</ele>
   </trkpt>
   <trkpt lat="14.850470000000001" lon="120.44942">
    <ele>18.36</ele>
   </trkpt>
   <trkpt lat="14.850885000455003" lon="120.44981999933691">
    <ele>18.150000000000002</ele>
   </trkpt>
   <trkpt lat="14.851300000000002" lon="120.45022000000002">
    <ele>18.03</ele>
   </trkpt>
   <trkpt lat="14.851810000221143" lon="120.45064999883444">
    <ele>17.900000000000002</ele>
   </trkpt>
   <trkpt lat="14.85232" lon="120.45108">
    <ele>17.330000000000002</ele>
   </trkpt>
   <trkpt lat="14.852970000000001" lon="120.45156000000001">
    <ele>16.810000000000002</ele>
   </trkpt>
   <trkpt lat="14.853380000000001" lon="120.45184">
    <ele>17.210000000000004</ele>
   </trkpt>
   <trkpt lat="14.85394000023969" lon="120.45217999911243">
    <ele>12.72</ele>
   </trkpt>
   <trkpt lat="14.854500000000002" lon="120.45252">
    <ele>12.72</ele>
   </trkpt>
   <trkpt lat="14.854900000205696" lon="120.45273499965872">
    <ele>20.080000000000002</ele>
   </trkpt>
   <trkpt lat="14.855300000000002" lon="120.45295000000002">
    <ele>21.2</ele>
   </trkpt>
   <trkpt lat="14.856050000000002" lon="120.45329000000001">
    <ele>21.630000000000003</ele>
   </trkpt>
   <trkpt lat="14.856655000088585" lon="120.45354499926383">
    <ele>20.92</ele>
   </trkpt>
   <trkpt lat="14.857260000000002" lon="120.45380000000002">
    <ele>20.0</ele>
   </trkpt>
   <trkpt lat="14.85753" lon="120.45388000000001">
    <ele>18.44</ele>
   </trkpt>
   <trkpt lat="14.858203333565536" lon="120.45406999883672">
    <ele>10.540000000000001</ele>
   </trkpt>
   <trkpt lat="14.858876666974908" lon="120.45425999885815">
    <ele>7.92</ele>
   </trkpt>
   <trkpt lat="14.85955" lon="120.45445000000001">
    <ele>7.92</ele>
   </trkpt>
   <trkpt lat="14.860100000000001" lon="120.45456000000001">
    <ele>15.57</ele>
   </trkpt>
   <trkpt lat="14.860959999946472" lon="120.45468499948947">
    <ele>15.82</ele>
   </trkpt>
   <trkpt lat="14.861820000000002" lon="120.45481000000001">
    <ele>16.21</ele>
   </trkpt>
   <trkpt lat="14.8625" lon="120.45486000000001">
    <ele>16.43</ele>
   </trkpt>
   <trkpt lat="14.863040000000002" lon="120.45487000000001">
    <ele>16.720000000000002</ele>
   </trkpt>
   <trkpt lat="14.863605000081055" lon="120.4548849999629">
    <ele>10.72</ele>
   </trkpt>
   <trkpt lat="14.864170000000001" lon="120.45490000000001">
    <ele>10.72</ele>
   </trkpt>
   <trkpt lat="14.865060000058643" lon="120.45490000000002">
    <ele>19.83</ele>
   </trkpt>
   <trkpt lat="14.865950000000002" lon="120.45490000000001">
    <ele>20.900000000000002</ele>
   </trkpt>
   <trkpt lat="14.866410000288958" lon="120.45489000001506">
    <ele>12.84</ele>
   </trkpt>
   <trkpt lat="14.86687" lon="120.45488">
    <ele>12.84</ele>
   </trkpt>
   <trkpt lat="14.86775000001956" lon="120.45483833418284">
    <ele>19.21</ele>
   </trkpt>
   <trkpt lat="14.868630000031608" lon="120.45479666802588">
    <ele>16.700000000000003</ele>
   </trkpt>
   <trkpt lat="14.869510000036142" lon="120.45475500152914">
    <ele>15.22</ele>
   </trkpt>
   <trkpt lat="14.870390000033156" lon="120.45471333469254">
    <ele>14.97</ele>
   </trkpt>
   <trkpt lat="14.871270000022658" lon="120.4546716675161">
    <ele>15.430000000000001</ele>
   </trkpt>
   <trkpt lat="14.872150000000001" lon="120.45463000000001">
    <ele>15.91</ele>
   </trkpt>
   <trkpt lat="14.8729500000066" lon="120.45460333353101">
    <ele>7.320000000000001</ele>
   </trkpt>
   <trkpt lat="14.873750000010123" lon="120.45457666686424">
    <ele>10.08</ele>
   </trkpt>
   <trkpt lat="14.874550000000001" lon="120.45455000000001">
    <ele>10.08</ele>
   </trkpt>
   <trkpt lat="14.87522499999974" lon="120.45455000000001">
    <ele>16.900000000000002</ele>
   </trkpt>
   <trkpt lat="14.875900000000001" lon="120.45455000000001">
    <ele>17.130000000000003</ele>
   </trkpt>
   <trkpt lat="14.876444999852733" lon="120.45456999994404">
    <ele>17.2</ele>
   </trkpt>
   <trkpt lat="14.876990000000001" lon="120.45459000000001">
    <ele>17.240000000000002</ele>
   </trkpt>
   <trkpt lat="14.877686666674125" lon="120.45464666630004">
    <ele>17.36</ele>
   </trkpt>
   <trkpt lat="14.87838333333434" lon="120.45470333296618">
    <ele>17.71</ele>
   </trkpt>
   <trkpt lat="14.879080000000002" lon="120.45476000000001">
    <ele>17.980000000000004</ele>
   </trkpt>
   <trkpt lat="14.87985000006807" lon="120.4548649988747">
    <ele>18.35</ele>
   </trkpt>
   <trkpt lat="14.880620000088376" lon="120.45496999849922">
    <ele>18.46</ele>
   </trkpt>
   <trkpt lat="14.881390000060929" lon="120.45507499887366">
    <ele>18.750000000000004</ele>
   </trkpt>
   <trkpt lat="14.88216" lon="120.45518000000001">
    <ele>18.99</ele>
   </trkpt>
   <trkpt lat="14.883030000000002" lon="120.45533">
    <ele>19.41</ele>
   </trkpt>
   <trkpt lat="14.883862500110386" lon="120.45546999837516">
    <ele>16.099999999999998</ele>
   </trkpt>
   <trkpt lat="14.884695000135851" lon="120.45560999783159">
    <ele>13.91</ele>
   </trkpt>
   <trkpt lat="14.885527500076394" lon="120.45574999836938">
    <ele>13.91</ele>
   </trkpt>
   <trkpt lat="14.886360000000002" lon="120.45589000000001">
    <ele>13.91</ele>
   </trkpt>
   <trkpt lat="14.887174545915052" lon="120.45603544904777">
    <ele>20.68</ele>
   </trkpt>
   <trkpt lat="14.887989091738424" lon="120.45618089919492">
    <ele>20.84</ele>
   </trkpt>
   <trkpt lat="14.888803637470113" lon="120.45632635044154">
    <ele>21.120000000000005</ele>
   </trkpt>
   <trkpt lat="14.889618183110116" lon="120.4564718027877">
    <ele>21.41</ele>
   </trkpt>
   <trkpt lat="14.890432728658418" lon="120.4566172562335">
    <ele>21.720000000000002</ele>
   </trkpt>
   <trkpt lat="14.891247274115017" lon="120.45676271077895">
    <ele>21.92</ele>
   </trkpt>
   <trkpt lat="14.89206181947991" lon="120.45690816642418">
    <ele>22.080000000000002</ele>
   </trkpt>
   <trkpt lat="14.892876364753088" lon="120.45705362316919">
    <ele>22.51</ele>
   </trkpt>
   <trkpt lat="14.893690909934547" lon="120.45719908101415">
    <ele>22.6</ele>
   </trkpt>
   <trkpt lat="14.894505455024278" lon="120.45734453995904">
    <ele>22.330000000000002</ele>
   </trkpt>
   <trkpt lat="14.895320000000002" lon="120.45749">
    <ele>22.39</ele>
   </trkpt>
   <trkpt lat="14.896200000215904" lon="120.45764399748494">
    <ele>17.17</ele>
   </trkpt>
   <trkpt lat="14.897080000328977" lon="120.4577979962282">
    <ele>17.17</ele>
   </trkpt>
   <trkpt lat="14.89796000033922" lon="120.45795199622991">
    <ele>22.950000000000003</ele>
   </trkpt>
   <trkpt lat="14.898840000246615" lon="120.45810599749014">
    <ele>22.950000000000003</ele>
   </trkpt>
   <trkpt lat="14.899720000000002" lon="120.45826000000001">
    <ele>22.950000000000003</ele>
   </trkpt>
   <trkpt lat="14.900100000000002" lon="120.45832000000001">
    <ele>23.930000000000003</ele>
   </trkpt>
   <trkpt lat="14.900880000161319" lon="120.45845999848456">
    <ele>24.26</ele>
   </trkpt>
   <trkpt lat="14.901660000237626" lon="120.45859999798343">
    <ele>24.470000000000002</ele>
   </trkpt>
   <trkpt lat="14.902440000228921" lon="120.45873999849664">
    <ele>24.700000000000003</ele>
   </trkpt>
   <trkpt lat="14.903220000000001" lon="120.45888000000001">
    <ele>25.14</ele>
   </trkpt>
   <trkpt lat="14.90394000005939" lon="120.45901999953506">
    <ele>25.240000000000002</ele>
   </trkpt>
   <trkpt lat="14.904660000000002" lon="120.45916000000001">
    <ele>25.18</ele>
   </trkpt>
   <trkpt lat="14.905320000000001" lon="120.45927">
    <ele>24.830000000000002</ele>
   </trkpt>
   <trkpt lat="14.90616111153251" lon="120.45942666176744">
    <ele>24.560000000000002</ele>
   </trkpt>
   <trkpt lat="14.90700222295854" lon="120.45958332475928">
    <ele>24.09</ele>
   </trkpt>
   <trkpt lat="14.90784333427808" lon="120.4597399889756">
    <ele>23.94</ele>
   </trkpt>
   <trkpt lat="14.908684445491126" lon="120.45989665441648">
    <ele>24.21</ele>
   </trkpt>
   <trkpt lat="14.909525556597673" lon="120.46005332108203">
    <ele>24.610000000000003</ele>
   </trkpt>
   <trkpt lat="14.910366667597701" lon="120.46020998897228">
    <ele>25.0</ele>
   </trkpt>
   <trkpt lat="14.911207778491224" lon="120.46036665808738">
    <ele>25.300000000000004</ele>
   </trkpt>
   <trkpt lat="14.912048889278212" lon="120.46052332842736">
    <ele>25.740000000000002</ele>
   </trkpt>
   <trkpt lat="14.91289" lon="120.46068000000001">
    <ele>26.46</ele>
   </trkpt>
   <trkpt lat="14.913640000150547" lon="120.4607749996854">
    <ele>27.31</ele>
   </trkpt>
   <trkpt lat="14.914390000000001" lon="120.46087000000001">
    <ele>27.31</ele>
   </trkpt>
   <trkpt lat="14.913639999888625" lon="120.46077499965222">
    <ele>27.01</ele>
   </trkpt>
   <trkpt lat="14.91289" lon="120.46068000000001">
    <ele>26.46</ele>
   </trkpt>
   <trkpt lat="14.912032308352142" lon="120.46052076161509">
    <ele>25.740000000000002</ele>
   </trkpt>
   <trkpt lat="14.911174616594234" lon="120.46036152449976">
    <ele>25.300000000000004</ele>
   </trkpt>
   <trkpt lat="14.910316924726281" lon="120.46020228865393">
    <ele>25.0</ele>
   </trkpt>
   <trkpt lat="14.9094592327483" lon="120.46004305407752">
    <ele>24.39</ele>
   </trkpt>
   <trkpt lat="14.908601540660287" lon="120.45988382077043">
    <ele>24.09</ele>
   </trkpt>
   <trkpt lat="14.90774384846225" lon="120.45972458873263">
    <ele>23.91</ele>
   </trkpt>
   <trkpt lat="14.906886156154204" lon="120.45956535796392">
    <ele>24.26</ele>
   </trkpt>
   <trkpt lat="14.906028463736153" lon="120.45940612846431">
    <ele>24.560000000000002</ele>
   </trkpt>
   <trkpt lat="14.905170771208102" lon="120.45924690023367">
    <ele>24.96</ele>
   </trkpt>
   <trkpt lat="14.904313078570063" lon="120.45908767327194">
    <ele>25.18</ele>
   </trkpt>
   <trkpt lat="14.903455385822038" lon="120.45892844757904">
    <ele>25.23</ele>
   </trkpt>
   <trkpt lat="14.902597692964042" lon="120.45876922315482">
    <ele>24.990000000000002</ele>
   </trkpt>
   <trkpt lat="14.901740000000002" lon="120.45861000000001">
    <ele>24.51</ele>
   </trkpt>
   <trkpt lat="14.900915000206899" lon="120.4584666639182">
    <ele>23.03</ele>
   </trkpt>
   <trkpt lat="14.900090000324692" lon="120.45832332893477">
    <ele>23.03</ele>
   </trkpt>
   <trkpt lat="14.899265000353381" lon="120.45817999504968">
    <ele>18.94</ele>
   </trkpt>
   <trkpt lat="14.898440000292975" lon="120.45803666226278">
    <ele>18.94</ele>
   </trkpt>
   <trkpt lat="14.89761500014348" lon="120.45789333057408">
    <ele>18.94</ele>
   </trkpt>
   <trkpt lat="14.896790000000001" lon="120.45775">
    <ele>18.94</ele>
   </trkpt>
   <trkpt lat="14.895969231325507" lon="120.45760383947217">
    <ele>22.770000000000003</ele>
   </trkpt>
   <trkpt lat="14.895148462558383" lon="120.45745768005825">
    <ele>22.37</ele>
   </trkpt>
   <trkpt lat="14.894327693698644" lon="120.45731152175814">
    <ele>22.320000000000004</ele>
   </trkpt>
   <trkpt lat="14.893506924746287" lon="120.45716536457181">
    <ele>22.6</ele>
   </trkpt>
   <trkpt lat="14.892686155701329" lon="120.45701920849913">
    <ele>22.42</ele>
   </trkpt>
   <trkpt lat="14.891865386563763" lon="120.45687305354008">
    <ele>22.080000000000002</ele>
   </trkpt>
   <trkpt lat="14.891044617333602" lon="120.45672689969454">
    <ele>21.92</ele>
   </trkpt>
   <trkpt lat="14.890223848010857" lon="120.45658074696247">
    <ele>21.720000000000002</ele>
   </trkpt>
   <trkpt lat="14.889403078595523" lon="120.45643459534378">
    <ele>21.41</ele>
   </trkpt>
   <trkpt lat="14.888582309087615" lon="120.45628844483844">
    <ele>21.120000000000005</ele>
   </trkpt>
   <trkpt lat="14.88776153948713" lon="120.4561422954463">
    <ele>20.84</ele>
   </trkpt>
   <trkpt lat="14.886940769794089" lon="120.45599614716738">
    <ele>20.68</ele>
   </trkpt>
   <trkpt lat="14.886120000000002" lon="120.45585000000001">
    <ele>20.18</ele>
   </trkpt>
   <trkpt lat="14.885233333557137" lon="120.4557066637192">
    <ele>15.0</ele>
   </trkpt>
   <trkpt lat="14.884346667025257" lon="120.45556332861756">
    <ele>15.0</ele>
   </trkpt>
   <trkpt lat="14.883460000404355" lon="120.45541999469503">
    <ele>12.16</ele>
   </trkpt>
   <trkpt lat="14.882573333694443" lon="120.45527666195152">
    <ele>12.16</ele>
   </trkpt>
   <trkpt lat="14.881686666895535" lon="120.45513333038696">
    <ele>12.16</ele>
   </trkpt>
   <trkpt lat="14.8808" lon="120.45499000000001">
    <ele>12.16</ele>
   </trkpt>
   <trkpt lat="14.879940000052152" lon="120.4548749995445">
    <ele>18.35</ele>
   </trkpt>
   <trkpt lat="14.879080000000002" lon="120.45476000000001">
    <ele>17.980000000000004</ele>
   </trkpt>
   <trkpt lat="14.878383333353698" lon="120.45470333296774">
    <ele>17.71</ele>
   </trkpt>
   <trkpt lat="14.877686666693485" lon="120.45464666630161">
    <ele>17.36</ele>
   </trkpt>
   <trkpt lat="14.876990000000001" lon="120.45459000000001">
    <ele>17.240000000000002</ele>
   </trkpt>
   <trkpt lat="14.876445000148996" lon="120.45456999995491">
    <ele>17.2</ele>
   </trkpt>
   <trkpt lat="14.875900000000001" lon="120.45455000000001">
    <ele>17.130000000000003</ele>
   </trkpt>
   <trkpt lat="14.875116666732447" lon="120.45455333335728">
    <ele>16.900000000000002</ele>
   </trkpt>
   <trkpt lat="14.87433333346485" lon="120.45455666669034">
    <ele>16.82</ele>
   </trkpt>
   <trkpt lat="14.873550000000002" lon="120.45456000000001">
    <ele>16.62</ele>
   </trkpt>
   <trkpt lat="14.87272285717565" lon="120.4546000009195">
    <ele>16.060000000000002</ele>
   </trkpt>
   <trkpt lat="14.87189571434436" lon="120.45464000153223">
    <ele>15.65</ele>
   </trkpt>
   <trkpt lat="14.871068571506145" lon="120.45468000183828">
    <ele>15.22</ele>
   </trkpt>
   <trkpt lat="14.870241428661009" lon="120.45472000183767">
    <ele>14.97</ele>
   </trkpt>
   <trkpt lat="14.86941428580894" lon="120.45476000153039">
    <ele>15.22</ele>
   </trkpt>
   <trkpt lat="14.86858714294995" lon="120.45480000091648">
    <ele>16.700000000000003</ele>
   </trkpt>
   <trkpt lat="14.86776" lon="120.45484">
    <ele>19.23</ele>
   </trkpt>
   <trkpt lat="14.866920000015325" lon="120.4548550001749">
    <ele>10.900000000000002</ele>
   </trkpt>
   <trkpt lat="14.866080000029674" lon="120.45487000023303">
    <ele>10.900000000000002</ele>
   </trkpt>
   <trkpt lat="14.865240000043048" lon="120.45488500017439">
    <ele>11.55</ele>
   </trkpt>
   <trkpt lat="14.864400000000002" lon="120.45490000000001">
    <ele>11.55</ele>
   </trkpt>
   <trkpt lat="14.863766666664228" lon="120.45488666658841">
    <ele>17.240000000000002</ele>
   </trkpt>
   <trkpt lat="14.863133333327681" lon="120.45487333325501">
    <ele>16.790000000000003</ele>
   </trkpt>
   <trkpt lat="14.8625" lon="120.45486000000001">
    <ele>16.43</ele>
   </trkpt>
   <trkpt lat="14.861820000000002" lon="120.45481000000001">
    <ele>16.21</ele>
   </trkpt>
   <trkpt lat="14.860960000121137" lon="120.45468499951485">
    <ele>15.82</ele>
   </trkpt>
   <trkpt lat="14.860100000000001" lon="120.45456000000001">
    <ele>15.57</ele>
   </trkpt>
   <trkpt lat="14.85927" lon="120.45439">
    <ele>15.57</ele>
   </trkpt>
   <trkpt lat="14.858745000085268" lon="120.45424999967108">
    <ele>15.530000000000001</ele>
   </trkpt>
   <trkpt lat="14.858220000000001" lon="120.45411000000001">
    <ele>16.17</ele>
   </trkpt>
   <trkpt lat="14.8577400001614" lon="120.45395499969085">
    <ele>18.13</ele>
   </trkpt>
   <trkpt lat="14.857260000000002" lon="120.45380000000002">
    <ele>20.0</ele>
   </trkpt>
   <trkpt lat="14.856655000192674" lon="120.45354499930767">
    <ele>21.05</ele>
   </trkpt>
   <trkpt lat="14.856050000000002" lon="120.45329000000001">
    <ele>21.630000000000003</ele>
   </trkpt>
   <trkpt lat="14.855300000000002" lon="120.45295000000002">
    <ele>20.98</ele>
   </trkpt>
   <trkpt lat="14.854755000200322" lon="120.45265499926232">
    <ele>19.380000000000003</ele>
   </trkpt>
   <trkpt lat="14.854210000000002" lon="120.45236000000001">
    <ele>18.150000000000002</ele>
   </trkpt>
   <trkpt lat="14.853665000359447" lon="120.45200999917779">
    <ele>13.91</ele>
   </trkpt>
   <trkpt lat="14.85312" lon="120.45166">
    <ele>13.09</ele>
   </trkpt>
   <trkpt lat="14.852720000273681" lon="120.4513699995297">
    <ele>16.790000000000003</ele>
   </trkpt>
   <trkpt lat="14.85232" lon="120.45108">
    <ele>17.330000000000002</ele>
   </trkpt>
   <trkpt lat="14.851810000578398" lon="120.45064999913562">
    <ele>17.67</ele>
   </trkpt>
   <trkpt lat="14.851300000000002" lon="120.45022000000002">
    <ele>18.03</ele>
   </trkpt>
   <trkpt lat="14.850885000236831" lon="120.44981999912663">
    <ele>18.150000000000002</ele>
   </trkpt>
   <trkpt lat="14.850470000000001" lon="120.44942">
    <ele>18.36</ele>
   </trkpt>
   <trkpt lat="14.84993" lon="120.44886000000001">
    <ele>18.26</ele>
   </trkpt>
   <trkpt lat="14.849480000681266" lon="120.44832499896025">
    <ele>18.37</ele>
   </trkpt>
   <trkpt lat="14.84903" lon="120.44779000000001">
    <ele>18.570000000000004</ele>
   </trkpt>
   <trkpt lat="14.848663334537182" lon="120.44726333155293">
    <ele>19.42</ele>
   </trkpt>
   <trkpt lat="14.848296667875166" lon="120.44673666489298">
    <ele>19.73</ele>
   </trkpt>
   <trkpt lat="14.847930000000002" lon="120.44621000000001">
    <ele>19.930000000000003</ele>
   </trkpt>
   <trkpt lat="14.84758000077678" lon="120.44559499893246">
    <ele>19.84</ele>
   </trkpt>
   <trkpt lat="14.847230000000001" lon="120.44498000000002">
    <ele>19.4</ele>
   </trkpt>
   <trkpt lat="14.847220000000002" lon="120.44497000000001">
    <ele>19.4</ele>
   </trkpt>
   <trkpt lat="14.846995000517916" lon="120.44445999936872">
    <ele>19.040000000000003</ele>
   </trkpt>
   <trkpt lat="14.846770000000001" lon="120.44395000000002">
    <ele>18.580000000000002</ele>
   </trkpt>
   <trkpt lat="14.846500000979024" lon="120.44327499914246">
    <ele>16.3</ele>
   </trkpt>
   <trkpt lat="14.846230000000002" lon="120.44260000000001">
    <ele>11.39</ele>
   </trkpt>
   <trkpt lat="14.84612" lon="120.44231">
    <ele>18.0</ele>
   </trkpt>
   <trkpt lat="14.845940000738663" lon="120.4417199994638">
    <ele>18.27</ele>
   </trkpt>
   <trkpt lat="14.845760000000002" lon="120.44113000000002">
    <ele>18.18</ele>
   </trkpt>
   <trkpt lat="14.845595001050624" lon="120.44043999956384">
    <ele>17.79</ele>
   </trkpt>
   <trkpt lat="14.84543" lon="120.43975">
    <ele>17.900000000000002</ele>
   </trkpt>
   <trkpt lat="14.845296669057051" lon="120.43900666576106">
    <ele>18.17</ele>
   </trkpt>
   <trkpt lat="14.845163335725758" lon="120.43826333243912">
    <ele>18.27</ele>
   </trkpt>
   <trkpt lat="14.845030000000001" lon="120.43752">
    <ele>19.290000000000003</ele>
   </trkpt>
   <trkpt lat="14.844950001144964" lon="120.43678999966843">
    <ele>21.69</ele>
   </trkpt>
   <trkpt lat="14.844870000000002" lon="120.43606000000001">
    <ele>24.26</ele>
   </trkpt>
   <trkpt lat="14.844800002475152" lon="120.435303332848">
    <ele>24.990000000000002</ele>
   </trkpt>
   <trkpt lat="14.844730002475577" lon="120.43454666618598">
    <ele>27.39</ele>
   </trkpt>
   <trkpt lat="14.844660000000001" lon="120.43379000000002">
    <ele>28.110000000000003</ele>
   </trkpt>
   <trkpt lat="14.844595007295016" lon="120.4329683320951">
    <ele>39.16</ele>
   </trkpt>
   <trkpt lat="14.844530011671916" lon="120.43214666468423">
    <ele>39.16</ele>
   </trkpt>
   <trkpt lat="14.844465013130701" lon="120.43132499776749">
    <ele>17.16</ele>
   </trkpt>
   <trkpt lat="14.844400011671402" lon="120.43050333134487">
    <ele>17.16</ele>
   </trkpt>
   <trkpt lat="14.844335007294019" lon="120.42968166541637">
    <ele>17.16</ele>
   </trkpt>
   <trkpt lat="14.844270000000002" lon="120.42886000000001">
    <ele>17.16</ele>
   </trkpt>
   <trkpt lat="14.844192504520434" lon="120.42802499910385">
    <ele>17.16</ele>
   </trkpt>
   <trkpt lat="14.844115006027353" lon="120.42718999880637">
    <ele>38.84</ele>
   </trkpt>
   <trkpt lat="14.844037504520765" lon="120.42635499910757">
    <ele>38.84</ele>
   </trkpt>
   <trkpt lat="14.843960000000001" lon="120.42552">
    <ele>38.84</ele>
   </trkpt>
   <trkpt lat="14.843900006462745" lon="120.4247466656036">
    <ele>38.84</ele>
   </trkpt>
   <trkpt lat="14.843840010340685" lon="120.42397333163646">
    <ele>38.84</ele>
   </trkpt>
   <trkpt lat="14.843780011633838" lon="120.42319999809853">
    <ele>20.0</ele>
   </trkpt>
   <trkpt lat="14.84372001034221" lon="120.42242666498986">
    <ele>20.0</ele>
   </trkpt>
   <trkpt lat="14.843660006465827" lon="120.42165333231048">
    <ele>20.0</ele>
   </trkpt>
   <trkpt lat="14.8436" lon="120.42088000000001">
    <ele>20.0</ele>
   </trkpt>
   <trkpt lat="14.843537503771403" lon="120.42011749936513">
    <ele>24.040000000000003</ele>
   </trkpt>
   <trkpt lat="14.843475005029974" lon="120.41935499917113">
    <ele>25.86</ele>
   </trkpt>
   <trkpt lat="14.843412503775722" lon="120.418592499418">
    <ele>27.410000000000004</ele>
   </trkpt>
   <trkpt lat="14.843350000000001" lon="120.41783000000001">
    <ele>29.57</ele>
   </trkpt>
   <trkpt lat="14.843270008179195" lon="120.4169599984024">
    <ele>32.080000000000005</ele>
   </trkpt>
   <trkpt lat="14.84319001308713" lon="120.41608999744861">
    <ele>34.25</ele>
   </trkpt>
   <trkpt lat="14.843110014723814" lon="120.41521999713864">
    <ele>35.5</ele>
   </trkpt>
   <trkpt lat="14.843030013089278" lon="120.41434999747256">
    <ele>35.28000000000001</ele>
   </trkpt>
   <trkpt lat="14.842950008183546" lon="120.41347999845033">
    <ele>33.65</ele>
   </trkpt>
   <trkpt lat="14.842870000000001" lon="120.41261000000002">
    <ele>31.8</ele>
   </trkpt>
   <trkpt lat="14.842850000000002" lon="120.41197000000001">
    <ele>30.070000000000004</ele>
   </trkpt>
   <trkpt lat="14.842845001542033" lon="120.41112499982783">
    <ele>38.3</ele>
   </trkpt>
   <trkpt lat="14.84284" lon="120.41028000000001">
    <ele>23.21</ele>
   </trkpt>
   <trkpt lat="14.842840001616842" lon="120.4094150001846">
    <ele>25.130000000000003</ele>
   </trkpt>
   <trkpt lat="14.84284" lon="120.40855">
    <ele>24.240000000000002</ele>
   </trkpt>
   <trkpt lat="14.84288500126566" lon="120.40778500014147">
    <ele>24.32</ele>
   </trkpt>
   <trkpt lat="14.84293" lon="120.40702">
    <ele>24.89</ele>
   </trkpt>
   <trkpt lat="14.843015001759982" lon="120.40612000025183">
    <ele>26.320000000000004</ele>
   </trkpt>
   <trkpt lat="14.843100000000002" lon="120.40522000000001">
    <ele>28.970000000000002</ele>
   </trkpt>
   <trkpt lat="14.843180000753618" lon="120.40464499993134">
    <ele>30.61</ele>
   </trkpt>
   <trkpt lat="14.84326" lon="120.40407">
    <ele>31.560000000000006</ele>
   </trkpt>
   <trkpt lat="14.84341" lon="120.40317">
    <ele>32.74</ele>
   </trkpt>
   <trkpt lat="14.843550001067142" lon="120.40246000057246">
    <ele>32.629999999999995</ele>
   </trkpt>
   <trkpt lat="14.84369" lon="120.40175">
    <ele>31.66</ele>
   </trkpt>
   <trkpt lat="14.843890003030847" lon="120.40091333485911">
    <ele>29.210000000000004</ele>
   </trkpt>
   <trkpt lat="14.844090003036195" lon="120.40007666817012">
    <ele>27.69</ele>
   </trkpt>
   <trkpt lat="14.84429" lon="120.39924">
    <ele>26.390000000000004</ele>
   </trkpt>
   <trkpt lat="14.844450000000002" lon="120.39864000000001">
    <ele>26.070000000000004</ele>
   </trkpt>
   <trkpt lat="14.844760001588593" lon="120.39779000114447">
    <ele>26.330000000000002</ele>
   </trkpt>
   <trkpt lat="14.845070000000002" lon="120.39694000000001">
    <ele>26.94</ele>
   </trkpt>
   <trkpt lat="14.845300001505032" lon="120.39635333453757">
    <ele>27.580000000000002</ele>
   </trkpt>
   <trkpt lat="14.845530001522372" lon="120.3957666678267">
    <ele>28.21</ele>
   </trkpt>
   <trkpt lat="14.845760000000002" lon="120.39518000000001">
    <ele>28.57</ele>
   </trkpt>
   <trkpt lat="14.84600000073635" lon="120.39463500039082">
    <ele>28.830000000000002</ele>
   </trkpt>
   <trkpt lat="14.846240000000002" lon="120.39409">
    <ele>29.120000000000005</ele>
   </trkpt>
   <trkpt lat="14.846513334842317" lon="120.39350666806087">
    <ele>29.550000000000004</ele>
   </trkpt>
   <trkpt lat="14.846786668213694" lon="120.39292333464635">
    <ele>29.76</ele>
   </trkpt>
   <trkpt lat="14.84706" lon="120.39234">
    <ele>30.18</ele>
   </trkpt>
   <trkpt lat="14.847410006246145" lon="120.39158000614613">
    <ele>24.220000000000002</ele>
   </trkpt>
   <trkpt lat="14.847760009995351" lon="120.39082000983078">
    <ele>24.220000000000002</ele>
   </trkpt>
   <trkpt lat="14.848110011247556" lon="120.39006001105388">
    <ele>37.21</ele>
   </trkpt>
   <trkpt lat="14.848460010002675" lon="120.38930000981541">
    <ele>37.21</ele>
   </trkpt>
   <trkpt lat="14.848810006260658" lon="120.38854000611529">
    <ele>37.21</ele>
   </trkpt>
   <trkpt lat="14.849160000000001" lon="120.38778">
    <ele>37.21</ele>
   </trkpt>
   <trkpt lat="14.84936500049088" lon="120.38732500033544">
    <ele>33.43</ele>
   </trkpt>
   <trkpt lat="14.849570000000002" lon="120.38687000000002">
    <ele>33.63</ele>
   </trkpt>
   <trkpt lat="14.84974" lon="120.38643">
    <ele>33.88</ele>
   </trkpt>
   <trkpt lat="14.849916668995213" lon="120.3856966678518">
    <ele>26.680000000000003</ele>
   </trkpt>
   <trkpt lat="14.850093335665251" lon="120.3849633345045">
    <ele>31.91</ele>
   </trkpt>
   <trkpt lat="14.850270000000002" lon="120.38423000000002">
    <ele>31.91</ele>
   </trkpt>
   <trkpt lat="14.85039" lon="120.38341000000001">
    <ele>35.76</ele>
   </trkpt>
   <trkpt lat="14.85045" lon="120.38260000000001">
    <ele>36.32000000000001</ele>
   </trkpt>
   <trkpt lat="14.85045" lon="120.38180000000001">
    <ele>36.63</ele>
   </trkpt>
   <trkpt lat="14.85041250415143" lon="120.38099999959599">
    <ele>26.21</ele>
   </trkpt>
   <trkpt lat="14.850375005535621" lon="120.38019999946967">
    <ele>63.54</ele>
   </trkpt>
   <trkpt lat="14.85033750415259" lon="120.37939999962097">
    <ele>63.54</ele>
   </trkpt>
   <trkpt lat="14.8503" lon="120.3786">
    <ele>63.54</ele>
   </trkpt>
   <trkpt lat="14.850340000000001" lon="120.3777">
    <ele>46.080000000000005</ele>
   </trkpt>
   <trkpt lat="14.85028000090118" lon="120.37704999968716">
    <ele>48.400000000000006</ele>
   </trkpt>
   <trkpt lat="14.850220000000002" lon="120.3764">
    <ele>50.1</ele>
   </trkpt>
   <trkpt lat="14.850145000856887" lon="120.37577999999864">
    <ele>52.11</ele>
   </trkpt>
   <trkpt lat="14.85007" lon="120.37516000000001">
    <ele>54.62</ele>
   </trkpt>
   <trkpt lat="14.849970000758637" lon="120.37457499983927">
    <ele>56.78</ele>
   </trkpt>
   <trkpt lat="14.849870000000001" lon="120.37399">
    <ele>58.74000000000001</ele>
   </trkpt>
   <trkpt lat="14.849610000000002" lon="120.37312000000001">
    <ele>62.09</ele>
   </trkpt>
   <trkpt lat="14.849300000000001" lon="120.37226000000001">
    <ele>64.69000000000001</ele>
   </trkpt>
   <trkpt lat="14.848965001392262" lon="120.37145499873152">
    <ele>68.75</ele>
   </trkpt>
   <trkpt lat="14.848630000000002" lon="120.37065000000001">
    <ele>70.78</ele>
   </trkpt>
   <trkpt lat="14.84828000222274" lon="120.36993666440287">
    <ele>75.95</ele>
   </trkpt>
   <trkpt lat="14.847930002245622" lon="120.36922333111625">
    <ele>77.2</ele>
   </trkpt>
   <trkpt lat="14.84758" lon="120.36851000000001">
    <ele>79.15</ele>
   </trkpt>
   <trkpt lat="14.84721000253527" lon="120.36788499679417">
    <ele>80.52000000000001</ele>
   </trkpt>
   <trkpt lat="14.846840003381875" lon="120.3672599957282">
    <ele>79.58000000000001</ele>
   </trkpt>
   <trkpt lat="14.846470002539865" lon="120.36663499680206">
    <ele>77.92</ele>
   </trkpt>
   <trkpt lat="14.846100000000002" lon="120.36601">
    <ele>76.63</ele>
   </trkpt>
   <trkpt lat="14.845690001111311" lon="120.36529499865497">
    <ele>75.32000000000001</ele>
   </trkpt>
   <trkpt lat="14.84528" lon="120.36458">
    <ele>75.99</ele>
   </trkpt>
   <trkpt lat="14.845000000397711" lon="120.36411499928215">
    <ele>77.1</ele>
   </trkpt>
   <trkpt lat="14.84472" lon="120.36365">
    <ele>78.44000000000001</ele>
   </trkpt>
   <trkpt lat="14.844505000526174" lon="120.36322499984578">
    <ele>80.53</ele>
   </trkpt>
   <trkpt lat="14.84429" lon="120.36280000000001">
    <ele>82.22</ele>
   </trkpt>
   <trkpt lat="14.844105000427833" lon="120.36235999964595">
    <ele>84.38000000000001</ele>
   </trkpt>
   <trkpt lat="14.84392" lon="120.36192000000001">
    <ele>85.73</ele>
   </trkpt>
   <trkpt lat="14.843640001557963" lon="120.3610699988889">
    <ele>88.36</ele>
   </trkpt>
   <trkpt lat="14.84336" lon="120.36022000000001">
    <ele>91.61000000000001</ele>
   </trkpt>
   <trkpt lat="14.843156669399526" lon="120.3594233317951">
    <ele>94.08000000000001</ele>
   </trkpt>
   <trkpt lat="14.842953336056048" lon="120.35862666508875">
    <ele>96.31</ele>
   </trkpt>
   <trkpt lat="14.84275" lon="120.35783">
    <ele>99.10000000000001</ele>
   </trkpt>
   <trkpt lat="14.84256" lon="120.35733">
    <ele>102.38000000000001</ele>
   </trkpt>
   <trkpt lat="14.842300000000002" lon="120.35654000000001">
    <ele>105.87</ele>
   </trkpt>
   <trkpt lat="14.842150001679917" lon="120.35591666580504">
    <ele>109.97000000000001</ele>
   </trkpt>
   <trkpt lat="14.842000001680695" lon="120.35529333247494">
    <ele>111.45</ele>
   </trkpt>
   <trkpt lat="14.84185" lon="120.35467000000001">
    <ele>116.23000000000002</ele>
   </trkpt>
   <trkpt lat="14.841740000000001" lon="120.35428">
    <ele>117.62000000000002</ele>
   </trkpt>
   <trkpt lat="14.841625000421637" lon="120.35381499956843">
    <ele>116.74000000000001</ele>
   </trkpt>
   <trkpt lat="14.841510000000001" lon="120.35335">
    <ele>116.74000000000001</ele>
   </trkpt>
   <trkpt lat="14.841400000580668" lon="120.35283999982711">
    <ele>118.44</ele>
   </trkpt>
   <trkpt lat="14.84129" lon="120.35233000000001">
    <ele>117.93</ele>
   </trkpt>
   <trkpt lat="14.84124" lon="120.35172000000001">
    <ele>119.21000000000001</ele>
   </trkpt>
   <trkpt lat="14.841100000705858" lon="120.35114999964667">
    <ele>127.82000000000001</ele>
   </trkpt>
   <trkpt lat="14.84096" lon="120.35058000000001">
    <ele>127.82000000000001</ele>
   </trkpt>
   <trkpt lat="14.840860000000001" lon="120.35012">
    <ele>124.74</ele>
   </trkpt>
   <trkpt lat="14.840710000000001" lon="120.34963">
    <ele>127.92</ele>
   </trkpt>
   <trkpt lat="14.8405" lon="120.34915000000001">
    <ele>129.67000000000002</ele>
   </trkpt>
   <trkpt lat="14.840280000000002" lon="120.34880000000001">
    <ele>131.51000000000002</ele>
   </trkpt>
   <trkpt lat="14.83988" lon="120.34830000000001">
    <ele>136.04000000000002</ele>
   </trkpt>
   <trkpt lat="14.839870000000001" lon="120.34830000000001">
    <ele>138.78</ele>
   </trkpt>
   <trkpt lat="14.839330000984098" lon="120.3476249983142">
    <ele>140.97</ele>
   </trkpt>
   <trkpt lat="14.838790000000001" lon="120.34695">
    <ele>140.97</ele>
   </trkpt>
   <trkpt lat="14.838330000677352" lon="120.34637999875723">
    <ele>140.49</ele>
   </trkpt>
   <trkpt lat="14.83787" lon="120.34581000000001">
    <ele>136.38</ele>
   </trkpt>
   <trkpt lat="14.837710000000001" lon="120.34563000000001">
    <ele>136.38</ele>
   </trkpt>
   <trkpt lat="14.837470000000001" lon="120.34543000000001">
    <ele>133.68</ele>
   </trkpt>
   <trkpt lat="14.837110000000001" lon="120.34517000000001">
    <ele>136.47</ele>
   </trkpt>
   <trkpt lat="14.836770000000001" lon="120.34502">
    <ele>127.96000000000002</ele>
   </trkpt>
   <trkpt lat="14.836480000000002" lon="120.34492000000002">
    <ele>126.01</ele>
   </trkpt>
   <trkpt lat="14.835835000004682" lon="120.34479499962164">
    <ele>120.99000000000001</ele>
   </trkpt>
   <trkpt lat="14.83519" lon="120.34467000000001">
    <ele>115.36</ele>
   </trkpt>
   <trkpt lat="14.834640000000002" lon="120.34454000000001">
    <ele>113.19000000000001</ele>
   </trkpt>
   <trkpt lat="14.834200000000001" lon="120.34437000000001">
    <ele>110.94000000000001</ele>
   </trkpt>
   <trkpt lat="14.833860000000001" lon="120.34419000000001">
    <ele>109.16000000000001</ele>
   </trkpt>
   <trkpt lat="14.833480000000002" lon="120.34387000000001">
    <ele>106.12</ele>
   </trkpt>
   <trkpt lat="14.833070000000001" lon="120.34347000000001">
    <ele>104.10000000000001</ele>
   </trkpt>
   <trkpt lat="14.832790000000001" lon="120.34314">
    <ele>104.24000000000001</ele>
   </trkpt>
   <trkpt lat="14.83238666765316" lon="120.34265333147495">
    <ele>99.79</ele>
   </trkpt>
   <trkpt lat="14.831983334283384" lon="120.34216666476433">
    <ele>103.24000000000001</ele>
   </trkpt>
   <trkpt lat="14.83158" lon="120.34168000000001">
    <ele>103.24000000000001</ele>
   </trkpt>
   <trkpt lat="14.831280000000001" lon="120.3413">
    <ele>105.55</ele>
   </trkpt>
   <trkpt lat="14.83075500081381" lon="120.34069499855919">
    <ele>110.57000000000001</ele>
   </trkpt>
   <trkpt lat="14.830230000000002" lon="120.34009">
    <ele>113.78</ele>
   </trkpt>
   <trkpt lat="14.829830000000001" lon="120.33969">
    <ele>116.57000000000001</ele>
   </trkpt>
   <trkpt lat="14.829630000000002" lon="120.33952000000001">
    <ele>120.06000000000002</ele>
   </trkpt>
   <trkpt lat="14.829290000000002" lon="120.33930000000001">
    <ele>121.11000000000001</ele>
   </trkpt>
   <trkpt lat="14.828497500889513" lon="120.33892499587051">
    <ele>126.87</ele>
   </trkpt>
   <trkpt lat="14.827705001171795" lon="120.33854999448741">
    <ele>130.39000000000001</ele>
   </trkpt>
   <trkpt lat="14.826912500846891" lon="120.33817499585052">
    <ele>136.56</ele>
   </trkpt>
   <trkpt lat="14.826120000000001" lon="120.33780000000002">
    <ele>140.46</ele>
   </trkpt>
   <trkpt lat="14.82586" lon="120.33761000000001">
    <ele>144.95000000000002</ele>
   </trkpt>
   <trkpt lat="14.825600000000001" lon="120.33733000000001">
    <ele>147.02</ele>
   </trkpt>
   <trkpt lat="14.82529" lon="120.33690000000001">
    <ele>155.52</ele>
   </trkpt>
   <trkpt lat="14.825230000000001" lon="120.33677000000002">
    <ele>150.22000000000003</ele>
   </trkpt>
   <trkpt lat="14.825180000000001" lon="120.33661000000001">
    <ele>150.59</ele>
   </trkpt>
   <trkpt lat="14.8251" lon="120.33640000000001">
    <ele>151.21</ele>
   </trkpt>
   <trkpt lat="14.825090000000001" lon="120.33639000000001">
    <ele>151.21</ele>
   </trkpt>
   <trkpt lat="14.825090000000001" lon="120.33633">
    <ele>151.35000000000002</ele>
   </trkpt>
   <trkpt lat="14.825050000000001" lon="120.33573000000001">
    <ele>158.87</ele>
   </trkpt>
   <trkpt lat="14.82500000498648" lon="120.33485249939591">
    <ele>158.87</ele>
   </trkpt>
   <trkpt lat="14.82495000664878" lon="120.33397499919711">
    <ele>152.13000000000002</ele>
   </trkpt>
   <trkpt lat="14.824900004986915" lon="120.3330974994037">
    <ele>152.13000000000002</ele>
   </trkpt>
   <trkpt lat="14.824850000000001" lon="120.33222">
    <ele>152.13000000000002</ele>
   </trkpt>
   <trkpt lat="14.824802504273677" lon="120.331407499445">
    <ele>152.13000000000002</ele>
   </trkpt>
   <trkpt lat="14.824755005697448" lon="120.33059499924656">
    <ele>158.92000000000002</ele>
   </trkpt>
   <trkpt lat="14.82470750427131" lon="120.32978249940464">
    <ele>158.92000000000002</ele>
   </trkpt>
   <trkpt lat="14.824660000000002" lon="120.32897000000001">
    <ele>158.92000000000002</ele>
   </trkpt>
   <trkpt lat="14.824670000000001" lon="120.32834000000001">
    <ele>161.3</ele>
   </trkpt>
   <trkpt lat="14.824740000000002" lon="120.32776000000001">
    <ele>161.79999999999998</ele>
   </trkpt>
   <trkpt lat="14.824900000000001" lon="120.32696000000001">
    <ele>159.74</ele>
   </trkpt>
   <trkpt lat="14.825110002338137" lon="120.32622333477903">
    <ele>156.23000000000002</ele>
   </trkpt>
   <trkpt lat="14.825320002333473" lon="120.32548666812878">
    <ele>150.67000000000002</ele>
   </trkpt>
   <trkpt lat="14.82553" lon="120.32475000000001">
    <ele>145.25000000000003</ele>
   </trkpt>
   <trkpt lat="14.825615000786993" lon="120.32415500007416">
    <ele>142.01000000000002</ele>
   </trkpt>
   <trkpt lat="14.825700000000001" lon="120.32356000000001">
    <ele>139.65000000000003</ele>
   </trkpt>
   <trkpt lat="14.825750000866652" lon="120.32293000002095">
    <ele>139.58</ele>
   </trkpt>
   <trkpt lat="14.825800000000001" lon="120.32230000000001">
    <ele>139.58</ele>
   </trkpt>
   <trkpt lat="14.825830000000002" lon="120.32202000000001">
    <ele>133.66</ele>
   </trkpt>
   <trkpt lat="14.825820000000002" lon="120.32175000000001">
    <ele>131.94</ele>
   </trkpt>
   <trkpt lat="14.825790000000001" lon="120.32157000000001">
    <ele>131.53</ele>
   </trkpt>
   <trkpt lat="14.825740000000001" lon="120.32138">
    <ele>130.95000000000002</ele>
   </trkpt>
   <trkpt lat="14.825660000000001" lon="120.32118000000001">
    <ele>130.4</ele>
   </trkpt>
   <trkpt lat="14.82557" lon="120.32102">
    <ele>128.51000000000002</ele>
   </trkpt>
   <trkpt lat="14.825370000000001" lon="120.32074000000001">
    <ele>128.13000000000002</ele>
   </trkpt>
   <trkpt lat="14.824895002340789" lon="120.3201399960626">
    <ele>124.02</ele>
   </trkpt>
   <trkpt lat="14.824420003127424" lon="120.31953999475827">
    <ele>120.89000000000001</ele>
   </trkpt>
   <trkpt lat="14.823945002359967" lon="120.31893999608698">
    <ele>119.98</ele>
   </trkpt>
   <trkpt lat="14.82347" lon="120.31834">
    <ele>117.95000000000002</ele>
   </trkpt>
   <trkpt lat="14.82328" lon="120.31803000000001">
    <ele>117.28</ele>
   </trkpt>
   <trkpt lat="14.82318" lon="120.31779000000002">
    <ele>116.02000000000001</ele>
   </trkpt>
   <trkpt lat="14.823100000000002" lon="120.31753">
    <ele>116.02000000000001</ele>
   </trkpt>
   <trkpt lat="14.823030000000001" lon="120.31700000000001">
    <ele>114.26</ele>
   </trkpt>
   <trkpt lat="14.82304" lon="120.31673">
    <ele>114.01</ele>
   </trkpt>
   <trkpt lat="14.82309" lon="120.31644000000001">
    <ele>112.52000000000001</ele>
   </trkpt>
   <trkpt lat="14.823170000000001" lon="120.31614">
    <ele>112.15</ele>
   </trkpt>
   <trkpt lat="14.823290000000002" lon="120.31586000000001">
    <ele>111.51</ele>
   </trkpt>
   <trkpt lat="14.82351" lon="120.31549000000001">
    <ele>111.04</ele>
   </trkpt>
   <trkpt lat="14.823730000000001" lon="120.31517000000001">
    <ele>110.48</ele>
   </trkpt>
   <trkpt lat="14.824198002780202" lon="120.31460200491823">
    <ele>109.81</ele>
   </trkpt>
   <trkpt lat="14.824666004167698" lon="120.31403400738067">
    <ele>110.30000000000001</ele>
   </trkpt>
   <trkpt lat="14.825134004162434" lon="120.31346600738719">
    <ele>110.42</ele>
   </trkpt>
   <trkpt lat="14.825602002764361" lon="120.31289800493775">
    <ele>109.49</ele>
   </trkpt>
   <trkpt lat="14.826070000000001" lon="120.31233">
    <ele>106.9</ele>
   </trkpt>
   <trkpt lat="14.826360000000001" lon="120.31201000000001">
    <ele>104.29</ele>
   </trkpt>
   <trkpt lat="14.826920000000001" lon="120.31146000000001">
    <ele>100.61</ele>
   </trkpt>
   <trkpt lat="14.827480000000001" lon="120.31104">
    <ele>96.85000000000001</ele>
   </trkpt>
   <trkpt lat="14.827940000000002" lon="120.31079000000001">
    <ele>93.69000000000001</ele>
   </trkpt>
   <trkpt lat="14.828500000000002" lon="120.31059">
    <ele>90.49</ele>
   </trkpt>
   <trkpt lat="14.828970000000002" lon="120.31046">
    <ele>86.73</ele>
   </trkpt>
   <trkpt lat="14.829400000000001" lon="120.31033000000001">
    <ele>84.35000000000001</ele>
   </trkpt>
   <trkpt lat="14.830040000165573" lon="120.31018500040165">
    <ele>82.11</ele>
   </trkpt>
   <trkpt lat="14.830680000000001" lon="120.31004000000001">
    <ele>77.36000000000001</ele>
   </trkpt>
   <trkpt lat="14.831180000000002" lon="120.30984000000001">
    <ele>73.51</ele>
   </trkpt>
   <trkpt lat="14.831370000000001" lon="120.3097">
    <ele>72.91</ele>
   </trkpt>
   <trkpt lat="14.831710000000001" lon="120.30934">
    <ele>68.79</ele>
   </trkpt>
   <trkpt lat="14.832160000970903" lon="120.30867500135957">
    <ele>62.79</ele>
   </trkpt>
   <trkpt lat="14.83261" lon="120.30801000000001">
    <ele>58.18</ele>
   </trkpt>
   <trkpt lat="14.83276" lon="120.30773">
    <ele>55.84</ele>
   </trkpt>
   <trkpt lat="14.8329" lon="120.30741">
    <ele>53.43000000000001</ele>
   </trkpt>
   <trkpt lat="14.832960000000002" lon="120.30713000000002">
    <ele>51.85000000000001</ele>
   </trkpt>
   <trkpt lat="14.832960000000002" lon="120.30682000000002">
    <ele>49.75</ele>
   </trkpt>
   <trkpt lat="14.832950000000002" lon="120.30680000000001">
    <ele>49.75</ele>
   </trkpt>
   <trkpt lat="14.832920000000001" lon="120.30655000000002">
    <ele>48.470000000000006</ele>
   </trkpt>
   <trkpt lat="14.832790000000001" lon="120.30625">
    <ele>46.220000000000006</ele>
   </trkpt>
   <trkpt lat="14.832690000000001" lon="120.30610000000001">
    <ele>43.63</ele>
   </trkpt>
   <trkpt lat="14.83248" lon="120.30584">
    <ele>41.510000000000005</ele>
   </trkpt>
   <trkpt lat="14.831976667676988" lon="120.30535666441926">
    <ele>38.31</ele>
   </trkpt>
   <trkpt lat="14.831473334345024" lon="120.30487333108731">
    <ele>34.97</ele>
   </trkpt>
   <trkpt lat="14.83097" lon="120.30439000000001">
    <ele>29.18</ele>
   </trkpt>
   <trkpt lat="14.830570000288112" lon="120.30404999940424">
    <ele>26.76</ele>
   </trkpt>
   <trkpt lat="14.83017" lon="120.30371000000001">
    <ele>22.21</ele>
   </trkpt>
   <trkpt lat="14.829640000000001" lon="120.30344000000001">
    <ele>18.36</ele>
   </trkpt>
   <trkpt lat="14.82951" lon="120.30340000000001">
    <ele>17.650000000000002</ele>
   </trkpt>
   <trkpt lat="14.829" lon="120.30334">
    <ele>16.099999999999998</ele>
   </trkpt>
   <trkpt lat="14.828450000000002" lon="120.30333000000002">
    <ele>16.5</ele>
   </trkpt>
   <trkpt lat="14.82772333335952" lon="120.30332666664444">
    <ele>12.020000000000001</ele>
   </trkpt>
   <trkpt lat="14.826996666718983" lon="120.30332333331123">
    <ele>10.0</ele>
   </trkpt>
   <trkpt lat="14.826270000000001" lon="120.30332000000001">
    <ele>10.0</ele>
   </trkpt>
   <trkpt lat="14.8255379999719" lon="120.30332200002715">
    <ele>12.59</ele>
   </trkpt>
   <trkpt lat="14.824805999943786" lon="120.30332400004075">
    <ele>12.14</ele>
   </trkpt>
   <trkpt lat="14.824073999915651" lon="120.30332600004084">
    <ele>12.47</ele>
   </trkpt>
   <trkpt lat="14.8233419998875" lon="120.30332800002738">
    <ele>12.68</ele>
   </trkpt>
   <trkpt lat="14.822610000000001" lon="120.30333000000002">
    <ele>12.66</ele>
   </trkpt>
   <trkpt lat="14.822030000011459" lon="120.30332499998673">
    <ele>6.970000000000001</ele>
   </trkpt>
   <trkpt lat="14.82145" lon="120.30332000000001">
    <ele>6.970000000000001</ele>
   </trkpt>
   <trkpt lat="14.82126" lon="120.30328000000002">
    <ele>12.200000000000001</ele>
   </trkpt>
   <trkpt lat="14.821110000000001" lon="120.30318000000001">
    <ele>12.200000000000001</ele>
   </trkpt>
   <trkpt lat="14.820900000000002" lon="120.30296000000001">
    <ele>12.360000000000001</ele>
   </trkpt>
   <trkpt lat="14.821550000000002" lon="120.3024">
    <ele>12.450000000000001</ele>
   </trkpt>
   <trkpt lat="14.821700000000002" lon="120.30216000000001">
    <ele>12.57</ele>
   </trkpt>
   <trkpt lat="14.822050001071977" lon="120.30145500114101">
    <ele>12.57</ele>
   </trkpt>
   <trkpt lat="14.822400000000002" lon="120.30075000000001">
    <ele>12.770000000000001</ele>
   </trkpt>
   <trkpt lat="14.822320000000001" lon="120.3007">
    <ele>12.42</ele>
   </trkpt>
   <trkpt lat="14.822580000682725" lon="120.300130000725">
    <ele>12.49</ele>
   </trkpt>
   <trkpt lat="14.822840000000001" lon="120.29956000000001">
    <ele>12.84</ele>
   </trkpt>
   <trkpt lat="14.82295" lon="120.29933000000001">
    <ele>12.89</ele>
   </trkpt>
   <trkpt lat="14.823080000000001" lon="120.29901000000001">
    <ele>12.75</ele>
   </trkpt>
   <trkpt lat="14.823190000454085" lon="120.29855000024466">
    <ele>13.01</ele>
   </trkpt>
   <trkpt lat="14.823300000000001" lon="120.29809000000002">
    <ele>13.02</ele>
   </trkpt>
   <trkpt lat="14.823360000000001" lon="120.29772000000001">
    <ele>12.92</ele>
   </trkpt>
   <trkpt lat="14.823405001577317" lon="120.29686500018671">
    <ele>12.85</ele>
   </trkpt>
   <trkpt lat="14.823450000000001" lon="120.29601000000001">
    <ele>13.0</ele>
   </trkpt>
   <trkpt lat="14.824340000022273" lon="120.29606166560414">
    <ele>4.62</ele>
   </trkpt>
   <trkpt lat="14.825230000033022" lon="120.29611333163314">
    <ele>4.62</ele>
   </trkpt>
   <trkpt lat="14.826120000032248" lon="120.29616499808694">
    <ele>4.760000000000001</ele>
   </trkpt>
   <trkpt lat="14.827010000019941" lon="120.29621666496561">
    <ele>4.760000000000001</ele>
   </trkpt>
   <trkpt lat="14.827899999996118" lon="120.2962683322692">
    <ele>4.760000000000001</ele>
   </trkpt>
   <trkpt lat="14.828790000000001" lon="120.29632000000001">
    <ele>4.760000000000001</ele>
   </trkpt>
   <trkpt lat="14.82882" lon="120.29641000000001">
    <ele>13.160000000000002</ele>
   </trkpt>
   <trkpt lat="14.828940000000001" lon="120.29650000000001">
    <ele>13.22</ele>
   </trkpt>
   <trkpt lat="14.828905000958672" lon="120.29716500003384">
    <ele>13.080000000000002</ele>
   </trkpt>
   <trkpt lat="14.828870000000002" lon="120.29783">
    <ele>13.260000000000002</ele>
   </trkpt>
   <trkpt lat="14.829424999825642" lon="120.29783000000002">
    <ele>13.770000000000001</ele>
   </trkpt>
   <trkpt lat="14.82998" lon="120.29783">
    <ele>13.19</ele>
   </trkpt>
  </trkseg>
 </trk>
</gpx>
