<?xml version="1.0" encoding="UTF-8"?>
<gpx creator="StravaGPX" version="1.1" xmlns="http://www.topografix.com/GPX/1/1" xmlns:xsi="http://www.w3.org/2001/XMLSchema-instance" xsi:schemaLocation="http://www.topografix.com/GPX/1/1 http://www.topografix.com/GPX/1/1/gpx.xsd">
 <metadata>
  <name>IRONMAN 70.3 Jönköping European Championship - ZOOT Bike Course</name>
  <author>
   <name>IRONMAN Europe Admin</name>
   <link href="https://www.strava.com/athletes/152563527"/>
  </author>
  <copyright author="OpenStreetMap contributors">
   <year>2020</year>
   <license>https://www.openstreetmap.org/copyright</license>
  </copyright>
  <link href="https://www.strava.com/routes/3324686608414829940"/>
 </metadata>
 <trk>
  <name>IRONMAN 70.3 Jönköping European Championship - ZOOT Bike Course</name>
  <link href="https://www.strava.com/routes/3324686608414829940"/>
  <type>cycling</type>
  <trkseg>
   <trkpt lat="57.781000000000006" lon="14.180390000000001">
    <ele>93.23</ele>
   </trkpt>
   <trkpt lat="57.78097" lon="14.181160000000002">
    <ele>93.16000000000001</ele>
   </trkpt>
   <trkpt lat="57.78163000000237" lon="14.181249998350852">
    <ele>94.04</ele>
   </trkpt>
   <trkpt lat="57.78229" lon="14.18134">
    <ele>94.97000000000001</ele>
   </trkpt>
   <trkpt lat="57.78217000000001" lon="14.18261">
    <ele>94.95</ele>
   </trkpt>
   <trkpt lat="57.782105010395654" lon="14.184235002882481">
    <ele>95.0</ele>
   </trkpt>
   <trkpt lat="57.78204" lon="14.185860000000002">
    <ele>94.9</ele>
   </trkpt>
   <trkpt lat="57.782000000000004" lon="14.186490000000001">
    <ele>94.78</ele>
   </trkpt>
   <trkpt lat="57.78193" lon="14.18725">
    <ele>94.44000000000001</ele>
   </trkpt>
   <trkpt lat="57.781850000000006" lon="14.187800000000001">
    <ele>94.16000000000001</ele>
   </trkpt>
   <trkpt lat="57.78166" lon="14.1888">
    <ele>93.79</ele>
   </trkpt>
   <trkpt lat="57.781670000000005" lon="14.189280000000002">
    <ele>93.79</ele>
   </trkpt>
   <trkpt lat="57.781710000000004" lon="14.1895">
    <ele>93.92</ele>
   </trkpt>
   <trkpt lat="57.781710000000004" lon="14.18978">
    <ele>94.23</ele>
   </trkpt>
   <trkpt lat="57.781690000000005" lon="14.190010000000001">
    <ele>94.23</ele>
   </trkpt>
   <trkpt lat="57.781620000000004" lon="14.190220000000002">
    <ele>94.23</ele>
   </trkpt>
   <trkpt lat="57.78145000000001" lon="14.190570000000001">
    <ele>94.55000000000001</ele>
   </trkpt>
   <trkpt lat="57.78141000000001" lon="14.190760000000001">
    <ele>94.72000000000001</ele>
   </trkpt>
   <trkpt lat="57.781380000000006" lon="14.191120000000002">
    <ele>94.78</ele>
   </trkpt>
   <trkpt lat="57.78137500939585" lon="14.192665000210903">
    <ele>94.65</ele>
   </trkpt>
   <trkpt lat="57.78137" lon="14.194210000000002">
    <ele>94.72000000000001</ele>
   </trkpt>
   <trkpt lat="57.78136000957854" lon="14.19577000053205">
    <ele>94.99000000000001</ele>
   </trkpt>
   <trkpt lat="57.78135" lon="14.197330000000001">
    <ele>95.04</ele>
   </trkpt>
   <trkpt lat="57.78137" lon="14.19785">
    <ele>95.04</ele>
   </trkpt>
   <trkpt lat="57.78136000000001" lon="14.198360000000001">
    <ele>95.03</ele>
   </trkpt>
   <trkpt lat="57.78136000000001" lon="14.199890000000002">
    <ele>94.73</ele>
   </trkpt>
   <trkpt lat="57.7814575217612" lon="14.201247489006443">
    <ele>94.59</ele>
   </trkpt>
   <trkpt lat="57.781555029015195" lon="14.202604985345271">
    <ele>94.73</ele>
   </trkpt>
   <trkpt lat="57.781652521761906" lon="14.203962489015469">
    <ele>94.79</ele>
   </trkpt>
   <trkpt lat="57.78175" lon="14.20532">
    <ele>94.92</ele>
   </trkpt>
   <trkpt lat="57.78182" lon="14.205840000000002">
    <ele>94.91000000000001</ele>
   </trkpt>
   <trkpt lat="57.78190334326362" lon="14.206963328098727">
    <ele>94.99000000000001</ele>
   </trkpt>
   <trkpt lat="57.78198667659333" lon="14.208086661383044">
    <ele>95.31</ele>
   </trkpt>
   <trkpt lat="57.782070000000004" lon="14.20921">
    <ele>96.53</ele>
   </trkpt>
   <trkpt lat="57.7821700053782" lon="14.21037999664262">
    <ele>99.82000000000001</ele>
   </trkpt>
   <trkpt lat="57.782270000000004" lon="14.21155">
    <ele>103.25</ele>
   </trkpt>
   <trkpt lat="57.78241251897669" lon="14.212817485044623">
    <ele>107.33000000000001</ele>
   </trkpt>
   <trkpt lat="57.78255502530632" lon="14.214084980095068">
    <ele>110.84</ele>
   </trkpt>
   <trkpt lat="57.782697518988705" lon="14.215352485150587">
    <ele>113.29</ele>
   </trkpt>
   <trkpt lat="57.78284000000001" lon="14.21662">
    <ele>115.5</ele>
   </trkpt>
   <trkpt lat="57.78305" lon="14.218140000000002">
    <ele>118.0</ele>
   </trkpt>
   <trkpt lat="57.78324334671353" lon="14.219443319428668">
    <ele>119.47</ele>
   </trkpt>
   <trkpt lat="57.78343668005493" lon="14.220746652815995">
    <ele>120.75000000000001</ele>
   </trkpt>
   <trkpt lat="57.78363" lon="14.222050000000001">
    <ele>120.85000000000001</ele>
   </trkpt>
   <trkpt lat="57.78399" lon="14.223590000000002">
    <ele>120.41</ele>
   </trkpt>
   <trkpt lat="57.784335007315185" lon="14.224949987142395">
    <ele>119.86</ele>
   </trkpt>
   <trkpt lat="57.78468" lon="14.226310000000002">
    <ele>119.35000000000001</ele>
   </trkpt>
   <trkpt lat="57.78485500313264" lon="14.22719999576193">
    <ele>119.29</ele>
   </trkpt>
   <trkpt lat="57.785030000000006" lon="14.228090000000002">
    <ele>118.18</ele>
   </trkpt>
   <trkpt lat="57.78573000000001" lon="14.227580000000001">
    <ele>121.62</ele>
   </trkpt>
   <trkpt lat="57.786280000000005" lon="14.227030000000001">
    <ele>126.63000000000002</ele>
   </trkpt>
   <trkpt lat="57.78685000000001" lon="14.226550000000001">
    <ele>128.35000000000002</ele>
   </trkpt>
   <trkpt lat="57.787150000000004" lon="14.227870000000001">
    <ele>127.77000000000002</ele>
   </trkpt>
   <trkpt lat="57.78739000356172" lon="14.228814993902038">
    <ele>125.25</ele>
   </trkpt>
   <trkpt lat="57.78763000000001" lon="14.22976">
    <ele>122.61000000000001</ele>
   </trkpt>
   <trkpt lat="57.78768" lon="14.230060000000002">
    <ele>121.4</ele>
   </trkpt>
   <trkpt lat="57.78768" lon="14.230300000000002">
    <ele>120.49000000000001</ele>
   </trkpt>
   <trkpt lat="57.787620000000004" lon="14.230860000000002">
    <ele>119.55</ele>
   </trkpt>
   <trkpt lat="57.78764" lon="14.231100000000001">
    <ele>119.17000000000002</ele>
   </trkpt>
   <trkpt lat="57.78781000000001" lon="14.231570000000001">
    <ele>117.92</ele>
   </trkpt>
   <trkpt lat="57.787890000000004" lon="14.231930000000002">
    <ele>117.39</ele>
   </trkpt>
   <trkpt lat="57.787910000000004" lon="14.232310000000002">
    <ele>116.76</ele>
   </trkpt>
   <trkpt lat="57.78790000000001" lon="14.232650000000001">
    <ele>116.39</ele>
   </trkpt>
   <trkpt lat="57.78788" lon="14.23281">
    <ele>116.39</ele>
   </trkpt>
   <trkpt lat="57.787800000000004" lon="14.233060000000002">
    <ele>116.25</ele>
   </trkpt>
   <trkpt lat="57.78790000000001" lon="14.233150000000002">
    <ele>116.4</ele>
   </trkpt>
   <trkpt lat="57.788050000000005" lon="14.233160000000002">
    <ele>116.34</ele>
   </trkpt>
   <trkpt lat="57.78833" lon="14.233">
    <ele>115.87000000000002</ele>
   </trkpt>
   <trkpt lat="57.7886150023685" lon="14.233779993770414">
    <ele>114.09</ele>
   </trkpt>
   <trkpt lat="57.788900000000005" lon="14.234560000000002">
    <ele>113.21000000000001</ele>
   </trkpt>
   <trkpt lat="57.78877000000001" lon="14.234790000000002">
    <ele>112.18</ele>
   </trkpt>
   <trkpt lat="57.78866000000001" lon="14.235100000000001">
    <ele>111.25000000000001</ele>
   </trkpt>
   <trkpt lat="57.788560000000004" lon="14.235470000000001">
    <ele>109.38000000000001</ele>
   </trkpt>
   <trkpt lat="57.788410000000006" lon="14.23685">
    <ele>107.35000000000001</ele>
   </trkpt>
   <trkpt lat="57.788360000000004" lon="14.237110000000001">
    <ele>108.00000000000001</ele>
   </trkpt>
   <trkpt lat="57.788320000000006" lon="14.237230000000002">
    <ele>108.19000000000001</ele>
   </trkpt>
   <trkpt lat="57.78811" lon="14.23741">
    <ele>108.74</ele>
   </trkpt>
   <trkpt lat="57.78832000628927" lon="14.238674992587598">
    <ele>108.18</ele>
   </trkpt>
   <trkpt lat="57.78853" lon="14.23994">
    <ele>110.30000000000001</ele>
   </trkpt>
   <trkpt lat="57.788650000000004" lon="14.240380000000002">
    <ele>110.67</ele>
   </trkpt>
   <trkpt lat="57.78910500457908" lon="14.24146498619432">
    <ele>109.65</ele>
   </trkpt>
   <trkpt lat="57.78956" lon="14.242550000000001">
    <ele>106.82000000000001</ele>
   </trkpt>
   <trkpt lat="57.790150000000004" lon="14.243800000000002">
    <ele>103.70000000000002</ele>
   </trkpt>
   <trkpt lat="57.79037" lon="14.2444">
    <ele>102.96000000000001</ele>
   </trkpt>
   <trkpt lat="57.790530000000004" lon="14.245090000000001">
    <ele>102.47</ele>
   </trkpt>
   <trkpt lat="57.79061000000001" lon="14.245650000000001">
    <ele>102.05</ele>
   </trkpt>
   <trkpt lat="57.790820000000004" lon="14.24727">
    <ele>100.76</ele>
   </trkpt>
   <trkpt lat="57.790975006961844" lon="14.248599994290199">
    <ele>99.86</ele>
   </trkpt>
   <trkpt lat="57.79113" lon="14.24993">
    <ele>98.64</ele>
   </trkpt>
   <trkpt lat="57.79119000000001" lon="14.250630000000001">
    <ele>98.22</ele>
   </trkpt>
   <trkpt lat="57.79124" lon="14.25158">
    <ele>97.73</ele>
   </trkpt>
   <trkpt lat="57.79122" lon="14.25215">
    <ele>97.46000000000001</ele>
   </trkpt>
   <trkpt lat="57.791090005855075" lon="14.253370004418755">
    <ele>96.75</ele>
   </trkpt>
   <trkpt lat="57.790960000000005" lon="14.25459">
    <ele>96.66000000000001</ele>
   </trkpt>
   <trkpt lat="57.790940000000006" lon="14.255590000000002">
    <ele>96.42</ele>
   </trkpt>
   <trkpt lat="57.790980000000005" lon="14.256450000000001">
    <ele>96.16000000000001</ele>
   </trkpt>
   <trkpt lat="57.79123203237339" lon="14.25788395996341">
    <ele>95.60000000000001</ele>
   </trkpt>
   <trkpt lat="57.7914840485616" lon="14.25931793995242">
    <ele>95.30000000000001</ele>
   </trkpt>
   <trkpt lat="57.79173604856426" lon="14.26075193996622">
    <ele>95.79</ele>
   </trkpt>
   <trkpt lat="57.791988032380985" lon="14.262185960003997">
    <ele>94.98</ele>
   </trkpt>
   <trkpt lat="57.79224000000001" lon="14.263620000000001">
    <ele>98.61</ele>
   </trkpt>
   <trkpt lat="57.792300000000004" lon="14.264140000000001">
    <ele>99.73</ele>
   </trkpt>
   <trkpt lat="57.792410000000004" lon="14.26571">
    <ele>99.46000000000001</ele>
   </trkpt>
   <trkpt lat="57.792425003367775" lon="14.266634999645511">
    <ele>97.5</ele>
   </trkpt>
   <trkpt lat="57.792440000000006" lon="14.267560000000001">
    <ele>97.58000000000001</ele>
   </trkpt>
   <trkpt lat="57.792460000000005" lon="14.267890000000001">
    <ele>97.82000000000001</ele>
   </trkpt>
   <trkpt lat="57.792550000000006" lon="14.26856">
    <ele>98.32000000000001</ele>
   </trkpt>
   <trkpt lat="57.792770000000004" lon="14.27002">
    <ele>98.85000000000001</ele>
   </trkpt>
   <trkpt lat="57.79280000000001" lon="14.270150000000001">
    <ele>98.91000000000001</ele>
   </trkpt>
   <trkpt lat="57.79336666772768" lon="14.269776678414086">
    <ele>98.48</ele>
   </trkpt>
   <trkpt lat="57.79393333435834" lon="14.269403345104678">
    <ele>97.26</ele>
   </trkpt>
   <trkpt lat="57.794500000000006" lon="14.26903">
    <ele>96.52000000000001</ele>
   </trkpt>
   <trkpt lat="57.795280000000005" lon="14.268480000000002">
    <ele>94.74000000000001</ele>
   </trkpt>
   <trkpt lat="57.795410000000004" lon="14.26819">
    <ele>94.55000000000001</ele>
   </trkpt>
   <trkpt lat="57.795550000000006" lon="14.26833">
    <ele>94.55000000000001</ele>
   </trkpt>
   <trkpt lat="57.795860000000005" lon="14.268530000000002">
    <ele>94.21</ele>
   </trkpt>
   <trkpt lat="57.79616000000001" lon="14.26876">
    <ele>94.67</ele>
   </trkpt>
   <trkpt lat="57.79674000000001" lon="14.269260000000001">
    <ele>95.87</ele>
   </trkpt>
   <trkpt lat="57.79743667007671" lon="14.269919974498151">
    <ele>98.16000000000001</ele>
   </trkpt>
   <trkpt lat="57.79813333672524" lon="14.270579974480382">
    <ele>98.82000000000001</ele>
   </trkpt>
   <trkpt lat="57.79883" lon="14.27124">
    <ele>100.5</ele>
   </trkpt>
   <trkpt lat="57.79899" lon="14.271370000000001">
    <ele>100.5</ele>
   </trkpt>
   <trkpt lat="57.798745005680665" lon="14.27257000807856">
    <ele>98.14</ele>
   </trkpt>
   <trkpt lat="57.798500000000004" lon="14.27377">
    <ele>97.03</ele>
   </trkpt>
   <trkpt lat="57.79842000000001" lon="14.274130000000001">
    <ele>96.45</ele>
   </trkpt>
   <trkpt lat="57.798300000000005" lon="14.274550000000001">
    <ele>96.12</ele>
   </trkpt>
   <trkpt lat="57.798170000000006" lon="14.2749">
    <ele>95.97000000000001</ele>
   </trkpt>
   <trkpt lat="57.79804000000001" lon="14.275170000000001">
    <ele>96.06</ele>
   </trkpt>
   <trkpt lat="57.79764" lon="14.275920000000001">
    <ele>97.74000000000001</ele>
   </trkpt>
   <trkpt lat="57.79755000000001" lon="14.276200000000001">
    <ele>99.06</ele>
   </trkpt>
   <trkpt lat="57.797180000000004" lon="14.27762">
    <ele>102.01</ele>
   </trkpt>
   <trkpt lat="57.79678000278101" lon="14.278465009427544">
    <ele>106.88</ele>
   </trkpt>
   <trkpt lat="57.796380000000006" lon="14.27931">
    <ele>111.51</ele>
   </trkpt>
   <trkpt lat="57.79614" lon="14.279620000000001">
    <ele>112.23</ele>
   </trkpt>
   <trkpt lat="57.796020000000006" lon="14.279700000000002">
    <ele>112.4</ele>
   </trkpt>
   <trkpt lat="57.795410000000004" lon="14.28002">
    <ele>112.30000000000001</ele>
   </trkpt>
   <trkpt lat="57.79513000000001" lon="14.280220000000002">
    <ele>112.33000000000001</ele>
   </trkpt>
   <trkpt lat="57.7946000023248" lon="14.280753348911906">
    <ele>113.46000000000001</ele>
   </trkpt>
   <trkpt lat="57.794070002410734" lon="14.28128668215848">
    <ele>115.86</ele>
   </trkpt>
   <trkpt lat="57.79354000000001" lon="14.281820000000002">
    <ele>118.79</ele>
   </trkpt>
   <trkpt lat="57.793060000000004" lon="14.282230000000002">
    <ele>120.75000000000001</ele>
   </trkpt>
   <trkpt lat="57.792235001311774" lon="14.282820013527994">
    <ele>123.7</ele>
   </trkpt>
   <trkpt lat="57.791410000000006" lon="14.283410000000002">
    <ele>127.75</ele>
   </trkpt>
   <trkpt lat="57.791090000000004" lon="14.283690000000002">
    <ele>130.01000000000002</ele>
   </trkpt>
   <trkpt lat="57.79044500186818" lon="14.284380012336126">
    <ele>133.82000000000002</ele>
   </trkpt>
   <trkpt lat="57.78980000000001" lon="14.285070000000001">
    <ele>137.81</ele>
   </trkpt>
   <trkpt lat="57.789680000000004" lon="14.28522">
    <ele>139.12</ele>
   </trkpt>
   <trkpt lat="57.788920000000005" lon="14.286050000000001">
    <ele>144.16</ele>
   </trkpt>
   <trkpt lat="57.78848000000001" lon="14.286570000000001">
    <ele>147.11</ele>
   </trkpt>
   <trkpt lat="57.78835" lon="14.28686">
    <ele>148.94000000000003</ele>
   </trkpt>
   <trkpt lat="57.78828000000001" lon="14.287090000000001">
    <ele>148.94000000000003</ele>
   </trkpt>
   <trkpt lat="57.788140000000006" lon="14.287830000000001">
    <ele>151.86</ele>
   </trkpt>
   <trkpt lat="57.78806" lon="14.288110000000001">
    <ele>152.61</ele>
   </trkpt>
   <trkpt lat="57.78774500257026" lon="14.288905006728482">
    <ele>155.38000000000002</ele>
   </trkpt>
   <trkpt lat="57.78743000000001" lon="14.289700000000002">
    <ele>159.35999999999999</ele>
   </trkpt>
   <trkpt lat="57.78732000000001" lon="14.289890000000002">
    <ele>160.70000000000002</ele>
   </trkpt>
   <trkpt lat="57.787180000000006" lon="14.290080000000001">
    <ele>160.70000000000002</ele>
   </trkpt>
   <trkpt lat="57.78674" lon="14.29057">
    <ele>163.96</ele>
   </trkpt>
   <trkpt lat="57.78665" lon="14.290690000000001">
    <ele>165.45000000000002</ele>
   </trkpt>
   <trkpt lat="57.786590000000004" lon="14.290840000000001">
    <ele>165.45000000000002</ele>
   </trkpt>
   <trkpt lat="57.786500000000004" lon="14.29123">
    <ele>167.09</ele>
   </trkpt>
   <trkpt lat="57.78643" lon="14.29175">
    <ele>168.54000000000002</ele>
   </trkpt>
   <trkpt lat="57.78602000000001" lon="14.293220000000002">
    <ele>173.05</ele>
   </trkpt>
   <trkpt lat="57.78591000699524" lon="14.29455500430374">
    <ele>177.36</ele>
   </trkpt>
   <trkpt lat="57.7858" lon="14.295890000000002">
    <ele>181.99</ele>
   </trkpt>
   <trkpt lat="57.78576" lon="14.296170000000002">
    <ele>181.99</ele>
   </trkpt>
   <trkpt lat="57.78571" lon="14.29634">
    <ele>183.99</ele>
   </trkpt>
   <trkpt lat="57.785590000000006" lon="14.296460000000002">
    <ele>183.99</ele>
   </trkpt>
   <trkpt lat="57.78515" lon="14.29653">
    <ele>186.98</ele>
   </trkpt>
   <trkpt lat="57.78504" lon="14.296600000000002">
    <ele>187.89000000000001</ele>
   </trkpt>
   <trkpt lat="57.784890000000004" lon="14.29681">
    <ele>189.62</ele>
   </trkpt>
   <trkpt lat="57.78482" lon="14.296980000000001">
    <ele>189.62</ele>
   </trkpt>
   <trkpt lat="57.784780000000005" lon="14.297360000000001">
    <ele>191.01000000000002</ele>
   </trkpt>
   <trkpt lat="57.784800000000004" lon="14.29752">
    <ele>192.05</ele>
   </trkpt>
   <trkpt lat="57.784850000000006" lon="14.297690000000001">
    <ele>192.05</ele>
   </trkpt>
   <trkpt lat="57.78504" lon="14.298050000000002">
    <ele>193.98000000000002</ele>
   </trkpt>
   <trkpt lat="57.785070000000005" lon="14.298230000000002">
    <ele>194.5</ele>
   </trkpt>
   <trkpt lat="57.785070000000005" lon="14.298370000000002">
    <ele>194.5</ele>
   </trkpt>
   <trkpt lat="57.78504" lon="14.2985">
    <ele>195.38000000000002</ele>
   </trkpt>
   <trkpt lat="57.78497" lon="14.2986">
    <ele>196.04000000000002</ele>
   </trkpt>
   <trkpt lat="57.784890000000004" lon="14.298670000000001">
    <ele>196.04000000000002</ele>
   </trkpt>
   <trkpt lat="57.78479000000001" lon="14.298680000000001">
    <ele>198.16</ele>
   </trkpt>
   <trkpt lat="57.78454000000001" lon="14.2986">
    <ele>199.47</ele>
   </trkpt>
   <trkpt lat="57.78446" lon="14.29859">
    <ele>199.47</ele>
   </trkpt>
   <trkpt lat="57.784400000000005" lon="14.298620000000001">
    <ele>200.28</ele>
   </trkpt>
   <trkpt lat="57.784330000000004" lon="14.298700000000002">
    <ele>200.28</ele>
   </trkpt>
   <trkpt lat="57.78426" lon="14.29892">
    <ele>201.5</ele>
   </trkpt>
   <trkpt lat="57.78425000000001" lon="14.29907">
    <ele>201.65</ele>
   </trkpt>
   <trkpt lat="57.78425000000001" lon="14.29906">
    <ele>201.65</ele>
   </trkpt>
   <trkpt lat="57.784330000000004" lon="14.29935">
    <ele>202.74</ele>
   </trkpt>
   <trkpt lat="57.784380000000006" lon="14.299420000000001">
    <ele>202.74</ele>
   </trkpt>
   <trkpt lat="57.78472000000001" lon="14.29977">
    <ele>204.21000000000004</ele>
   </trkpt>
   <trkpt lat="57.784870000000005" lon="14.300030000000001">
    <ele>205.40000000000003</ele>
   </trkpt>
   <trkpt lat="57.784960000000005" lon="14.300920000000001">
    <ele>208.28000000000003</ele>
   </trkpt>
   <trkpt lat="57.7852" lon="14.30192">
    <ele>210.50000000000003</ele>
   </trkpt>
   <trkpt lat="57.78542" lon="14.30179">
    <ele>211.37000000000003</ele>
   </trkpt>
   <trkpt lat="57.785470000000004" lon="14.30179">
    <ele>211.37000000000003</ele>
   </trkpt>
   <trkpt lat="57.78553" lon="14.30184">
    <ele>211.37000000000003</ele>
   </trkpt>
   <trkpt lat="57.78591" lon="14.302410000000002">
    <ele>217.26</ele>
   </trkpt>
   <trkpt lat="57.786150000000006" lon="14.302500000000002">
    <ele>217.34</ele>
   </trkpt>
   <trkpt lat="57.786860000000004" lon="14.30258">
    <ele>221.51000000000002</ele>
   </trkpt>
   <trkpt lat="57.78746" lon="14.302560000000001">
    <ele>221.17</ele>
   </trkpt>
   <trkpt lat="57.78774000000001" lon="14.30253">
    <ele>221.62</ele>
   </trkpt>
   <trkpt lat="57.788250000000005" lon="14.302430000000001">
    <ele>224.01000000000002</ele>
   </trkpt>
   <trkpt lat="57.788540000000005" lon="14.302430000000001">
    <ele>224.71</ele>
   </trkpt>
   <trkpt lat="57.78866000000001" lon="14.302470000000001">
    <ele>226.37</ele>
   </trkpt>
   <trkpt lat="57.788810000000005" lon="14.302560000000001">
    <ele>227.16000000000003</ele>
   </trkpt>
   <trkpt lat="57.78893000000001" lon="14.302660000000001">
    <ele>227.67000000000002</ele>
   </trkpt>
   <trkpt lat="57.78915000000001" lon="14.30301">
    <ele>228.51000000000002</ele>
   </trkpt>
   <trkpt lat="57.789210000000004" lon="14.303160000000002">
    <ele>228.46</ele>
   </trkpt>
   <trkpt lat="57.789350000000006" lon="14.3038">
    <ele>227.69000000000003</ele>
   </trkpt>
   <trkpt lat="57.78965" lon="14.30474">
    <ele>227.29000000000002</ele>
   </trkpt>
   <trkpt lat="57.7897" lon="14.30497">
    <ele>227.26000000000002</ele>
   </trkpt>
   <trkpt lat="57.789750000000005" lon="14.305420000000002">
    <ele>227.36</ele>
   </trkpt>
   <trkpt lat="57.78974" lon="14.305860000000001">
    <ele>227.53</ele>
   </trkpt>
   <trkpt lat="57.78969000000001" lon="14.306300000000002">
    <ele>227.69000000000003</ele>
   </trkpt>
   <trkpt lat="57.789590000000004" lon="14.306780000000002">
    <ele>227.91000000000003</ele>
   </trkpt>
   <trkpt lat="57.789460000000005" lon="14.307170000000001">
    <ele>228.15</ele>
   </trkpt>
   <trkpt lat="57.78915500199214" lon="14.30788500608812">
    <ele>228.92000000000002</ele>
   </trkpt>
   <trkpt lat="57.788850000000004" lon="14.308600000000002">
    <ele>229.59</ele>
   </trkpt>
   <trkpt lat="57.788720000000005" lon="14.309040000000001">
    <ele>229.84</ele>
   </trkpt>
   <trkpt lat="57.788560000000004" lon="14.309940000000001">
    <ele>230.61</ele>
   </trkpt>
   <trkpt lat="57.788470000000004" lon="14.310540000000001">
    <ele>231.3</ele>
   </trkpt>
   <trkpt lat="57.78845334950445" lon="14.311973334695773">
    <ele>232.15</ele>
   </trkpt>
   <trkpt lat="57.78843668283731" lon="14.3134066680686">
    <ele>232.29000000000002</ele>
   </trkpt>
   <trkpt lat="57.78842" lon="14.314840000000002">
    <ele>231.93</ele>
   </trkpt>
   <trkpt lat="57.78844" lon="14.315930000000002">
    <ele>231.44</ele>
   </trkpt>
   <trkpt lat="57.7886" lon="14.315900000000001">
    <ele>231.25</ele>
   </trkpt>
   <trkpt lat="57.789010000000005" lon="14.31577">
    <ele>230.60000000000002</ele>
   </trkpt>
   <trkpt lat="57.789620000000006" lon="14.315420000000001">
    <ele>231.02000000000004</ele>
   </trkpt>
   <trkpt lat="57.790400000000005" lon="14.314670000000001">
    <ele>233.47</ele>
   </trkpt>
   <trkpt lat="57.79081000097705" lon="14.31423000476723">
    <ele>235.60000000000002</ele>
   </trkpt>
   <trkpt lat="57.79122" lon="14.313790000000001">
    <ele>238.66</ele>
   </trkpt>
   <trkpt lat="57.79162" lon="14.313410000000001">
    <ele>241.41</ele>
   </trkpt>
   <trkpt lat="57.791830000000004" lon="14.31329">
    <ele>243.35</ele>
   </trkpt>
   <trkpt lat="57.792100000000005" lon="14.313170000000001">
    <ele>244.56000000000003</ele>
   </trkpt>
   <trkpt lat="57.79231000000001" lon="14.313110000000002">
    <ele>245.31000000000003</ele>
   </trkpt>
   <trkpt lat="57.79269000000001" lon="14.31309">
    <ele>245.97000000000003</ele>
   </trkpt>
   <trkpt lat="57.79321500002525" lon="14.313189998542638">
    <ele>245.62000000000003</ele>
   </trkpt>
   <trkpt lat="57.79374000000001" lon="14.31329">
    <ele>242.67000000000002</ele>
   </trkpt>
   <trkpt lat="57.79419000000001" lon="14.313300000000002">
    <ele>239.32000000000002</ele>
   </trkpt>
   <trkpt lat="57.794500000000006" lon="14.313270000000001">
    <ele>238.16</ele>
   </trkpt>
   <trkpt lat="57.795015000004334" lon="14.313135001944199">
    <ele>237.95000000000002</ele>
   </trkpt>
   <trkpt lat="57.79553000000001" lon="14.313">
    <ele>236.27</ele>
   </trkpt>
   <trkpt lat="57.79563" lon="14.312990000000001">
    <ele>235.75</ele>
   </trkpt>
   <trkpt lat="57.795730000000006" lon="14.313">
    <ele>235.75</ele>
   </trkpt>
   <trkpt lat="57.795880000000004" lon="14.31305">
    <ele>235.18000000000004</ele>
   </trkpt>
   <trkpt lat="57.796130000000005" lon="14.313250000000002">
    <ele>235.05</ele>
   </trkpt>
   <trkpt lat="57.79621" lon="14.313360000000001">
    <ele>234.92000000000002</ele>
   </trkpt>
   <trkpt lat="57.796350000000004" lon="14.31361">
    <ele>234.75</ele>
   </trkpt>
   <trkpt lat="57.79648" lon="14.313930000000001">
    <ele>234.63000000000002</ele>
   </trkpt>
   <trkpt lat="57.79656000000001" lon="14.314210000000001">
    <ele>234.65000000000003</ele>
   </trkpt>
   <trkpt lat="57.79674000000001" lon="14.315180000000002">
    <ele>235.89000000000001</ele>
   </trkpt>
   <trkpt lat="57.79692000946015" lon="14.316276655693276">
    <ele>238.59000000000003</ele>
   </trkpt>
   <trkpt lat="57.797100009454866" lon="14.3173733223275">
    <ele>239.14000000000001</ele>
   </trkpt>
   <trkpt lat="57.79728000000001" lon="14.318470000000001">
    <ele>237.0</ele>
   </trkpt>
   <trkpt lat="57.79744" lon="14.319110000000002">
    <ele>236.24</ele>
   </trkpt>
   <trkpt lat="57.79762" lon="14.319580000000002">
    <ele>235.8</ele>
   </trkpt>
   <trkpt lat="57.797810000000005" lon="14.31999">
    <ele>235.78</ele>
   </trkpt>
   <trkpt lat="57.798273338817665" lon="14.320823311966407">
    <ele>235.92000000000002</ele>
   </trkpt>
   <trkpt lat="57.79873667217007" lon="14.32165664533365">
    <ele>236.40000000000003</ele>
   </trkpt>
   <trkpt lat="57.799200000000006" lon="14.322490000000002">
    <ele>236.45000000000002</ele>
   </trkpt>
   <trkpt lat="57.799440000000004" lon="14.323200000000002">
    <ele>236.59</ele>
   </trkpt>
   <trkpt lat="57.79957" lon="14.323910000000001">
    <ele>236.81</ele>
   </trkpt>
   <trkpt lat="57.79959" lon="14.324660000000002">
    <ele>237.27</ele>
   </trkpt>
   <trkpt lat="57.79952500394168" lon="14.325660001699006">
    <ele>238.8</ele>
   </trkpt>
   <trkpt lat="57.79946" lon="14.32666">
    <ele>241.61</ele>
   </trkpt>
   <trkpt lat="57.79947000000001" lon="14.327440000000001">
    <ele>242.50000000000003</ele>
   </trkpt>
   <trkpt lat="57.79957" lon="14.328220000000002">
    <ele>242.59000000000003</ele>
   </trkpt>
   <trkpt lat="57.79974500322709" lon="14.329119995839298">
    <ele>242.25000000000003</ele>
   </trkpt>
   <trkpt lat="57.79992000000001" lon="14.330020000000001">
    <ele>241.35</ele>
   </trkpt>
   <trkpt lat="57.800000000000004" lon="14.330570000000002">
    <ele>239.67000000000002</ele>
   </trkpt>
   <trkpt lat="57.80012000000001" lon="14.331650000000002">
    <ele>238.96</ele>
   </trkpt>
   <trkpt lat="57.80021000000001" lon="14.332770000000002">
    <ele>239.6</ele>
   </trkpt>
   <trkpt lat="57.800200000000004" lon="14.333140000000002">
    <ele>239.78000000000003</ele>
   </trkpt>
   <trkpt lat="57.80017" lon="14.33346">
    <ele>240.47</ele>
   </trkpt>
   <trkpt lat="57.800050000000006" lon="14.333990000000002">
    <ele>241.22</ele>
   </trkpt>
   <trkpt lat="57.799870000000006" lon="14.334520000000001">
    <ele>241.64000000000001</ele>
   </trkpt>
   <trkpt lat="57.79947000000001" lon="14.335560000000001">
    <ele>242.11</ele>
   </trkpt>
   <trkpt lat="57.799290000000006" lon="14.336190000000002">
    <ele>242.96</ele>
   </trkpt>
   <trkpt lat="57.79914" lon="14.33683">
    <ele>244.23000000000002</ele>
   </trkpt>
   <trkpt lat="57.799060000000004" lon="14.337530000000001">
    <ele>246.39000000000001</ele>
   </trkpt>
   <trkpt lat="57.799020000000006" lon="14.338230000000001">
    <ele>247.12000000000003</ele>
   </trkpt>
   <trkpt lat="57.79903" lon="14.338970000000002">
    <ele>246.75000000000003</ele>
   </trkpt>
   <trkpt lat="57.799110000000006" lon="14.339670000000002">
    <ele>245.36</ele>
   </trkpt>
   <trkpt lat="57.79923" lon="14.340140000000002">
    <ele>244.26000000000002</ele>
   </trkpt>
   <trkpt lat="57.799380000000006" lon="14.340580000000001">
    <ele>242.59000000000003</ele>
   </trkpt>
   <trkpt lat="57.79957" lon="14.34102">
    <ele>239.73000000000002</ele>
   </trkpt>
   <trkpt lat="57.79994000000001" lon="14.34176">
    <ele>236.10000000000002</ele>
   </trkpt>
   <trkpt lat="57.800430000000006" lon="14.34252">
    <ele>233.73000000000002</ele>
   </trkpt>
   <trkpt lat="57.800990000000006" lon="14.34327">
    <ele>236.07000000000002</ele>
   </trkpt>
   <trkpt lat="57.801260000000006" lon="14.34354">
    <ele>238.73000000000002</ele>
   </trkpt>
   <trkpt lat="57.80158" lon="14.34378">
    <ele>240.46</ele>
   </trkpt>
   <trkpt lat="57.802270000513275" lon="14.344204991750141">
    <ele>247.08</ele>
   </trkpt>
   <trkpt lat="57.802960000000006" lon="14.34463">
    <ele>249.37</ele>
   </trkpt>
   <trkpt lat="57.80333" lon="14.34496">
    <ele>250.01</ele>
   </trkpt>
   <trkpt lat="57.80359000000001" lon="14.345300000000002">
    <ele>250.65000000000003</ele>
   </trkpt>
   <trkpt lat="57.80384000000001" lon="14.345720000000002">
    <ele>251.20000000000002</ele>
   </trkpt>
   <trkpt lat="57.804010000000005" lon="14.346110000000001">
    <ele>251.44</ele>
   </trkpt>
   <trkpt lat="57.804285002569614" lon="14.346929993522268">
    <ele>250.9</ele>
   </trkpt>
   <trkpt lat="57.80456" lon="14.347750000000001">
    <ele>249.22000000000003</ele>
   </trkpt>
   <trkpt lat="57.80489000000001" lon="14.34881">
    <ele>247.89000000000001</ele>
   </trkpt>
   <trkpt lat="57.805303345526205" lon="14.350056637985386">
    <ele>247.21</ele>
   </trkpt>
   <trkpt lat="57.805716678822435" lon="14.35130330453956">
    <ele>246.83</ele>
   </trkpt>
   <trkpt lat="57.80613" lon="14.35255">
    <ele>248.22000000000003</ele>
   </trkpt>
   <trkpt lat="57.806340000000006" lon="14.352960000000001">
    <ele>249.52</ele>
   </trkpt>
   <trkpt lat="57.806580000000004" lon="14.3533">
    <ele>250.08</ele>
   </trkpt>
   <trkpt lat="57.80678" lon="14.353480000000001">
    <ele>250.73</ele>
   </trkpt>
   <trkpt lat="57.807030000000005" lon="14.353650000000002">
    <ele>251.03000000000003</ele>
   </trkpt>
   <trkpt lat="57.8077700007394" lon="14.353894984931237">
    <ele>250.44</ele>
   </trkpt>
   <trkpt lat="57.8085100010065" lon="14.354139979914681">
    <ele>249.22000000000003</ele>
   </trkpt>
   <trkpt lat="57.8092500008013" lon="14.354384984951023">
    <ele>249.68</ele>
   </trkpt>
   <trkpt lat="57.809990000000006" lon="14.354630000000002">
    <ele>252.67</ele>
   </trkpt>
   <trkpt lat="57.81007" lon="14.35472">
    <ele>254.66</ele>
   </trkpt>
   <trkpt lat="57.81018" lon="14.354890000000001">
    <ele>254.66</ele>
   </trkpt>
   <trkpt lat="57.81060000000001" lon="14.356300000000001">
    <ele>257.51</ele>
   </trkpt>
   <trkpt lat="57.81072" lon="14.356480000000001">
    <ele>256.96000000000004</ele>
   </trkpt>
   <trkpt lat="57.81115000087152" lon="14.35692499479004">
    <ele>255.09000000000003</ele>
   </trkpt>
   <trkpt lat="57.811580000000006" lon="14.357370000000001">
    <ele>253.25000000000003</ele>
   </trkpt>
   <trkpt lat="57.812261454449725" lon="14.358417024135594">
    <ele>253.02</ele>
   </trkpt>
   <trkpt lat="57.81294290027337" lon="14.359464087840237">
    <ele>253.73000000000002</ele>
   </trkpt>
   <trkpt lat="57.81362433747036" lon="14.360511191115966">
    <ele>253.18</ele>
   </trkpt>
   <trkpt lat="57.81430576604016" lon="14.361558333964819">
    <ele>251.60999999999999</ele>
   </trkpt>
   <trkpt lat="57.8149871859822" lon="14.36260551638884">
    <ele>250.96</ele>
   </trkpt>
   <trkpt lat="57.81566859729594" lon="14.36365273839006">
    <ele>251.02</ele>
   </trkpt>
   <trkpt lat="57.81635000000001" lon="14.364700000000001">
    <ele>253.70000000000005</ele>
   </trkpt>
   <trkpt lat="57.816840000000006" lon="14.36541">
    <ele>254.91000000000003</ele>
   </trkpt>
   <trkpt lat="57.81701" lon="14.3656">
    <ele>255.12</ele>
   </trkpt>
   <trkpt lat="57.81770500142744" lon="14.366169989135527">
    <ele>256.28000000000003</ele>
   </trkpt>
   <trkpt lat="57.818400000000004" lon="14.366740000000002">
    <ele>257.11</ele>
   </trkpt>
   <trkpt lat="57.81873" lon="14.36706">
    <ele>256.93000000000006</ele>
   </trkpt>
   <trkpt lat="57.81888000000001" lon="14.36724">
    <ele>256.58000000000004</ele>
   </trkpt>
   <trkpt lat="57.819140000000004" lon="14.367690000000001">
    <ele>255.23000000000002</ele>
   </trkpt>
   <trkpt lat="57.81959501389634" lon="14.368774958931121">
    <ele>253.84</ele>
   </trkpt>
   <trkpt lat="57.82005001853149" lon="14.369859945247638">
    <ele>253.4</ele>
   </trkpt>
   <trkpt lat="57.82050501390499" lon="14.370944958950162">
    <ele>252.71000000000004</ele>
   </trkpt>
   <trkpt lat="57.82096000000001" lon="14.37203">
    <ele>252.87000000000003</ele>
   </trkpt>
   <trkpt lat="57.821276674565276" lon="14.373029982531902">
    <ele>253.17</ele>
   </trkpt>
   <trkpt lat="57.82159334126356" lon="14.374029982631395">
    <ele>255.14000000000001</ele>
   </trkpt>
   <trkpt lat="57.82191" lon="14.37503">
    <ele>256.0</ele>
   </trkpt>
   <trkpt lat="57.82249000406432" lon="14.37603998384029">
    <ele>254.91000000000003</ele>
   </trkpt>
   <trkpt lat="57.82307" lon="14.37705">
    <ele>253.15000000000003</ele>
   </trkpt>
   <trkpt lat="57.82381" lon="14.3778">
    <ele>252.71000000000004</ele>
   </trkpt>
   <trkpt lat="57.82423000112433" lon="14.378334993764588">
    <ele>252.65000000000003</ele>
   </trkpt>
   <trkpt lat="57.824650000000005" lon="14.378870000000001">
    <ele>252.74</ele>
   </trkpt>
   <trkpt lat="57.82518" lon="14.379850000000001">
    <ele>253.19000000000003</ele>
   </trkpt>
   <trkpt lat="57.82558667204117" lon="14.380676648010896">
    <ele>252.98000000000005</ele>
   </trkpt>
   <trkpt lat="57.825993338706596" lon="14.381503314674749">
    <ele>253.08</ele>
   </trkpt>
   <trkpt lat="57.82640000000001" lon="14.382330000000001">
    <ele>253.97000000000003</ele>
   </trkpt>
   <trkpt lat="57.827006688758466" lon="14.383389910784565">
    <ele>255.15000000000003</ele>
   </trkpt>
   <trkpt lat="57.8276133686794" lon="14.384449857250708">
    <ele>255.1</ele>
   </trkpt>
   <trkpt lat="57.828220039762314" lon="14.385509839399939">
    <ele>256.36</ele>
   </trkpt>
   <trkpt lat="57.828826702006715" lon="14.386569857233779">
    <ele>260.20000000000005</ele>
   </trkpt>
   <trkpt lat="57.82943335541207" lon="14.387629910753754">
    <ele>263.5</ele>
   </trkpt>
   <trkpt lat="57.830040000000004" lon="14.38869">
    <ele>266.65</ele>
   </trkpt>
   <trkpt lat="57.83046" lon="14.38957">
    <ele>266.33</ele>
   </trkpt>
   <trkpt lat="57.83066" lon="14.390410000000001">
    <ele>264.89</ele>
   </trkpt>
   <trkpt lat="57.83066" lon="14.39057">
    <ele>264.67</ele>
   </trkpt>
   <trkpt lat="57.83046" lon="14.39154">
    <ele>265.63000000000005</ele>
   </trkpt>
   <trkpt lat="57.82992667740814" lon="14.39271003468677">
    <ele>264.72</ele>
   </trkpt>
   <trkpt lat="57.82939334404815" lon="14.39388003474451">
    <ele>260.3</ele>
   </trkpt>
   <trkpt lat="57.828860000000006" lon="14.395050000000001">
    <ele>256.68</ele>
   </trkpt>
   <trkpt lat="57.82864000286716" lon="14.395905005250269">
    <ele>258.25000000000006</ele>
   </trkpt>
   <trkpt lat="57.82842" lon="14.39676">
    <ele>258.87000000000006</ele>
   </trkpt>
   <trkpt lat="57.828140000000005" lon="14.39812">
    <ele>259.31000000000006</ele>
   </trkpt>
   <trkpt lat="57.82788000000001" lon="14.399260000000002">
    <ele>256.65999999999997</ele>
   </trkpt>
   <trkpt lat="57.827490000000004" lon="14.400020000000001">
    <ele>253.06</ele>
   </trkpt>
   <trkpt lat="57.8270100020086" lon="14.400745009743838">
    <ele>249.73</ele>
   </trkpt>
   <trkpt lat="57.826530000000005" lon="14.401470000000002">
    <ele>249.55</ele>
   </trkpt>
   <trkpt lat="57.826370000000004" lon="14.40178">
    <ele>249.32000000000002</ele>
   </trkpt>
   <trkpt lat="57.82639" lon="14.40252">
    <ele>247.71</ele>
   </trkpt>
   <trkpt lat="57.82649500324023" lon="14.403424997525876">
    <ele>245.96</ele>
   </trkpt>
   <trkpt lat="57.826600000000006" lon="14.404330000000002">
    <ele>243.97000000000003</ele>
   </trkpt>
   <trkpt lat="57.82688" lon="14.405030000000002">
    <ele>241.41</ele>
   </trkpt>
   <trkpt lat="57.827456673036195" lon="14.405929971197404">
    <ele>236.76000000000002</ele>
   </trkpt>
   <trkpt lat="57.82803333970082" lon="14.406829971193641">
    <ele>232.11</ele>
   </trkpt>
   <trkpt lat="57.828610000000005" lon="14.40773">
    <ele>231.44</ele>
   </trkpt>
   <trkpt lat="57.82912000266829" lon="14.408559988187799">
    <ele>232.31</ele>
   </trkpt>
   <trkpt lat="57.82963" lon="14.409390000000002">
    <ele>232.96000000000004</ele>
   </trkpt>
   <trkpt lat="57.83020000904266" lon="14.410264958496361">
    <ele>231.11</ele>
   </trkpt>
   <trkpt lat="57.83077001206332" lon="14.41113994467055">
    <ele>227.84</ele>
   </trkpt>
   <trkpt lat="57.83134000906163" lon="14.412014958523766">
    <ele>226.53</ele>
   </trkpt>
   <trkpt lat="57.83191000000001" lon="14.41289">
    <ele>226.16000000000003</ele>
   </trkpt>
   <trkpt lat="57.83247250991549" lon="14.413807457007882">
    <ele>226.27</ele>
   </trkpt>
   <trkpt lat="57.83303501321001" lon="14.414724942658635">
    <ele>226.5</ele>
   </trkpt>
   <trkpt lat="57.83359750988319" lon="14.415642456953448">
    <ele>226.69000000000003</ele>
   </trkpt>
   <trkpt lat="57.834160000000004" lon="14.41656">
    <ele>226.77</ele>
   </trkpt>
   <trkpt lat="57.834686672594216" lon="14.417433307684894">
    <ele>226.91000000000003</ele>
   </trkpt>
   <trkpt lat="57.83521333918956" lon="14.418306640899484">
    <ele>226.57000000000002</ele>
   </trkpt>
   <trkpt lat="57.83574" lon="14.41918">
    <ele>226.26000000000002</ele>
   </trkpt>
   <trkpt lat="57.8363875114331" lon="14.420164946875431">
    <ele>226.11</ele>
   </trkpt>
   <trkpt lat="57.83703501523577" lon="14.421149929152865">
    <ele>225.94000000000003</ele>
   </trkpt>
   <trkpt lat="57.837682511407515" lon="14.422134946834046">
    <ele>226.22000000000003</ele>
   </trkpt>
   <trkpt lat="57.838330000000006" lon="14.42312">
    <ele>226.45000000000002</ele>
   </trkpt>
   <trkpt lat="57.83867000000001" lon="14.42401">
    <ele>226.53</ele>
   </trkpt>
   <trkpt lat="57.83881" lon="14.424450000000002">
    <ele>226.96</ele>
   </trkpt>
   <trkpt lat="57.83907000000001" lon="14.425590000000001">
    <ele>229.46</ele>
   </trkpt>
   <trkpt lat="57.83914000000001" lon="14.42651">
    <ele>230.66000000000003</ele>
   </trkpt>
   <trkpt lat="57.839110000000005" lon="14.42702">
    <ele>230.93</ele>
   </trkpt>
   <trkpt lat="57.83890500517473" lon="14.428165006407848">
    <ele>232.47</ele>
   </trkpt>
   <trkpt lat="57.8387" lon="14.429310000000001">
    <ele>233.61</ele>
   </trkpt>
   <trkpt lat="57.83822500105795" lon="14.429820006686287">
    <ele>235.3</ele>
   </trkpt>
   <trkpt lat="57.83775000000001" lon="14.430330000000001">
    <ele>241.03000000000003</ele>
   </trkpt>
   <trkpt lat="57.83729" lon="14.430410000000002">
    <ele>246.48000000000002</ele>
   </trkpt>
   <trkpt lat="57.83657" lon="14.430370000000002">
    <ele>252.45</ele>
   </trkpt>
   <trkpt lat="57.83583" lon="14.43073">
    <ele>256.63</ele>
   </trkpt>
   <trkpt lat="57.835410000520056" lon="14.430394996157885">
    <ele>259.0</ele>
   </trkpt>
   <trkpt lat="57.834990000000005" lon="14.430060000000001">
    <ele>261.19000000000005</ele>
   </trkpt>
   <trkpt lat="57.83451" lon="14.43044">
    <ele>261.22</ele>
   </trkpt>
   <trkpt lat="57.833970000991435" lon="14.430965007957585">
    <ele>260.8</ele>
   </trkpt>
   <trkpt lat="57.83343000000001" lon="14.431490000000002">
    <ele>261.84000000000003</ele>
   </trkpt>
   <trkpt lat="57.832730000000005" lon="14.432440000000001">
    <ele>260.99</ele>
   </trkpt>
   <trkpt lat="57.832480000000004" lon="14.432990000000002">
    <ele>260.0</ele>
   </trkpt>
   <trkpt lat="57.83200000001803" lon="14.433010000265709">
    <ele>258.5</ele>
   </trkpt>
   <trkpt lat="57.831520000000005" lon="14.43303">
    <ele>258.32</ele>
   </trkpt>
   <trkpt lat="57.83084" lon="14.43303">
    <ele>258.27</ele>
   </trkpt>
   <trkpt lat="57.83055" lon="14.433320000000002">
    <ele>257.8</ele>
   </trkpt>
   <trkpt lat="57.83035" lon="14.434090000000001">
    <ele>257.21</ele>
   </trkpt>
   <trkpt lat="57.83018000373477" lon="14.435070004867717">
    <ele>254.94</ele>
   </trkpt>
   <trkpt lat="57.83001" lon="14.436050000000002">
    <ele>252.26999999999998</ele>
   </trkpt>
   <trkpt lat="57.829460000000005" lon="14.43682">
    <ele>251.5</ele>
   </trkpt>
   <trkpt lat="57.828950000000006" lon="14.437920000000002">
    <ele>253.57000000000002</ele>
   </trkpt>
   <trkpt lat="57.82829" lon="14.438530000000002">
    <ele>252.56</ele>
   </trkpt>
   <trkpt lat="57.828190000000006" lon="14.43922">
    <ele>252.01000000000002</ele>
   </trkpt>
   <trkpt lat="57.82813" lon="14.43997">
    <ele>253.21000000000004</ele>
   </trkpt>
   <trkpt lat="57.82768000000001" lon="14.440700000000001">
    <ele>255.97000000000003</ele>
   </trkpt>
   <trkpt lat="57.82708" lon="14.441450000000001">
    <ele>256.65999999999997</ele>
   </trkpt>
   <trkpt lat="57.826370000000004" lon="14.441780000000001">
    <ele>257.54</ele>
   </trkpt>
   <trkpt lat="57.82576" lon="14.442000000000002">
    <ele>259.14000000000004</ele>
   </trkpt>
   <trkpt lat="57.825160000000004" lon="14.442590000000001">
    <ele>259.73</ele>
   </trkpt>
   <trkpt lat="57.82475500062631" lon="14.44301500486338">
    <ele>259.27</ele>
   </trkpt>
   <trkpt lat="57.82435" lon="14.44344">
    <ele>257.90000000000003</ele>
   </trkpt>
   <trkpt lat="57.82395000074931" lon="14.443885004970857">
    <ele>257.28000000000003</ele>
   </trkpt>
   <trkpt lat="57.823550000000004" lon="14.44433">
    <ele>258.31000000000006</ele>
   </trkpt>
   <trkpt lat="57.822735001468466" lon="14.444935013656467">
    <ele>259.79</ele>
   </trkpt>
   <trkpt lat="57.821920000000006" lon="14.445540000000001">
    <ele>261.81000000000006</ele>
   </trkpt>
   <trkpt lat="57.821180000000005" lon="14.445630000000001">
    <ele>262.62</ele>
   </trkpt>
   <trkpt lat="57.820840000000004" lon="14.445760000000002">
    <ele>263.68</ele>
   </trkpt>
   <trkpt lat="57.82039" lon="14.44621">
    <ele>266.78000000000003</ele>
   </trkpt>
   <trkpt lat="57.82021" lon="14.44626">
    <ele>267.01000000000005</ele>
   </trkpt>
   <trkpt lat="57.819500000000005" lon="14.446280000000002">
    <ele>267.20000000000005</ele>
   </trkpt>
   <trkpt lat="57.819320000000005" lon="14.446340000000001">
    <ele>266.93</ele>
   </trkpt>
   <trkpt lat="57.819250000000004" lon="14.44644">
    <ele>266.93</ele>
   </trkpt>
   <trkpt lat="57.819210000000005" lon="14.446560000000002">
    <ele>266.35</ele>
   </trkpt>
   <trkpt lat="57.81917000000001" lon="14.446760000000001">
    <ele>266.35</ele>
   </trkpt>
   <trkpt lat="57.819100000000006" lon="14.447400000000002">
    <ele>265.75000000000006</ele>
   </trkpt>
   <trkpt lat="57.81904000000001" lon="14.447650000000001">
    <ele>265.58000000000004</ele>
   </trkpt>
   <trkpt lat="57.81898" lon="14.447770000000002">
    <ele>265.58000000000004</ele>
   </trkpt>
   <trkpt lat="57.81893" lon="14.447790000000001">
    <ele>265.11</ele>
   </trkpt>
   <trkpt lat="57.818760000000005" lon="14.447790000000001">
    <ele>265.11</ele>
   </trkpt>
   <trkpt lat="57.81851" lon="14.447740000000001">
    <ele>264.06</ele>
   </trkpt>
   <trkpt lat="57.81823000000001" lon="14.447750000000001">
    <ele>262.84000000000003</ele>
   </trkpt>
   <trkpt lat="57.81783000000001" lon="14.447870000000002">
    <ele>261.86</ele>
   </trkpt>
   <trkpt lat="57.817600000000006" lon="14.44809">
    <ele>260.78000000000003</ele>
   </trkpt>
   <trkpt lat="57.81747000000001" lon="14.448350000000001">
    <ele>259.85</ele>
   </trkpt>
   <trkpt lat="57.81743" lon="14.448520000000002">
    <ele>259.09000000000003</ele>
   </trkpt>
   <trkpt lat="57.81672333633912" lon="14.447903309174338">
    <ele>257.42</ele>
   </trkpt>
   <trkpt lat="57.816016669686185" lon="14.44728664252021">
    <ele>255.09000000000003</ele>
   </trkpt>
   <trkpt lat="57.815310000000004" lon="14.446670000000001">
    <ele>251.82999999999998</ele>
   </trkpt>
   <trkpt lat="57.814960000000006" lon="14.446370000000002">
    <ele>249.63000000000002</ele>
   </trkpt>
   <trkpt lat="57.814730000000004" lon="14.44621">
    <ele>248.50000000000003</ele>
   </trkpt>
   <trkpt lat="57.81420000000001" lon="14.445940000000002">
    <ele>247.20000000000002</ele>
   </trkpt>
   <trkpt lat="57.81364000000001" lon="14.44574">
    <ele>246.95000000000002</ele>
   </trkpt>
   <trkpt lat="57.81295333358849" lon="14.44557666045746">
    <ele>246.56000000000003</ele>
   </trkpt>
   <trkpt lat="57.812266666967055" lon="14.44541332713502">
    <ele>246.57</ele>
   </trkpt>
   <trkpt lat="57.811580000000006" lon="14.445250000000001">
    <ele>246.62000000000003</ele>
   </trkpt>
   <trkpt lat="57.81073000000001" lon="14.444870000000002">
    <ele>246.37000000000003</ele>
   </trkpt>
   <trkpt lat="57.80997000072074" lon="14.4444649915061">
    <ele>243.01000000000002</ele>
   </trkpt>
   <trkpt lat="57.80921000000001" lon="14.44406">
    <ele>238.12000000000003</ele>
   </trkpt>
   <trkpt lat="57.80848750193411" lon="14.443654975661444">
    <ele>236.25</ele>
   </trkpt>
   <trkpt lat="57.80776500257741" lon="14.443249967548558">
    <ele>237.38</ele>
   </trkpt>
   <trkpt lat="57.80704250193001" lon="14.442844975660273">
    <ele>237.47</ele>
   </trkpt>
   <trkpt lat="57.80632000000001" lon="14.442440000000001">
    <ele>238.12000000000003</ele>
   </trkpt>
   <trkpt lat="57.80566500066616" lon="14.442049992958866">
    <ele>238.46000000000004</ele>
   </trkpt>
   <trkpt lat="57.80501" lon="14.44166">
    <ele>238.17000000000002</ele>
   </trkpt>
   <trkpt lat="57.80455000092041" lon="14.441209994382847">
    <ele>238.03</ele>
   </trkpt>
   <trkpt lat="57.80409" lon="14.440760000000001">
    <ele>237.74</ele>
   </trkpt>
   <trkpt lat="57.80364500123899" lon="14.440204993187692">
    <ele>237.81</ele>
   </trkpt>
   <trkpt lat="57.803200000000004" lon="14.43965">
    <ele>238.34000000000003</ele>
   </trkpt>
   <trkpt lat="57.80275500213115" lon="14.438914990943054">
    <ele>240.37000000000003</ele>
   </trkpt>
   <trkpt lat="57.802310000000006" lon="14.438180000000001">
    <ele>241.52</ele>
   </trkpt>
   <trkpt lat="57.80185667147078" lon="14.437396646938248">
    <ele>242.73000000000002</ele>
   </trkpt>
   <trkpt lat="57.80140333811249" lon="14.436613313562118">
    <ele>243.05</ele>
   </trkpt>
   <trkpt lat="57.80095000000001" lon="14.435830000000001">
    <ele>242.45000000000002</ele>
   </trkpt>
   <trkpt lat="57.80037334210151" lon="14.434776633062757">
    <ele>240.98000000000002</ele>
   </trkpt>
   <trkpt lat="57.79979667547098" lon="14.433723299796123">
    <ele>239.64000000000001</ele>
   </trkpt>
   <trkpt lat="57.799220000000005" lon="14.432670000000002">
    <ele>238.16</ele>
   </trkpt>
   <trkpt lat="57.799796675362124" lon="14.43372329959733">
    <ele>239.64000000000001</ele>
   </trkpt>
   <trkpt lat="57.80037334199269" lon="14.434776632863958">
    <ele>241.34000000000003</ele>
   </trkpt>
   <trkpt lat="57.80095000000001" lon="14.435830000000001">
    <ele>242.45000000000002</ele>
   </trkpt>
   <trkpt lat="57.80140333818718" lon="14.436613313691142">
    <ele>243.16</ele>
   </trkpt>
   <trkpt lat="57.801856671545465" lon="14.437396647067278">
    <ele>242.42000000000002</ele>
   </trkpt>
   <trkpt lat="57.802310000000006" lon="14.438180000000001">
    <ele>240.8</ele>
   </trkpt>
   <trkpt lat="57.80275500212023" lon="14.438914990925017">
    <ele>238.79000000000002</ele>
   </trkpt>
   <trkpt lat="57.803200000000004" lon="14.43965">
    <ele>238.17000000000002</ele>
   </trkpt>
   <trkpt lat="57.80364500118501" lon="14.440204993120377">
    <ele>237.81</ele>
   </trkpt>
   <trkpt lat="57.80409" lon="14.440760000000001">
    <ele>237.89000000000001</ele>
   </trkpt>
   <trkpt lat="57.80455000067316" lon="14.441209994140976">
    <ele>238.03</ele>
   </trkpt>
   <trkpt lat="57.80501" lon="14.44166">
    <ele>238.17000000000002</ele>
   </trkpt>
   <trkpt lat="57.80566500053077" lon="14.442049992878253">
    <ele>238.43000000000004</ele>
   </trkpt>
   <trkpt lat="57.80632000000001" lon="14.442440000000001">
    <ele>238.12000000000003</ele>
   </trkpt>
   <trkpt lat="57.80704250193803" lon="14.442844975664766">
    <ele>237.47</ele>
   </trkpt>
   <trkpt lat="57.80776500258545" lon="14.443249967553056">
    <ele>237.3</ele>
   </trkpt>
   <trkpt lat="57.808487501942125" lon="14.44365497566594">
    <ele>236.22</ele>
   </trkpt>
   <trkpt lat="57.80921000000001" lon="14.44406">
    <ele>238.12000000000003</ele>
   </trkpt>
   <trkpt lat="57.809970000569926" lon="14.44446499142574">
    <ele>243.01000000000002</ele>
   </trkpt>
   <trkpt lat="57.81073000000001" lon="14.444870000000002">
    <ele>246.59000000000003</ele>
   </trkpt>
   <trkpt lat="57.811580000000006" lon="14.445250000000001">
    <ele>246.62000000000003</ele>
   </trkpt>
   <trkpt lat="57.81226666683135" lon="14.445413327102743">
    <ele>246.57</ele>
   </trkpt>
   <trkpt lat="57.81295333345278" lon="14.445576660425182">
    <ele>246.56000000000003</ele>
   </trkpt>
   <trkpt lat="57.81364000000001" lon="14.44574">
    <ele>246.95000000000002</ele>
   </trkpt>
   <trkpt lat="57.81420000000001" lon="14.445940000000002">
    <ele>247.3</ele>
   </trkpt>
   <trkpt lat="57.814730000000004" lon="14.44621">
    <ele>249.05</ele>
   </trkpt>
   <trkpt lat="57.814960000000006" lon="14.446370000000002">
    <ele>250.06</ele>
   </trkpt>
   <trkpt lat="57.815310000000004" lon="14.446670000000001">
    <ele>251.82999999999998</ele>
   </trkpt>
   <trkpt lat="57.816120015658974" lon="14.44737542875359">
    <ele>255.68</ele>
   </trkpt>
   <trkpt lat="57.81693002740249" lon="14.448080889201163">
    <ele>258.18</ele>
   </trkpt>
   <trkpt lat="57.81774003523025" lon="14.448786381344979">
    <ele>258.59000000000003</ele>
   </trkpt>
   <trkpt lat="57.818550039141975" lon="14.449491905187305">
    <ele>257.26000000000005</ele>
   </trkpt>
   <trkpt lat="57.819360039137344" lon="14.450197460730406">
    <ele>257.70000000000005</ele>
   </trkpt>
   <trkpt lat="57.82017003521608" lon="14.45090304797655">
    <ele>260.26000000000005</ele>
   </trkpt>
   <trkpt lat="57.82098002737785" lon="14.451608666927998">
    <ele>263.13000000000005</ele>
   </trkpt>
   <trkpt lat="57.82179001562237" lon="14.452314317587017">
    <ele>268.96000000000004</ele>
   </trkpt>
   <trkpt lat="57.8226" lon="14.45302">
    <ele>270.89</ele>
   </trkpt>
   <trkpt lat="57.82333333617282" lon="14.453626641937593">
    <ele>271.09</ele>
   </trkpt>
   <trkpt lat="57.824066669450374" lon="14.454233308557523">
    <ele>271.15</ele>
   </trkpt>
   <trkpt lat="57.8248" lon="14.45484">
    <ele>270.92</ele>
   </trkpt>
   <trkpt lat="57.82541333714849" lon="14.455533309776463">
    <ele>270.18</ele>
   </trkpt>
   <trkpt lat="57.826026670515525" lon="14.456226643147403">
    <ele>268.77</ele>
   </trkpt>
   <trkpt lat="57.826640000000005" lon="14.456920000000002">
    <ele>267.20000000000005</ele>
   </trkpt>
   <trkpt lat="57.827415008321815" lon="14.45775994581004">
    <ele>266.32</ele>
   </trkpt>
   <trkpt lat="57.8281900110936" lon="14.458599927742501">
    <ele>266.8</ele>
   </trkpt>
   <trkpt lat="57.82896500831493" lon="14.45943994579976">
    <ele>266.31000000000006</ele>
   </trkpt>
   <trkpt lat="57.82974000000001" lon="14.460280000000001">
    <ele>268.54</ele>
   </trkpt>
   <trkpt lat="57.83047001526648" lon="14.461084187965527">
    <ele>272.06</ele>
   </trkpt>
   <trkpt lat="57.83120002544567" lon="14.461888408511692">
    <ele>272.90000000000003</ele>
   </trkpt>
   <trkpt lat="57.8319300305373" lon="14.462692661640514">
    <ele>270.7</ele>
   </trkpt>
   <trkpt lat="57.832660030540914" lon="14.463496947354">
    <ele>270.47</ele>
   </trkpt>
   <trkpt lat="57.833390025456225" lon="14.464301265654175">
    <ele>270.34000000000003</ele>
   </trkpt>
   <trkpt lat="57.834120015282885" lon="14.465105616543044">
    <ele>269.54</ele>
   </trkpt>
   <trkpt lat="57.83485" lon="14.465910000000001">
    <ele>267.26</ele>
   </trkpt>
   <trkpt lat="57.835530006330835" lon="14.46664245852849">
    <ele>264.46000000000004</ele>
   </trkpt>
   <trkpt lat="57.83621000844181" lon="14.46737494470415">
    <ele>262.96000000000004</ele>
   </trkpt>
   <trkpt lat="57.836890006332695" lon="14.468107458528591">
    <ele>262.13000000000005</ele>
   </trkpt>
   <trkpt lat="57.83757000000001" lon="14.468840000000002">
    <ele>261.61</ele>
   </trkpt>
   <trkpt lat="57.83814333645358" lon="14.46946997994733">
    <ele>261.69000000000005</ele>
   </trkpt>
   <trkpt lat="57.83871666978566" lon="14.470099979945562">
    <ele>261.55</ele>
   </trkpt>
   <trkpt lat="57.839290000000005" lon="14.470730000000001">
    <ele>260.13</ele>
   </trkpt>
   <trkpt lat="57.83998834434443" lon="14.471478260803039">
    <ele>259.52000000000004</ele>
   </trkpt>
   <trkpt lat="57.840686684285274" lon="14.472226550616401">
    <ele>260.05</ele>
   </trkpt>
   <trkpt lat="57.84138501982226" lon="14.472974869441815">
    <ele>259.84000000000003</ele>
   </trkpt>
   <trkpt lat="57.842083350955086" lon="14.473723217281005">
    <ele>262.58000000000004</ele>
   </trkpt>
   <trkpt lat="57.84278167768348" lon="14.4744715941357">
    <ele>266.89</ele>
   </trkpt>
   <trkpt lat="57.84348000000001" lon="14.475220000000002">
    <ele>266.42</ele>
   </trkpt>
   <trkpt lat="57.844154008864976" lon="14.475969943883326">
    <ele>264.15</ele>
   </trkpt>
   <trkpt lat="57.84482801330683" lon="14.476719915833526">
    <ele>264.51</ele>
   </trkpt>
   <trkpt lat="57.84550201332533" lon="14.477469915852204">
    <ele>264.79</ele>
   </trkpt>
   <trkpt lat="57.84617600892018" lon="14.478219943940951">
    <ele>263.55</ele>
   </trkpt>
   <trkpt lat="57.84685" lon="14.47897">
    <ele>261.53999999999996</ele>
   </trkpt>
   <trkpt lat="57.84736" lon="14.47971">
    <ele>260.06</ele>
   </trkpt>
   <trkpt lat="57.847730003372774" lon="14.480639990375465">
    <ele>259.34000000000003</ele>
   </trkpt>
   <trkpt lat="57.8481" lon="14.481570000000001">
    <ele>258.41</ele>
   </trkpt>
   <trkpt lat="57.848521707622524" lon="14.483013248846408">
    <ele>257.36</ele>
   </trkpt>
   <trkpt lat="57.848943398865075" lon="14.484456531492746">
    <ele>256.3</ele>
   </trkpt>
   <trkpt lat="57.84936507372705" lon="14.485899847939042">
    <ele>255.73000000000002</ele>
   </trkpt>
   <trkpt lat="57.84978673220775" lon="14.487343198185327">
    <ele>255.81000000000003</ele>
   </trkpt>
   <trkpt lat="57.850208374306554" lon="14.488786582231635">
    <ele>257.37000000000006</ele>
   </trkpt>
   <trkpt lat="57.85063" lon="14.49023">
    <ele>259.96000000000004</ele>
   </trkpt>
   <trkpt lat="57.85094667676489" lon="14.491363313394665">
    <ele>261.97</ele>
   </trkpt>
   <trkpt lat="57.85126334343003" lon="14.49249664672222">
    <ele>262.12</ele>
   </trkpt>
   <trkpt lat="57.851580000000006" lon="14.493630000000001">
    <ele>261.53999999999996</ele>
   </trkpt>
   <trkpt lat="57.85195000373511" lon="14.49460998982224">
    <ele>262.15</ele>
   </trkpt>
   <trkpt lat="57.852320000000006" lon="14.495590000000002">
    <ele>263.65</ele>
   </trkpt>
   <trkpt lat="57.85282201759872" lon="14.496647940990348">
    <ele>263.33</ele>
   </trkpt>
   <trkpt lat="57.8533240263966" lon="14.497705911480658">
    <ele>261.62</ele>
   </trkpt>
   <trkpt lat="57.853826026393236" lon="14.49876391147181">
    <ele>259.06</ele>
   </trkpt>
   <trkpt lat="57.85432801758821" lon="14.499821940964681">
    <ele>257.13</ele>
   </trkpt>
   <trkpt lat="57.85483000000001" lon="14.50088">
    <ele>257.32000000000005</ele>
   </trkpt>
   <trkpt lat="57.85499000000001" lon="14.50116">
    <ele>257.92</ele>
   </trkpt>
   <trkpt lat="57.85526" lon="14.501560000000001">
    <ele>259.64000000000004</ele>
   </trkpt>
   <trkpt lat="57.855430000000005" lon="14.50177">
    <ele>259.64000000000004</ele>
   </trkpt>
   <trkpt lat="57.85578" lon="14.502110000000002">
    <ele>261.14000000000004</ele>
   </trkpt>
   <trkpt lat="57.855940000000004" lon="14.502250000000002">
    <ele>261.20000000000005</ele>
   </trkpt>
   <trkpt lat="57.856320000000004" lon="14.502510000000001">
    <ele>260.62</ele>
   </trkpt>
   <trkpt lat="57.85681" lon="14.50275">
    <ele>258.65999999999997</ele>
   </trkpt>
   <trkpt lat="57.857240000000004" lon="14.50284">
    <ele>257.86</ele>
   </trkpt>
   <trkpt lat="57.85791000007881" lon="14.502949995902894">
    <ele>257.71</ele>
   </trkpt>
   <trkpt lat="57.8585800000625" lon="14.503059995900129">
    <ele>257.93000000000006</ele>
   </trkpt>
   <trkpt lat="57.85925" lon="14.50317">
    <ele>257.88</ele>
   </trkpt>
   <trkpt lat="57.85963" lon="14.503280000000002">
    <ele>257.93000000000006</ele>
   </trkpt>
   <trkpt lat="57.859840000000005" lon="14.503380000000002">
    <ele>257.43000000000006</ele>
   </trkpt>
   <trkpt lat="57.86027000000001" lon="14.503630000000001">
    <ele>256.94</ele>
   </trkpt>
   <trkpt lat="57.860720000389904" lon="14.503919996412858">
    <ele>257.27</ele>
   </trkpt>
   <trkpt lat="57.86117" lon="14.50421">
    <ele>258.42</ele>
   </trkpt>
   <trkpt lat="57.86195000000001" lon="14.504700000000001">
    <ele>260.92</ele>
   </trkpt>
   <trkpt lat="57.86225" lon="14.50487">
    <ele>261.79</ele>
   </trkpt>
   <trkpt lat="57.86260000000001" lon="14.505030000000001">
    <ele>262.70000000000005</ele>
   </trkpt>
   <trkpt lat="57.863060000000004" lon="14.505160000000002">
    <ele>263.29</ele>
   </trkpt>
   <trkpt lat="57.86345000000001" lon="14.505210000000002">
    <ele>264.53000000000003</ele>
   </trkpt>
   <trkpt lat="57.86383000000001" lon="14.5052">
    <ele>265.67</ele>
   </trkpt>
   <trkpt lat="57.864230000000006" lon="14.50514">
    <ele>266.88</ele>
   </trkpt>
   <trkpt lat="57.86451" lon="14.505070000000002">
    <ele>268.67</ele>
   </trkpt>
   <trkpt lat="57.86491" lon="14.504900000000001">
    <ele>269.09</ele>
   </trkpt>
   <trkpt lat="57.86540000000001" lon="14.504620000000001">
    <ele>270.15</ele>
   </trkpt>
   <trkpt lat="57.86601000141772" lon="14.504210013834049">
    <ele>269.44</ele>
   </trkpt>
   <trkpt lat="57.86662000151399" lon="14.503800013769606">
    <ele>265.86</ele>
   </trkpt>
   <trkpt lat="57.867230000000006" lon="14.503390000000001">
    <ele>262.86</ele>
   </trkpt>
   <trkpt lat="57.867470000000004" lon="14.503260000000001">
    <ele>262.39</ele>
   </trkpt>
   <trkpt lat="57.86764" lon="14.503190000000002">
    <ele>262.07</ele>
   </trkpt>
   <trkpt lat="57.868" lon="14.503100000000002">
    <ele>261.99</ele>
   </trkpt>
   <trkpt lat="57.868280000000006" lon="14.503060000000001">
    <ele>261.65</ele>
   </trkpt>
   <trkpt lat="57.86856" lon="14.503050000000002">
    <ele>261.53000000000003</ele>
   </trkpt>
   <trkpt lat="57.86903" lon="14.503100000000002">
    <ele>261.03000000000003</ele>
   </trkpt>
   <trkpt lat="57.86980000014181" lon="14.503212492776854">
    <ele>259.25000000000006</ele>
   </trkpt>
   <trkpt lat="57.87057000018416" lon="14.503324990368181">
    <ele>258.42</ele>
   </trkpt>
   <trkpt lat="57.871340000127" lon="14.503437492774339">
    <ele>259.17</ele>
   </trkpt>
   <trkpt lat="57.872110000000006" lon="14.50355">
    <ele>259.85</ele>
   </trkpt>
   <trkpt lat="57.872919999981896" lon="14.503664997401065">
    <ele>261.78000000000003</ele>
   </trkpt>
   <trkpt lat="57.87373" lon="14.50378">
    <ele>263.46000000000004</ele>
   </trkpt>
   <trkpt lat="57.87407" lon="14.503890000000002">
    <ele>263.69000000000005</ele>
   </trkpt>
   <trkpt lat="57.874320000000004" lon="14.503990000000002">
    <ele>264.02000000000004</ele>
   </trkpt>
   <trkpt lat="57.874590000000005" lon="14.504130000000002">
    <ele>264.14000000000004</ele>
   </trkpt>
   <trkpt lat="57.87491000000001" lon="14.50435">
    <ele>264.20000000000005</ele>
   </trkpt>
   <trkpt lat="57.87520000000001" lon="14.504600000000002">
    <ele>264.35</ele>
   </trkpt>
   <trkpt lat="57.87548" lon="14.504880000000002">
    <ele>264.64000000000004</ele>
   </trkpt>
   <trkpt lat="57.87588" lon="14.505370000000001">
    <ele>264.8</ele>
   </trkpt>
   <trkpt lat="57.87637" lon="14.506140000000002">
    <ele>264.88</ele>
   </trkpt>
   <trkpt lat="57.87694335583227" lon="14.507209914738802">
    <ele>265.42</ele>
   </trkpt>
   <trkpt lat="57.87751670266697" lon="14.50827986358288">
    <ele>265.43</ele>
   </trkpt>
   <trkpt lat="57.87809004050364" lon="14.509349846533555">
    <ele>265.14000000000004</ele>
   </trkpt>
   <trkpt lat="57.878663369341766" lon="14.51041986359213">
    <ele>265.02000000000004</ele>
   </trkpt>
   <trkpt lat="57.87923668918088" lon="14.511489914759917">
    <ele>264.94</ele>
   </trkpt>
   <trkpt lat="57.879810000000006" lon="14.51256">
    <ele>264.90000000000003</ele>
   </trkpt>
   <trkpt lat="57.880100000000006" lon="14.512970000000001">
    <ele>265.33</ele>
   </trkpt>
   <trkpt lat="57.880250000000004" lon="14.513110000000001">
    <ele>265.83</ele>
   </trkpt>
   <trkpt lat="57.880570000000006" lon="14.513320000000002">
    <ele>266.22</ele>
   </trkpt>
   <trkpt lat="57.88071000000001" lon="14.513370000000002">
    <ele>266.40000000000003</ele>
   </trkpt>
   <trkpt lat="57.88114" lon="14.513480000000001">
    <ele>266.53000000000003</ele>
   </trkpt>
   <trkpt lat="57.88183000000001" lon="14.513600000000002">
    <ele>265.36</ele>
   </trkpt>
   <trkpt lat="57.882070000000006" lon="14.513620000000001">
    <ele>264.76</ele>
   </trkpt>
   <trkpt lat="57.88282" lon="14.513560000000002">
    <ele>263.49</ele>
   </trkpt>
   <trkpt lat="57.88304000000001" lon="14.513620000000001">
    <ele>264.15</ele>
   </trkpt>
   <trkpt lat="57.88318" lon="14.51369">
    <ele>264.39</ele>
   </trkpt>
   <trkpt lat="57.883430000000004" lon="14.513860000000001">
    <ele>264.17</ele>
   </trkpt>
   <trkpt lat="57.88356" lon="14.513930000000002">
    <ele>264.17</ele>
   </trkpt>
   <trkpt lat="57.88376" lon="14.51401">
    <ele>263.66</ele>
   </trkpt>
   <trkpt lat="57.884060000000005" lon="14.514070000000002">
    <ele>263.03000000000003</ele>
   </trkpt>
   <trkpt lat="57.88492000000001" lon="14.514180000000001">
    <ele>262.53000000000003</ele>
   </trkpt>
   <trkpt lat="57.885110000000005" lon="14.514230000000001">
    <ele>261.22</ele>
   </trkpt>
   <trkpt lat="57.885380000000005" lon="14.514330000000001">
    <ele>260.01</ele>
   </trkpt>
   <trkpt lat="57.88564" lon="14.51448">
    <ele>259.27</ele>
   </trkpt>
   <trkpt lat="57.886" lon="14.514730000000002">
    <ele>258.87000000000006</ele>
   </trkpt>
   <trkpt lat="57.88633000000001" lon="14.51504">
    <ele>259.96000000000004</ele>
   </trkpt>
   <trkpt lat="57.88678" lon="14.51561">
    <ele>263.06</ele>
   </trkpt>
   <trkpt lat="57.88711000000001" lon="14.51612">
    <ele>266.03000000000003</ele>
   </trkpt>
   <trkpt lat="57.887260000000005" lon="14.5164">
    <ele>267.43</ele>
   </trkpt>
   <trkpt lat="57.88767500290088" lon="14.517249990317179">
    <ele>269.29</ele>
   </trkpt>
   <trkpt lat="57.888090000000005" lon="14.5181">
    <ele>270.7</ele>
   </trkpt>
   <trkpt lat="57.888380000000005" lon="14.518580000000002">
    <ele>271.63000000000005</ele>
   </trkpt>
   <trkpt lat="57.888910002305735" lon="14.519344988733168">
    <ele>272.37</ele>
   </trkpt>
   <trkpt lat="57.88944000000001" lon="14.52011">
    <ele>274.54</ele>
   </trkpt>
   <trkpt lat="57.88974" lon="14.520560000000001">
    <ele>275.23</ele>
   </trkpt>
   <trkpt lat="57.889860000000006" lon="14.520940000000001">
    <ele>275.98</ele>
   </trkpt>
   <trkpt lat="57.89005" lon="14.52166">
    <ele>277.6</ele>
   </trkpt>
   <trkpt lat="57.890130000000006" lon="14.521840000000001">
    <ele>277.84000000000003</ele>
   </trkpt>
   <trkpt lat="57.890390000000004" lon="14.522160000000001">
    <ele>278.67</ele>
   </trkpt>
   <trkpt lat="57.890510000000006" lon="14.52236">
    <ele>279.14</ele>
   </trkpt>
   <trkpt lat="57.890550000000005" lon="14.522490000000001">
    <ele>279.14</ele>
   </trkpt>
   <trkpt lat="57.89078000000001" lon="14.52354">
    <ele>279.83000000000004</ele>
   </trkpt>
   <trkpt lat="57.89106500798225" lon="14.524964988724232">
    <ele>281.38</ele>
   </trkpt>
   <trkpt lat="57.89135" lon="14.526390000000001">
    <ele>284.73</ele>
   </trkpt>
   <trkpt lat="57.89155500432977" lon="14.527439994003407">
    <ele>287.39000000000004</ele>
   </trkpt>
   <trkpt lat="57.891760000000005" lon="14.528490000000001">
    <ele>288.01000000000005</ele>
   </trkpt>
   <trkpt lat="57.89190000000001" lon="14.52931">
    <ele>287.01000000000005</ele>
   </trkpt>
   <trkpt lat="57.89206000000001" lon="14.530360000000002">
    <ele>284.63000000000005</ele>
   </trkpt>
   <trkpt lat="57.89224668184549" lon="14.531749985542469">
    <ele>282.96999999999997</ele>
   </trkpt>
   <trkpt lat="57.8924333485091" lon="14.533139985519357">
    <ele>282.41</ele>
   </trkpt>
   <trkpt lat="57.89262000000001" lon="14.534530000000002">
    <ele>280.76</ele>
   </trkpt>
   <trkpt lat="57.892825029150124" lon="14.536102473138458">
    <ele>276.32</ele>
   </trkpt>
   <trkpt lat="57.89303003887048" lon="14.53767496421156">
    <ele>274.5</ele>
   </trkpt>
   <trkpt lat="57.89323502916069" lon="14.539247473217955">
    <ele>277.15</ele>
   </trkpt>
   <trkpt lat="57.893440000000005" lon="14.540820000000002">
    <ele>279.79</ele>
   </trkpt>
   <trkpt lat="57.89359" lon="14.542380000000001">
    <ele>280.34000000000003</ele>
   </trkpt>
   <trkpt lat="57.89371502905235" lon="14.5439499836255">
    <ele>277.95000000000005</ele>
   </trkpt>
   <trkpt lat="57.8938400387368" lon="14.545519978170457">
    <ele>274.22</ele>
   </trkpt>
   <trkpt lat="57.893965029053085" lon="14.547089983633304">
    <ele>269.89</ele>
   </trkpt>
   <trkpt lat="57.894090000000006" lon="14.548660000000002">
    <ele>268.20000000000005</ele>
   </trkpt>
   <trkpt lat="57.89421000000001" lon="14.549330000000001">
    <ele>267.92</ele>
   </trkpt>
   <trkpt lat="57.89444000492734" lon="14.550449992829988">
    <ele>267.19000000000005</ele>
   </trkpt>
   <trkpt lat="57.894670000000005" lon="14.551570000000002">
    <ele>266.93</ele>
   </trkpt>
   <trkpt lat="57.894740000000006" lon="14.551860000000001">
    <ele>266.32</ele>
   </trkpt>
   <trkpt lat="57.89495" lon="14.55244">
    <ele>265.74</ele>
   </trkpt>
   <trkpt lat="57.89543000732849" lon="14.553406640823832">
    <ele>263.0</ele>
   </trkpt>
   <trkpt lat="57.89591000731489" lon="14.554373307462624">
    <ele>261.57</ele>
   </trkpt>
   <trkpt lat="57.896390000000004" lon="14.555340000000001">
    <ele>261.55</ele>
   </trkpt>
   <trkpt lat="57.896510000000006" lon="14.55563">
    <ele>261.21</ele>
   </trkpt>
   <trkpt lat="57.896660000000004" lon="14.556070000000002">
    <ele>260.47</ele>
   </trkpt>
   <trkpt lat="57.89679" lon="14.55653">
    <ele>259.13</ele>
   </trkpt>
   <trkpt lat="57.89711500860232" lon="14.558009986605782">
    <ele>255.68</ele>
   </trkpt>
   <trkpt lat="57.89744" lon="14.559490000000002">
    <ele>255.54999999999998</ele>
   </trkpt>
   <trkpt lat="57.89761000000001" lon="14.560160000000002">
    <ele>256.81000000000006</ele>
   </trkpt>
   <trkpt lat="57.89777" lon="14.56065">
    <ele>257.57</ele>
   </trkpt>
   <trkpt lat="57.89808000000001" lon="14.561430000000001">
    <ele>259.77</ele>
   </trkpt>
   <trkpt lat="57.89835000000001" lon="14.56201">
    <ele>260.03000000000003</ele>
   </trkpt>
   <trkpt lat="57.89876000254569" lon="14.562799991169614">
    <ele>257.83</ele>
   </trkpt>
   <trkpt lat="57.899170000000005" lon="14.563590000000001">
    <ele>254.48000000000005</ele>
   </trkpt>
   <trkpt lat="57.89938000000001" lon="14.564240000000002">
    <ele>252.45</ele>
   </trkpt>
   <trkpt lat="57.8995" lon="14.564940000000002">
    <ele>251.10000000000005</ele>
   </trkpt>
   <trkpt lat="57.89954" lon="14.56549">
    <ele>251.04000000000005</ele>
   </trkpt>
   <trkpt lat="57.89954" lon="14.565990000000001">
    <ele>251.38000000000005</ele>
   </trkpt>
   <trkpt lat="57.89949001569537" lon="14.567403337230242">
    <ele>253.24</ele>
   </trkpt>
   <trkpt lat="57.89944001569658" lon="14.568816670528864">
    <ele>251.46</ele>
   </trkpt>
   <trkpt lat="57.899390000000004" lon="14.57023">
    <ele>248.20000000000002</ele>
   </trkpt>
   <trkpt lat="57.89941" lon="14.57089">
    <ele>246.02</ele>
   </trkpt>
   <trkpt lat="57.89958001895648" lon="14.572443318632484">
    <ele>243.66</ele>
   </trkpt>
   <trkpt lat="57.89975001895587" lon="14.573996651959702">
    <ele>243.47000000000003</ele>
   </trkpt>
   <trkpt lat="57.89992" lon="14.575550000000002">
    <ele>248.93</ele>
   </trkpt>
   <trkpt lat="57.90014500898184" lon="14.5770649902824">
    <ele>255.44</ele>
   </trkpt>
   <trkpt lat="57.90037" lon="14.57858">
    <ele>258.37000000000006</ele>
   </trkpt>
   <trkpt lat="57.900400000000005" lon="14.579220000000001">
    <ele>258.15000000000003</ele>
   </trkpt>
   <trkpt lat="57.90037" lon="14.580150000000001">
    <ele>257.32000000000005</ele>
   </trkpt>
   <trkpt lat="57.90026500338273" lon="14.58108000284899">
    <ele>255.74</ele>
   </trkpt>
   <trkpt lat="57.90016000000001" lon="14.58201">
    <ele>254.59000000000003</ele>
   </trkpt>
   <trkpt lat="57.900150000000004" lon="14.58233">
    <ele>254.20000000000005</ele>
   </trkpt>
   <trkpt lat="57.900200000000005" lon="14.582980000000001">
    <ele>253.69000000000003</ele>
   </trkpt>
   <trkpt lat="57.90032000000001" lon="14.583610000000002">
    <ele>253.46</ele>
   </trkpt>
   <trkpt lat="57.90043000000001" lon="14.58392">
    <ele>253.31000000000003</ele>
   </trkpt>
   <trkpt lat="57.900710000000004" lon="14.584470000000001">
    <ele>252.48000000000005</ele>
   </trkpt>
   <trkpt lat="57.90119500214398" lon="14.585194990334655">
    <ele>252.07000000000002</ele>
   </trkpt>
   <trkpt lat="57.901680000000006" lon="14.585920000000002">
    <ele>251.24</ele>
   </trkpt>
   <trkpt lat="57.901880000000006" lon="14.58632">
    <ele>250.99000000000004</ele>
   </trkpt>
   <trkpt lat="57.90209000000001" lon="14.586850000000002">
    <ele>250.21000000000004</ele>
   </trkpt>
   <trkpt lat="57.902210000000004" lon="14.587340000000001">
    <ele>249.16000000000003</ele>
   </trkpt>
   <trkpt lat="57.90231000000001" lon="14.587980000000002">
    <ele>247.32</ele>
   </trkpt>
   <trkpt lat="57.902395003248365" lon="14.588889997798521">
    <ele>244.85</ele>
   </trkpt>
   <trkpt lat="57.902480000000004" lon="14.5898">
    <ele>242.98000000000002</ele>
   </trkpt>
   <trkpt lat="57.902590000000004" lon="14.590520000000001">
    <ele>241.91</ele>
   </trkpt>
   <trkpt lat="57.90274" lon="14.5911">
    <ele>241.86</ele>
   </trkpt>
   <trkpt lat="57.903190005793704" lon="14.592314984771997">
    <ele>243.34000000000003</ele>
   </trkpt>
   <trkpt lat="57.90364" lon="14.593530000000001">
    <ele>245.22000000000003</ele>
   </trkpt>
   <trkpt lat="57.90382" lon="14.59407">
    <ele>245.46</ele>
   </trkpt>
   <trkpt lat="57.90397000000001" lon="14.594660000000001">
    <ele>245.29</ele>
   </trkpt>
   <trkpt lat="57.90421000435495" lon="14.595714992878817">
    <ele>243.78000000000003</ele>
   </trkpt>
   <trkpt lat="57.904450000000004" lon="14.596770000000001">
    <ele>242.8</ele>
   </trkpt>
   <trkpt lat="57.90481500372864" lon="14.597739990234412">
    <ele>243.50000000000003</ele>
   </trkpt>
   <trkpt lat="57.90518" lon="14.59871">
    <ele>246.9</ele>
   </trkpt>
   <trkpt lat="57.9055" lon="14.59946">
    <ele>252.69000000000003</ele>
   </trkpt>
   <trkpt lat="57.90574" lon="14.59978">
    <ele>254.78</ele>
   </trkpt>
   <trkpt lat="57.906410001579694" lon="14.600394988619042">
    <ele>255.44</ele>
   </trkpt>
   <trkpt lat="57.90708000000001" lon="14.60101">
    <ele>253.65000000000003</ele>
   </trkpt>
   <trkpt lat="57.90722" lon="14.60115">
    <ele>253.65000000000003</ele>
   </trkpt>
   <trkpt lat="57.90735000000001" lon="14.601310000000002">
    <ele>252.76999999999998</ele>
   </trkpt>
   <trkpt lat="57.907540000000004" lon="14.60166">
    <ele>252.76999999999998</ele>
   </trkpt>
   <trkpt lat="57.90764000000001" lon="14.601910000000002">
    <ele>252.76999999999998</ele>
   </trkpt>
   <trkpt lat="57.907700000000006" lon="14.602150000000002">
    <ele>251.56</ele>
   </trkpt>
   <trkpt lat="57.907770000000006" lon="14.602620000000002">
    <ele>251.56</ele>
   </trkpt>
   <trkpt lat="57.90778" lon="14.603240000000001">
    <ele>250.89</ele>
   </trkpt>
   <trkpt lat="57.90771" lon="14.604160000000002">
    <ele>250.86</ele>
   </trkpt>
   <trkpt lat="57.90774000515018" lon="14.605304999067828">
    <ele>251.52</ele>
   </trkpt>
   <trkpt lat="57.907770000000006" lon="14.60645">
    <ele>252.43000000000004</ele>
   </trkpt>
   <trkpt lat="57.90768000571805" lon="14.607655002821769">
    <ele>252.60999999999999</ele>
   </trkpt>
   <trkpt lat="57.907590000000006" lon="14.608860000000002">
    <ele>252.79000000000002</ele>
   </trkpt>
   <trkpt lat="57.90758" lon="14.609140000000002">
    <ele>252.82000000000005</ele>
   </trkpt>
   <trkpt lat="57.907610000000005" lon="14.6096">
    <ele>253.08</ele>
   </trkpt>
   <trkpt lat="57.90767" lon="14.610040000000001">
    <ele>253.82000000000005</ele>
   </trkpt>
   <trkpt lat="57.90796" lon="14.61128">
    <ele>257.21</ele>
   </trkpt>
   <trkpt lat="57.908080000000005" lon="14.6119">
    <ele>258.15000000000003</ele>
   </trkpt>
   <trkpt lat="57.90816" lon="14.61255">
    <ele>258.47</ele>
   </trkpt>
   <trkpt lat="57.90822000584933" lon="14.613769998026765">
    <ele>255.87000000000003</ele>
   </trkpt>
   <trkpt lat="57.908280000000005" lon="14.61499">
    <ele>251.74</ele>
   </trkpt>
   <trkpt lat="57.908370000000005" lon="14.615590000000001">
    <ele>248.45000000000002</ele>
   </trkpt>
   <trkpt lat="57.90859000385556" lon="14.616569994370353">
    <ele>245.49</ele>
   </trkpt>
   <trkpt lat="57.90881" lon="14.617550000000001">
    <ele>245.11</ele>
   </trkpt>
   <trkpt lat="57.908840000000005" lon="14.617770000000002">
    <ele>245.81000000000003</ele>
   </trkpt>
   <trkpt lat="57.908860000000004" lon="14.618490000000001">
    <ele>248.50000000000003</ele>
   </trkpt>
   <trkpt lat="57.90878000000001" lon="14.619100000000001">
    <ele>252.24</ele>
   </trkpt>
   <trkpt lat="57.90863" lon="14.61964">
    <ele>254.22</ele>
   </trkpt>
   <trkpt lat="57.90836" lon="14.620160000000002">
    <ele>255.29000000000002</ele>
   </trkpt>
   <trkpt lat="57.90801000130796" lon="14.620725005416375">
    <ele>254.70000000000005</ele>
   </trkpt>
   <trkpt lat="57.90766000000001" lon="14.621290000000002">
    <ele>253.73000000000002</ele>
   </trkpt>
   <trkpt lat="57.907450000000004" lon="14.6217">
    <ele>252.78</ele>
   </trkpt>
   <trkpt lat="57.907270000000004" lon="14.622180000000002">
    <ele>251.64000000000001</ele>
   </trkpt>
   <trkpt lat="57.907140000000005" lon="14.622700000000002">
    <ele>250.14000000000001</ele>
   </trkpt>
   <trkpt lat="57.907090000000004" lon="14.623070000000002">
    <ele>248.93</ele>
   </trkpt>
   <trkpt lat="57.90706" lon="14.623540000000002">
    <ele>247.78000000000003</ele>
   </trkpt>
   <trkpt lat="57.90710000000001" lon="14.624340000000002">
    <ele>245.46</ele>
   </trkpt>
   <trkpt lat="57.9072" lon="14.624970000000001">
    <ele>242.89000000000001</ele>
   </trkpt>
   <trkpt lat="57.90729" lon="14.625280000000002">
    <ele>242.54000000000002</ele>
   </trkpt>
   <trkpt lat="57.90748000000001" lon="14.62583">
    <ele>241.12000000000003</ele>
   </trkpt>
   <trkpt lat="57.908010000000004" lon="14.62705">
    <ele>238.77</ele>
   </trkpt>
   <trkpt lat="57.908100000000005" lon="14.627300000000002">
    <ele>237.85</ele>
   </trkpt>
   <trkpt lat="57.90842500539837" lon="14.628474989283125">
    <ele>233.74000000000004</ele>
   </trkpt>
   <trkpt lat="57.908750000000005" lon="14.629650000000002">
    <ele>230.85000000000002</ele>
   </trkpt>
   <trkpt lat="57.90887000000001" lon="14.629970000000002">
    <ele>230.22</ele>
   </trkpt>
   <trkpt lat="57.909110000000005" lon="14.630400000000002">
    <ele>230.05000000000004</ele>
   </trkpt>
   <trkpt lat="57.90925000000001" lon="14.630580000000002">
    <ele>230.12</ele>
   </trkpt>
   <trkpt lat="57.9095" lon="14.630780000000001">
    <ele>230.35000000000002</ele>
   </trkpt>
   <trkpt lat="57.909740000000006" lon="14.6309">
    <ele>230.81</ele>
   </trkpt>
   <trkpt lat="57.91001000000001" lon="14.630910000000002">
    <ele>231.26000000000002</ele>
   </trkpt>
   <trkpt lat="57.91010000000001" lon="14.6309">
    <ele>231.55</ele>
   </trkpt>
   <trkpt lat="57.910450000000004" lon="14.630790000000001">
    <ele>232.27000000000004</ele>
   </trkpt>
   <trkpt lat="57.91064000000001" lon="14.63075">
    <ele>233.44</ele>
   </trkpt>
   <trkpt lat="57.91137500001269" lon="14.630700001022753">
    <ele>235.51000000000002</ele>
   </trkpt>
   <trkpt lat="57.912110000000006" lon="14.630650000000001">
    <ele>235.73000000000002</ele>
   </trkpt>
   <trkpt lat="57.912510000000005" lon="14.63061">
    <ele>235.8</ele>
   </trkpt>
   <trkpt lat="57.91308000000001" lon="14.630490000000002">
    <ele>236.47</ele>
   </trkpt>
   <trkpt lat="57.913340000000005" lon="14.630460000000001">
    <ele>236.47</ele>
   </trkpt>
   <trkpt lat="57.913630000000005" lon="14.63052">
    <ele>237.11</ele>
   </trkpt>
   <trkpt lat="57.91389" lon="14.63066">
    <ele>237.45000000000002</ele>
   </trkpt>
   <trkpt lat="57.91402000000001" lon="14.63076">
    <ele>237.45000000000002</ele>
   </trkpt>
   <trkpt lat="57.91427" lon="14.63099">
    <ele>237.81</ele>
   </trkpt>
   <trkpt lat="57.914390000000004" lon="14.631150000000002">
    <ele>237.99</ele>
   </trkpt>
   <trkpt lat="57.91458000000001" lon="14.631470000000002">
    <ele>238.76000000000002</ele>
   </trkpt>
   <trkpt lat="57.914770000000004" lon="14.631960000000001">
    <ele>240.12000000000003</ele>
   </trkpt>
   <trkpt lat="57.91492" lon="14.6324">
    <ele>242.03000000000003</ele>
   </trkpt>
   <trkpt lat="57.9151" lon="14.63301">
    <ele>244.37000000000003</ele>
   </trkpt>
   <trkpt lat="57.915130000000005" lon="14.63296">
    <ele>244.37000000000003</ele>
   </trkpt>
   <trkpt lat="57.91572000000001" lon="14.63273">
    <ele>240.32</ele>
   </trkpt>
   <trkpt lat="57.916250000000005" lon="14.63245">
    <ele>238.17000000000002</ele>
   </trkpt>
   <trkpt lat="57.916760000000004" lon="14.632100000000001">
    <ele>238.38</ele>
   </trkpt>
   <trkpt lat="57.91693000000001" lon="14.631950000000002">
    <ele>239.0</ele>
   </trkpt>
   <trkpt lat="57.916940000000004" lon="14.631940000000002">
    <ele>239.0</ele>
   </trkpt>
   <trkpt lat="57.917260000000006" lon="14.631570000000002">
    <ele>241.21</ele>
   </trkpt>
   <trkpt lat="57.91743" lon="14.631340000000002">
    <ele>242.67000000000002</ele>
   </trkpt>
   <trkpt lat="57.91752" lon="14.631160000000001">
    <ele>243.32</ele>
   </trkpt>
   <trkpt lat="57.91793000530499" lon="14.630005012998728">
    <ele>239.51000000000002</ele>
   </trkpt>
   <trkpt lat="57.91834000000001" lon="14.628850000000002">
    <ele>235.68000000000004</ele>
   </trkpt>
   <trkpt lat="57.91872000000001" lon="14.62813">
    <ele>234.70000000000002</ele>
   </trkpt>
   <trkpt lat="57.91881000000001" lon="14.627780000000001">
    <ele>234.97</ele>
   </trkpt>
   <trkpt lat="57.91888" lon="14.627490000000002">
    <ele>234.97</ele>
   </trkpt>
   <trkpt lat="57.91906" lon="14.626520000000001">
    <ele>235.04000000000002</ele>
   </trkpt>
   <trkpt lat="57.91912000000001" lon="14.626330000000001">
    <ele>234.76000000000002</ele>
   </trkpt>
   <trkpt lat="57.919270000000004" lon="14.626000000000001">
    <ele>234.76000000000002</ele>
   </trkpt>
   <trkpt lat="57.919540000000005" lon="14.625580000000001">
    <ele>233.74000000000004</ele>
   </trkpt>
   <trkpt lat="57.91962" lon="14.625430000000001">
    <ele>233.65</ele>
   </trkpt>
   <trkpt lat="57.920010000000005" lon="14.624290000000002">
    <ele>233.63000000000002</ele>
   </trkpt>
   <trkpt lat="57.92014" lon="14.624010000000002">
    <ele>233.67000000000002</ele>
   </trkpt>
   <trkpt lat="57.92025" lon="14.62381">
    <ele>233.9</ele>
   </trkpt>
   <trkpt lat="57.920550000000006" lon="14.62344">
    <ele>235.18000000000004</ele>
   </trkpt>
   <trkpt lat="57.920660000000005" lon="14.62334">
    <ele>236.32000000000002</ele>
   </trkpt>
   <trkpt lat="57.92089000000001" lon="14.62301">
    <ele>238.36</ele>
   </trkpt>
   <trkpt lat="57.92114000000001" lon="14.622620000000001">
    <ele>239.74</ele>
   </trkpt>
   <trkpt lat="57.921260000000004" lon="14.622470000000002">
    <ele>240.04000000000002</ele>
   </trkpt>
   <trkpt lat="57.92139" lon="14.62235">
    <ele>240.12000000000003</ele>
   </trkpt>
   <trkpt lat="57.922050000000006" lon="14.621860000000002">
    <ele>238.18000000000004</ele>
   </trkpt>
   <trkpt lat="57.922230000000006" lon="14.62175">
    <ele>237.6</ele>
   </trkpt>
   <trkpt lat="57.922610000000006" lon="14.621450000000001">
    <ele>236.67000000000002</ele>
   </trkpt>
   <trkpt lat="57.923230000000004" lon="14.620770000000002">
    <ele>237.59000000000003</ele>
   </trkpt>
   <trkpt lat="57.92351000000001" lon="14.620370000000001">
    <ele>239.55</ele>
   </trkpt>
   <trkpt lat="57.923730000000006" lon="14.619850000000001">
    <ele>241.65000000000003</ele>
   </trkpt>
   <trkpt lat="57.924110000000006" lon="14.61889">
    <ele>242.34000000000003</ele>
   </trkpt>
   <trkpt lat="57.924260000000004" lon="14.618670000000002">
    <ele>243.71</ele>
   </trkpt>
   <trkpt lat="57.92445000000001" lon="14.618500000000001">
    <ele>244.24</ele>
   </trkpt>
   <trkpt lat="57.924800000000005" lon="14.61828">
    <ele>244.33</ele>
   </trkpt>
   <trkpt lat="57.92501000000001" lon="14.618120000000001">
    <ele>244.07</ele>
   </trkpt>
   <trkpt lat="57.9254" lon="14.617780000000002">
    <ele>244.50000000000003</ele>
   </trkpt>
   <trkpt lat="57.92589000082634" lon="14.617295006715091">
    <ele>247.91000000000003</ele>
   </trkpt>
   <trkpt lat="57.92638" lon="14.616810000000001">
    <ele>253.06</ele>
   </trkpt>
   <trkpt lat="57.92647" lon="14.616760000000001">
    <ele>253.52</ele>
   </trkpt>
   <trkpt lat="57.92658" lon="14.616750000000001">
    <ele>253.87000000000003</ele>
   </trkpt>
   <trkpt lat="57.92692" lon="14.616880000000002">
    <ele>254.19000000000003</ele>
   </trkpt>
   <trkpt lat="57.927150000000005" lon="14.616890000000001">
    <ele>253.98000000000005</ele>
   </trkpt>
   <trkpt lat="57.92723" lon="14.616850000000001">
    <ele>254.01000000000002</ele>
   </trkpt>
   <trkpt lat="57.92732" lon="14.616760000000001">
    <ele>254.09000000000003</ele>
   </trkpt>
   <trkpt lat="57.927440000000004" lon="14.61659">
    <ele>254.09000000000003</ele>
   </trkpt>
   <trkpt lat="57.92766" lon="14.61616">
    <ele>254.16</ele>
   </trkpt>
   <trkpt lat="57.92774000000001" lon="14.61607">
    <ele>254.16</ele>
   </trkpt>
   <trkpt lat="57.927890000000005" lon="14.61597">
    <ele>254.29000000000002</ele>
   </trkpt>
   <trkpt lat="57.92837000000001" lon="14.61583">
    <ele>255.19000000000003</ele>
   </trkpt>
   <trkpt lat="57.928490000000004" lon="14.615770000000001">
    <ele>255.29000000000002</ele>
   </trkpt>
   <trkpt lat="57.928610000000006" lon="14.61564">
    <ele>255.21000000000004</ele>
   </trkpt>
   <trkpt lat="57.92922000000001" lon="14.614580000000002">
    <ele>253.68</ele>
   </trkpt>
   <trkpt lat="57.929370000000006" lon="14.614170000000001">
    <ele>252.0</ele>
   </trkpt>
   <trkpt lat="57.92953000000001" lon="14.613080000000002">
    <ele>246.42000000000002</ele>
   </trkpt>
   <trkpt lat="57.929610000000004" lon="14.61269">
    <ele>244.35</ele>
   </trkpt>
   <trkpt lat="57.92978000000001" lon="14.612110000000001">
    <ele>241.08</ele>
   </trkpt>
   <trkpt lat="57.9299" lon="14.611870000000001">
    <ele>238.71000000000004</ele>
   </trkpt>
   <trkpt lat="57.93012" lon="14.611490000000002">
    <ele>236.67000000000002</ele>
   </trkpt>
   <trkpt lat="57.9305" lon="14.611040000000001">
    <ele>233.27000000000004</ele>
   </trkpt>
   <trkpt lat="57.9307" lon="14.61086">
    <ele>232.29000000000002</ele>
   </trkpt>
   <trkpt lat="57.930960000000006" lon="14.610730000000002">
    <ele>230.19</ele>
   </trkpt>
   <trkpt lat="57.93115" lon="14.61067">
    <ele>228.18</ele>
   </trkpt>
   <trkpt lat="57.93175000000001" lon="14.61058">
    <ele>224.97000000000003</ele>
   </trkpt>
   <trkpt lat="57.93231000000001" lon="14.610640000000002">
    <ele>223.24</ele>
   </trkpt>
   <trkpt lat="57.93247" lon="14.610600000000002">
    <ele>222.8</ele>
   </trkpt>
   <trkpt lat="57.932590000000005" lon="14.610550000000002">
    <ele>222.69000000000003</ele>
   </trkpt>
   <trkpt lat="57.93272" lon="14.610450000000002">
    <ele>222.64</ele>
   </trkpt>
   <trkpt lat="57.93285" lon="14.61029">
    <ele>222.86</ele>
   </trkpt>
   <trkpt lat="57.933150000000005" lon="14.609820000000001">
    <ele>223.52</ele>
   </trkpt>
   <trkpt lat="57.93327000000001" lon="14.60959">
    <ele>223.72000000000003</ele>
   </trkpt>
   <trkpt lat="57.9335" lon="14.609320000000002">
    <ele>223.60000000000002</ele>
   </trkpt>
   <trkpt lat="57.933710000000005" lon="14.60917">
    <ele>223.08</ele>
   </trkpt>
   <trkpt lat="57.933840000000004" lon="14.609100000000002">
    <ele>222.76000000000002</ele>
   </trkpt>
   <trkpt lat="57.93408" lon="14.609000000000002">
    <ele>221.62</ele>
   </trkpt>
   <trkpt lat="57.93428000000001" lon="14.608960000000002">
    <ele>221.13000000000002</ele>
   </trkpt>
   <trkpt lat="57.934610000000006" lon="14.608830000000001">
    <ele>218.42000000000002</ele>
   </trkpt>
   <trkpt lat="57.93482" lon="14.608690000000001">
    <ele>218.42000000000002</ele>
   </trkpt>
   <trkpt lat="57.935080000000006" lon="14.608480000000002">
    <ele>216.67000000000002</ele>
   </trkpt>
   <trkpt lat="57.935430000000004" lon="14.608120000000001">
    <ele>214.61</ele>
   </trkpt>
   <trkpt lat="57.93565" lon="14.607820000000002">
    <ele>213.45000000000002</ele>
   </trkpt>
   <trkpt lat="57.93582000000001" lon="14.607540000000002">
    <ele>212.44000000000003</ele>
   </trkpt>
   <trkpt lat="57.93605" lon="14.60706">
    <ele>211.6</ele>
   </trkpt>
   <trkpt lat="57.93619" lon="14.60655">
    <ele>211.37000000000003</ele>
   </trkpt>
   <trkpt lat="57.936420000000005" lon="14.60546">
    <ele>210.67000000000002</ele>
   </trkpt>
   <trkpt lat="57.93661" lon="14.60495">
    <ele>210.56000000000003</ele>
   </trkpt>
   <trkpt lat="57.93712000000001" lon="14.604000000000001">
    <ele>210.81000000000003</ele>
   </trkpt>
   <trkpt lat="57.93750000000001" lon="14.60312">
    <ele>209.42000000000002</ele>
   </trkpt>
   <trkpt lat="57.937780000000004" lon="14.602670000000002">
    <ele>207.58</ele>
   </trkpt>
   <trkpt lat="57.937940000000005" lon="14.602490000000001">
    <ele>206.16</ele>
   </trkpt>
   <trkpt lat="57.938550000000006" lon="14.601490000000002">
    <ele>204.66</ele>
   </trkpt>
   <trkpt lat="57.939020000000006" lon="14.600840000000002">
    <ele>204.56</ele>
   </trkpt>
   <trkpt lat="57.93968" lon="14.600060000000001">
    <ele>203.62000000000003</ele>
   </trkpt>
   <trkpt lat="57.940140000817536" lon="14.599660004962686">
    <ele>203.42000000000002</ele>
   </trkpt>
   <trkpt lat="57.9406" lon="14.599260000000001">
    <ele>203.83</ele>
   </trkpt>
   <trkpt lat="57.940760000000004" lon="14.59903">
    <ele>203.54000000000002</ele>
   </trkpt>
   <trkpt lat="57.94088000000001" lon="14.59871">
    <ele>203.44</ele>
   </trkpt>
   <trkpt lat="57.94070000000001" lon="14.598020000000002">
    <ele>202.40000000000003</ele>
   </trkpt>
   <trkpt lat="57.940414029819344" lon="14.596641956076015">
    <ele>201.68000000000004</ele>
   </trkpt>
   <trkpt lat="57.940128044729086" lon="14.595263934115716">
    <ele>200.8</ele>
   </trkpt>
   <trkpt lat="57.939842044729616" lon="14.59388593411966">
    <ele>200.84</ele>
   </trkpt>
   <trkpt lat="57.93955602982135" lon="14.592507956088392">
    <ele>200.39000000000001</ele>
   </trkpt>
   <trkpt lat="57.93927000000001" lon="14.591130000000001">
    <ele>200.4</ele>
   </trkpt>
   <trkpt lat="57.939105002831504" lon="14.590284996260257">
    <ele>200.33</ele>
   </trkpt>
   <trkpt lat="57.93894" lon="14.589440000000002">
    <ele>200.63</ele>
   </trkpt>
   <trkpt lat="57.93882000000001" lon="14.588440000000002">
    <ele>200.57000000000002</ele>
   </trkpt>
   <trkpt lat="57.93878" lon="14.587570000000001">
    <ele>200.71000000000004</ele>
   </trkpt>
   <trkpt lat="57.938770000000005" lon="14.587090000000002">
    <ele>200.71000000000004</ele>
   </trkpt>
   <trkpt lat="57.938810000000004" lon="14.58613">
    <ele>200.96000000000004</ele>
   </trkpt>
   <trkpt lat="57.93898000000001" lon="14.584750000000001">
    <ele>201.16</ele>
   </trkpt>
   <trkpt lat="57.93919" lon="14.583520000000002">
    <ele>201.81</ele>
   </trkpt>
   <trkpt lat="57.939280000000004" lon="14.5827">
    <ele>201.87</ele>
   </trkpt>
   <trkpt lat="57.93929000000001" lon="14.582210000000002">
    <ele>201.87</ele>
   </trkpt>
   <trkpt lat="57.93923" lon="14.581430000000001">
    <ele>201.72</ele>
   </trkpt>
   <trkpt lat="57.93916000000001" lon="14.58106">
    <ele>201.28</ele>
   </trkpt>
   <trkpt lat="57.93907000000001" lon="14.580710000000002">
    <ele>201.28</ele>
   </trkpt>
   <trkpt lat="57.9388100030323" lon="14.579834993750227">
    <ele>201.17000000000002</ele>
   </trkpt>
   <trkpt lat="57.938550000000006" lon="14.57896">
    <ele>201.14000000000001</ele>
   </trkpt>
   <trkpt lat="57.938340000000004" lon="14.57815">
    <ele>201.31</ele>
   </trkpt>
   <trkpt lat="57.93829" lon="14.577860000000001">
    <ele>201.31</ele>
   </trkpt>
   <trkpt lat="57.93826000000001" lon="14.577300000000001">
    <ele>201.26000000000002</ele>
   </trkpt>
   <trkpt lat="57.938280000000006" lon="14.576830000000001">
    <ele>201.24000000000004</ele>
   </trkpt>
   <trkpt lat="57.93831" lon="14.576540000000001">
    <ele>201.34</ele>
   </trkpt>
   <trkpt lat="57.938370000000006" lon="14.57623">
    <ele>201.34</ele>
   </trkpt>
   <trkpt lat="57.93853000000001" lon="14.57572">
    <ele>201.26000000000002</ele>
   </trkpt>
   <trkpt lat="57.93865" lon="14.57548">
    <ele>201.26000000000002</ele>
   </trkpt>
   <trkpt lat="57.938790000000004" lon="14.57525">
    <ele>201.32000000000002</ele>
   </trkpt>
   <trkpt lat="57.93905" lon="14.57496">
    <ele>201.4</ele>
   </trkpt>
   <trkpt lat="57.93985000000001" lon="14.57436">
    <ele>202.02</ele>
   </trkpt>
   <trkpt lat="57.94053" lon="14.573770000000001">
    <ele>202.24</ele>
   </trkpt>
   <trkpt lat="57.94108666919341" lon="14.573200017709306">
    <ele>202.04000000000002</ele>
   </trkpt>
   <trkpt lat="57.941643335836055" lon="14.57263001773426">
    <ele>202.06</ele>
   </trkpt>
   <trkpt lat="57.94220000000001" lon="14.57206">
    <ele>202.13</ele>
   </trkpt>
   <trkpt lat="57.942710000000005" lon="14.571530000000001">
    <ele>202.03</ele>
   </trkpt>
   <trkpt lat="57.94303000000001" lon="14.571130000000002">
    <ele>202.3</ele>
   </trkpt>
   <trkpt lat="57.94319" lon="14.570870000000001">
    <ele>202.31</ele>
   </trkpt>
   <trkpt lat="57.94339000000001" lon="14.570470000000002">
    <ele>202.13</ele>
   </trkpt>
   <trkpt lat="57.94362" lon="14.569820000000002">
    <ele>201.54000000000002</ele>
   </trkpt>
   <trkpt lat="57.94377000000001" lon="14.569130000000001">
    <ele>201.39000000000001</ele>
   </trkpt>
   <trkpt lat="57.943935005789996" lon="14.567915005623203">
    <ele>201.06</ele>
   </trkpt>
   <trkpt lat="57.944100000000006" lon="14.5667">
    <ele>201.49000000000004</ele>
   </trkpt>
   <trkpt lat="57.94429403467337" lon="14.565214032130456">
    <ele>202.89000000000001</ele>
   </trkpt>
   <trkpt lat="57.94448805201102" lon="14.563728048189622">
    <ele>202.29000000000002</ele>
   </trkpt>
   <trkpt lat="57.94468205201261" lon="14.562242048178643">
    <ele>202.17000000000002</ele>
   </trkpt>
   <trkpt lat="57.94487603467787" lon="14.560756032098658">
    <ele>202.78</ele>
   </trkpt>
   <trkpt lat="57.94507000000001" lon="14.559270000000001">
    <ele>202.81</ele>
   </trkpt>
   <trkpt lat="57.94525500629414" lon="14.558000006803232">
    <ele>202.94</ele>
   </trkpt>
   <trkpt lat="57.945440000000005" lon="14.556730000000002">
    <ele>203.16</ele>
   </trkpt>
   <trkpt lat="57.94570500558017" lon="14.555540008693088">
    <ele>203.01000000000002</ele>
   </trkpt>
   <trkpt lat="57.94597" lon="14.554350000000001">
    <ele>202.95000000000002</ele>
   </trkpt>
   <trkpt lat="57.94628752259131" lon="14.552965036758827">
    <ele>202.5</ele>
   </trkpt>
   <trkpt lat="57.94660503012392" lon="14.551580049003379">
    <ele>201.91</ele>
   </trkpt>
   <trkpt lat="57.94692252259735" lon="14.550195036734083">
    <ele>202.26000000000002</ele>
   </trkpt>
   <trkpt lat="57.94724000000001" lon="14.548810000000001">
    <ele>202.26000000000002</ele>
   </trkpt>
   <trkpt lat="57.947390000000006" lon="14.548060000000001">
    <ele>202.3</ele>
   </trkpt>
   <trkpt lat="57.947700000000005" lon="14.546700000000001">
    <ele>202.12</ele>
   </trkpt>
   <trkpt lat="57.94806335076055" lon="14.545210030186492">
    <ele>202.36</ele>
   </trkpt>
   <trkpt lat="57.94842668409281" lon="14.543720030191537">
    <ele>203.05</ele>
   </trkpt>
   <trkpt lat="57.94879" lon="14.542230000000002">
    <ele>203.27</ele>
   </trkpt>
   <trkpt lat="57.94920752021842" lon="14.540920045703972">
    <ele>202.98000000000002</ele>
   </trkpt>
   <trkpt lat="57.9496250269657" lon="14.539610060915408">
    <ele>203.23000000000002</ele>
   </trkpt>
   <trkpt lat="57.95004252024129" lon="14.538300045634088">
    <ele>204.65000000000003</ele>
   </trkpt>
   <trkpt lat="57.95046000000001" lon="14.536990000000001">
    <ele>205.71</ele>
   </trkpt>
   <trkpt lat="57.95078334177742" lon="14.535953351996737">
    <ele>205.88</ele>
   </trkpt>
   <trkpt lat="57.95110667511874" lon="14.534916685304749">
    <ele>205.61</ele>
   </trkpt>
   <trkpt lat="57.95143" lon="14.533880000000002">
    <ele>204.24</ele>
   </trkpt>
   <trkpt lat="57.951740002206066" lon="14.533135006372241">
    <ele>202.58</ele>
   </trkpt>
   <trkpt lat="57.95205000000001" lon="14.532390000000001">
    <ele>202.21000000000004</ele>
   </trkpt>
   <trkpt lat="57.9523900020601" lon="14.531650007208588">
    <ele>202.40000000000003</ele>
   </trkpt>
   <trkpt lat="57.95273" lon="14.53091">
    <ele>202.55</ele>
   </trkpt>
   <trkpt lat="57.95293" lon="14.530410000000002">
    <ele>202.55</ele>
   </trkpt>
   <trkpt lat="57.953100000000006" lon="14.52988">
    <ele>202.42000000000002</ele>
   </trkpt>
   <trkpt lat="57.9532" lon="14.529480000000001">
    <ele>202.41</ele>
   </trkpt>
   <trkpt lat="57.95333000000001" lon="14.528760000000002">
    <ele>202.43000000000004</ele>
   </trkpt>
   <trkpt lat="57.95342" lon="14.52744">
    <ele>202.08</ele>
   </trkpt>
   <trkpt lat="57.95337000000001" lon="14.526380000000001">
    <ele>201.60000000000002</ele>
   </trkpt>
   <trkpt lat="57.953230000000005" lon="14.52561">
    <ele>201.44</ele>
   </trkpt>
   <trkpt lat="57.953010000000006" lon="14.524910000000002">
    <ele>201.70000000000002</ele>
   </trkpt>
   <trkpt lat="57.9528" lon="14.524310000000002">
    <ele>201.84</ele>
   </trkpt>
   <trkpt lat="57.95257" lon="14.523880000000002">
    <ele>201.84</ele>
   </trkpt>
   <trkpt lat="57.95234000000001" lon="14.523500000000002">
    <ele>201.68000000000004</ele>
   </trkpt>
   <trkpt lat="57.95177" lon="14.522850000000002">
    <ele>201.63</ele>
   </trkpt>
   <trkpt lat="57.950950000000006" lon="14.522290000000002">
    <ele>201.4</ele>
   </trkpt>
   <trkpt lat="57.950590000000005" lon="14.521980000000001">
    <ele>201.60000000000002</ele>
   </trkpt>
   <trkpt lat="57.950300000000006" lon="14.521530000000002">
    <ele>201.68000000000004</ele>
   </trkpt>
   <trkpt lat="57.950070000000004" lon="14.521040000000001">
    <ele>201.84</ele>
   </trkpt>
   <trkpt lat="57.94982" lon="14.52044">
    <ele>201.89000000000001</ele>
   </trkpt>
   <trkpt lat="57.94953500197437" lon="14.519719994127145">
    <ele>201.89000000000001</ele>
   </trkpt>
   <trkpt lat="57.949250000000006" lon="14.519000000000002">
    <ele>201.87</ele>
   </trkpt>
   <trkpt lat="57.949130000000004" lon="14.51861">
    <ele>201.73000000000002</ele>
   </trkpt>
   <trkpt lat="57.949020000000004" lon="14.5181">
    <ele>201.65</ele>
   </trkpt>
   <trkpt lat="57.94899" lon="14.517830000000002">
    <ele>201.56</ele>
   </trkpt>
   <trkpt lat="57.94897" lon="14.517330000000001">
    <ele>201.55</ele>
   </trkpt>
   <trkpt lat="57.94901" lon="14.516840000000002">
    <ele>201.72</ele>
   </trkpt>
   <trkpt lat="57.949090000000005" lon="14.516420000000002">
    <ele>201.72</ele>
   </trkpt>
   <trkpt lat="57.949350003166714" lon="14.515525006408994">
    <ele>201.81</ele>
   </trkpt>
   <trkpt lat="57.94961000000001" lon="14.51463">
    <ele>201.22</ele>
   </trkpt>
   <trkpt lat="57.94970000000001" lon="14.5142">
    <ele>201.07000000000002</ele>
   </trkpt>
   <trkpt lat="57.94975" lon="14.51364">
    <ele>201.06</ele>
   </trkpt>
   <trkpt lat="57.94973" lon="14.512720000000002">
    <ele>201.13</ele>
   </trkpt>
   <trkpt lat="57.949630000000006" lon="14.512200000000002">
    <ele>201.09</ele>
   </trkpt>
   <trkpt lat="57.94944" lon="14.511740000000001">
    <ele>201.11</ele>
   </trkpt>
   <trkpt lat="57.949130000000004" lon="14.511170000000002">
    <ele>201.44</ele>
   </trkpt>
   <trkpt lat="57.94894000000001" lon="14.51097">
    <ele>201.44</ele>
   </trkpt>
   <trkpt lat="57.948245001022364" lon="14.510434989557497">
    <ele>201.8</ele>
   </trkpt>
   <trkpt lat="57.94755000000001" lon="14.509900000000002">
    <ele>201.92000000000002</ele>
   </trkpt>
   <trkpt lat="57.94701500126263" lon="14.509334991584591">
    <ele>201.37</ele>
   </trkpt>
   <trkpt lat="57.94648000000001" lon="14.508770000000002">
    <ele>201.35000000000002</ele>
   </trkpt>
   <trkpt lat="57.9459" lon="14.507940000000001">
    <ele>201.46000000000004</ele>
   </trkpt>
   <trkpt lat="57.94540000000001" lon="14.50711">
    <ele>201.51000000000002</ele>
   </trkpt>
   <trkpt lat="57.94498000000001" lon="14.505970000000001">
    <ele>201.43000000000004</ele>
   </trkpt>
   <trkpt lat="57.944520000000004" lon="14.50491">
    <ele>201.34</ele>
   </trkpt>
   <trkpt lat="57.94402" lon="14.50402">
    <ele>201.57000000000002</ele>
   </trkpt>
   <trkpt lat="57.94344" lon="14.503490000000001">
    <ele>201.79000000000002</ele>
   </trkpt>
   <trkpt lat="57.9429" lon="14.503020000000001">
    <ele>202.08</ele>
   </trkpt>
   <trkpt lat="57.94258000000001" lon="14.502910000000002">
    <ele>202.08</ele>
   </trkpt>
   <trkpt lat="57.941955000017565" lon="14.502869999304018">
    <ele>202.08</ele>
   </trkpt>
   <trkpt lat="57.94133000000001" lon="14.502830000000001">
    <ele>202.26000000000002</ele>
   </trkpt>
   <trkpt lat="57.94106000000001" lon="14.502680000000002">
    <ele>202.19</ele>
   </trkpt>
   <trkpt lat="57.94071" lon="14.502270000000001">
    <ele>202.17000000000002</ele>
   </trkpt>
   <trkpt lat="57.940430000000006" lon="14.501600000000002">
    <ele>201.99</ele>
   </trkpt>
   <trkpt lat="57.940210005312736" lon="14.500434992776619">
    <ele>201.66</ele>
   </trkpt>
   <trkpt lat="57.93999" lon="14.499270000000001">
    <ele>201.74</ele>
   </trkpt>
   <trkpt lat="57.939490000000006" lon="14.498260000000002">
    <ele>201.79000000000002</ele>
   </trkpt>
   <trkpt lat="57.93900333972143" lon="14.497353308619251">
    <ele>201.76000000000002</ele>
   </trkpt>
   <trkpt lat="57.93851667298834" lon="14.496446641829278">
    <ele>201.67000000000002</ele>
   </trkpt>
   <trkpt lat="57.938030000000005" lon="14.495540000000002">
    <ele>201.81</ele>
   </trkpt>
   <trkpt lat="57.937645002050026" lon="14.494789991646057">
    <ele>202.08</ele>
   </trkpt>
   <trkpt lat="57.93726" lon="14.494040000000002">
    <ele>202.57000000000002</ele>
   </trkpt>
   <trkpt lat="57.937180000000005" lon="14.49384">
    <ele>202.57000000000002</ele>
   </trkpt>
   <trkpt lat="57.93688" lon="14.49239">
    <ele>202.63</ele>
   </trkpt>
   <trkpt lat="57.936710000000005" lon="14.49107">
    <ele>202.11</ele>
   </trkpt>
   <trkpt lat="57.936510000000006" lon="14.489840000000001">
    <ele>202.02</ele>
   </trkpt>
   <trkpt lat="57.936350000000004" lon="14.488330000000001">
    <ele>201.83</ele>
   </trkpt>
   <trkpt lat="57.936420000000005" lon="14.486680000000002">
    <ele>203.45000000000002</ele>
   </trkpt>
   <trkpt lat="57.93659500503785" lon="14.485545005661733">
    <ele>204.77</ele>
   </trkpt>
   <trkpt lat="57.93677" lon="14.48441">
    <ele>206.01000000000002</ele>
   </trkpt>
   <trkpt lat="57.93684500293896" lon="14.483550001391984">
    <ele>206.38</ele>
   </trkpt>
   <trkpt lat="57.93692000000001" lon="14.482690000000002">
    <ele>206.56000000000003</ele>
   </trkpt>
   <trkpt lat="57.93694000560963" lon="14.481495000469009">
    <ele>206.58</ele>
   </trkpt>
   <trkpt lat="57.936960000000006" lon="14.480300000000002">
    <ele>206.91</ele>
   </trkpt>
   <trkpt lat="57.936960005057486" lon="14.479164999798073">
    <ele>207.24</ele>
   </trkpt>
   <trkpt lat="57.936960000000006" lon="14.47803">
    <ele>208.0</ele>
   </trkpt>
   <trkpt lat="57.93685502703449" lon="14.47651498672742">
    <ele>209.40000000000003</ele>
   </trkpt>
   <trkpt lat="57.93675003604694" lon="14.474999982317893">
    <ele>209.3</ele>
   </trkpt>
   <trkpt lat="57.93664502703756" lon="14.473484986772856">
    <ele>208.90000000000003</ele>
   </trkpt>
   <trkpt lat="57.93654000000001" lon="14.47197">
    <ele>208.87000000000003</ele>
   </trkpt>
   <trkpt lat="57.93658500937525" lon="14.470425001803207">
    <ele>209.47</ele>
   </trkpt>
   <trkpt lat="57.93663000000001" lon="14.46888">
    <ele>212.21</ele>
   </trkpt>
   <trkpt lat="57.936580005193996" lon="14.467729998442005">
    <ele>212.56000000000003</ele>
   </trkpt>
   <trkpt lat="57.936530000000005" lon="14.46658">
    <ele>212.58</ele>
   </trkpt>
   <trkpt lat="57.93628000520902" lon="14.465429992067467">
    <ele>212.72000000000003</ele>
   </trkpt>
   <trkpt lat="57.93603" lon="14.46428">
    <ele>212.87</ele>
   </trkpt>
   <trkpt lat="57.93581149170884" lon="14.462642797329208">
    <ele>213.76</ele>
   </trkpt>
   <trkpt lat="57.93559296237117" lon="14.461005614593805">
    <ele>215.13000000000002</ele>
   </trkpt>
   <trkpt lat="57.935374411987375" lon="14.459368451795298">
    <ele>217.09</ele>
   </trkpt>
   <trkpt lat="57.93515584055796" lon="14.457731308935198">
    <ele>217.43</ele>
   </trkpt>
   <trkpt lat="57.934937248083294" lon="14.45609418601501">
    <ele>217.27</ele>
   </trkpt>
   <trkpt lat="57.93471863456385" lon="14.45445708303624">
    <ele>217.3</ele>
   </trkpt>
   <trkpt lat="57.93450000000001" lon="14.452820000000001">
    <ele>218.27</ele>
   </trkpt>
   <trkpt lat="57.93427253016098" lon="14.451219969635185">
    <ele>218.9</ele>
   </trkpt>
   <trkpt lat="57.93404504021978" lon="14.449619959550866">
    <ele>219.06</ele>
   </trkpt>
   <trkpt lat="57.93381753017683" lon="14.448019969748405">
    <ele>218.98</ele>
   </trkpt>
   <trkpt lat="57.93359" lon="14.446420000000002">
    <ele>219.22000000000003</ele>
   </trkpt>
   <trkpt lat="57.93342802854418" lon="14.445071975723119">
    <ele>218.99</ele>
   </trkpt>
   <trkpt lat="57.93326604281947" lon="14.44372396361228">
    <ele>218.69000000000003</ele>
   </trkpt>
   <trkpt lat="57.93310404282609" lon="14.442375963668368">
    <ele>218.49</ele>
   </trkpt>
   <trkpt lat="57.932942028564284" lon="14.441027975892268">
    <ele>218.61</ele>
   </trkpt>
   <trkpt lat="57.93278000000001" lon="14.439680000000001">
    <ele>219.52</ele>
   </trkpt>
   <trkpt lat="57.93265504378012" lon="14.438186640685098">
    <ele>220.42</ele>
   </trkpt>
   <trkpt lat="57.93253007004847" lon="14.436693291767817">
    <ele>219.10000000000002</ele>
   </trkpt>
   <trkpt lat="57.93240507880528" lon="14.435199953249489">
    <ele>217.8</ele>
   </trkpt>
   <trkpt lat="57.93228007005077" lon="14.433706625131451">
    <ele>216.44000000000003</ele>
   </trkpt>
   <trkpt lat="57.93215504378509" lon="14.43221330741504">
    <ele>214.08</ele>
   </trkpt>
   <trkpt lat="57.932030000000005" lon="14.43072">
    <ele>209.26000000000002</ele>
   </trkpt>
   <trkpt lat="57.93192002292081" lon="14.429324987162213">
    <ele>205.19</ele>
   </trkpt>
   <trkpt lat="57.931810030560236" lon="14.427929982872724">
    <ele>202.34</ele>
   </trkpt>
   <trkpt lat="57.931700022918434" lon="14.426534987132632">
    <ele>199.13000000000002</ele>
   </trkpt>
   <trkpt lat="57.93159000000001" lon="14.42514">
    <ele>198.76000000000002</ele>
   </trkpt>
   <trkpt lat="57.93151" lon="14.424420000000001">
    <ele>199.45000000000002</ele>
   </trkpt>
   <trkpt lat="57.93139000000001" lon="14.423720000000001">
    <ele>200.11</ele>
   </trkpt>
   <trkpt lat="57.931180000000005" lon="14.422860000000002">
    <ele>199.59</ele>
   </trkpt>
   <trkpt lat="57.93079" lon="14.421780000000002">
    <ele>199.14000000000001</ele>
   </trkpt>
   <trkpt lat="57.93025000000001" lon="14.420650000000002">
    <ele>198.36</ele>
   </trkpt>
   <trkpt lat="57.929950000000005" lon="14.420180000000002">
    <ele>197.12</ele>
   </trkpt>
   <trkpt lat="57.92935000000001" lon="14.419390000000002">
    <ele>196.15</ele>
   </trkpt>
   <trkpt lat="57.92865667357738" lon="14.418453297183795">
    <ele>194.19000000000003</ele>
   </trkpt>
   <trkpt lat="57.927963340264725" lon="14.417516630545952">
    <ele>194.25</ele>
   </trkpt>
   <trkpt lat="57.92727000000001" lon="14.416580000000002">
    <ele>193.31</ele>
   </trkpt>
   <trkpt lat="57.926790000000004" lon="14.41614">
    <ele>191.47000000000003</ele>
   </trkpt>
   <trkpt lat="57.926280000000006" lon="14.415870000000002">
    <ele>189.64</ele>
   </trkpt>
   <trkpt lat="57.92569" lon="14.415790000000001">
    <ele>189.69000000000003</ele>
   </trkpt>
   <trkpt lat="57.92515" lon="14.415830000000001">
    <ele>190.66000000000003</ele>
   </trkpt>
   <trkpt lat="57.92448" lon="14.4158">
    <ele>193.14000000000001</ele>
   </trkpt>
   <trkpt lat="57.92434000000001" lon="14.415790000000001">
    <ele>194.01000000000002</ele>
   </trkpt>
   <trkpt lat="57.92400000000001" lon="14.415700000000001">
    <ele>195.19</ele>
   </trkpt>
   <trkpt lat="57.923700000000004" lon="14.415440000000002">
    <ele>196.41000000000003</ele>
   </trkpt>
   <trkpt lat="57.923480000000005" lon="14.41519">
    <ele>196.52</ele>
   </trkpt>
   <trkpt lat="57.923260000000006" lon="14.41473">
    <ele>195.53</ele>
   </trkpt>
   <trkpt lat="57.92318" lon="14.41449">
    <ele>195.17000000000002</ele>
   </trkpt>
   <trkpt lat="57.92306000000001" lon="14.413960000000001">
    <ele>193.55</ele>
   </trkpt>
   <trkpt lat="57.923030000000004" lon="14.413660000000002">
    <ele>193.05</ele>
   </trkpt>
   <trkpt lat="57.923" lon="14.41299">
    <ele>192.89000000000001</ele>
   </trkpt>
   <trkpt lat="57.923030000000004" lon="14.411950000000001">
    <ele>196.02</ele>
   </trkpt>
   <trkpt lat="57.923140000000004" lon="14.410330000000002">
    <ele>197.41000000000003</ele>
   </trkpt>
   <trkpt lat="57.92318" lon="14.40881">
    <ele>195.19</ele>
   </trkpt>
   <trkpt lat="57.92316" lon="14.408030000000002">
    <ele>194.64000000000001</ele>
   </trkpt>
   <trkpt lat="57.923215010565784" lon="14.406390002388004">
    <ele>198.61</ele>
   </trkpt>
   <trkpt lat="57.92327" lon="14.404750000000002">
    <ele>200.68</ele>
   </trkpt>
   <trkpt lat="57.92336" lon="14.40346">
    <ele>197.9</ele>
   </trkpt>
   <trkpt lat="57.923480000000005" lon="14.40234">
    <ele>195.96</ele>
   </trkpt>
   <trkpt lat="57.923550000000006" lon="14.40187">
    <ele>195.71</ele>
   </trkpt>
   <trkpt lat="57.92381502493665" lon="14.400415032227343">
    <ele>194.23000000000002</ele>
   </trkpt>
   <trkpt lat="57.92408003324751" lon="14.398960042978176">
    <ele>191.60999999999999</ele>
   </trkpt>
   <trkpt lat="57.92434502493219" lon="14.39750503225331">
    <ele>189.59</ele>
   </trkpt>
   <trkpt lat="57.92461" lon="14.39605">
    <ele>188.13000000000002</ele>
   </trkpt>
   <trkpt lat="57.924620000000004" lon="14.395740000000002">
    <ele>188.22000000000003</ele>
   </trkpt>
   <trkpt lat="57.92461" lon="14.39567">
    <ele>188.22000000000003</ele>
   </trkpt>
   <trkpt lat="57.92456000000001" lon="14.395570000000001">
    <ele>188.45</ele>
   </trkpt>
   <trkpt lat="57.92446" lon="14.39544">
    <ele>188.63000000000002</ele>
   </trkpt>
   <trkpt lat="57.92392000097221" lon="14.394964992932644">
    <ele>188.85000000000002</ele>
   </trkpt>
   <trkpt lat="57.92338" lon="14.394490000000001">
    <ele>189.27</ele>
   </trkpt>
   <trkpt lat="57.922955000534515" lon="14.394139995901682">
    <ele>189.65</ele>
   </trkpt>
   <trkpt lat="57.92253" lon="14.393790000000001">
    <ele>190.21</ele>
   </trkpt>
   <trkpt lat="57.92185666886893" lon="14.393259980121973">
    <ele>190.92000000000002</ele>
   </trkpt>
   <trkpt lat="57.9211833355316" lon="14.39272998011928">
    <ele>191.63000000000002</ele>
   </trkpt>
   <trkpt lat="57.92051000000001" lon="14.3922">
    <ele>192.73000000000002</ele>
   </trkpt>
   <trkpt lat="57.92000500063807" lon="14.391784994133031">
    <ele>193.96</ele>
   </trkpt>
   <trkpt lat="57.919500000000006" lon="14.391370000000002">
    <ele>194.98000000000002</ele>
   </trkpt>
   <trkpt lat="57.91886000099712" lon="14.390864990997574">
    <ele>196.54000000000002</ele>
   </trkpt>
   <trkpt lat="57.918220000000005" lon="14.390360000000001">
    <ele>198.46</ele>
   </trkpt>
   <trkpt lat="57.91789000000001" lon="14.39014">
    <ele>199.24000000000004</ele>
   </trkpt>
   <trkpt lat="57.917570000000005" lon="14.389990000000001">
    <ele>199.87</ele>
   </trkpt>
   <trkpt lat="57.91729" lon="14.389880000000002">
    <ele>199.87</ele>
   </trkpt>
   <trkpt lat="57.91696" lon="14.38981">
    <ele>200.89000000000001</ele>
   </trkpt>
   <trkpt lat="57.9166" lon="14.389780000000002">
    <ele>201.89000000000001</ele>
   </trkpt>
   <trkpt lat="57.916290000000004" lon="14.389790000000001">
    <ele>201.89000000000001</ele>
   </trkpt>
   <trkpt lat="57.91583999996976" lon="14.389835000567581">
    <ele>203.86</ele>
   </trkpt>
   <trkpt lat="57.91539" lon="14.389880000000002">
    <ele>205.22</ele>
   </trkpt>
   <trkpt lat="57.91465499999955" lon="14.389980002051557">
    <ele>209.04</ele>
   </trkpt>
   <trkpt lat="57.913920000000005" lon="14.390080000000001">
    <ele>212.79</ele>
   </trkpt>
   <trkpt lat="57.91326666665221" lon="14.390153336007122">
    <ele>217.29000000000002</ele>
   </trkpt>
   <trkpt lat="57.912613333262186" lon="14.390226669346765">
    <ele>217.16000000000003</ele>
   </trkpt>
   <trkpt lat="57.91196000000001" lon="14.390300000000002">
    <ele>213.76</ele>
   </trkpt>
   <trkpt lat="57.911280000000005" lon="14.390450000000001">
    <ele>210.97000000000003</ele>
   </trkpt>
   <trkpt lat="57.910650000000004" lon="14.39033">
    <ele>206.09000000000003</ele>
   </trkpt>
   <trkpt lat="57.91019000000001" lon="14.390170000000001">
    <ele>201.49000000000004</ele>
   </trkpt>
   <trkpt lat="57.90974500019336" lon="14.389864996104407">
    <ele>198.27000000000004</ele>
   </trkpt>
   <trkpt lat="57.9093" lon="14.389560000000001">
    <ele>193.92000000000002</ele>
   </trkpt>
   <trkpt lat="57.90849000088145" lon="14.389039988161159">
    <ele>188.25000000000003</ele>
   </trkpt>
   <trkpt lat="57.907680000000006" lon="14.388520000000002">
    <ele>186.87</ele>
   </trkpt>
   <trkpt lat="57.9070300022686" lon="14.388079976112877">
    <ele>184.67000000000002</ele>
   </trkpt>
   <trkpt lat="57.906380003016196" lon="14.387639968145352">
    <ele>182.18</ele>
   </trkpt>
   <trkpt lat="57.90573000224288" lon="14.387199976096484">
    <ele>183.46</ele>
   </trkpt>
   <trkpt lat="57.905080000000005" lon="14.38676">
    <ele>187.52</ele>
   </trkpt>
   <trkpt lat="57.90451" lon="14.38625">
    <ele>191.70000000000002</ele>
   </trkpt>
   <trkpt lat="57.904120000000006" lon="14.385520000000001">
    <ele>194.06</ele>
   </trkpt>
   <trkpt lat="57.903620000000004" lon="14.384670000000002">
    <ele>199.14000000000001</ele>
   </trkpt>
   <trkpt lat="57.90317" lon="14.384100000000002">
    <ele>204.46</ele>
   </trkpt>
   <trkpt lat="57.902590000000004" lon="14.38367">
    <ele>208.18</ele>
   </trkpt>
   <trkpt lat="57.90198" lon="14.38348">
    <ele>210.76000000000002</ele>
   </trkpt>
   <trkpt lat="57.901500000000006" lon="14.383370000000001">
    <ele>210.16</ele>
   </trkpt>
   <trkpt lat="57.90093" lon="14.383210000000002">
    <ele>206.87000000000003</ele>
   </trkpt>
   <trkpt lat="57.90055" lon="14.383030000000002">
    <ele>205.88</ele>
   </trkpt>
   <trkpt lat="57.90021" lon="14.38278">
    <ele>203.83</ele>
   </trkpt>
   <trkpt lat="57.899910000000006" lon="14.382510000000002">
    <ele>202.83</ele>
   </trkpt>
   <trkpt lat="57.89961" lon="14.382140000000001">
    <ele>200.85000000000002</ele>
   </trkpt>
   <trkpt lat="57.899255000929706" lon="14.38161999466989">
    <ele>199.3</ele>
   </trkpt>
   <trkpt lat="57.898900000000005" lon="14.381100000000002">
    <ele>198.19</ele>
   </trkpt>
   <trkpt lat="57.89823334146554" lon="14.38008329563732">
    <ele>192.63000000000002</ele>
   </trkpt>
   <trkpt lat="57.89756667480969" lon="14.379066628988054">
    <ele>189.82000000000002</ele>
   </trkpt>
   <trkpt lat="57.8969" lon="14.378050000000002">
    <ele>187.94000000000003</ele>
   </trkpt>
   <trkpt lat="57.8963933382624" lon="14.377259977769452">
    <ele>185.09</ele>
   </trkpt>
   <trkpt lat="57.89588667162094" lon="14.376469977809176">
    <ele>181.1</ele>
   </trkpt>
   <trkpt lat="57.89538" lon="14.375680000000001">
    <ele>178.1</ele>
   </trkpt>
   <trkpt lat="57.89487667105879" lon="14.374933312441598">
    <ele>175.25</ele>
   </trkpt>
   <trkpt lat="57.89437333773684" lon="14.374186645792195">
    <ele>173.56</ele>
   </trkpt>
   <trkpt lat="57.89387000000001" lon="14.37344">
    <ele>172.40000000000003</ele>
   </trkpt>
   <trkpt lat="57.89340500208191" lon="14.372729990971425">
    <ele>171.51000000000002</ele>
   </trkpt>
   <trkpt lat="57.89294" lon="14.372020000000001">
    <ele>171.78</ele>
   </trkpt>
   <trkpt lat="57.892420003106956" lon="14.371144987510707">
    <ele>173.52</ele>
   </trkpt>
   <trkpt lat="57.89190000000001" lon="14.370270000000001">
    <ele>174.66</ele>
   </trkpt>
   <trkpt lat="57.89127500396942" lon="14.369269982681274">
    <ele>173.92000000000002</ele>
   </trkpt>
   <trkpt lat="57.89065000000001" lon="14.36827">
    <ele>173.42000000000002</ele>
   </trkpt>
   <trkpt lat="57.89015000183547" lon="14.367594990674505">
    <ele>172.52</ele>
   </trkpt>
   <trkpt lat="57.88965" lon="14.36692">
    <ele>171.43000000000004</ele>
   </trkpt>
   <trkpt lat="57.88951" lon="14.36672">
    <ele>171.19</ele>
   </trkpt>
   <trkpt lat="57.88942" lon="14.366550000000002">
    <ele>171.03</ele>
   </trkpt>
   <trkpt lat="57.88937000000001" lon="14.366410000000002">
    <ele>171.07000000000002</ele>
   </trkpt>
   <trkpt lat="57.88937000000001" lon="14.36635">
    <ele>171.07000000000002</ele>
   </trkpt>
   <trkpt lat="57.889340000000004" lon="14.366240000000001">
    <ele>170.71</ele>
   </trkpt>
   <trkpt lat="57.88929" lon="14.366180000000002">
    <ele>170.71</ele>
   </trkpt>
   <trkpt lat="57.88924000000001" lon="14.366180000000002">
    <ele>170.71</ele>
   </trkpt>
   <trkpt lat="57.888960000000004" lon="14.36593">
    <ele>169.28</ele>
   </trkpt>
   <trkpt lat="57.88828219128148" lon="14.364956189992222">
    <ele>167.19</ele>
   </trkpt>
   <trkpt lat="57.88760437511114" lon="14.363982416696707">
    <ele>165.42000000000002</ele>
   </trkpt>
   <trkpt lat="57.88692655148946" lon="14.363008680111518">
    <ele>164.3</ele>
   </trkpt>
   <trkpt lat="57.886248720416944" lon="14.3620349802347">
    <ele>162.79000000000002</ele>
   </trkpt>
   <trkpt lat="57.885570881894054" lon="14.361061317064316">
    <ele>163.08</ele>
   </trkpt>
   <trkpt lat="57.88489303592125" lon="14.36008769059842">
    <ele>163.06</ele>
   </trkpt>
   <trkpt lat="57.88421518249901" lon="14.359114100835061">
    <ele>162.02</ele>
   </trkpt>
   <trkpt lat="57.88353732162785" lon="14.358140547772306">
    <ele>160.88000000000002</ele>
   </trkpt>
   <trkpt lat="57.8828594533082" lon="14.357167031408197">
    <ele>159.85999999999999</ele>
   </trkpt>
   <trkpt lat="57.882181577540564" lon="14.356193551740802">
    <ele>158.78</ele>
   </trkpt>
   <trkpt lat="57.88150369432542" lon="14.35522010876817">
    <ele>158.01000000000002</ele>
   </trkpt>
   <trkpt lat="57.880825803663214" lon="14.354246702488359">
    <ele>157.57000000000002</ele>
   </trkpt>
   <trkpt lat="57.880147905554466" lon="14.353273332899423">
    <ele>157.38000000000002</ele>
   </trkpt>
   <trkpt lat="57.879470000000005" lon="14.352300000000001">
    <ele>156.93</ele>
   </trkpt>
   <trkpt lat="57.87903000000001" lon="14.35171">
    <ele>156.57000000000002</ele>
   </trkpt>
   <trkpt lat="57.87886" lon="14.351540000000002">
    <ele>156.57000000000002</ele>
   </trkpt>
   <trkpt lat="57.878750000000004" lon="14.35147">
    <ele>156.39</ele>
   </trkpt>
   <trkpt lat="57.878490000000006" lon="14.351350000000002">
    <ele>156.42</ele>
   </trkpt>
   <trkpt lat="57.87789000015572" lon="14.351223329114132">
    <ele>156.41000000000003</ele>
   </trkpt>
   <trkpt lat="57.87729000018531" lon="14.351096662453795">
    <ele>156.34</ele>
   </trkpt>
   <trkpt lat="57.87669" lon="14.350970000000002">
    <ele>156.19000000000003</ele>
   </trkpt>
   <trkpt lat="57.87606999999558" lon="14.350849997920086">
    <ele>156.65</ele>
   </trkpt>
   <trkpt lat="57.87545000000001" lon="14.35073">
    <ele>157.09</ele>
   </trkpt>
   <trkpt lat="57.87485500003327" lon="14.350594997758593">
    <ele>157.77</ele>
   </trkpt>
   <trkpt lat="57.87426000000001" lon="14.350460000000002">
    <ele>158.25</ele>
   </trkpt>
   <trkpt lat="57.87402" lon="14.35035">
    <ele>158.35000000000002</ele>
   </trkpt>
   <trkpt lat="57.873780000000004" lon="14.350200000000001">
    <ele>158.60999999999999</ele>
   </trkpt>
   <trkpt lat="57.873560000000005" lon="14.350010000000001">
    <ele>158.60999999999999</ele>
   </trkpt>
   <trkpt lat="57.87337" lon="14.34979">
    <ele>158.77</ele>
   </trkpt>
   <trkpt lat="57.873180000000005" lon="14.349540000000001">
    <ele>159.0</ele>
   </trkpt>
   <trkpt lat="57.87299" lon="14.34923">
    <ele>159.43</ele>
   </trkpt>
   <trkpt lat="57.87246667479752" lon="14.34821330377024">
    <ele>160.0</ele>
   </trkpt>
   <trkpt lat="57.87194334147014" lon="14.34719663711579">
    <ele>159.51000000000002</ele>
   </trkpt>
   <trkpt lat="57.87142000000001" lon="14.34618">
    <ele>159.13000000000002</ele>
   </trkpt>
   <trkpt lat="57.871120000000005" lon="14.34575">
    <ele>158.56</ele>
   </trkpt>
   <trkpt lat="57.87068000000001" lon="14.34528">
    <ele>158.38000000000002</ele>
   </trkpt>
   <trkpt lat="57.87014000222254" lon="14.344746650645975">
    <ele>158.60999999999999</ele>
   </trkpt>
   <trkpt lat="57.86960000220906" lon="14.34421331729963">
    <ele>159.49</ele>
   </trkpt>
   <trkpt lat="57.869060000000005" lon="14.34368">
    <ele>159.12</ele>
   </trkpt>
   <trkpt lat="57.86881" lon="14.343380000000002">
    <ele>158.84</ele>
   </trkpt>
   <trkpt lat="57.868610000000004" lon="14.343090000000002">
    <ele>158.44000000000003</ele>
   </trkpt>
   <trkpt lat="57.868430000000004" lon="14.342780000000001">
    <ele>158.44000000000003</ele>
   </trkpt>
   <trkpt lat="57.86827" lon="14.342440000000002">
    <ele>157.83</ele>
   </trkpt>
   <trkpt lat="57.86813000000001" lon="14.342070000000001">
    <ele>157.70000000000002</ele>
   </trkpt>
   <trkpt lat="57.868010000000005" lon="14.34167">
    <ele>157.53</ele>
   </trkpt>
   <trkpt lat="57.86762803205731" lon="14.340241939354074">
    <ele>156.9</ele>
   </trkpt>
   <trkpt lat="57.86724604808344" lon="14.338813909023742">
    <ele>156.23000000000002</ele>
   </trkpt>
   <trkpt lat="57.866864048079" lon="14.337385909009177">
    <ele>156.2</ele>
   </trkpt>
   <trkpt lat="57.866482032044594" lon="14.335957939310559">
    <ele>156.44000000000003</ele>
   </trkpt>
   <trkpt lat="57.8661" lon="14.33453">
    <ele>156.03</ele>
   </trkpt>
   <trkpt lat="57.865720035478084" lon="14.333027936592265">
    <ele>155.65</ele>
   </trkpt>
   <trkpt lat="57.865340053219896" lon="14.331525904901573">
    <ele>153.76</ele>
   </trkpt>
   <trkpt lat="57.86496005322611" lon="14.33002390492827">
    <ele>152.7</ele>
   </trkpt>
   <trkpt lat="57.86458003549734" lon="14.3285219366727">
    <ele>154.39</ele>
   </trkpt>
   <trkpt lat="57.864200000000004" lon="14.327020000000001">
    <ele>155.45</ele>
   </trkpt>
   <trkpt lat="57.86393" lon="14.32605">
    <ele>156.23000000000002</ele>
   </trkpt>
   <trkpt lat="57.863600000000005" lon="14.32516">
    <ele>156.87</ele>
   </trkpt>
   <trkpt lat="57.86338000000001" lon="14.324700000000002">
    <ele>157.02</ele>
   </trkpt>
   <trkpt lat="57.8630350016549" lon="14.324064994042063">
    <ele>157.10999999999999</ele>
   </trkpt>
   <trkpt lat="57.86269000000001" lon="14.323430000000002">
    <ele>157.0</ele>
   </trkpt>
   <trkpt lat="57.86213000000001" lon="14.322310000000002">
    <ele>156.06</ele>
   </trkpt>
   <trkpt lat="57.86187" lon="14.321570000000001">
    <ele>154.61</ele>
   </trkpt>
   <trkpt lat="57.86156001045065" lon="14.320416646774753">
    <ele>154.04000000000002</ele>
   </trkpt>
   <trkpt lat="57.86125001044344" lon="14.31926331341497">
    <ele>153.42</ele>
   </trkpt>
   <trkpt lat="57.86094000000001" lon="14.31811">
    <ele>153.50000000000003</ele>
   </trkpt>
   <trkpt lat="57.86057503852282" lon="14.316709929014669">
    <ele>153.12</ele>
   </trkpt>
   <trkpt lat="57.860210061634895" lon="14.315309886419712">
    <ele>153.19000000000003</ele>
   </trkpt>
   <trkpt lat="57.85984506933678" lon="14.313909872215351">
    <ele>153.18</ele>
   </trkpt>
   <trkpt lat="57.859480061628965" lon="14.312509886401804">
    <ele>153.08</ele>
   </trkpt>
   <trkpt lat="57.85911503851202" lon="14.311109928979299">
    <ele>153.58</ele>
   </trkpt>
   <trkpt lat="57.85875000000001" lon="14.30971">
    <ele>154.17</ele>
   </trkpt>
   <trkpt lat="57.85898" lon="14.30948">
    <ele>151.65</ele>
   </trkpt>
   <trkpt lat="57.85902000000001" lon="14.30938">
    <ele>151.65</ele>
   </trkpt>
   <trkpt lat="57.85904000000001" lon="14.309220000000002">
    <ele>151.63000000000002</ele>
   </trkpt>
   <trkpt lat="57.85889" lon="14.308510000000002">
    <ele>151.66000000000003</ele>
   </trkpt>
   <trkpt lat="57.85865500335626" lon="14.30758499393293">
    <ele>151.69000000000003</ele>
   </trkpt>
   <trkpt lat="57.85842" lon="14.30666">
    <ele>151.47000000000003</ele>
   </trkpt>
   <trkpt lat="57.858235002894666" lon="14.305804995702808">
    <ele>151.29</ele>
   </trkpt>
   <trkpt lat="57.858050000000006" lon="14.304950000000002">
    <ele>151.43</ele>
   </trkpt>
   <trkpt lat="57.85784" lon="14.304210000000001">
    <ele>151.51</ele>
   </trkpt>
   <trkpt lat="57.8577" lon="14.3038">
    <ele>151.41000000000003</ele>
   </trkpt>
   <trkpt lat="57.85740500256309" lon="14.302994993446173">
    <ele>151.17</ele>
   </trkpt>
   <trkpt lat="57.857110000000006" lon="14.302190000000001">
    <ele>150.72000000000003</ele>
   </trkpt>
   <trkpt lat="57.8567250039766" lon="14.301174988952024">
    <ele>149.98</ele>
   </trkpt>
   <trkpt lat="57.85634" lon="14.300160000000002">
    <ele>149.85</ele>
   </trkpt>
   <trkpt lat="57.85615000000001" lon="14.299710000000001">
    <ele>149.9</ele>
   </trkpt>
   <trkpt lat="57.85604000000001" lon="14.299380000000001">
    <ele>149.9</ele>
   </trkpt>
   <trkpt lat="57.85591" lon="14.29892">
    <ele>150.01</ele>
   </trkpt>
   <trkpt lat="57.85578" lon="14.298380000000002">
    <ele>150.01</ele>
   </trkpt>
   <trkpt lat="57.855650000000004" lon="14.297600000000001">
    <ele>150.02</ele>
   </trkpt>
   <trkpt lat="57.85558" lon="14.297030000000001">
    <ele>149.99</ele>
   </trkpt>
   <trkpt lat="57.85543500943086" lon="14.295479993606044">
    <ele>149.93</ele>
   </trkpt>
   <trkpt lat="57.855290000000004" lon="14.293930000000001">
    <ele>149.98</ele>
   </trkpt>
   <trkpt lat="57.85524" lon="14.293270000000001">
    <ele>149.98</ele>
   </trkpt>
   <trkpt lat="57.85522" lon="14.292240000000001">
    <ele>150.34</ele>
   </trkpt>
   <trkpt lat="57.855320012889386" lon="14.290960007018207">
    <ele>150.57</ele>
   </trkpt>
   <trkpt lat="57.85542001289665" lon="14.289680006925625">
    <ele>151.16000000000003</ele>
   </trkpt>
   <trkpt lat="57.855520000000006" lon="14.288400000000001">
    <ele>151.68</ele>
   </trkpt>
   <trkpt lat="57.85564003055727" lon="14.28700601859049">
    <ele>151.95</ele>
   </trkpt>
   <trkpt lat="57.85576004583588" lon="14.285612027886847">
    <ele>152.4</ele>
   </trkpt>
   <trkpt lat="57.85588004583568" lon="14.28421802789015">
    <ele>152.63000000000002</ele>
   </trkpt>
   <trkpt lat="57.85600003055649" lon="14.282824018601477">
    <ele>153.44000000000003</ele>
   </trkpt>
   <trkpt lat="57.856120000000004" lon="14.28143">
    <ele>155.46</ele>
   </trkpt>
   <trkpt lat="57.856285006649706" lon="14.280130005911824">
    <ele>155.09</ele>
   </trkpt>
   <trkpt lat="57.85645" lon="14.278830000000001">
    <ele>155.17</ele>
   </trkpt>
   <trkpt lat="57.85663252063202" lon="14.277507520077284">
    <ele>154.79000000000002</ele>
   </trkpt>
   <trkpt lat="57.85681502751274" lon="14.27618502674577">
    <ele>152.88000000000002</ele>
   </trkpt>
   <trkpt lat="57.85699752064195" lon="14.27486252000624">
    <ele>151.63000000000002</ele>
   </trkpt>
   <trkpt lat="57.85718000000001" lon="14.27354">
    <ele>150.73</ele>
   </trkpt>
   <trkpt lat="57.857330000000005" lon="14.272160000000001">
    <ele>148.94000000000003</ele>
   </trkpt>
   <trkpt lat="57.857330000000005" lon="14.271320000000001">
    <ele>148.00000000000003</ele>
   </trkpt>
   <trkpt lat="57.85727000000001" lon="14.27096">
    <ele>147.79</ele>
   </trkpt>
   <trkpt lat="57.856950000000005" lon="14.26964">
    <ele>148.2</ele>
   </trkpt>
   <trkpt lat="57.85683" lon="14.269400000000001">
    <ele>148.15</ele>
   </trkpt>
   <trkpt lat="57.85652" lon="14.26894">
    <ele>147.43</ele>
   </trkpt>
   <trkpt lat="57.85643" lon="14.26885">
    <ele>147.43</ele>
   </trkpt>
   <trkpt lat="57.85642000000001" lon="14.26884">
    <ele>147.43</ele>
   </trkpt>
   <trkpt lat="57.85618" lon="14.268680000000002">
    <ele>146.92000000000002</ele>
   </trkpt>
   <trkpt lat="57.85609" lon="14.268650000000001">
    <ele>146.61</ele>
   </trkpt>
   <trkpt lat="57.85587" lon="14.268640000000001">
    <ele>146.14000000000001</ele>
   </trkpt>
   <trkpt lat="57.85513" lon="14.268680000000002">
    <ele>143.97</ele>
   </trkpt>
   <trkpt lat="57.855000000000004" lon="14.268670000000002">
    <ele>143.57</ele>
   </trkpt>
   <trkpt lat="57.85455" lon="14.268410000000001">
    <ele>142.35</ele>
   </trkpt>
   <trkpt lat="57.8543" lon="14.268320000000001">
    <ele>141.38</ele>
   </trkpt>
   <trkpt lat="57.853790000000004" lon="14.268310000000001">
    <ele>139.96</ele>
   </trkpt>
   <trkpt lat="57.85361" lon="14.26828">
    <ele>139.6</ele>
   </trkpt>
   <trkpt lat="57.853390000000005" lon="14.268210000000002">
    <ele>139.08</ele>
   </trkpt>
   <trkpt lat="57.85307" lon="14.268210000000002">
    <ele>138.05</ele>
   </trkpt>
   <trkpt lat="57.852740000000004" lon="14.268300000000002">
    <ele>137.8</ele>
   </trkpt>
   <trkpt lat="57.85202" lon="14.26861">
    <ele>134.92000000000002</ele>
   </trkpt>
   <trkpt lat="57.85143000000001" lon="14.2688">
    <ele>133.73000000000002</ele>
   </trkpt>
   <trkpt lat="57.85080000000001" lon="14.26885">
    <ele>132.81</ele>
   </trkpt>
   <trkpt lat="57.850640000000006" lon="14.26889">
    <ele>132.77</ele>
   </trkpt>
   <trkpt lat="57.84993000000001" lon="14.269250000000001">
    <ele>132.45000000000002</ele>
   </trkpt>
   <trkpt lat="57.84922000030138" lon="14.269450003902499">
    <ele>131.3</ele>
   </trkpt>
   <trkpt lat="57.848510000000005" lon="14.26965">
    <ele>130.22</ele>
   </trkpt>
   <trkpt lat="57.84781000053393" lon="14.27000000677671">
    <ele>129.37</ele>
   </trkpt>
   <trkpt lat="57.84711000000001" lon="14.27035">
    <ele>128.5</ele>
   </trkpt>
   <trkpt lat="57.846990000000005" lon="14.270410000000002">
    <ele>128.35000000000002</ele>
   </trkpt>
   <trkpt lat="57.84673000000001" lon="14.27049">
    <ele>128.22</ele>
   </trkpt>
   <trkpt lat="57.846070000000005" lon="14.270610000000001">
    <ele>127.06</ele>
   </trkpt>
   <trkpt lat="57.845440000045635" lon="14.270630000348433">
    <ele>126.53</ele>
   </trkpt>
   <trkpt lat="57.84481" lon="14.270650000000002">
    <ele>126.27000000000002</ele>
   </trkpt>
   <trkpt lat="57.84408200003219" lon="14.27069600371891">
    <ele>126.75</ele>
   </trkpt>
   <trkpt lat="57.84335400004771" lon="14.270742005578276">
    <ele>126.68</ele>
   </trkpt>
   <trkpt lat="57.84262600004661" lon="14.270788005578217">
    <ele>127.31</ele>
   </trkpt>
   <trkpt lat="57.84189800002887" lon="14.270834003718866">
    <ele>128.17000000000002</ele>
   </trkpt>
   <trkpt lat="57.841170000000005" lon="14.270880000000002">
    <ele>129.87</ele>
   </trkpt>
   <trkpt lat="57.84070000003738" lon="14.270915000454217">
    <ele>130.70000000000002</ele>
   </trkpt>
   <trkpt lat="57.840230000000005" lon="14.270950000000001">
    <ele>132.47</ele>
   </trkpt>
   <trkpt lat="57.839890000000004" lon="14.271020000000002">
    <ele>132.84</ele>
   </trkpt>
   <trkpt lat="57.83944" lon="14.27124">
    <ele>134.53</ele>
   </trkpt>
   <trkpt lat="57.83883000066374" lon="14.271685007618544">
    <ele>135.22</ele>
   </trkpt>
   <trkpt lat="57.83822000000001" lon="14.27213">
    <ele>136.47</ele>
   </trkpt>
   <trkpt lat="57.837950000000006" lon="14.272390000000001">
    <ele>136.65</ele>
   </trkpt>
   <trkpt lat="57.837500000000006" lon="14.272660000000002">
    <ele>137.13</ele>
   </trkpt>
   <trkpt lat="57.837300000000006" lon="14.27265">
    <ele>137.22</ele>
   </trkpt>
   <trkpt lat="57.837210000000006" lon="14.272670000000002">
    <ele>137.16</ele>
   </trkpt>
   <trkpt lat="57.837120000000006" lon="14.272760000000002">
    <ele>137.0</ele>
   </trkpt>
   <trkpt lat="57.83629000039847" lon="14.272526655908162">
    <ele>132.32000000000002</ele>
   </trkpt>
   <trkpt lat="57.83546000036871" lon="14.272293322566746">
    <ele>125.88000000000002</ele>
   </trkpt>
   <trkpt lat="57.834630000000004" lon="14.272060000000002">
    <ele>121.46000000000001</ele>
   </trkpt>
   <trkpt lat="57.8338850000679" lon="14.27186999605285">
    <ele>119.11</ele>
   </trkpt>
   <trkpt lat="57.83314000000001" lon="14.271680000000002">
    <ele>117.58</ele>
   </trkpt>
   <trkpt lat="57.83238000005857" lon="14.271524996723711">
    <ele>115.88000000000001</ele>
   </trkpt>
   <trkpt lat="57.83162000000001" lon="14.271370000000001">
    <ele>115.18</ele>
   </trkpt>
   <trkpt lat="57.83089000018035" lon="14.27123999209664">
    <ele>116.61</ele>
   </trkpt>
   <trkpt lat="57.83016000022773" lon="14.271109989460166">
    <ele>120.14000000000001</ele>
   </trkpt>
   <trkpt lat="57.82943000014219" lon="14.27097999209021">
    <ele>126.10000000000001</ele>
   </trkpt>
   <trkpt lat="57.828700000000005" lon="14.270850000000001">
    <ele>130.39000000000001</ele>
   </trkpt>
   <trkpt lat="57.828100000011524" lon="14.270754998414711">
    <ele>134.03</ele>
   </trkpt>
   <trkpt lat="57.82750000000001" lon="14.270660000000001">
    <ele>138.5</ele>
   </trkpt>
   <trkpt lat="57.82690500010576" lon="14.270604999100748">
    <ele>140.31</ele>
   </trkpt>
   <trkpt lat="57.82631000000001" lon="14.270550000000002">
    <ele>141.12000000000003</ele>
   </trkpt>
   <trkpt lat="57.82570333332525" lon="14.2705700006736">
    <ele>140.84000000000003</ele>
   </trkpt>
   <trkpt lat="57.825096666647354" lon="14.270590000673959">
    <ele>140.43</ele>
   </trkpt>
   <trkpt lat="57.824490000000004" lon="14.270610000000001">
    <ele>140.02</ele>
   </trkpt>
   <trkpt lat="57.82365000000001" lon="14.270710000000001">
    <ele>137.87</ele>
   </trkpt>
   <trkpt lat="57.82310999993635" lon="14.270865002367248">
    <ele>135.66</ele>
   </trkpt>
   <trkpt lat="57.822570000000006" lon="14.271020000000002">
    <ele>134.53</ele>
   </trkpt>
   <trkpt lat="57.822115000104354" lon="14.271200002280965">
    <ele>132.69</ele>
   </trkpt>
   <trkpt lat="57.82166" lon="14.27138">
    <ele>132.32000000000002</ele>
   </trkpt>
   <trkpt lat="57.82085000000001" lon="14.27176">
    <ele>133.23000000000002</ele>
   </trkpt>
   <trkpt lat="57.82040000000001" lon="14.27194">
    <ele>136.03</ele>
   </trkpt>
   <trkpt lat="57.81977000013831" lon="14.27214500359097">
    <ele>137.78</ele>
   </trkpt>
   <trkpt lat="57.819140000000004" lon="14.272350000000001">
    <ele>138.05</ele>
   </trkpt>
   <trkpt lat="57.81825500009378" lon="14.2724650028173">
    <ele>135.21</ele>
   </trkpt>
   <trkpt lat="57.817370000000004" lon="14.272580000000001">
    <ele>131.66</ele>
   </trkpt>
   <trkpt lat="57.816680000000005" lon="14.272780000000001">
    <ele>128.13000000000002</ele>
   </trkpt>
   <trkpt lat="57.81588000046856" lon="14.273140008005509">
    <ele>124.83000000000001</ele>
   </trkpt>
   <trkpt lat="57.81508" lon="14.2735">
    <ele>123.09</ele>
   </trkpt>
   <trkpt lat="57.814840000000004" lon="14.273470000000001">
    <ele>122.56000000000002</ele>
   </trkpt>
   <trkpt lat="57.814620000000005" lon="14.273410000000002">
    <ele>122.18</ele>
   </trkpt>
   <trkpt lat="57.814460000000004" lon="14.27335">
    <ele>122.17000000000002</ele>
   </trkpt>
   <trkpt lat="57.813860000000005" lon="14.27321">
    <ele>121.96000000000001</ele>
   </trkpt>
   <trkpt lat="57.813" lon="14.273480000000001">
    <ele>122.32000000000001</ele>
   </trkpt>
   <trkpt lat="57.81227500035157" lon="14.27375000540374">
    <ele>122.85000000000001</ele>
   </trkpt>
   <trkpt lat="57.811550000000004" lon="14.274020000000002">
    <ele>122.71000000000001</ele>
   </trkpt>
   <trkpt lat="57.81067000045436" lon="14.274315007160347">
    <ele>121.57000000000001</ele>
   </trkpt>
   <trkpt lat="57.80979000000001" lon="14.274610000000001">
    <ele>120.0</ele>
   </trkpt>
   <trkpt lat="57.809290000000004" lon="14.274730000000002">
    <ele>119.39</ele>
   </trkpt>
   <trkpt lat="57.80857" lon="14.274840000000001">
    <ele>117.16000000000001</ele>
   </trkpt>
   <trkpt lat="57.80804499992009" lon="14.274865000367802">
    <ele>116.46000000000001</ele>
   </trkpt>
   <trkpt lat="57.807520000000004" lon="14.274890000000001">
    <ele>114.86</ele>
   </trkpt>
   <trkpt lat="57.80664" lon="14.274840000000001">
    <ele>113.34</ele>
   </trkpt>
   <trkpt lat="57.80631" lon="14.2748">
    <ele>112.34</ele>
   </trkpt>
   <trkpt lat="57.805580000000006" lon="14.274680000000002">
    <ele>111.55000000000001</ele>
   </trkpt>
   <trkpt lat="57.804930000000006" lon="14.27453">
    <ele>110.34</ele>
   </trkpt>
   <trkpt lat="57.80429500020158" lon="14.274299995949118">
    <ele>108.87</ele>
   </trkpt>
   <trkpt lat="57.80366000000001" lon="14.274070000000002">
    <ele>107.06</ele>
   </trkpt>
   <trkpt lat="57.80282000073422" lon="14.273644990116422">
    <ele>104.63000000000001</ele>
   </trkpt>
   <trkpt lat="57.80198000000001" lon="14.273220000000002">
    <ele>103.72</ele>
   </trkpt>
   <trkpt lat="57.80117000079866" lon="14.272784990263096">
    <ele>102.78</ele>
   </trkpt>
   <trkpt lat="57.800360000000005" lon="14.272350000000001">
    <ele>101.85000000000001</ele>
   </trkpt>
   <trkpt lat="57.79995" lon="14.272110000000001">
    <ele>101.63000000000001</ele>
   </trkpt>
   <trkpt lat="57.79946" lon="14.271770000000002">
    <ele>101.35000000000001</ele>
   </trkpt>
   <trkpt lat="57.79883" lon="14.27124">
    <ele>99.7</ele>
   </trkpt>
   <trkpt lat="57.79813333677986" lon="14.270579974532136">
    <ele>98.82000000000001</ele>
   </trkpt>
   <trkpt lat="57.79743667013134" lon="14.269919974549902">
    <ele>97.11</ele>
   </trkpt>
   <trkpt lat="57.79674000000001" lon="14.269260000000001">
    <ele>95.87</ele>
   </trkpt>
   <trkpt lat="57.79616000000001" lon="14.26876">
    <ele>94.27000000000001</ele>
   </trkpt>
   <trkpt lat="57.795860000000005" lon="14.268530000000002">
    <ele>94.25000000000001</ele>
   </trkpt>
   <trkpt lat="57.795550000000006" lon="14.26833">
    <ele>94.79</ele>
   </trkpt>
   <trkpt lat="57.795410000000004" lon="14.26819">
    <ele>94.74000000000001</ele>
   </trkpt>
   <trkpt lat="57.79531000000001" lon="14.268410000000001">
    <ele>94.80000000000001</ele>
   </trkpt>
   <trkpt lat="57.795280000000005" lon="14.268480000000002">
    <ele>94.80000000000001</ele>
   </trkpt>
   <trkpt lat="57.79522000000001" lon="14.268530000000002">
    <ele>94.89</ele>
   </trkpt>
   <trkpt lat="57.794500000000006" lon="14.26903">
    <ele>96.52000000000001</ele>
   </trkpt>
   <trkpt lat="57.79393333446636" lon="14.269403345033503">
    <ele>98.07000000000001</ele>
   </trkpt>
   <trkpt lat="57.793366667835684" lon="14.269776678342913">
    <ele>98.55000000000001</ele>
   </trkpt>
   <trkpt lat="57.79280000000001" lon="14.270150000000001">
    <ele>98.85000000000001</ele>
   </trkpt>
   <trkpt lat="57.792550000000006" lon="14.26856">
    <ele>98.32000000000001</ele>
   </trkpt>
   <trkpt lat="57.792460000000005" lon="14.267890000000001">
    <ele>97.58000000000001</ele>
   </trkpt>
   <trkpt lat="57.792440000000006" lon="14.267560000000001">
    <ele>97.21000000000001</ele>
   </trkpt>
   <trkpt lat="57.792425003366816" lon="14.266634999585616">
    <ele>97.88000000000001</ele>
   </trkpt>
   <trkpt lat="57.792410000000004" lon="14.26571">
    <ele>99.7</ele>
   </trkpt>
   <trkpt lat="57.792300000000004" lon="14.264140000000001">
    <ele>99.51</ele>
   </trkpt>
   <trkpt lat="57.79224000000001" lon="14.263620000000001">
    <ele>97.25</ele>
   </trkpt>
   <trkpt lat="57.79198803236958" lon="14.262185959939057">
    <ele>94.98</ele>
   </trkpt>
   <trkpt lat="57.79173604855284" lon="14.26075193990128">
    <ele>95.79</ele>
   </trkpt>
   <trkpt lat="57.79148404855018" lon="14.259317939887483">
    <ele>95.29</ele>
   </trkpt>
   <trkpt lat="57.79123203236196" lon="14.257883959898473">
    <ele>95.60000000000001</ele>
   </trkpt>
   <trkpt lat="57.790980000000005" lon="14.256450000000001">
    <ele>96.16000000000001</ele>
   </trkpt>
   <trkpt lat="57.790940000000006" lon="14.255590000000002">
    <ele>96.42</ele>
   </trkpt>
   <trkpt lat="57.790960000000005" lon="14.25459">
    <ele>96.66000000000001</ele>
   </trkpt>
   <trkpt lat="57.79109000586033" lon="14.253370004369526">
    <ele>97.14</ele>
   </trkpt>
   <trkpt lat="57.79122" lon="14.25215">
    <ele>97.73</ele>
   </trkpt>
   <trkpt lat="57.79124" lon="14.25158">
    <ele>97.73</ele>
   </trkpt>
   <trkpt lat="57.79119000000001" lon="14.250630000000001">
    <ele>98.22</ele>
   </trkpt>
   <trkpt lat="57.79113" lon="14.24993">
    <ele>98.64</ele>
   </trkpt>
   <trkpt lat="57.79097500696145" lon="14.24859999428675">
    <ele>99.86</ele>
   </trkpt>
   <trkpt lat="57.790820000000004" lon="14.24727">
    <ele>100.76</ele>
   </trkpt>
   <trkpt lat="57.79061000000001" lon="14.245650000000001">
    <ele>102.05</ele>
   </trkpt>
   <trkpt lat="57.790530000000004" lon="14.245090000000001">
    <ele>102.47</ele>
   </trkpt>
   <trkpt lat="57.79037" lon="14.2444">
    <ele>103.21000000000001</ele>
   </trkpt>
   <trkpt lat="57.790150000000004" lon="14.243800000000002">
    <ele>104.22</ele>
   </trkpt>
   <trkpt lat="57.78956" lon="14.242550000000001">
    <ele>106.82000000000001</ele>
   </trkpt>
   <trkpt lat="57.78910500468732" lon="14.241464986452462">
    <ele>109.96</ele>
   </trkpt>
   <trkpt lat="57.788650000000004" lon="14.240380000000002">
    <ele>110.60000000000001</ele>
   </trkpt>
   <trkpt lat="57.78853" lon="14.23994">
    <ele>110.09</ele>
   </trkpt>
   <trkpt lat="57.788320006306904" lon="14.238674992693888">
    <ele>108.02</ele>
   </trkpt>
   <trkpt lat="57.78811" lon="14.23741">
    <ele>109.00000000000001</ele>
   </trkpt>
   <trkpt lat="57.788320000000006" lon="14.237230000000002">
    <ele>108.00000000000001</ele>
   </trkpt>
   <trkpt lat="57.788360000000004" lon="14.237110000000001">
    <ele>108.00000000000001</ele>
   </trkpt>
   <trkpt lat="57.788410000000006" lon="14.23685">
    <ele>107.35000000000001</ele>
   </trkpt>
   <trkpt lat="57.788560000000004" lon="14.235470000000001">
    <ele>110.11000000000001</ele>
   </trkpt>
   <trkpt lat="57.78866000000001" lon="14.235100000000001">
    <ele>111.59</ele>
   </trkpt>
   <trkpt lat="57.78877000000001" lon="14.234790000000002">
    <ele>112.94000000000001</ele>
   </trkpt>
   <trkpt lat="57.788900000000005" lon="14.234560000000002">
    <ele>113.21000000000001</ele>
   </trkpt>
   <trkpt lat="57.78861500242052" lon="14.23377999391277">
    <ele>114.51</ele>
   </trkpt>
   <trkpt lat="57.78833" lon="14.233">
    <ele>116.11</ele>
   </trkpt>
   <trkpt lat="57.788050000000005" lon="14.233160000000002">
    <ele>116.34</ele>
   </trkpt>
   <trkpt lat="57.78790000000001" lon="14.233150000000002">
    <ele>116.25</ele>
   </trkpt>
   <trkpt lat="57.787800000000004" lon="14.233060000000002">
    <ele>116.21000000000001</ele>
   </trkpt>
   <trkpt lat="57.78788" lon="14.23281">
    <ele>116.39</ele>
   </trkpt>
   <trkpt lat="57.78790000000001" lon="14.232650000000001">
    <ele>116.59000000000002</ele>
   </trkpt>
   <trkpt lat="57.787910000000004" lon="14.232310000000002">
    <ele>116.95</ele>
   </trkpt>
   <trkpt lat="57.787890000000004" lon="14.231930000000002">
    <ele>117.39</ele>
   </trkpt>
   <trkpt lat="57.78781000000001" lon="14.231570000000001">
    <ele>118.67000000000002</ele>
   </trkpt>
   <trkpt lat="57.78764" lon="14.231100000000001">
    <ele>119.55</ele>
   </trkpt>
   <trkpt lat="57.787620000000004" lon="14.230860000000002">
    <ele>119.76</ele>
   </trkpt>
   <trkpt lat="57.78768" lon="14.230300000000002">
    <ele>121.4</ele>
   </trkpt>
   <trkpt lat="57.78768" lon="14.230060000000002">
    <ele>121.4</ele>
   </trkpt>
   <trkpt lat="57.78763000000001" lon="14.22976">
    <ele>122.61000000000001</ele>
   </trkpt>
   <trkpt lat="57.78739000346784" lon="14.228814993532412">
    <ele>125.73</ele>
   </trkpt>
   <trkpt lat="57.787150000000004" lon="14.227870000000001">
    <ele>127.77000000000002</ele>
   </trkpt>
   <trkpt lat="57.78685000000001" lon="14.226550000000001">
    <ele>128.32999999999998</ele>
   </trkpt>
   <trkpt lat="57.786280000000005" lon="14.227030000000001">
    <ele>125.66000000000003</ele>
   </trkpt>
   <trkpt lat="57.78573000000001" lon="14.227580000000001">
    <ele>121.62</ele>
   </trkpt>
   <trkpt lat="57.785030000000006" lon="14.228090000000002">
    <ele>118.99000000000001</ele>
   </trkpt>
   <trkpt lat="57.784855003102734" lon="14.227199995609801">
    <ele>119.29</ele>
   </trkpt>
   <trkpt lat="57.78468" lon="14.226310000000002">
    <ele>119.61</ele>
   </trkpt>
   <trkpt lat="57.78433500724489" lon="14.224949986865278">
    <ele>120.06000000000002</ele>
   </trkpt>
   <trkpt lat="57.78399" lon="14.223590000000002">
    <ele>120.41</ele>
   </trkpt>
   <trkpt lat="57.78363" lon="14.222050000000001">
    <ele>120.85000000000001</ele>
   </trkpt>
   <trkpt lat="57.783436680031" lon="14.220746652654723">
    <ele>120.75000000000001</ele>
   </trkpt>
   <trkpt lat="57.78324334668963" lon="14.219443319267395">
    <ele>119.47</ele>
   </trkpt>
   <trkpt lat="57.78305" lon="14.218140000000002">
    <ele>118.0</ele>
   </trkpt>
   <trkpt lat="57.78284000000001" lon="14.21662">
    <ele>115.5</ele>
   </trkpt>
   <trkpt lat="57.78269751896504" lon="14.21535248494017">
    <ele>113.29</ele>
   </trkpt>
   <trkpt lat="57.782555025282655" lon="14.214084979884655">
    <ele>110.84</ele>
   </trkpt>
   <trkpt lat="57.78241251895304" lon="14.21281748483421">
    <ele>107.33000000000001</ele>
   </trkpt>
   <trkpt lat="57.782270000000004" lon="14.21155">
    <ele>103.25</ele>
   </trkpt>
   <trkpt lat="57.782170005398186" lon="14.210379996876458">
    <ele>98.66000000000001</ele>
   </trkpt>
   <trkpt lat="57.782070000000004" lon="14.20921">
    <ele>96.54</ele>
   </trkpt>
   <trkpt lat="57.78198667660427" lon="14.208086661530663">
    <ele>95.22000000000001</ele>
   </trkpt>
   <trkpt lat="57.781903343274564" lon="14.206963328246344">
    <ele>94.88000000000001</ele>
   </trkpt>
   <trkpt lat="57.78182" lon="14.205840000000002">
    <ele>94.91000000000001</ele>
   </trkpt>
   <trkpt lat="57.78175" lon="14.20532">
    <ele>94.92</ele>
   </trkpt>
   <trkpt lat="57.781652521760755" lon="14.203962488999462">
    <ele>94.79</ele>
   </trkpt>
   <trkpt lat="57.78155502901404" lon="14.202604985329264">
    <ele>94.73</ele>
   </trkpt>
   <trkpt lat="57.78145752176004" lon="14.201247488990436">
    <ele>94.59</ele>
   </trkpt>
   <trkpt lat="57.78136000000001" lon="14.199890000000002">
    <ele>94.75</ele>
   </trkpt>
   <trkpt lat="57.78136000000001" lon="14.198360000000001">
    <ele>95.03</ele>
   </trkpt>
   <trkpt lat="57.78137" lon="14.19785">
    <ele>95.04</ele>
   </trkpt>
   <trkpt lat="57.78135" lon="14.197330000000001">
    <ele>95.04</ele>
   </trkpt>
   <trkpt lat="57.78136000957981" lon="14.195770000332047">
    <ele>94.79</ele>
   </trkpt>
   <trkpt lat="57.78137" lon="14.194210000000002">
    <ele>94.67</ele>
   </trkpt>
   <trkpt lat="57.781375009395816" lon="14.192665000216993">
    <ele>94.67</ele>
   </trkpt>
   <trkpt lat="57.781380000000006" lon="14.191120000000002">
    <ele>94.72000000000001</ele>
   </trkpt>
   <trkpt lat="57.78141000000001" lon="14.190760000000001">
    <ele>94.55000000000001</ele>
   </trkpt>
   <trkpt lat="57.78145000000001" lon="14.190570000000001">
    <ele>94.55000000000001</ele>
   </trkpt>
   <trkpt lat="57.781620000000004" lon="14.190220000000002">
    <ele>94.23</ele>
   </trkpt>
   <trkpt lat="57.781690000000005" lon="14.190010000000001">
    <ele>94.23</ele>
   </trkpt>
   <trkpt lat="57.781710000000004" lon="14.18978">
    <ele>93.92</ele>
   </trkpt>
   <trkpt lat="57.781710000000004" lon="14.1895">
    <ele>93.79</ele>
   </trkpt>
   <trkpt lat="57.781670000000005" lon="14.189280000000002">
    <ele>93.58000000000001</ele>
   </trkpt>
   <trkpt lat="57.78166" lon="14.1888">
    <ele>93.79</ele>
   </trkpt>
   <trkpt lat="57.781850000000006" lon="14.187800000000001">
    <ele>94.16000000000001</ele>
   </trkpt>
   <trkpt lat="57.78193" lon="14.18725">
    <ele>94.44000000000001</ele>
   </trkpt>
   <trkpt lat="57.782000000000004" lon="14.186490000000001">
    <ele>94.78</ele>
   </trkpt>
   <trkpt lat="57.78204" lon="14.185860000000002">
    <ele>94.9</ele>
   </trkpt>
   <trkpt lat="57.782105010392215" lon="14.18423500296834">
    <ele>95.0</ele>
   </trkpt>
   <trkpt lat="57.78217000000001" lon="14.18261">
    <ele>94.95</ele>
   </trkpt>
   <trkpt lat="57.78229" lon="14.18134">
    <ele>94.52000000000001</ele>
   </trkpt>
   <trkpt lat="57.78163000006141" lon="14.181249998358906">
    <ele>94.04</ele>
   </trkpt>
   <trkpt lat="57.78097" lon="14.181160000000002">
    <ele>93.1</ele>
   </trkpt>
   <trkpt lat="57.781000000000006" lon="14.180330000000001">
    <ele>93.23</ele>
   </trkpt>
  </trkseg>
 </trk>
</gpx>
